10820 2 0 1
1   -1274052.50162123   1402444.51504283   0
2   -1281983.67686424   1404084.44057164   0
3   -1280218.16168569   1412661.0741924   0
4   -1272236.95944617   1411016.03608291   0
5   -1281100.91927496   1408372.75738202   0
6   -1273144.7305337   1406730.27556287   0
7   -1276227.56056593   1411838.55513765   0
8   -1280659.54048033   1410516.91578721   0
9   -1277751.86015471   1408793.27926369   0
10   -1278018.08924273   1403264.47780724   0
11   -1281542.2980696   1406228.59897683   0
12   -1279213.51610652   1406872.27979306   0
13   -1276188.7670438   1406084.25897733   0
14   -1273598.61607746   1404587.39530285   0
15   -1276035.29543198   1402854.49642504   0
16   -1273825.55884935   1403515.95517284   0
17   -1275304.76414571   1404379.77575986   0
18   -1274409.37951769   1404171.98922082   0
19   -1274618.6077125   1405589.50714608   0
20   -1274875.17073176   1407444.33586234   0
21   -1272690.84498993   1408873.15582289   0
22   -1274232.26000605   1411427.29561028   0
23   -1272463.90221805   1409944.5959529   0
24   -1274138.3049144   1409737.47294543   0
25   -1273234.60972611   1411221.66584659   0
26   -1272350.43083211   1410480.3160179   0
27   -1273200.80945855   1410364.30163232   0
28   -1273218.14219708   1409546.00905195   0
29   -1273918.2352961   1408465.20265803   0
30   -1275331.83391509   1408884.42946047   0
31   -1276432.92957031   1407687.4716944   0
32   -1277863.17217473   1407360.59369474   0
33   -1278926.34633375   1408174.40563725   0
34   -1280880.22987764   1409444.83658461   0
35   -1279356.04852427   1409682.12079483   0
36   -1278633.33118898   1409070.47285862   0
37   -1279450.44037235   1408827.17626808   0
38   -1280048.50227529   1407852.54912197   0
39   -1281321.60867228   1407300.67817942   0
40   -1281211.26397362   1407836.71778072   0
41   -1280634.13084004   1407986.6529609   0
42   -1280395.52003339   1408785.18442813   0
43   -1280100.57035737   1409511.68470343   0
44   -1280769.88517899   1409980.87618591   0
45   -1280170.07163554   1410121.61029379   0
46   -1280438.85108301   1411588.9949898   0
47   -1278222.86112581   1412249.81466503   0
48   -1277698.24476425   1410560.32942894   0
49   -1277948.97408255   1409664.00554835   0
50   -1278639.28826192   1409762.25184243   0
51   -1279161.60567252   1411036.94404093   0
52   -1279220.51140575   1412455.44442871   0
53   -1280328.50638435   1412125.0345911   0
54   -1279719.33654572   1412558.25931055   0
55   -1279639.31512291   1411767.77272239   0
56   -1278837.53409354   1411804.67641176   0
57   -1279231.22167906   1411492.17758164   0
58   -1279771.17349326   1411160.59105627   0
59   -1280549.19578167   1411052.95538851   0
60   -1280133.00159135   1410686.70885368   0
61   -1279560.19460849   1410593.93731935   0
62   -1278913.30189387   1410385.57469189   0
63   -1278405.9173508   1410913.16473072   0
64   -1278271.76805597   1410288.08026334   0
65   -1277225.21084587   1412044.18490134   0
66   -1276876.60171838   1411113.10601567   0
67   -1275492.63893579   1410488.65037043   0
68   -1276618.97182032   1409753.79980789   0
69   -1275229.91028599   1411632.92537397   0
70   -1274873.24731142   1410912.74998726   0
71   -1274066.05615273   1410601.02439209   0
72   -1274781.88248524   1410186.23814703   0
73   -1274847.18927173   1409393.11408187   0
74   -1274240.20372953   1409065.95982092   0
75   -1273719.03456734   1409333.31362886   0
76   -1273268.31137731   1408918.05881217   0
77   -1272917.78776182   1407801.71569288   0
78   -1273834.72506573   1407412.09622343   0
79   -1274109.89039894   1406494.65770218   0
80   -1273371.67330558   1405658.83543286   0
81   -1272804.31637588   1408337.43575788   0
82   -1273415.63592519   1408202.78473728   0
83   -1274736.32989554   1408442.73108484   0
84   -1274312.22554622   1407941.3750454   0
85   -1274308.05245612   1408348.23639341   0
86   -1274446.11062205   1408753.66263614   0
87   -1274921.43764302   1408795.27890477   0
88   -1274623.43140827   1409036.2104148   0
89   -1274455.53419022   1409403.78728272   0
90   -1274613.76837376   1409761.03230083   0
91   -1274361.33525775   1410089.81376544   0
92   -1273915.42380873   1410090.84973488   0
93   -1273644.42776447   1410508.10485895   0
94   -1273291.1148547   1410819.59252573   0
95   -1272735.78458614   1411118.85096475   0
96   -1272874.06610177   1410658.49368199   0
97   -1272778.40719889   1410277.19317102   0
98   -1272577.37360399   1409408.87588789   0
99   -1272951.91143822   1409207.28447944   0
100   -1272821.39214365   1409744.37670602   0
101   -1272520.63791102   1409676.73592039   0
102   -1272642.63554298   1409843.05572014   0
103   -1272654.26989125   1410064.68640127   0
104   -1272588.78613278   1409957.81230911   0
105   -1272730.01942563   1409960.74578296   0
106   -1273107.70752865   1409982.82908411   0
107   -1273486.4697196   1410111.6010977   0
108   -1273705.27521915   1409767.66031509   0
109   -1272996.79052712   1410221.96162024   0
110   -1272941.69365826   1410471.14536253   0
111   -1273151.50790037   1410608.66129816   0
112   -1273378.39989614   1410579.06611568   0
113   -1273565.05022129   1410765.60050312   0
114   -1273733.43486608   1411324.48072844   0
115   -1273270.48368836   1410642.23835517   0
116   -1273266.43408021   1410525.14291963   0
117   -1273381.11823477   1410355.71927301   0
118   -1273254.89050687   1410188.31106805   0
119   -1273163.14528105   1410239.58931644   0
120   -1273104.62836486   1410136.75154076   0
121   -1272893.40201196   1410051.53569039   0
122   -1272995.0456424   1410048.97659479   0
123   -1272998.89695968   1410152.42597688   0
124   -1272866.50848371   1410183.20934905   0
125   -1272886.88938137   1410332.84060682   0
126   -1272735.73205492   1410468.67002426   0
127   -1273034.37185393   1410104.61009264   0
128   -1272984.11395108   1410101.2804554   0
129   -1272934.99742975   1410138.18039405   0
130   -1273043.85560341   1410151.51459519   0
131   -1273086.69358002   1410207.71022131   0
132   -1273067.13394951   1410316.22288158   0
133   -1273091.4835445   1410252.6884323   0
134   -1273043.30383214   1410191.80551898   0
135   -1272964.45861166   1409872.38193313   0
136   -1272946.18200217   1409977.81125982   0
137   -1272847.96730186   1409955.42601225   0
138   -1272901.94804898   1409924.31600167   0
139   -1272836.00039477   1409846.47372887   0
140   -1272788.97205629   1410070.51682157   0
141   -1272713.24734264   1410027.39543952   0
142   -1272657.64574081   1409981.48778247   0
143   -1272644.8690197   1409912.07087314   0
144   -1272632.11994864   1409953.49538831   0
145   -1272696.37313651   1409994.27491251   0
146   -1272669.87170465   1410022.43722081   0
147   -1272407.16652508   1410212.4559854   0
148   -1272598.7764209   1410023.82242626   0
149   -1272435.53437157   1410078.52596915   0
150   -1272555.41166917   1410131.1510206   0
151   -1272572.62032047   1410353.6205426   0
152   -1272548.08712929   1410529.65177059   0
153   -1272293.69513914   1410748.1760504   0
154   -1272486.37201616   1411067.44352383   0
155   -1272599.91358646   1410816.26054363   0
156   -1272378.7986786   1410346.38600165   0
157   -1272440.69740069   1410898.14004216   0
158   -1272484.33015289   1410702.13382144   0
159   -1272515.6579274   1409995.33586216   0
160   -1272617.99020212   1409987.10315962   0
161   -1272633.35122648   1410037.23932006   0
162   -1272606.04444598   1410071.00745044   0
163   -1272630.8985005   1410163.34093194   0
164   -1272566.37241508   1410229.72880851   0
165   -1272643.28342298   1410007.85694625   0
166   -1272764.18941981   1409994.98539517   0
167   -1272731.54315281   1409999.2506609   0
168   -1272722.21775849   1410107.93046172   0
169   -1272834.41664802   1410017.26047934   0
170   -1272789.48127216   1410016.16232649   0
171   -1272792.53926168   1409969.75099897   0
172   -1272790.02821921   1409916.33958709   0
173   -1272626.61563018   1410111.78085315   0
174   -1272679.43265809   1410133.4113018   0
175   -1272755.47094154   1410171.8797385   0
176   -1272669.28484265   1410268.65297883   0
177   -1272681.0316422   1410183.0714791   0
178   -1272632.33040013   1410216.02229307   0
179   -1272650.08590436   1410135.41821866   0
180   -1272664.73561756   1410099.27076553   0
181   -1272695.25468948   1410070.69511693   0
182   -1272734.66249465   1410063.06334364   0
183   -1272747.62543643   1410024.47964212   0
184   -1272688.81394486   1410043.49710159   0
185   -1272521.14394035   1410069.0442605   0
186   -1272492.27006454   1409810.66593665   0
187   -1272532.24010435   1409945.71653417   0
188   -1272570.98035893   1409876.37771329   0
189   -1272602.78598038   1409919.15823442   0
190   -1272561.29446067   1409928.84967994   0
191   -1272478.0861413   1409877.63094477   0
192   -1272522.18539233   1409849.65968108   0
193   -1272572.32258105   1409790.26946843   0
194   -1272694.43520202   1409608.65899927   0
195   -1272924.02955176   1409481.66808245   0
196   -1272816.29696151   1409604.47682231   0
197   -1272750.2843244   1409452.25364508   0
198   -1272634.10929696   1409141.01585539   0
199   -1272868.13943671   1409330.05573407   0
200   -1272999.63161978   1409353.9018277   0
201   -1273185.6150487   1409169.56710408   0
202   -1273458.60099988   1409331.03519867   0
203   -1273517.38918974   1409621.72942273   0
204   -1273302.87784338   1409874.81968578   0
205   -1272841.22490437   1409432.03091027   0
206   -1272834.5073767   1409500.1531302   0
207   -1272897.61180113   1409561.95421295   0
208   -1273054.81729685   1409554.43443843   0
209   -1273146.30696833   1409763.92762939   0
210   -1272987.72976171   1409675.98417378   0
211   -1272907.18427864   1409659.61956772   0
212   -1272931.45788416   1409771.33217671   0
213   -1273026.40172364   1409785.18836642   0
214   -1273277.99715333   1409691.85385989   0
215   -1272970.07977978   1409526.19325146   0
216   -1272934.09675724   1409520.7156841   0
217   -1272883.37547929   1409520.55925026   0
218   -1273000.04879678   1409605.92096823   0
219   -1272954.43262835   1409583.95875797   0
220   -1272993.3026245   1409565.14347728   0
221   -1273010.49947145   1409533.98495618   0
222   -1273046.95482477   1409444.08215471   0
223   -1273192.25858395   1409381.74423881   0
224   -1272988.07402523   1409482.89854046   0
225   -1273037.98988046   1409503.56454793   0
226   -1273114.26681105   1409500.90888496   0
227   -1273028.10851557   1409575.97146683   0
228   -1273123.05865356   1409618.07522918   0
229   -1273064.44372079   1409626.098244   0
230   -1272770.95937384   1409365.56104318   0
231   -1272605.74145048   1409274.94587164   0
232   -1272684.70548393   1409368.66234732   0
233   -1272830.00728191   1409381.32843904   0
234   -1272896.33195758   1409392.49856517   0
235   -1272803.04277553   1409407.08040548   0
236   -1272858.8448366   1409374.10977655   0
237   -1272851.59193757   1409401.11314477   0
238   -1272955.63651802   1409427.94545802   0
239   -1272807.46339695   1409327.06610399   0
240   -1272834.12172055   1409357.56657813   0
241   -1272808.35087708   1409368.40681341   0
242   -1272733.62411044   1409285.40953648   0
243   -1272799.28559847   1409118.80039565   0
244   -1272826.22035671   1409242.48947718   0
245   -1272980.24679977   1408916.42296475   0
246   -1272747.58068291   1408605.29579039   0
247   -1273172.47061011   1408578.28756185   0
248   -1273506.51697464   1408554.87901174   0
249   -1273832.90159092   1408889.64915454   0
250   -1274108.48903744   1408753.15648925   0
251   -1274266.18968425   1408574.46100824   0
252   -1274467.40571658   1408500.90336271   0
253   -1274529.92569792   1408275.76837663   0
254   -1274943.3843153   1407947.8458627   0
255   -1275650.64097903   1407569.65557351   0
256   -1275353.84871194   1406596.02761485   0
257   -1275400.34502357   1405798.0240461   0
258   -1276147.33478119   1405089.85975825   0
259   -1277953.95884578   1405497.57781426   0
260   -1280000.88305349   1403674.45918944   0
261   -1281762.98746692   1405156.51977423   0
262   -1280090.54992592   1405384.71612232   0
263   -1280373.74053084   1406540.83414195   0
264   -1280516.45758961   1407282.58177011   0
265   -1280923.04815563   1407514.00997553   0
266   -1280927.69606961   1407000.11834207   0
267   -1281431.95337094   1406764.63857813   0
268   -1280930.28690088   1406380.47968822   0
269   -1280517.42969337   1405878.86272668   0
270   -1280897.07118688   1405107.12476639   0
271   -1280548.67625179   1405414.81672961   0
272   -1280365.84032395   1404842.49694586   0
273   -1279225.61155365   1404566.72563889   0
274   -1279763.26930914   1404855.56902404   0
275   -1280071.15701791   1405016.08501004   0
276   -1280348.39754261   1405177.88028334   0
277   -1280624.32391488   1405013.13974622   0
278   -1280992.27995886   1403879.44988054   0
279   -1280946.6432598   1404511.1530962   0
280   -1280837.41078323   1404800.83749298   0
281   -1280606.09385583   1404772.96974335   0
282   -1280496.58150617   1403776.95453499   0
283   -1280330.22148192   1404298.4127911   0
284   -1280248.73227983   1403725.70686221   0
285   -1280036.64939679   1404061.20556595   0
286   -1279009.48614811   1403469.46849834   0
287   -1279505.1846008   1403571.96384389   0
288   -1279725.72683661   1403885.20868491   0
289   -1279147.98934478   1403989.15675725   0
290   -1278167.98150955   1404413.72198698   0
291   -1279257.33537445   1403520.71617111   0
292   -1279093.69523665   1403724.81876509   0
293   -1279133.41076128   1403495.09233473   0
294   -1279174.57925504   1403631.69364241   0
295   -1279350.64127034   1403698.90467099   0
296   -1279541.43543944   1403781.33670879   0
297   -1279753.03382714   1403623.21151666   0
298   -1279441.64279524   1404045.83258347   0
299   -1279765.84336759   1404302.24934544   0
300   -1280049.0967683   1404325.96807243   0
301   -1280217.36731892   1404583.37508872   0
302   -1280493.29355314   1404519.05171014   0
303   -1280729.16535781   1404583.88866158   0
304   -1280676.39499922   1404241.6317939   0
305   -1280469.34403339   1404052.73582882   0
306   -1280744.43073252   1403828.20220776   0
307   -1280805.23500975   1404056.6347333   0
308   -1281487.97841155   1403981.94522609   0
309   -1281140.98014126   1404214.82745426   0
310   -1281022.22895045   1404044.7970637   0
311   -1280944.71794584   1403983.36784513   0
312   -1280868.35534569   1403853.82604415   0
313   -1280826.95387341   1403956.20455344   0
314   -1280655.70374836   1403987.29775607   0
315   -1280620.50611935   1403802.57837138   0
316   -1280536.98365094   1403908.81131093   0
317   -1280347.52154662   1403900.595898   0
318   -1280143.88841129   1403862.76870499   0
319   -1279920.75918653   1403854.16464445   0
320   -1279833.05566867   1404064.13647985   0
321   -1279616.85311238   1404125.04229905   0
322   -1279463.2695914   1404341.2160064   0
323   -1279644.94219264   1404591.52640105   0
324   -1279397.32351658   1404869.60890554   0
325   -1278656.87067546   1405126.01162881   0
326   -1279431.1406218   1404643.53044047   0
327   -1279565.84436232   1404745.69518534   0
328   -1279592.92882221   1404936.40669405   0
329   -1279844.82180606   1405140.21510967   0
330   -1279976.06200033   1405196.49774238   0
331   -1280171.60758895   1405174.48503232   0
332   -1280269.5662427   1405336.91136077   0
333   -1280231.74215959   1405689.16666261   0
334   -1279380.21160196   1405893.67004299   0
335   -1279246.07333964   1405393.81294096   0
336   -1279384.03625806   1405122.43361613   0
337   -1279587.5059638   1405419.95589265   0
338   -1279823.33335028   1405392.35661787   0
339   -1279958.63422542   1405620.36358962   0
340   -1279964.18989289   1406172.12291899   0
341   -1279489.96822404   1406416.35527963   0
342   -1278795.90683412   1406278.90927883   0
343   -1277852.26885181   1406428.47051869   0
344   -1278257.78705363   1405990.52556384   0
345   -1278356.31964505   1406472.83928679   0
346   -1278044.44239084   1406880.58903757   0
347   -1277377.49352171   1406903.55691063   0
348   -1278641.88556116   1407406.0463846   0
349   -1278661.73374838   1406892.42985906   0
350   -1279355.63616072   1407563.61594846   0
351   -1278931.27439507   1407738.02469308   0
352   -1278376.90621537   1407951.03062156   0
353   -1277662.18943951   1408091.86463786   0
354   -1277193.30251046   1407592.64577203   0
355   -1279835.73759156   1407122.33571182   0
356   -1279594.96368177   1406785.31423636   0
357   -1279468.51469563   1407173.65836515   0
358   -1280247.65908802   1406927.0383584   0
359   -1280154.55085466   1407306.75566073   0
360   -1279798.17524653   1407521.76816414   0
361   -1279625.13748883   1407909.38864278   0
362   -1279926.76024585   1408412.69857937   0
363   -1279453.77171909   1408368.80382674   0
364   -1279074.77780243   1408610.72921525   0
365   -1278552.21539984   1408533.45422555   0
366   -1278201.82468523   1408846.48505096   0
367   -1280314.23794489   1407143.66044928   0
368   -1280586.20996217   1406918.65914263   0
369   -1280412.76293663   1406772.18425157   0
370   -1280147.80553753   1406707.37021497   0
371   -1280004.10569684   1406899.61211912   0
372   -1279848.00042463   1406634.86325199   0
373   -1279625.07710991   1406566.561024   0
374   -1279379.64353347   1406640.05578321   0
375   -1279106.33630048   1406387.1442126   0
376   -1279298.21752044   1406465.06004484   0
377   -1279319.8745423   1406182.15682294   0
378   -1279360.86143325   1406336.10675641   0
379   -1279533.19819882   1406205.14797079   0
380   -1279718.65074942   1406362.14407866   0
381   -1279743.08075649   1406124.91695524   0
382   -1279911.30336242   1405889.66819515   0
383   -1279581.22427126   1405987.36334595   0
384   -1279434.5603168   1406071.90340858   0
385   -1279256.87794849   1406022.02761713   0
386   -1279061.77229014   1405690.09145579   0
387   -1278902.03187866   1405393.46033886   0
388   -1279022.69614459   1405068.14578039   0
389   -1278744.34185289   1404623.43868022   0
390   -1278602.61404004   1404117.93124406   0
391   -1278513.78769542   1403366.97315279   0
392   -1278688.33182061   1403679.48442303   0
393   -1278878.17130168   1403936.20946412   0
394   -1278955.88613407   1404304.15248499   0
395   -1278659.9104437   1404380.02162216   0
396   -1278427.44079643   1404595.53603824   0
397   -1277992.73036816   1404967.5065351   0
398   -1277061.86618744   1404397.23035471   0
399   -1277584.4696382   1403900.3202073   0
400   -1278143.13249401   1403797.65037755   0
401   -1278265.93846908   1403315.72548001   0
402   -1278310.04069914   1403596.56789452   0
403   -1278438.87781593   1403865.67628678   0
404   -1278252.8912567   1404117.48904311   0
405   -1277862.64270091   1404174.20728167   0
406   -1277762.25542704   1404606.18316652   0
407   -1277363.27855196   1405148.22185917   0
408   -1277308.36579759   1405877.73625948   0
409   -1277524.70402395   1405538.63853636   0
410   -1277774.48621181   1405942.70989038   0
411   -1277694.10363443   1405237.37220594   0
412   -1277730.63058852   1405449.38603022   0
413   -1277801.98901715   1405688.33514452   0
414   -1278084.11817769   1405756.19056188   0
415   -1278363.75687927   1405454.94771765   0
416   -1278656.95028342   1405759.67472434   0
417   -1278362.59251536   1405734.03240052   0
418   -1278207.00063808   1405595.11868284   0
419   -1278060.22805415   1405606.33191077   0
420   -1277948.87038488   1405694.67690186   0
421   -1277950.19127284   1405877.22044312   0
422   -1277954.83329188   1406168.07262204   0
423   -1278105.49850525   1406353.37080474   0
424   -1278118.46987822   1406638.84666498   0
425   -1278385.68981285   1406789.74195734   0
426   -1278411.67102608   1407126.3080533   0
427   -1278241.98721887   1407504.49649627   0
428   -1278123.33042   1407220.60805819   0
429   -1278309.23939399   1407302.11764748   0
430   -1278496.83935776   1407296.38028258   0
431   -1278651.64133261   1407130.33874682   0
432   -1278942.7429594   1407032.7621737   0
433   -1279136.98649471   1407312.56229265   0
434   -1279116.78321024   1407553.07006387   0
435   -1279208.05585278   1407820.40487246   0
436   -1279016.44135351   1407954.66500099   0
437   -1278725.43822097   1407956.93421226   0
438   -1278528.57692259   1408236.14113674   0
439   -1278110.08936824   1408418.29914845   0
440   -1278550.1296906   1407713.71946923   0
441   -1278756.38775378   1407602.16782141   0
442   -1278901.1961883   1407363.64377471   0
443   -1278926.37898909   1407564.05990835   0
444   -1278858.7043544   1407650.46976746   0
445   -1278775.7551305   1407807.36755269   0
446   -1278775.39331346   1407704.15197591   0
447   -1278803.32321855   1407650.1330255   0
448   -1278836.22549682   1407572.26294398   0
449   -1278754.09644397   1407476.33856507   0
450   -1278767.96315741   1407335.96208201   0
451   -1278896.19582393   1407198.2007522   0
452   -1278775.60725711   1407541.17730862   0
453   -1278670.87152181   1407539.24836078   0
454   -1278477.53167533   1407511.88059871   0
455   -1278366.23045676   1407436.02360552   0
456   -1278263.84789725   1407402.39061543   0
457   -1278073.50944947   1407399.40312161   0
458   -1277960.88009526   1407792.54807535   0
459   -1278087.88230069   1408094.91007039   0
460   -1277937.72928604   1407575.23849801   0
461   -1277957.67063977   1407452.15171537   0
462   -1277830.26665619   1407493.95048162   0
463   -1277505.53174837   1407368.57916117   0
464   -1277686.62691846   1407399.86123305   0
465   -1277783.09919633   1407405.41227004   0
466   -1277753.51023685   1407301.77590806   0
467   -1277929.7371917   1407176.85074249   0
468   -1277700.08154747   1407535.62233763   0
469   -1277811.21746408   1407631.286814   0
470   -1277583.46836515   1407782.07767182   0
471   -1277114.6308497   1408124.29992848   0
472   -1277677.21166524   1407677.62848781   0
473   -1277731.31813337   1407618.26347746   0
474   -1277637.45449876   1407600.18212155   0
475   -1277574.1662501   1407481.37060712   0
476   -1277651.36421679   1407480.36818772   0
477   -1277720.48574263   1407465.50843477   0
478   -1277783.78224695   1407478.42157437   0
479   -1277782.07139373   1407556.93190653   0
480   -1277763.67589648   1407594.6532486   0
481   -1277736.21631186   1407576.46753174   0
482   -1277679.27415532   1407590.59196404   0
483   -1277659.52390309   1407546.32188284   0
484   -1277582.98450755   1407549.28276875   0
485   -1277518.14438106   1407664.66130691   0
486   -1277424.60587977   1407530.9024689   0
487   -1277502.68846539   1407527.0417818   0
488   -1277486.64682091   1407597.47855388   0
489   -1277324.18369885   1407750.90984079   0
490   -1277362.06417155   1407637.65091674   0
491   -1277440.67329   1407675.1253146   0
492   -1277432.7280382   1407810.04161371   0
493   -1277521.55455896   1407947.27882181   0
494   -1277399.32312119   1408269.12450342   0
495   -1276836.20177795   1408915.44067804   0
496   -1277275.70716983   1407971.40225653   0
497   -1277057.10069299   1407806.0041961   0
498   -1276687.10472213   1408096.7979234   0
499   -1276873.41761586   1408024.05934327   0
500   -1276845.87381845   1408445.24346328   0
501   -1276166.27156272   1408598.94883148   0
502   -1276250.72246973   1409210.34099495   0
503   -1275876.88266672   1409842.38339208   0
504   -1276360.25793632   1410508.405481   0
505   -1276225.81010845   1411147.06902601   0
506   -1275728.73542596   1411735.74025581   0
507   -1275593.26174823   1411093.12233614   0
508   -1275910.88448985   1410720.69126792   0
509   -1275882.62181246   1410308.21195552   0
510   -1275552.69337624   1410088.40343619   0
511   -1275141.16153155   1409803.56268544   0
512   -1275525.41169095   1409421.22459233   0
513   -1275809.10997994   1409035.68300423   0
514   -1276271.7053303   1410098.91822211   0
515   -1276247.92399366   1409724.04651738   0
516   -1276465.77330104   1409496.5719705   0
517   -1276944.85247251   1409390.37392533   0
518   -1276694.99443588   1409522.9694253   0
519   -1277021.01601711   1409792.2131809   0
520   -1276782.63663818   1410231.97857023   0
521   -1276772.6018563   1410691.14298169   0
522   -1276469.01032496   1410880.84045875   0
523   -1276215.2228926   1410765.44313201   0
524   -1276106.88609959   1410537.59568789   0
525   -1276120.79148785   1410259.16271573   0
526   -1275980.00295826   1410055.00543752   0
527   -1276112.85502717   1409922.37259098   0
528   -1275995.94081948   1409708.75223578   0
529   -1275810.37331679   1409632.03507452   0
530   -1275466.39142173   1409748.98209898   0
531   -1275275.98895253   1409513.63312014   0
532   -1275001.72059184   1409639.64482759   0
533   -1274853.46365289   1409827.71644572   0
534   -1275257.29506404   1409184.34417411   0
535   -1275577.76818528   1409072.14600441   0
536   -1275683.33508437   1408833.08571613   0
537   -1275457.63184438   1408296.30219719   0
538   -1275739.26966166   1408432.47396757   0
539   -1275505.84591711   1408579.60666566   0
540   -1275140.39885774   1408494.20255437   0
541   -1275688.43280544   1409811.71510776   0
542   -1275529.35652191   1409909.61903944   0
543   -1275283.76031296   1410038.18154893   0
544   -1275379.57560886   1410257.57510234   0
545   -1275063.12287842   1410553.40894702   0
546   -1275087.37206143   1410261.66356325   0
547   -1275017.15382034   1410027.96063862   0
548   -1275160.19978586   1410110.60364444   0
549   -1275270.4095702   1410162.50401927   0
550   -1275416.74460574   1410122.37366799   0
551   -1275520.51926946   1410210.008099   0
552   -1275710.87119146   1410181.24072762   0
553   -1275710.24363851   1410417.05623337   0
554   -1275658.39686105   1410668.14250185   0
555   -1275333.94981272   1410824.34528764   0
556   -1275620.5775752   1410544.9949323   0
557   -1275597.79417613   1410438.37860042   0
558   -1275488.55357705   1410341.42047568   0
559   -1275368.34557406   1410410.05105877   0
560   -1275181.18412968   1410415.85179066   0
561   -1275011.02455661   1410396.72695153   0
562   -1274701.68833564   1410575.62664312   0
563   -1274363.40321747   1410975.37536926   0
564   -1274731.08514602   1411530.11049212   0
565   -1274621.80373363   1411200.60568417   0
566   -1274950.13848606   1411258.11889817   0
567   -1275162.42399313   1410979.16288546   0
568   -1275325.63458744   1411318.2732577   0
569   -1275645.38776914   1411434.25635166   0
570   -1275908.23506223   1411270.62778582   0
571   -1276126.29692676   1411485.83902916   0
572   -1276553.17970695   1411435.52235465   0
573   -1276726.3857059   1411941.3700195   0
574   -1277023.21425726   1411595.89349029   0
575   -1277562.22107433   1411165.74704404   0
576   -1277221.91291637   1410808.78901547   0
577   -1277069.18661927   1410477.64440742   0
578   -1277145.52296304   1410137.59110823   0
579   -1277452.37665942   1409835.02892654   0
580   -1277286.91402957   1409551.1628646   0
581   -1277289.06929286   1409037.06429867   0
582   -1277124.12811611   1408696.84324533   0
583   -1277443.70394032   1408616.11200094   0
584   -1277736.76748912   1408405.63116892   0
585   -1277704.72227505   1409260.26326707   0
586   -1278126.16924865   1409311.90315367   0
587   -1278487.73200255   1409433.57964301   0
588   -1278965.09779385   1409397.27209309   0
589   -1279074.71005156   1409001.07891348   0
590   -1279210.05942255   1408805.58458369   0
591   -1279321.23862774   1408566.65498045   0
592   -1279176.19615485   1408351.3670992   0
593   -1279263.30385917   1408086.28763832   0
594   -1279331.56939087   1408259.70603304   0
595   -1279307.18130855   1408401.87503471   0
596   -1279195.84860013   1408495.14363481   0
597   -1279204.40867289   1408620.89773074   0
598   -1279111.13995614   1408712.51165659   0
599   -1278792.50873893   1408777.77200548   0
600   -1278959.25687454   1408707.17572069   0
601   -1279049.50131703   1408681.37164994   0
602   -1278932.64370805   1408600.26028488   0
603   -1279024.07611887   1408434.6220024   0
604   -1279123.22121284   1408429.29601027   0
605   -1279045.83992856   1408333.17565217   0
606   -1279131.48729054   1408180.6675241   0
607   -1279130.10740227   1408051.67364037   0
608   -1279136.04568834   1407921.3338132   0
609   -1279293.67587324   1407934.41847779   0
610   -1279406.96577531   1407776.51543188   0
611   -1279583.68200613   1407631.24190369   0
612   -1279512.37635358   1407407.38388601   0
613   -1279327.45777025   1407407.1862104   0
614   -1279250.4581304   1407526.62375429   0
615   -1279228.34738674   1407639.04073626   0
616   -1279077.50688981   1407706.00830968   0
617   -1279088.43498264   1407817.13317275   0
618   -1279062.36877387   1407890.50764869   0
619   -1279085.39266869   1407950.89318056   0
620   -1279094.67718249   1407916.52500272   0
621   -1279103.72633977   1407856.43323978   0
622   -1279147.05921128   1407834.4539141   0
623   -1279130.65611865   1407753.81332079   0
624   -1279182.5432111   1407876.57679248   0
625   -1279274.06650822   1407871.14686861   0
626   -1279305.88434443   1407762.20247518   0
627   -1279354.58596185   1407887.86236904   0
628   -1279413.28548781   1408027.88934754   0
629   -1279485.32584494   1407924.68207946   0
630   -1279548.79403882   1407792.45612492   0
631   -1279762.22889955   1407747.22778169   0
632   -1279943.13928015   1407671.25756885   0
633   -1280269.85654981   1407606.41984386   0
634   -1280327.87490177   1407890.62505096   0
635   -1280355.44235226   1408326.04273186   0
636   -1280152.26171037   1408104.27764059   0
637   -1279879.66514825   1408133.29034039   0
638   -1279619.56051762   1408161.71541768   0
639   -1279546.41539801   1408053.56949725   0
640   -1279678.68628835   1408037.10526016   0
641   -1279805.55999595   1407919.10813222   0
642   -1279742.42686099   1408141.82359636   0
643   -1279701.18762202   1408365.31892701   0
644   -1279762.50459301   1408703.36544078   0
645   -1280022.71405137   1409069.44128636   0
646   -1280438.41476978   1409226.68607892   0
647   -1280990.5745763   1408908.79698332   0
648   -1280671.93056038   1408982.2343191   0
649   -1280432.84222721   1408997.94600229   0
650   -1280245.36726399   1409111.75725704   0
651   -1280190.29266352   1408895.83293225   0
652   -1280156.29991108   1408601.08288655   0
653   -1280226.85436912   1408741.48127902   0
654   -1280359.61616377   1408596.25574613   0
655   -1280695.3766627   1408640.95502918   0
656   -1280581.32172604   1408797.44587389   0
657   -1280482.3846473   1408674.69838288   0
658   -1280538.80534004   1408448.95797089   0
659   -1280814.96848629   1408392.01050263   0
660   -1281156.09162429   1408104.73758137   0
661   -1280859.2264545   1408114.08618977   0
662   -1281045.74692563   1408640.77718267   0
663   -1280859.06347345   1408569.06197988   0
664   -1280458.80253848   1408549.4424007   0
665   -1280600.37127109   1408564.75402808   0
666   -1280686.33400061   1408451.28966901   0
667   -1280577.85861743   1408245.97870468   0
668   -1280619.26816407   1408475.29132731   0
669   -1280603.92825012   1408388.15348052   0
670   -1280480.81807509   1408321.82369612   0
671   -1280448.59520824   1408171.92220695   0
672   -1280274.26994205   1408194.23346803   0
673   -1280149.32002492   1408360.58850539   0
674   -1279988.8316896   1408228.40762479   0
675   -1280296.77604061   1408045.53776873   0
676   -1280169.27444326   1407948.84527444   0
677   -1280231.5010318   1407798.06533088   0
678   -1280712.14973194   1408323.19292937   0
679   -1280839.54271193   1408248.98255889   0
680   -1281128.50544963   1408238.74748169   0
681   -1280964.40621211   1408274.23488823   0
682   -1280960.24280831   1408421.32406016   0
683   -1281073.3331003   1408506.76728234   0
684   -1281087.12618763   1408439.76233218   0
685   -1281012.71804639   1408459.99262053   0
686   -1280983.35059749   1408569.20239655   0
687   -1280960.5195572   1408499.65137483   0
688   -1280868.19121074   1408467.56187959   0
689   -1280764.73110872   1408520.10172407   0
690   -1280771.69774263   1408614.29836615   0
691   -1280801.22870077   1408803.21205872   0
692   -1280897.26153146   1408716.96781698   0
693   -1280756.75315585   1408715.21584118   0
694   -1280673.78227523   1408796.40679085   0
695   -1280716.79323703   1408892.60727023   0
696   -1280935.40222697   1409176.81678397   0
697   -1280962.98840164   1409042.80688364   0
698   -1280810.1861511   1409007.55560491   0
699   -1280686.04958099   1409204.34685295   0
700   -1280574.04218873   1409500.85760581   0
701   -1280346.28966465   1409445.92801605   0
702   -1280173.94541699   1409312.33203274   0
703   -1279880.8457954   1409318.39053157   0
704   -1280027.65505021   1409375.54335951   0
705   -1279889.46717127   1409527.94716563   0
706   -1279562.80475437   1409446.9594879   0
707   -1279654.08283406   1409715.40244174   0
708   -1279438.6783588   1410153.69564472   0
709   -1280026.09901912   1409836.93285391   0
710   -1280285.88473004   1409726.24871936   0
711   -1280224.20913708   1409925.65427887   0
712   -1280053.8748122   1409992.51653951   0
713   -1279810.1391422   1410308.02491817   0
714   -1279764.04728844   1410000.78642167   0
715   -1279834.89234578   1409788.89754971   0
716   -1279770.34153851   1409651.24847098   0
717   -1279719.68255663   1409485.6014887   0
718   -1279693.85554226   1409297.53738244   0
719   -1279808.69213347   1409118.30367174   0
720   -1279881.51643629   1408892.95725248   0
721   -1279964.28335684   1408691.74021972   0
722   -1280096.82665734   1408731.20195693   0
723   -1280040.97255919   1408873.42946235   0
724   -1280069.12421521   1408964.49172388   0
725   -1280198.3054217   1409005.40895658   0
726   -1280319.78168252   1408937.66973036   0
727   -1279983.1897187   1408948.82668219   0
728   -1279912.09733929   1409054.22182803   0
729   -1279958.88855523   1409195.39803046   0
730   -1279892.58140605   1409139.7063527   0
731   -1279968.21200931   1409111.319769   0
732   -1280054.48338192   1409165.70155252   0
733   -1280127.0521594   1409084.67505444   0
734   -1280165.46331586   1409188.07070774   0
735   -1280285.49936086   1409244.01308762   0
736   -1280354.39933584   1409148.87548683   0
737   -1280453.89645549   1409118.54357792   0
738   -1280556.75166429   1409049.59007071   0
739   -1280658.11387276   1409084.38757186   0
740   -1280560.01624082   1409142.5354521   0
741   -1280584.82184716   1409316.36353676   0
742   -1280581.79059817   1409252.04191609   0
743   -1280664.29502317   1409325.50870418   0
744   -1280907.81605231   1409310.82668429   0
745   -1280795.94024988   1409263.62344423   0
746   -1280723.84328702   1409254.42087409   0
747   -1280657.49239271   1409271.41648118   0
748   -1280638.83171285   1409226.85277399   0
749   -1280640.3589936   1409163.21992701   0
750   -1280601.95324732   1409204.08464195   0
751   -1280764.58980344   1409341.59700727   0
752   -1280691.1719661   1409459.07029396   0
753   -1280825.05752832   1409712.85638526   0
754   -1280718.74602013   1409308.00558399   0
755   -1280762.01458209   1409290.28492163   0
756   -1280831.31477252   1409324.00938138   0
757   -1280894.02296498   1409377.83163445   0
758   -1280823.30025382   1409395.99140252   0
759   -1280852.64370298   1409578.84648494   0
760   -1280792.6119016   1409488.26522943   0
761   -1280716.53592983   1409632.92741268   0
762   -1280505.08465175   1409706.04987199   0
763   -1280409.51799761   1409879.99522721   0
764   -1280590.83768602   1409613.16889748   0
765   -1280445.66866156   1409567.9631509   0
766   -1280650.16531624   1409759.56449981   0
767   -1280541.36549904   1409838.03338052   0
768   -1280714.71282966   1410248.89598656   0
769   -1280529.65677892   1410086.3349119   0
770   -1280352.69495607   1410049.37490046   0
771   -1280455.54909952   1409985.06561756   0
772   -1280442.4601874   1410079.06443326   0
773   -1280452.19789477   1410353.51371269   0
774   -1280365.14351348   1410245.4112389   0
775   -1280482.37499114   1410204.1629153   0
776   -1280599.76538545   1410197.13282557   0
777   -1280742.29900432   1410114.88608624   0
778   -1280687.12665499   1410382.90588688   0
779   -1280551.83894769   1410415.42601328   0
780   -1280604.368131   1410784.93558786   0
781   -1280471.47624835   1410606.30488083   0
782   -1280546.95937703   1410539.63504739   0
783   -1280631.95430566   1410650.92568753   0
784   -1280349.44430442   1410863.25625993   0
785   -1280309.80738253   1410674.78088884   0
786   -1280205.68385653   1410408.31313311   0
787   -1280218.54049996   1410576.65280184   0
788   -1280041.05077888   1410514.36418077   0
789   -1279857.97167186   1410762.73832333   0
790   -1279947.79061137   1410682.3182097   0
791   -1280053.07032212   1410911.12151305   0
792   -1279818.49750282   1410519.31651603   0
793   -1280167.98416244   1410838.36751967   0
794   -1280272.03794568   1410781.97169853   0
795   -1280363.64501552   1410759.12855472   0
796   -1280475.83441619   1410823.45354883   0
797   -1280262.42551039   1410862.80932517   0
798   -1280323.06587761   1411083.51918145   0
799   -1280210.52998465   1411030.50582144   0
800   -1280191.16763309   1410925.90951986   0
801   -1280224.64781736   1410873.86717502   0
802   -1280229.55648947   1410831.23449409   0
803   -1280172.87629613   1410758.62104859   0
804   -1280026.10775278   1410792.50254416   0
805   -1280108.84209454   1410757.42662537   0
806   -1280055.55342245   1410685.64618229   0
807   -1280040.80157239   1410625.82744843   0
808   -1280115.72030345   1410538.7939753   0
809   -1280102.42059508   1410443.18033645   0
810   -1280168.09355483   1410310.70617596   0
811   -1279977.42552583   1410297.82525107   0
812   -1279950.38018402   1410422.26190417   0
813   -1279900.01984854   1410109.78048337   0
814   -1280153.0015581   1410486.33154698   0
815   -1279928.16063876   1410571.92144451   0
816   -1280212.30018255   1410697.12743258   0
817   -1280270.43907331   1410819.22010391   0
818   -1280312.06668602   1410802.95152147   0
819   -1280370.98854031   1410808.19874903   0
820   -1280343.40292736   1410821.31336233   0
821   -1280416.20653864   1410886.77606208   0
822   -1280362.9448259   1410952.78824992   0
823   -1280576.78195633   1410918.94548818   0
824   -1280422.07388959   1410760.04644629   0
825   -1280393.73694106   1410680.94961103   0
826   -1280359.03918317   1410570.24079972   0
827   -1280459.78437741   1410477.60921456   0
828   -1280524.53816067   1410741.28664015   0
829   -1280470.40819697   1410965.88313617   0
830   -1280494.02343234   1411320.97518915   0
831   -1280134.98549161   1411376.75086717   0
832   -1280176.0893984   1411195.62067629   0
833   -1280347.86991507   1411241.82763544   0
834   -1280466.43725767   1411454.98508948   0
835   -1280280.63552795   1411484.06635853   0
836   -1280383.67873368   1411857.01479045   0
837   -1280261.93744341   1411694.79147689   0
838   -1280117.7191325   1411572.41727488   0
839   -1279826.95322269   1411458.53818415   0
840   -1279998.96081639   1411469.73512509   0
841   -1279912.01245196   1411716.0625323   0
842   -1279893.89495055   1411584.49957317   0
843   -1280012.09508057   1411667.02587681   0
844   -1280128.90604117   1411694.3959596   0
845   -1280210.21725156   1411865.87381386   0
846   -1280041.4218135   1411858.30368915   0
847   -1279791.9407484   1411981.67762069   0
848   -1280084.67431546   1412039.39160723   0
849   -1280193.53262276   1411627.04725338   0
850   -1280291.06613711   1411598.90906271   0
851   -1280364.11375751   1411538.39402983   0
852   -1280308.5539799   1411539.9181716   0
853   -1280223.59266281   1411546.31232295   0
854   -1280151.4344456   1411481.32963514   0
855   -1280241.75688382   1411411.85445218   0
856   -1280339.78927165   1411493.61851497   0
857   -1280310.37900294   1411388.43204974   0
858   -1280312.33846523   1411446.04294666   0
859   -1280313.86403773   1411478.613229   0
860   -1280394.67467082   1411429.97470931   0
861   -1280379.57520107   1411482.63110365   0
862   -1280452.64417034   1411521.99003964   0
863   -1280414.86620665   1411523.06693086   0
864   -1280379.98391489   1411509.8348364   0
865   -1280459.54071401   1411488.48756456   0
866   -1280429.2710716   1411461.80783137   0
867   -1280415.23424904   1411491.26562706   0
868   -1280395.65185576   1411460.75860566   0
869   -1280354.61198072   1411459.28710713   0
870   -1280344.83488775   1411422.48025131   0
871   -1280379.82258606   1411381.40951264   0
872   -1280320.76976422   1411325.54931609   0
873   -1280480.230345   1411387.98013932   0
874   -1280243.06833117   1411288.25638688   0
875   -1280418.98555933   1411295.32546325   0
876   -1280521.609607   1411186.96528883   0
877   -1280427.81988426   1411200.79638243   0
878   -1280346.9584266   1411157.55197057   0
879   -1280280.6081925   1411175.53229015   0
880   -1280430.05335039   1411095.16879946   0
881   -1280399.17612729   1411036.16189841   0
882   -1280331.60297955   1411017.76732736   0
883   -1280271.23148656   1410955.21533177   0
884   -1280458.3824039   1411031.51600811   0
885   -1280535.40269433   1411119.96033867   0
886   -1280497.86273198   1411077.34858177   0
887   -1280445.74762667   1411555.49251472   0
888   -1280368.92745304   1411002.02206956   0
889   -1280417.92378218   1410954.77408512   0
890   -1280402.51470758   1411566.50827293   0
891   -1280411.26490834   1411723.00489013   0
892   -1280425.05799568   1411655.99993997   0
893   -1280340.62164804   1411673.94148045   0
894   -1280320.3668977   1411766.02252358   0
895   -1280243.98839567   1411784.70460685   0
896   -1280313.1887051   1411719.07642283   0
897   -1280357.44534549   1411612.30008639   0
898   -1280399.72987481   1411607.58055008   0
899   -1280431.95453934   1411622.49746488   0
900   -1280381.54829658   1411652.79534424   0
901   -1280418.16145201   1411689.50241505   0
902   -1280378.53184643   1411693.5388426   0
903   -1280397.47182101   1411790.00984029   0
904   -1280363.10653903   1411747.06726619   0
905   -1280382.35762036   1411725.24253943   0
906   -1280344.8747543   1411711.20970086   0
907   -1280347.02547089   1411643.07480455   0
908   -1280297.44448665   1411644.05028521   0
909   -1280245.99793823   1411638.381014   0
910   -1280189.44170068   1411682.93958732   0
911   -1280209.74079751   1411653.93522713   0
912   -1280233.10675865   1411676.86375167   0
913   -1280228.12559892   1411721.74529638   0
914   -1280167.9223373   1411751.96774695   0
915   -1280270.03604874   1411729.85158223   0
916   -1280234.81759408   1411596.84638302   0
917   -1280191.9865263   1411570.33655798   0
918   -1280148.9030149   1411605.78888565   0
919   -1280078.15426238   1411633.47079133   0
920   -1280014.1881866   1411562.01846927   0
921   -1280070.09553545   1411484.3452544   0
922   -1280076.35294605   1411551.12012684   0
923   -1280026.6673424   1411521.91183653   0
924   -1279984.16172002   1411531.66002816   0
925   -1279907.79953794   1411481.3373742   0
926   -1279919.35584549   1411273.17540507   0
927   -1279928.44933446   1411389.14501412   0
928   -1279878.65049098   1411421.69363217   0
929   -1279764.17766697   1411313.46820611   0
930   -1279426.93642793   1411216.08952337   0
931   -1279803.25584683   1411383.54173802   0
932   -1279638.64682182   1411462.01016657   0
933   -1279582.84730239   1411303.23613807   0
934   -1279429.41292726   1411436.39191806   0
935   -1279498.48223983   1411612.54411183   0
936   -1279239.55729755   1411882.51648809   0
937   -1279668.62363965   1411617.94671243   0
938   -1279607.92462467   1411550.70870853   0
939   -1279505.44468287   1411501.84950452   0
940   -1279359.12165065   1411564.50052241   0
941   -1279337.36987902   1411469.78102222   0
942   -1279321.24321987   1411335.06470105   0
943   -1279069.3780865   1411263.55843913   0
944   -1279199.22388488   1411346.25630518   0
945   -1279034.76262398   1411470.90544253   0
946   -1278620.24930551   1411308.37136359   0
947   -1279271.63613817   1411393.45731352   0
948   -1279362.50040691   1411398.09710328   0
949   -1279378.54713772   1411440.95622971   0
950   -1279414.95717829   1411511.4947202   0
951   -1279465.09745447   1411559.56922446   0
952   -1279428.51684753   1411656.45277116   0
953   -1279511.77983413   1411718.14509192   0
954   -1279459.11874071   1411984.04967897   0
955   -1279516.08681965   1411861.83303755   0
956   -1279359.55366873   1411799.62688448   0
957   -1279275.98131446   1411704.0762977   0
958   -1279647.91109564   1411955.76678391   0
959   -1279703.17245453   1412265.31910851   0
960   -1279551.54006272   1412154.74130544   0
961   -1279303.96801591   1412173.45908063   0
962   -1278721.68626578   1412352.62954687   0
963   -1279469.92397573   1412506.85186963   0
964   -1279514.01726051   1411555.51988398   0
965   -1279488.81836058   1411533.5373336   0
966   -1279450.20510878   1411523.99458366   0
967   -1279457.26890592   1411470.82276889   0
968   -1279535.64195538   1411402.41502894   0
969   -1279461.35149385   1411313.74559215   0
970   -1279503.43797981   1411457.30319766   0
971   -1279470.96502954   1411438.89306671   0
972   -1279459.5004759   1411377.78739413   0
973   -1279403.00698443   1411356.88627435   0
974   -1279515.16048224   1411351.68465947   0
975   -1279456.14698781   1411412.2131181   0
976   -1279414.05231839   1411398.1876639   0
977   -1279492.73111405   1411407.01788516   0
978   -1279514.7255767   1411425.43385998   0
979   -1279571.20739604   1411457.97735918   0
980   -1279547.51564026   1411435.16265221   0
981   -1279614.20928068   1411390.18163645   0
982   -1279703.4986734   1411394.13731355   0
983   -1279762.28704987   1411433.35041037   0
984   -1279750.53321094   1411551.28553836   0
985   -1279673.57596338   1411532.93219278   0
986   -1279757.69337152   1411380.31239257   0
987   -1279786.51747052   1411358.21912063   0
988   -1279830.6898273   1411261.54115393   0
989   -1279825.71964601   1411339.45213363   0
990   -1279856.84261858   1411382.45938477   0
991   -1279833.67389053   1411419.40550478   0
992   -1279855.76804347   1411446.16313964   0
993   -1279860.45524665   1411485.38752407   0
994   -1279808.7762117   1411519.65828735   0
995   -1279835.89369643   1411605.82208361   0
996   -1279829.08975323   1411491.57901441   0
997   -1279881.277101   1411464.28609346   0
998   -1279893.92807466   1411532.35920101   0
999   -1279930.23379119   1411513.43392784   0
1000   -1279960.03454258   1411495.8845644   0
1001   -1279952.42962532   1411444.2475229   0
1002   -1279937.23749653   1411475.35838319   0
1003   -1279910.31126141   1411446.6382153   0
1004   -1279956.89134795   1411569.33770663   0
1005   -1279917.31017942   1411550.48812967   0
1006   -1279948.74458246   1411533.9826889   0
1007   -1279890.68507933   1411502.26620477   0
1008   -1279800.4191359   1411421.26601056   0
1009   -1279771.92574685   1411404.15524198   0
1010   -1279787.76083638   1411455.06517113   0
1011   -1279747.17135959   1411487.02546086   0
1012   -1279708.63520884   1411443.19112062   0
1013   -1279740.55168037   1411455.73783807   0
1014   -1279734.52942635   1411411.02734631   0
1015   -1279713.12227917   1411343.96733471   0
1016   -1279674.31413785   1411251.90871043   0
1017   -1279587.84149342   1411131.86598115   0
1018   -1279378.62668421   1410977.49044161   0
1019   -1279175.05617419   1410643.5380466   0
1020   -1279752.11959103   1411354.16802911   0
1021   -1279727.33736119   1411376.50616668   0
1022   -1279653.73561542   1411345.9015569   0
1023   -1279582.06225795   1411423.03185811   0
1024   -1279570.32127443   1411375.74128616   0
1025   -1279623.13480611   1411426.96129351   0
1026   -1279655.38771269   1411399.76028346   0
1027   -1279683.63945709   1411421.55397371   0
1028   -1279653.59202628   1411432.07370271   0
1029   -1279605.15157196   1411456.90288105   0
1030   -1279617.47544153   1411500.12068039   0
1031   -1279656.08918413   1411493.4425453   0
1032   -1279702.70593591   1411485.43456706   0
1033   -1279674.48606959   1411461.36059311   0
1034   -1279558.8572743   1411510.65070191   0
1035   -1279529.71562841   1411524.16889108   0
1036   -1279558.42886519   1411546.15144418   0
1037   -1279570.52404989   1411605.26745978   0
1038   -1279539.07744912   1411479.17854288   0
1039   -1279683.68611755   1411375.84402327   0
1040   -1279472.76836151   1411500.92059753   0
1041   -1279378.74226765   1411487.35322577   0
1042   -1279409.2032857   1411465.91793296   0
1043   -1279432.55605974   1411486.74342245   0
1044   -1279383.90437537   1411527.86059186   0
1045   -1279421.73683945   1411550.925773   0
1046   -1279392.64075812   1411557.46273492   0
1047   -1279397.43220031   1411595.2511105   0
1048   -1279343.23992997   1411634.13319339   0
1049   -1279440.60906894   1411589.84066927   0
1050   -1279323.2513766   1411531.22431395   0
1051   -1279275.75067412   1411608.78597452   0
1052   -1279109.04126719   1411638.89144773   0
1053   -1278923.87242715   1411609.13614216   0
1054   -1279014.58670973   1411571.72647545   0
1055   -1279118.671196   1411547.89745576   0
1056   -1278996.73023586   1411676.75321354   0
1057   -1279109.75068494   1411820.32718413   0
1058   -1278984.31019203   1412091.0604073   0
1059   -1279070.00902293   1411992.38407431   0
1060   -1278881.45978881   1411948.28982631   0
1061   -1278493.22448041   1411959.62346978   0
1062   -1278762.33251365   1412113.87180567   0
1063   -1278706.07811885   1411908.24340079   0
1064   -1278491.74428034   1411623.78459479   0
1065   -1278720.52478018   1411625.20349513   0
1066   -1278810.37542485   1411410.89292554   0
1067   -1278813.25259403   1411142.52615818   0
1068   -1278941.9404962   1411514.55294719   0
1069   -1278816.08998231   1411540.22095526   0
1070   -1278697.81148405   1411478.12883411   0
1071   -1278528.12475668   1411454.80219974   0
1072   -1278314.95122822   1411229.70159922   0
1073   -1278240.50584495   1411501.17195837   0
1074   -1278275.91224589   1411844.92904009   0
1075   -1277724.03598584   1412146.99978318   0
1076   -1278809.52143777   1411648.749944   0
1077   -1278944.27863589   1411394.03465531   0
1078   -1278889.00220358   1411443.88571252   0
1079   -1278879.94102142   1411367.64001965   0
1080   -1278787.16874481   1411269.20489197   0
1081   -1278923.58481131   1411274.85734061   0
1082   -1278986.68785037   1411070.02773351   0
1083   -1278887.58174842   1410792.45342902   0
1084   -1278717.59879907   1411360.34979756   0
1085   -1278672.44094368   1411162.9505733   0
1086   -1278504.97024822   1411180.16610455   0
1087   -1278557.00579801   1411018.31705991   0
1088   -1278507.675718   1410685.91846495   0
1089   -1278821.0136015   1411347.886365   0
1090   -1279127.44828362   1412115.07260143   0
1091   -1278971.09883576   1412404.03698779   0
1092   -1279038.36858667   1412271.96591069   0
1093   -1278846.39255077   1412378.33326733   0
1094   -1278907.10060373   1411704.99222284   0
1095   -1278879.3913972   1411654.98074601   0
1096   -1278846.35324193   1411596.99962749   0
1097   -1278852.24434835   1411631.1257231   0
1098   -1278778.65723465   1411601.73523074   0
1099   -1278748.68616786   1411529.62014618   0
1100   -1278814.9523   1411613.57460679   0
1101   -1278815.49004732   1411577.3990312   0
1102   -1278780.73893854   1411555.14049594   0
1103   -1278742.28125884   1411572.88512614   0
1104   -1278676.98249273   1411545.56138291   0
1105   -1278608.66124468   1411606.97670091   0
1106   -1278586.40828941   1411775.89212279   0
1107   -1278921.21149608   1411662.94315118   0
1108   -1278971.47001862   1411631.3539949   0
1109   -1278958.58421684   1411585.42639819   0
1110   -1278990.39534725   1411602.94795272   0
1111   -1279040.77830959   1411635.07783059   0
1112   -1279006.5237919   1411638.59272508   0
1113   -1279022.42821108   1411608.95919405   0
1114   -1279064.68715199   1411589.29509703   0
1115   -1279054.67777431   1411535.40381141   0
1116   -1279104.21326126   1411482.75005326   0
1117   -1279086.32902001   1411401.16085771   0
1118   -1278960.51012065   1411700.10868978   0
1119   -1278947.14497508   1411823.66533019   0
1120   -1279008.27989016   1411758.74475618   0
1121   -1278991.12254549   1411719.70519066   0
1122   -1279063.45330827   1411711.15629895   0
1123   -1279169.80268797   1411734.59055741   0
1124   -1278946.25219735   1411761.69738876   0
1125   -1278898.08074918   1411769.59972905   0
1126   -1278866.48670841   1411719.75765515   0
1127   -1278766.454515   1411716.96848597   0
1128   -1278883.94038579   1411689.45002335   0
1129   -1278852.57677752   1411671.77046137   0
1130   -1278941.79658271   1411728.05941796   0
1131   -1278907.95046392   1411736.06913136   0
1132   -1278977.11669718   1411748.89983991   0
1133   -1278983.61451539   1411786.52175855   0
1134   -1279032.01211794   1411812.87015859   0
1135   -1278929.38008903   1411689.5335137   0
1136   -1278959.57206283   1411665.50109721   0
1137   -1278998.90620902   1411524.91957309   0
1138   -1278978.14220936   1411466.6942628   0
1139   -1278902.96797434   1411638.20584893   0
1140   -1278883.15256975   1411610.2671044   0
1141   -1278880.91024701   1411543.61711466   0
1142   -1278892.84636674   1411498.83071885   0
1143   -1278908.99299831   1411530.22207361   0
1144   -1278936.8611293   1411550.74931255   0
1145   -1278972.70526887   1411547.06748499   0
1146   -1278872.23645524   1411576.74041831   0
1147   -1278846.83315145   1411555.30293008   0
1148   -1278769.41637792   1411465.41853092   0
1149   -1278833.07926884   1411473.69343599   0
1150   -1278853.24859609   1411512.48397877   0
1151   -1278817.5886723   1411506.70900164   0
1152   -1278784.78559543   1411517.80141219   0
1153   -1278799.72635137   1411479.80512031   0
1154   -1278803.29965632   1411445.55143175   0
1155   -1278750.70006685   1411413.23786347   0
1156   -1278732.69281246   1411452.71289778   0
1157   -1278685.47876569   1411411.51637089   0
1158   -1278607.23296065   1411469.36823852   0
1159   -1278572.91615174   1411386.78230696   0
1160   -1278434.86936945   1411344.42882294   0
1161   -1278523.77205377   1411311.49363908   0
1162   -1278577.25653819   1411236.7597453   0
1163   -1278650.20832409   1411237.37540803   0
1164   -1278456.56046757   1411260.49679428   0
1165   -1278398.27701086   1411182.67940109   0
1166   -1278270.78948874   1411107.49080335   0
1167   -1278025.55557206   1410779.6445255   0
1168   -1277942.63858243   1411260.25971745   0
1169   -1277898.74276287   1411698.33468542   0
1170   -1277694.31343262   1411446.89285913   0
1171   -1277434.76037638   1411754.00681382   0
1172   -1277366.96441801   1411450.55298959   0
1173   -1278144.27554494   1410897.36455967   0
1174   -1278061.23492567   1411084.3868524   0
1175   -1278273.94271307   1410612.93867824   0
1176   -1278301.89987478   1410774.71136551   0
1177   -1278000.8429421   1410433.39878495   0
1178   -1277686.17374202   1410181.40106421   0
1179   -1278066.32214441   1410048.45779904   0
1180   -1278285.86996594   1409783.90203481   0
1181   -1278192.73763614   1409567.13773607   0
1182   -1278120.99795664   1409750.77831118   0
1183   -1278145.24200287   1409911.5649925   0
1184   -1278367.79832282   1410057.3583319   0
1185   -1278709.03386793   1410105.28413605   0
1186   -1278985.00498629   1409894.54032592   0
1187   -1278899.80657634   1409640.13777599   0
1188   -1278740.56272911   1409434.21519013   0
1189   -1278652.10427922   1409263.14602542   0
1190   -1278398.9068033   1409178.58907986   0
1191   -1278425.55572312   1408951.85782158   0
1192   -1278491.15241336   1409075.39926797   0
1193   -1278564.80212088   1409178.51433209   0
1194   -1278526.96872494   1409283.85471498   0
1195   -1278562.78047772   1409099.53585877   0
1196   -1278564.20961449   1408993.35965765   0
1197   -1278706.23356919   1408922.84449999   0
1198   -1278558.9954282   1408788.53041549   0
1199   -1278352.22158208   1408776.98152673   0
1200   -1278181.5407959   1408643.42567727   0
1201   -1278604.15234364   1408890.00832755   0
1202   -1278672.91226149   1408784.69760115   0
1203   -1278723.97255952   1408607.06989875   0
1204   -1278699.65872902   1408372.37785798   0
1205   -1278548.57037233   1408382.25784356   0
1206   -1278302.28400929   1408461.26793566   0
1207   -1278417.88280967   1408331.63590769   0
1208   -1278348.02303719   1408136.52794791   0
1209   -1278527.12992551   1408045.84988087   0
1210   -1278669.78109477   1408127.87489889   0
1211   -1278814.82249229   1408058.88663326   0
1212   -1278528.46666685   1407885.51220452   0
1213   -1278233.11094064   1408330.37522384   0
1214   -1278091.20887266   1408240.60711212   0
1215   -1277888.78933365   1408164.80300059   0
1216   -1277937.54344912   1408350.40552007   0
1217   -1278745.3077045   1408853.98925437   0
1218   -1278901.49300122   1408951.57038855   0
1219   -1278915.76372138   1409175.27523525   0
1220   -1278827.04801826   1409312.33752639   0
1221   -1278852.45071932   1409426.7328724   0
1222   -1278946.53380364   1409523.50444144   0
1223   -1279188.8893965   1409489.31802481   0
1224   -1279106.72055283   1409690.06253543   0
1225   -1279183.9489405   1409247.51403556   0
1226   -1279445.89286011   1409182.49984321   0
1227   -1279603.32018808   1409015.31202133   0
1228   -1279627.62766704   1408839.78953928   0
1229   -1279522.66015654   1408638.49308137   0
1230   -1279457.59148733   1408504.53074598   0
1231   -1279659.97769159   1408548.54066487   0
1232   -1279389.85114693   1408737.51708946   0
1233   -1279733.8900042   1408949.31688319   0
1234   -1279832.00796979   1408990.4457404   0
1235   -1279900.87130173   1408964.51681334   0
1236   -1279884.19021858   1409008.84733467   0
1237   -1279851.85812286   1409065.38703201   0
1238   -1279890.37417363   1409101.29812223   0
1239   -1279926.99250793   1409099.35733199   0
1240   -1279977.29158044   1409062.58829047   0
1241   -1279942.39896239   1409065.93404939   0
1242   -1279930.5465316   1409006.92233685   0
1243   -1280003.17664314   1409009.25731835   0
1244   -1279929.99109907   1409137.2285321   0
1245   -1279920.30631089   1409180.68918478   0
1246   -1279816.42108129   1409232.92266741   0
1247   -1279866.61342891   1409205.56607114   0
1248   -1279911.07765193   1409253.80912062   0
1249   -1280012.87048484   1409283.49461749   0
1250   -1279955.97887719   1409319.64837145   0
1251   -1279918.14495534   1409428.03571198   0
1252   -1279804.1424278   1409405.86313095   0
1253   -1279789.30016853   1409308.72180384   0
1254   -1279730.05869837   1409370.09328313   0
1255   -1279640.00455091   1409371.16091572   0
1256   -1279511.13481074   1409303.18479146   0
1257   -1279381.91934945   1409415.63835477   0
1258   -1279601.90543097   1409170.1100301   0
1259   -1279511.37991339   1409092.3766803   0
1260   -1279316.94384724   1409016.07261477   0
1261   -1279322.64520407   1408878.70904087   0
1262   -1279403.81243894   1408949.8471847   0
1263   -1279523.9355376   1408935.84580979   0
1264   -1279596.13447767   1408930.17819708   0
1265   -1279678.14707172   1408891.39448165   0
1266   -1279786.42884237   1408846.37762326   0
1267   -1279807.92362044   1408902.36877975   0
1268   -1279847.88466563   1408934.40538996   0
1269   -1279865.28498398   1408971.67177169   0
1270   -1279806.05418717   1408954.12713918   0
1271   -1279762.73032081   1409012.18252772   0
1272   -1279681.93884005   1409006.54398368   0
1273   -1279724.24309471   1409086.71842253   0
1274   -1279761.60146037   1409171.62789232   0
1275   -1279648.91762586   1409076.78305386   0
1276   -1279579.48940385   1409084.59208677   0
1277   -1279539.23302422   1409034.74934083   0
1278   -1279543.66673198   1409068.9739995   0
1279   -1279576.24714189   1409046.52875528   0
1280   -1279614.22481387   1409054.10906622   0
1281   -1279644.57819913   1409024.37464791   0
1282   -1279624.60821706   1408976.63129891   0
1283   -1279673.54505989   1409046.84381763   0
1284   -1279728.1200628   1409032.59521054   0
1285   -1279774.41527336   1409056.46662119   0
1286   -1279805.95630709   1409028.21751158   0
1287   -1279842.9478692   1409026.30875385   0
1288   -1279813.47615169   1409064.24034904   0
1289   -1279797.70317792   1408991.77757212   0
1290   -1279768.00676482   1408966.42808303   0
1291   -1279772.10357807   1408929.89891297   0
1292   -1279732.66407637   1408882.24851785   0
1293   -1279706.49165221   1408823.05679402   0
1294   -1279658.75073276   1408729.14627933   0
1295   -1279743.86374631   1408914.2905602   0
1296   -1279703.71788598   1408925.21695637   0
1297   -1279695.90518517   1408963.30256087   0
1298   -1279723.09717404   1408992.52181281   0
1299   -1279662.7816486   1408979.81120223   0
1300   -1279659.10327088   1408937.17124298   0
1301   -1279633.66198696   1408895.59862054   0
1302   -1279587.69237427   1408878.76009595   0
1303   -1279515.61755924   1408775.03387429   0
1304   -1279741.98942479   1409059.50520495   0
1305   -1279705.01778848   1409061.41259348   0
1306   -1279698.72031287   1409030.84045371   0
1307   -1279443.96808748   1409028.27522173   0
1308   -1279437.29921798   1409106.17407481   0
1309   -1279296.54857971   1409162.54654522   0
1310   -1279379.92306659   1409061.08239508   0
1311   -1279373.00073304   1408999.17359728   0
1312   -1279328.29107533   1408950.79225426   0
1313   -1279196.16673072   1408961.08527829   0
1314   -1279098.32483266   1408877.26583889   0
1315   -1279006.87199148   1408928.71862955   0
1316   -1278955.63610754   1409023.84460887   0
1317   -1279038.16279758   1409161.25338018   0
1318   -1278825.00878201   1409047.368311   0
1319   -1278945.04386087   1408832.93594007   0
1320   -1279025.6953969   1408779.72869818   0
1321   -1278735.25531559   1409164.74516574   0
1322   -1278740.90743012   1409273.93128035   0
1323   -1278825.94803827   1409213.72579894   0
1324   -1278644.24613796   1409160.62270705   0
1325   -1278615.38009703   1409115.17312253   0
1326   -1278596.08313022   1409083.0323749   0
1327   -1278593.58765681   1409028.52053789   0
1328   -1278605.1675852   1409055.41367266   0
1329   -1278565.35635128   1409057.6995751   0
1330   -1278634.31505023   1409030.59717648   0
1331   -1278724.6733458   1409063.06240682   0
1332   -1278605.71886356   1408967.42888554   0
1333   -1278679.73262671   1408984.58322584   0
1334   -1278647.62378185   1408998.07001376   0
1335   -1278610.62815137   1409003.194918   0
1336   -1278655.94345214   1408933.72229939   0
1337   -1278671.25391166   1408865.55093211   0
1338   -1278674.23593891   1408905.60673411   0
1339   -1278637.27022235   1408903.72871728   0
1340   -1278620.5402797   1408931.66654998   0
1341   -1278558.94763538   1408931.49583143   0
1342   -1278532.13364299   1408863.41739064   0
1343   -1278578.85700075   1408836.20498732   0
1344   -1278567.42961563   1408878.69592364   0
1345   -1278536.75782114   1408898.44454672   0
1346   -1278467.65703242   1408892.9266025   0
1347   -1278497.11945383   1408946.44317322   0
1348   -1278525.60274068   1408929.49896713   0
1349   -1278497.97959712   1408909.30625682   0
1350   -1278497.91508087   1408875.90325185   0
1351   -1278477.39590251   1408795.26027813   0
1352   -1278480.94698539   1408687.21504401   0
1353   -1278464.02744498   1408850.90431792   0
1354   -1278389.59328311   1408883.59109386   0
1355   -1278292.84525089   1408973.77211575   0
1356   -1278073.62627982   1409064.48629967   0
1357   -1278238.3695694   1409133.66503113   0
1358   -1278502.08550318   1408840.57826703   0
1359   -1278585.82899826   1408919.80825622   0
1360   -1278710.18606762   1408882.47807128   0
1361   -1278789.15347609   1408913.79239379   0
1362   -1278751.1065247   1408907.28897863   0
1363   -1278754.8962328   1408986.89185297   0
1364   -1278720.21916193   1408967.98627793   0
1365   -1278687.94835006   1408951.31866762   0
1366   -1278737.9665023   1408940.28544652   0
1367   -1278771.22366529   1408949.23341449   0
1368   -1278848.5413501   1408958.93080984   0
1369   -1278803.67926896   1408989.43604846   0
1370   -1278805.51672478   1408946.63813168   0
1371   -1278851.48192401   1408897.95167912   0
1372   -1278908.19194289   1408876.72075392   0
1373   -1278967.21220372   1408888.82475278   0
1374   -1279008.926579   1408842.09589818   0
1375   -1279068.31530776   1408823.98683594   0
1376   -1279136.56377382   1408816.23673806   0
1377   -1279186.80288768   1408885.21274936   0
1378   -1279247.20392492   1408854.2707184   0
1379   -1279309.7936645   1408758.29108058   0
1380   -1279260.0170129   1408927.84502518   0
1381   -1279255.41570849   1408990.96937956   0
1382   -1279173.23692596   1409087.51771438   0
1383   -1279266.82652818   1409082.70136637   0
1384   -1279317.69458521   1409079.73536619   0
1385   -1279370.14715041   1409127.10046054   0
1386   -1279347.97041984   1409235.67590487   0
1387   -1279190.49563406   1409025.31618115   0
1388   -1279139.84366591   1409026.20967863   0
1389   -1279084.77808903   1409079.99077466   0
1390   -1279126.11698431   1408960.77542074   0
1391   -1279165.36474057   1408760.79918828   0
1392   -1279239.10802848   1408721.6227046   0
1393   -1279303.81614807   1408701.25966273   0
1394   -1279116.22770848   1408775.84671573   0
1395   -1279063.08563232   1408733.95560029   0
1396   -1279015.54583541   1408734.16265146   0
1397   -1279040.15125597   1408755.09335974   0
1398   -1278983.15228964   1408770.42150234   0
1399   -1278909.63509014   1408774.39621774   0
1400   -1278847.50144007   1408660.01075877   0
1401   -1278893.45197325   1408830.8532171   0
1402   -1278832.93323533   1408838.76298709   0
1403   -1278923.94065886   1408811.65530571   0
1404   -1278959.15479479   1408801.17128885   0
1405   -1278978.86111854   1408824.23509986   0
1406   -1278973.35414295   1408854.36045034   0
1407   -1278936.94167201   1408864.78298718   0
1408   -1279003.96034834   1408807.49543475   0
1409   -1279038.38541318   1408812.48086547   0
1410   -1279067.65459821   1408784.13238859   0
1411   -1279090.11844345   1408755.84150679   0
1412   -1279099.90097926   1408807.0780907   0
1413   -1279109.46072682   1408841.96602436   0
1414   -1279146.54651393   1408856.32766338   0
1415   -1279175.01056824   1408827.41093257   0
1416   -1279162.13277195   1408792.47230234   0
1417   -1279214.04319646   1408841.62250293   0
1418   -1279184.98400899   1408854.85906941   0
1419   -1279143.47339149   1408910.61447411   0
1420   -1279180.28319116   1408920.78574522   0
1421   -1279221.26900264   1408908.16459208   0
1422   -1279216.44718854   1408877.36778401   0
1423   -1279253.55017725   1408894.58433069   0
1424   -1279282.35046941   1408873.90167512   0
1425   -1279289.77721425   1408828.22495039   0
1426   -1279363.55824894   1408820.67779636   0
1427   -1279289.35585078   1408908.74477045   0
1428   -1279295.42170958   1408941.51201914   0
1429   -1279304.77195354   1408979.49744702   0
1430   -1279283.5881483   1409007.16416993   0
1431   -1279255.21089785   1409029.96749712   0
1432   -1279293.05803933   1409045.17958302   0
1433   -1279274.09309053   1408966.17407945   0
1434   -1279237.03498584   1408959.45840723   0
1435   -1279214.19562971   1408935.22119812   0
1436   -1279339.32226191   1408985.06387041   0
1437   -1279364.66245278   1408959.09590291   0
1438   -1279352.25242884   1408909.8498972   0
1439   -1279381.06023015   1408929.3670201   0
1440   -1279392.42878641   1408881.39805962   0
1441   -1279448.75162557   1408909.48970556   0
1442   -1279506.05335989   1408874.71598534   0
1443   -1279462.92105748   1408970.83562567   0
1444   -1279511.31502443   1408988.28268879   0
1445   -1279561.18633282   1408984.96125858   0
1446   -1279568.02139888   1409016.33780209   0
1447   -1279494.67437294   1409030.76180625   0
1448   -1279467.34383005   1409074.4172676   0
1449   -1279427.50407811   1409064.80329821   0
1450   -1279398.51858485   1409093.05331466   0
1451   -1279469.58275747   1409044.41566143   0
1452   -1279503.74401013   1409061.7375707   0
1453   -1279472.95486457   1409003.41254424   0
1454   -1279519.9010662   1409017.66075962   0
1455   -1279427.76504938   1408993.59983389   0
1456   -1279433.8245076   1408960.54576726   0
1457   -1279406.88737534   1409026.46757197   0
1458   -1279375.96632595   1409029.81533653   0
1459   -1279395.15392936   1408979.24099355   0
1460   -1279322.50882207   1408919.51076344   0
1461   -1279221.12222984   1409057.12965926   0
1462   -1279229.6093616   1409005.65528179   0
1463   -1279203.43964643   1408990.97871312   0
1464   -1279163.33391429   1408985.22266783   0
1465   -1279124.97892976   1408992.0431342   0
1466   -1279106.54080277   1409016.54742325   0
1467   -1279075.04100755   1409041.85986079   0
1468   -1279022.80034133   1409068.79917694   0
1469   -1278955.89759886   1409110.32266578   0
1470   -1279019.95181797   1409000.76232845   0
1471   -1279158.66735   1408947.1792896   0
1472   -1279250.66854651   1408789.27561527   0
1473   -1279090.61947077   1408922.14688933   0
1474   -1279054.71699949   1408896.14539743   0
1475   -1279052.43384693   1408950.03321977   0
1476   -1279093.6570956   1408965.23297164   0
1477   -1279007.61363778   1408879.9476084   0
1478   -1279155.14223664   1408886.09091121   0
1479   -1279041.11920449   1408855.07043369   0
1480   -1279075.83391445   1408854.49242416   0
1481   -1279116.84680611   1408897.74102655   0
1482   -1279125.30625343   1408931.84719792   0
1483   -1279493.72847327   1408963.02795186   0
1484   -1279467.24288133   1408937.52284711   0
1485   -1279484.62245232   1408906.47459016   0
1486   -1279455.10567639   1408883.39799276   0
1487   -1279133.69278524   1408748.36113293   0
1488   -1279174.68459844   1408712.07545731   0
1489   -1279125.55750261   1408654.2242966   0
1490   -1279141.87548063   1408566.65865728   0
1491   -1279063.44416346   1408510.94372738   0
1492   -1279015.29090278   1408551.0806988   0
1493   -1279008.51349355   1408629.90328449   0
1494   -1278920.39619861   1408489.3862493   0
1495   -1278912.35790758   1408343.94058022   0
1496   -1278765.91035269   1408243.29393492   0
1497   -1278653.86613355   1408268.99479193   0
1498   -1279062.843826   1408558.06701073   0
1499   -1279106.71144515   1408545.89517456   0
1500   -1279127.60182862   1408489.35346379   0
1501   -1279164.21307069   1408459.1602612   0
1502   -1279244.08794684   1408430.94985211   0
1503   -1279307.87214716   1408488.28421893   0
1504   -1279402.498897   1408439.25880914   0
1505   -1279245.62373014   1408354.74416623   0
1506   -1279214.91079306   1408261.12830296   0
1507   -1279225.53643536   1408164.58980062   0
1508   -1279310.22678525   1408168.10504   0
1509   -1279346.82824237   1408083.09764231   0
1510   -1279467.23445602   1408151.96097768   0
1511   -1279532.49547698   1408267.72796827   0
1512   -1279644.56315129   1408259.80441518   0
1513   -1279586.36302071   1408394.88254388   0
1514   -1279411.69653753   1408249.58457797   0
1515   -1279379.09093509   1408174.72572476   0
1516   -1279398.74736195   1408119.31899174   0
1517   -1279396.52622087   1408073.95252296   0
1518   -1279462.9016005   1408079.51850804   0
1519   -1279512.25388615   1408112.6242285   0
1520   -1279583.99986291   1408097.60181335   0
1521   -1279649.44591763   1408103.4932422   0
1522   -1279619.62362544   1408117.27741306   0
1523   -1279616.44350796   1408057.2776125   0
1524   -1279622.97395145   1407980.72480833   0
1525   -1279715.79165799   1407954.27141044   0
1526   -1279671.58677124   1407990.82282281   0
1527   -1279644.16428354   1408019.04217407   0
1528   -1279664.50904081   1407945.28275611   0
1529   -1279700.28358069   1407848.97791608   0
1530   -1279794.08748001   1407825.90183869   0
1531   -1279877.5802646   1407743.93442516   0
1532   -1279923.42489982   1407864.02957178   0
1533   -1280019.3319589   1408013.44693813   0
1534   -1279808.99045196   1407637.09092003   0
1535   -1279893.57024371   1407555.38850221   0
1536   -1279934.30384715   1407349.45924471   0
1537   -1280095.57402334   1407509.74959038   0
1538   -1280241.40184017   1407444.2787559   0
1539   -1280294.55691777   1407308.92903038   0
1540   -1280401.6977127   1407243.31203458   0
1541   -1280489.10084484   1407091.18269133   0
1542   -1280726.71229352   1407118.22555216   0
1543   -1280929.14993197   1407249.85912961   0
1544   -1280724.20328364   1407356.7794349   0
1545   -1280620.94511302   1407650.82940905   0
1546   -1280902.72904501   1407822.45755058   0
1547   -1281376.78102161   1407032.65837878   0
1548   -1281180.11986607   1406838.74788225   0
1549   -1280903.24501765   1406700.48612297   0
1550   -1280656.47461858   1406690.16707681   0
1551   -1281251.21729182   1406565.04567688   0
1552   -1281188.44249706   1406224.45941838   0
1553   -1280877.34860951   1405980.43363757   0
1554   -1281652.64276826   1405692.55937553   0
1555   -1281597.47041893   1405960.57917618   0
1556   -1281226.79532319   1405740.44687821   0
1557   -1280797.40385191   1405663.56830014   0
1558   -1280831.92869334   1405383.7631173   0
1559   -1281224.10041361   1405336.11190338   0
1560   -1281322.37825896   1404884.89444661   0
1561   -1281290.98332318   1404515.84382385   0
1562   -1281873.33216558   1404620.48017294   0
1563   -1281107.33852175   1404720.72354443   0
1564   -1281036.333018   1404933.02531932   0
1565   -1281139.23760859   1405140.72654956   0
1566   -1281412.49341972   1405145.38094649   0
1567   -1281707.81511759   1405424.53957488   0
1568   -1281455.98649491   1405529.85176155   0
1569   -1281818.15981625   1404888.49997359   0
1570   -1281612.78339633   1404964.97865342   0
1571   -1281602.00000376   1404700.10737013   0
1572   -1281636.30980044   1404320.04431279   0
1573   -1281036.7564197   1405547.85129977   0
1574   -1280993.93502489   1405769.40854489   0
1575   -1281174.21930958   1405979.50800458   0
1576   -1280597.98330367   1406260.31734031   0
1577   -1280313.7458202   1406238.80853673   0
1578   -1280156.8599489   1406444.76700764   0
1579   -1280171.81004731   1405982.32133638   0
1580   -1280358.2150138   1406034.95827289   0
1581   -1280252.18356434   1406104.27100451   0
1582   -1280120.87401395   1406207.72690085   0
1583   -1280070.32200967   1406078.11355019   0
1584   -1279995.45022456   1406333.74929795   0
1585   -1280290.20789817   1406001.10598743   0
1586   -1280243.46116038   1405840.25219489   0
1587   -1280065.7606364   1405786.424532   0
1588   -1280088.53116719   1405638.5986418   0
1589   -1280211.02142356   1405507.56130713   0
1590   -1280387.9713474   1405474.58686639   0
1591   -1280527.06837876   1405650.34662251   0
1592   -1280390.26438455   1405745.75195272   0
1593   -1280288.44943956   1405437.26110373   0
1594   -1280180.22059288   1405411.00828175   0
1595   -1280162.44487108   1405289.67363406   0
1596   -1280371.57153624   1405383.43265715   0
1597   -1280364.77781087   1405269.07117937   0
1598   -1280549.88886065   1405221.78655634   0
1599   -1280459.07916319   1405329.14011945   0
1600   -1280427.58050016   1405217.266628   0
1601   -1280471.68170658   1405077.91329465   0
1602   -1280320.39212731   1405009.98187915   0
1603   -1280194.95116422   1404876.33462985   0
1604   -1280198.50211948   1405010.02954793   0
1605   -1280261.09390973   1405095.57928165   0
1606   -1280261.43401234   1404944.58399518   0
1607   -1280271.88226211   1404998.04506862   0
1608   -1280299.12066775   1405049.07765132   0
1609   -1280382.78273646   1405070.73365552   0
1610   -1280329.96482564   1405100.59333196   0
1611   -1280367.94668278   1405118.9158694   0
1612   -1280435.81810878   1405117.81649149   0
1613   -1280501.83944665   1405139.98162021   0
1614   -1280610.48986548   1405137.47044718   0
1615   -1280402.90856242   1405159.45505832   0
1616   -1280399.07151586   1405126.23082363   0
1617   -1280455.29206001   1405163.44971079   0
1618   -1280490.62436298   1405200.97960785   0
1619   -1280496.04417702   1405261.77489613   0
1620   -1280564.00914694   1405318.84279739   0
1621   -1280686.00872143   1405407.82818042   0
1622   -1280631.46016382   1405546.0969177   0
1623   -1280502.04027846   1405534.44355537   0
1624   -1280404.44648219   1405617.05542284   0
1625   -1280308.083422   1405561.48366797   0
1626   -1280271.76424453   1405506.09707622   0
1627   -1280239.71946739   1405556.48513945   0
1628   -1280325.91486306   1405470.62809575   0
1629   -1280355.40100406   1405530.66057206   0
1630   -1280427.63717522   1405528.50602098   0
1631   -1280461.13175449   1405438.99833431   0
1632   -1280465.45116672   1405507.94765352   0
1633   -1280463.67277385   1405583.76054944   0
1634   -1280523.94224096   1405591.53426812   0
1635   -1280600.85988428   1405609.57163083   0
1636   -1280555.38988406   1405616.73606089   0
1637   -1280571.36143803   1405558.78110629   0
1638   -1280576.71151395   1405590.14721394   0
1639   -1280533.85942745   1405553.28065409   0
1640   -1280559.85235591   1405487.47607375   0
1641   -1280558.81691417   1405527.93176929   0
1642   -1280591.12863845   1405526.3905052   0
1643   -1280620.82512083   1405478.27753694   0
1644   -1280708.08348092   1405501.33049895   0
1645   -1280512.17109542   1405489.09922807   0
1646   -1280548.1957875   1405580.29094292   0
1647   -1280530.95162428   1405518.34473212   0
1648   -1280709.13593353   1405615.79766095   0
1649   -1280669.05018671   1405783.21289013   0
1650   -1280612.95717148   1405708.91710125   0
1651   -1280650.97322649   1405654.46295691   0
1652   -1280645.98839596   1405590.21186432   0
1653   -1280688.6586376   1405553.0311656   0
1654   -1280799.8330614   1405553.29545992   0
1655   -1280922.95205248   1405614.39269918   0
1656   -1280912.65588024   1405488.50400995   0
1657   -1281014.65156963   1405318.12120181   0
1658   -1281020.57814606   1405431.72223616   0
1659   -1281131.89208495   1405463.18676052   0
1660   -1281297.24022055   1405489.79965809   0
1661   -1281170.99777506   1405595.45049446   0
1662   -1280901.56937471   1405739.85221867   0
1663   -1280809.00277488   1405804.47766144   0
1664   -1280722.56293929   1405984.60923537   0
1665   -1280757.09815612   1406138.3810597   0
1666   -1280954.04978954   1406235.1878731   0
1667   -1280822.47957133   1406313.81344876   0
1668   -1280771.45578654   1406515.70187628   0
1669   -1280923.60407612   1406548.02758629   0
1670   -1280828.5119475   1406614.23892354   0
1671   -1280716.63823569   1406616.88060702   0
1672   -1280575.56158991   1406448.72721766   0
1673   -1280663.30122162   1406517.60318314   0
1674   -1280547.29366761   1406596.2512249   0
1675   -1280675.53538358   1406372.98153054   0
1676   -1280475.39999976   1406513.18571047   0
1677   -1280368.25400786   1406381.14145592   0
1678   -1280471.50269278   1406625.89568279   0
1679   -1280317.16525069   1406657.17453833   0
1680   -1280252.36277528   1406798.75545216   0
1681   -1280133.50076484   1406858.62958764   0
1682   -1280040.94934312   1406753.43770277   0
1683   -1280031.66893636   1406600.89628679   0
1684   -1279909.47449375   1406449.56976804   0
1685   -1279761.68610635   1406475.98868166   0
1686   -1280351.69705467   1406886.82961054   0
1687   -1280457.66728145   1406893.30158715   0
1688   -1280416.00934196   1407010.11895993   0
1689   -1280330.52429973   1406968.22346701   0
1690   -1280264.99285175   1407082.83158736   0
1691   -1280392.41942995   1406936.24441686   0
1692   -1279730.01454545   1406593.9894188   0
1693   -1279757.3909573   1406768.25673842   0
1694   -1279707.5314276   1406956.56279765   0
1695   -1279670.39143345   1406691.10123886   0
1696   -1280211.9554512   1406563.03926603   0
1697   -1280280.66204375   1406450.55787643   0
1698   -1280223.36072974   1406345.91912178   0
1699   -1280112.86207789   1406325.46662623   0
1700   -1280054.02278614   1406418.60412726   0
1701   -1279509.81251213   1407006.31217769   0
1702   -1279406.54842682   1406821.610606   0
1703   -1279490.63507838   1406725.76727717   0
1704   -1279285.77304004   1407024.14682252   0
1705   -1279263.5341507   1407213.80293146   0
1706   -1279107.50126541   1407125.22199621   0
1707   -1278986.35090983   1407132.05931506   0
1708   -1279034.54394692   1407044.67103387   0
1709   -1279026.72358092   1406853.10429621   0
1710   -1278865.9923813   1406892.57739864   0
1711   -1278743.27451705   1406595.62909678   0
1712   -1278497.08154908   1406573.79839348   0
1713   -1278532.62923307   1406383.75301429   0
1714   -1278553.67212317   1406030.85269869   0
1715   -1278884.13653901   1405975.16964179   0
1716   -1279044.32241726   1405907.13024287   0
1717   -1279235.05146617   1405864.3696947   0
1718   -1279351.78405761   1405588.26447425   0
1719   -1279638.72916609   1405697.66248556   0
1720   -1279747.84594788   1405523.94998256   0
1721   -1279853.97514719   1405503.20655638   0
1722   -1279946.40265323   1405422.35921261   0
1723   -1280044.20506245   1405508.03272177   0
1724   -1280126.8504996   1405465.53430941   0
1725   -1280064.13364758   1405440.14341347   0
1726   -1280020.20679215   1405384.93590761   0
1727   -1279933.37544763   1405298.05756681   0
1728   -1280037.42362725   1405305.12874862   0
1729   -1279998.75292178   1405471.13373152   0
1730   -1280018.61688346   1405439.1533336   0
1731   -1279979.05206414   1405545.70456465   0
1732   -1280039.13854066   1405601.83882819   0
1733   -1279903.78916211   1405567.82538289   0
1734   -1279820.79226451   1405700.51808223   0
1735   -1279812.531074   1405592.48172481   0
1736   -1279872.08004447   1405643.80305182   0
1737   -1279941.31452642   1405742.55604248   0
1738   -1279972.62344573   1405848.40666415   0
1739   -1280072.81655112   1405907.28366236   0
1740   -1279993.34382311   1405910.12779872   0
1741   -1279912.43519199   1406039.00319749   0
1742   -1279762.91126367   1405972.04908065   0
1743   -1279853.91651928   1405968.59770843   0
1744   -1279925.89688149   1405967.07978991   0
1745   -1279944.29859048   1405918.9225091   0
1746   -1279968.49592951   1405957.01225201   0
1747   -1280054.33963902   1405983.48578423   0
1748   -1279960.83763786   1406018.79832056   0
1749   -1279963.12498027   1406090.57350315   0
1750   -1279856.50294271   1406141.76795616   0
1751   -1279876.60283439   1406280.57090968   0
1752   -1279808.86823983   1406063.14112266   0
1753   -1279810.14195375   1406003.94357695   0
1754   -1279814.00799258   1405958.66429623   0
1755   -1279741.22280307   1405827.53217782   0
1756   -1279764.84132972   1405893.51521362   0
1757   -1279777.65297827   1405934.929489   0
1758   -1279712.51386079   1405937.47396737   0
1759   -1279681.1880163   1406047.3537676   0
1760   -1279818.20501769   1405894.08536472   0
1761   -1279874.49645932   1405801.28000783   0
1762   -1279842.46402406   1405933.4324396   0
1763   -1279883.76650556   1405939.15974096   0
1764   -1279868.51869742   1405905.16306675   0
1765   -1279870.85740979   1405854.94987125   0
1766   -1279920.77766011   1405824.69419142   0
1767   -1279963.74762045   1405788.06949098   0
1768   -1280009.4401712   1405749.12502092   0
1769   -1280056.87782505   1405709.51178133   0
1770   -1280149.10640551   1405706.82470174   0
1771   -1280206.49838951   1405775.03307222   0
1772   -1280173.87783652   1405631.56072713   0
1773   -1280131.30109868   1405545.34970346   0
1774   -1279823.65311583   1405842.90798809   0
1775   -1279805.32222859   1405761.83752345   0
1776   -1279730.60279512   1405729.61114736   0
1777   -1279665.78575626   1405780.44828464   0
1778   -1279512.7675113   1405783.35157762   0
1779   -1279501.52817245   1405633.90320157   0
1780   -1279432.20938023   1405487.80295998   0
1781   -1279443.55958127   1405280.5585329   0
1782   -1279565.30856006   1405163.92434026   0
1783   -1279585.40037321   1405758.07753351   0
1784   -1279586.91319662   1405881.41189356   0
1785   -1279667.5129306   1405863.82659973   0
1786   -1279507.79681491   1405929.21396716   0
1787   -1279721.12218689   1405777.85001525   0
1788   -1279759.21117509   1405766.4232126   0
1789   -1279776.14388884   1405803.60083624   0
1790   -1279772.15899694   1405857.64469999   0
1791   -1279771.11758888   1405720.39494054   0
1792   -1279758.48675002   1405641.62905925   0
1793   -1279773.93939922   1405682.38593281   0
1794   -1279733.5710382   1405687.1883294   0
1795   -1279657.8858222   1405615.82448169   0
1796   -1279622.30701386   1405513.19978689   0
1797   -1279812.31639145   1405650.2186627   0
1798   -1279710.84692445   1405645.1493138   0
1799   -1279732.44499677   1405658.62408097   0
1800   -1279734.82411404   1405592.52143217   0
1801   -1279662.22740597   1405561.20660115   0
1802   -1279677.58604047   1405468.17497808   0
1803   -1279717.64597806   1405378.58718232   0
1804   -1279618.15539384   1405265.18319243   0
1805   -1279774.33706569   1405262.2716452   0
1806   -1279695.04809622   1405697.36155374   0
1807   -1279693.05839657   1405744.59946089   0
1808   -1279536.50285353   1405699.93698696   0
1809   -1279405.55905   1405703.46403649   0
1810   -1279867.00267816   1405736.9785731   0
1811   -1279912.47922344   1405929.97246175   0
1812   -1279889.71591218   1405976.23074477   0
1813   -1279867.94952898   1406020.979274   0
1814   -1279906.56245088   1406006.37685195   0
1815   -1279839.89771497   1405996.18929812   0
1816   -1279832.38910536   1406029.9852433   0
1817   -1279866.96264155   1406084.86409567   0
1818   -1279911.69408069   1406087.61192107   0
1819   -1279940.04323229   1406062.59403192   0
1820   -1279929.83134631   1406142.90828353   0
1821   -1279902.5454591   1406184.94183653   0
1822   -1279807.94868466   1406219.08573218   0
1823   -1279686.21729739   1406229.84776704   0
1824   -1279598.0023302   1406337.25063988   0
1825   -1279659.80317993   1406452.35263503   0
1826   -1279639.47371734   1406141.90456473   0
1827   -1279533.39017293   1406107.89517146   0
1828   -1279476.36060595   1406146.49063603   0
1829   -1279427.57996791   1406251.61031367   0
1830   -1279503.55100236   1406320.34757651   0
1831   -1279540.04012498   1406372.88280831   0
1832   -1279602.75349853   1406402.55234732   0
1833   -1279556.22756481   1406508.67402833   0
1834   -1279421.07326893   1406519.83600071   0
1835   -1279330.98611536   1406556.45122946   0
1836   -1279154.08008758   1406599.33853227   0
1837   -1279233.65247235   1406658.85674501   0
1838   -1278959.13876178   1406471.25925107   0
1839   -1278954.30224912   1406693.70929544   0
1840   -1279232.654863   1406531.54883412   0
1841   -1279210.10695557   1406454.87338813   0
1842   -1279234.20804059   1406333.74708089   0
1843   -1279057.85332061   1406156.62230342   0
1844   -1278941.85869496   1406321.44936625   0
1845   -1279123.11255925   1406257.32533459   0
1846   -1279201.57010416   1406144.10365005   0
1847   -1279136.47413198   1406026.25007574   0
1848   -1278994.90812386   1406056.25004255   0
1849   -1279397.30077618   1406439.26788189   0
1850   -1279657.87049634   1406380.30470441   0
1851   -1279658.38275503   1406299.3319927   0
1852   -1279591.07098285   1406259.17153193   0
1853   -1279714.76187377   1406293.16000892   0
1854   -1279686.14170536   1406278.84813807   0
1855   -1279747.49871898   1406236.97907154   0
1856   -1279772.17844396   1406181.26233584   0
1857   -1279774.33411732   1406213.15307037   0
1858   -1279797.72252932   1406296.83845076   0
1859   -1279783.42663257   1406252.60869215   0
1860   -1279752.70785613   1406274.89877311   0
1861   -1279755.89726147   1406320.00790008   0
1862   -1279820.9713244   1406377.12654051   0
1863   -1279813.68449608   1406165.85130946   0
1864   -1279853.32208238   1406211.28593109   0
1865   -1279819.70982191   1406195.25725181   0
1866   -1279850.99348117   1406172.50427846   0
1867   -1279785.02194988   1406143.28264597   0
1868   -1279819.05113668   1406109.92368953   0
1869   -1279853.71289903   1406109.02893994   0
1870   -1279699.76473366   1406182.50560409   0
1871   -1279655.94533634   1406198.40482326   0
1872   -1279667.89738657   1406159.12161936   0
1873   -1279697.30753792   1406095.04145067   0
1874   -1279697.84470164   1406140.69775458   0
1875   -1279632.04160344   1406237.67938015   0
1876   -1279659.56973734   1406260.79641012   0
1877   -1279626.03606162   1406280.26287074   0
1878   -1279591.01406364   1406180.29246937   0
1879   -1279548.63725048   1406156.25812234   0
1880   -1279504.45494592   1406177.87931778   0
1881   -1279480.20473156   1406218.46564496   0
1882   -1279427.1916106   1406181.99879658   0
1883   -1279418.83468797   1406135.91111177   0
1884   -1279336.50794007   1406077.27933902   0
1885   -1279389.30233471   1405987.14773477   0
1886   -1279376.33968431   1406168.47220295   0
1887   -1279385.64739067   1406227.69700801   0
1888   -1279386.93434158   1406273.88330076   0
1889   -1279439.60127957   1406312.05416334   0
1890   -1279470.14958082   1406363.25078417   0
1891   -1279413.93542764   1406363.7303257   0
1892   -1279405.05217594   1406326.29623925   0
1893   -1279377.30743627   1406306.41217297   0
1894   -1279301.51275473   1406280.78395022   0
1895   -1279232.76177089   1406233.42655704   0
1896   -1279344.59723201   1406286.73789078   0
1897   -1279320.40619321   1406328.0053351   0
1898   -1279326.85802624   1406389.98490237   0
1899   -1279281.6225309   1406361.98596284   0
1900   -1279213.26193629   1406377.91576652   0
1901   -1279180.58524616   1406333.06331556   0
1902   -1279280.54679308   1406319.42661562   0
1903   -1279253.52144156   1406272.81669182   0
1904   -1279188.61046847   1406285.27967962   0
1905   -1279278.65331409   1406239.98714978   0
1906   -1279329.76237976   1406243.50064149   0
1907   -1279360.86571901   1406253.75071409   0
1908   -1279257.42830872   1406182.53906823   0
1909   -1279256.90448985   1406095.98361199   0
1910   -1279256.95130063   1406303.99601244   0
1911   -1279412.19489886   1406293.67250422   0
1912   -1279306.53013842   1406216.24437027   0
1913   -1279438.3614565   1406343.94158551   0
1914   -1279442.00361529   1406401.33228793   0
1915   -1279447.60527384   1406459.32786689   0
1916   -1279495.17615831   1406517.63580927   0
1917   -1279528.04433807   1406596.86845641   0
1918   -1279465.86753107   1406602.58904337   0
1919   -1279507.95760509   1406463.10921108   0
1920   -1279537.78988916   1406419.10021399   0
1921   -1279587.62689737   1406459.91236995   0
1922   -1279470.38009813   1406324.08380046   0
1923   -1279473.16704217   1406282.60396276   0
1924   -1279441.58087242   1406279.53450589   0
1925   -1279466.9387062   1406248.16119989   0
1926   -1279516.48779918   1406255.68575741   0
1927   -1279554.99995477   1406240.22917189   0
1928   -1279591.25889822   1406221.49895333   0
1929   -1279563.49586103   1406199.28459048   0
1930   -1279509.31413931   1406224.26213242   0
1931   -1279469.06678779   1406186.31341134   0
1932   -1279448.05695763   1406217.25564328   0
1933   -1279415.86857277   1406217.63437352   0
1934   -1279617.7833528   1406201.12392493   0
1935   -1279629.6037124   1406171.56407274   0
1936   -1279550.03752261   1406290.03338463   0
1937   -1279507.26029902   1406284.28434933   0
1938   -1279584.56565462   1406121.33367859   0
1939   -1279590.49129634   1406055.79968105   0
1940   -1279629.46625437   1406091.58183244   0
1941   -1279618.75995565   1406120.10547554   0
1942   -1279596.69673177   1406092.58648307   0
1943   -1279565.28155835   1406079.56127064   0
1944   -1279494.33606441   1406019.03796629   0
1945   -1279550.58947073   1406035.67792504   0
1946   -1279515.58918377   1406068.98518824   0
1947   -1279635.26164828   1406040.62900642   0
1948   -1279640.83175805   1405977.10622149   0
1949   -1279701.46308877   1405990.99438213   0
1950   -1279728.91153991   1405969.02407096   0
1951   -1279745.57514021   1405940.71980626   0
1952   -1279747.66988423   1406047.32617662   0
1953   -1279736.35678306   1405999.72803259   0
1954   -1279707.70311141   1406025.03829553   0
1955   -1279667.4727123   1406006.87353837   0
1956   -1279687.1837195   1405960.16494144   0
1957   -1279636.89539392   1405920.00491719   0
1958   -1279681.00216151   1405916.56825808   0
1959   -1279716.18496082   1405886.08876214   0
1960   -1279734.59148173   1405912.15994717   0
1961   -1279656.65823621   1406076.73601191   0
1962   -1279606.1423558   1406149.80139202   0
1963   -1279175.36873576   1406409.60462315   0
1964   -1279121.66773906   1406480.04627324   0
1965   -1279028.99061375   1406581.09250289   0
1966   -1279269.33639665   1406423.91086852   0
1967   -1279388.77657135   1406095.98411709   0
1968   -1279378.91761989   1406036.82878578   0
1969   -1279717.80971303   1406252.82329849   0
1970   -1279368.98715858   1406493.66311001   0
1971   -1279892.72628237   1406118.73195963   0
1972   -1279937.34525506   1406106.7156429   0
1973   -1279969.63750741   1406130.57348325   0
1974   -1280052.04543063   1406161.83313966   0
1975   -1280002.83595706   1406152.49529904   0
1976   -1280034.96295144   1406244.20502459   0
1977   -1280003.96446936   1406197.90072785   0
1978   -1279955.48299849   1406242.68068172   0
1979   -1280019.85327802   1406094.41501496   0
1980   -1279993.4105843   1406066.02826428   0
1981   -1279965.47642977   1406049.81170571   0
1982   -1280015.46061646   1406018.31551323   0
1983   -1279994.4742942   1405989.69679244   0
1984   -1280061.51179926   1406036.22014526   0
1985   -1280128.56196288   1406034.55390352   0
1986   -1280203.38862429   1406042.30546906   0
1987   -1280143.49642046   1406129.74098675   0
1988   -1280095.52103371   1406046.60433435   0
1989   -1280098.47890253   1405999.42576922   0
1990   -1280117.20922353   1406085.13044771   0
1991   -1280173.59866901   1406072.68756175   0
1992   -1280145.49862017   1406060.71745388   0
1993   -1280137.92687921   1405999.87648471   0
1994   -1280164.3776683   1406023.10068767   0
1995   -1280111.44166714   1405944.55803722   0
1996   -1280171.53570129   1405849.62996313   0
1997   -1280172.26860481   1405923.93812482   0
1998   -1280228.39545927   1405952.63141501   0
1999   -1280314.59175567   1405909.66338081   0
2000   -1280192.37470964   1405949.46477289   0
2001   -1280211.08575031   1406190.23572941   0
2002   -1280334.23712763   1405817.62085171   0
2003   -1280293.02848634   1405742.41209392   0
2004   -1280311.00005171   1405654.85416244   0
2005   -1280354.00770246   1405607.50722429   0
2006   -1280345.17547935   1405565.37015324   0
2007   -1280391.9939949   1405556.07625254   0
2008   -1280429.78326856   1405566.41770549   0
2009   -1280433.22546955   1405598.93118879   0
2010   -1280475.40769048   1405646.66740031   0
2011   -1280480.09511878   1405738.42724133   0
2012   -1280436.88843104   1405632.96730561   0
2013   -1280463.58226069   1405613.55348426   0
2014   -1280497.41794363   1405617.24140962   0
2015   -1280528.95941658   1405621.41577602   0
2016   -1280434.69778116   1405709.47298334   0
2017   -1280405.4340199   1405665.68359195   0
2018   -1280359.64685944   1405650.87749921   0
2019   -1280346.55601417   1405710.98409589   0
2020   -1280300.12692315   1405698.98401717   0
2021   -1280331.34722777   1405681.03053524   0
2022   -1280568.09117976   1405792.6813455   0
2023   -1280403.16079183   1405587.95845089   0
2024   -1280374.01233073   1405586.54823437   0
2025   -1280258.23757106   1405716.22603786   0
2026   -1280257.75745806   1405767.01070489   0
2027   -1280372.45990904   1405681.50308408   0
2028   -1280382.08612362   1405715.31135101   0
2029   -1280333.4799832   1405630.09451788   0
2030   -1280293.8574422   1405614.45015011   0
2031   -1280318.08161532   1405593.51590614   0
2032   -1280219.93409798   1405615.97663845   0
2033   -1280270.58665575   1405647.88905863   0
2034   -1280269.95126461   1405682.382392   0
2035   -1280236.2650586   1405654.43166435   0
2036   -1280194.71284447   1405663.42537899   0
2037   -1280386.78695075   1405638.06976618   0
2038   -1280393.74803269   1405516.84922638   0
2039   -1280433.13103036   1405835.82529132   0
2040   -1280500.22858747   1405819.22515071   0
2041   -1280431.05915215   1405948.25437282   0
2042   -1280572.50376481   1406049.74007306   0
2043   -1280453.87544442   1406188.36354648   0
2044   -1280385.33819743   1405888.69712427   0
2045   -1280434.368364   1405891.32578194   0
2046   -1280476.34816832   1405851.76452386   0
2047   -1280480.21471529   1405905.98945366   0
2048   -1280512.86219706   1405973.31557805   0
2049   -1280446.0081108   1405861.30365114   0
2050   -1280351.58072477   1405948.77318793   0
2051   -1280562.0242877   1406163.2244956   0
2052   -1280657.1332524   1406110.07581352   0
2053   -1280388.96867973   1405807.65882557   0
2054   -1280348.61832941   1405770.26232391   0
2055   -1280380.65218609   1405774.69467883   0
2056   -1280428.0116566   1405771.66788618   0
2057   -1280417.45538947   1405810.3614942   0
2058   -1280459.01505057   1405809.29075433   0
2059   -1280488.46196059   1405779.19971405   0
2060   -1280358.50928885   1405803.8008467   0
2061   -1280372.24049279   1405840.42478859   0
2062   -1280342.56886646   1405874.1325967   0
2063   -1280343.45777237   1405846.87724053   0
2064   -1280294.06418803   1405869.09226974   0
2065   -1280405.6122054   1405854.15089156   0
2066   -1280306.71441127   1405785.36792066   0
2067   -1280325.06094642   1405754.6245753   0
2068   -1280291.13857981   1405820.14840441   0
2069   -1280316.83922096   1405844.42329847   0
2070   -1280322.08554059   1405725.38573751   0
2071   -1280029.69545692   1406058.68536315   0
2072   -1280039.30834534   1406013.46416781   0
2073   -1279992.79663016   1406032.24610797   0
2074   -1280065.19193564   1406113.79855212   0
2075   -1280021.24502041   1406127.02226631   0
2076   -1279991.10991047   1406107.63377653   0
2077   -1279165.20143544   1406367.22433545   0
2078   -1279773.22102991   1406004.95516295   0
2079   -1279654.52530415   1406115.29000038   0
2080   -1279537.5019176   1406334.24484854   0
2081   -1279570.90901872   1406322.22084241   0
2082   -1279594.46014578   1406297.99976946   0
2083   -1279709.21586143   1405849.49199159   0
2084   -1279677.03390715   1405820.93745764   0
2085   -1279622.30399029   1405818.0291954   0
2086   -1279555.78485727   1405822.27491947   0
2087   -1279709.54582282   1405810.76762006   0
2088   -1280546.9869016   1405712.98378196   0
2089   -1280575.46298207   1405674.2715865   0
2090   -1280560.54141199   1405646.53300707   0
2091   -1280612.07340839   1405651.74195147   0
2092   -1280633.01147823   1405624.33106196   0
2093   -1280606.0891168   1405680.73368993   0
2094   -1280586.41080872   1405639.10557087   0
2095   -1280542.91379682   1405681.85700569   0
2096   -1280497.6927834   1405683.67779644   0
2097   -1279571.67281042   1406426.81045516   0
2098   -1279567.45214114   1406391.84401853   0
2099   -1279592.83364863   1406371.96700661   0
2100   -1279624.56437644   1406359.23579523   0
2101   -1279627.02998599   1406319.97204937   0
2102   -1279666.17336812   1406330.34215502   0
2103   -1279569.1051454   1406354.60861154   0
2104   -1279456.66385561   1406546.61254664   0
2105   -1280466.02600217   1406066.53564339   0
2106   -1279351.13751045   1406211.85565395   0
2107   -1279222.62358844   1406294.8172899   0
2108   -1279212.61233716   1406260.86237847   0
2109   -1279173.13776667   1406231.95722135   0
2110   -1279112.13069967   1406203.1696179   0
2111   -1279049.63344812   1406235.37671451   0
2112   -1278926.59745132   1406166.842199   0
2113   -1279139.71586081   1406138.28605603   0
2114   -1279112.67983635   1406161.48250829   0
2115   -1279064.30698208   1406088.67613366   0
2116   -1279099.03588512   1406117.6361214   0
2117   -1279189.1455902   1406076.40422136   0
2118   -1279074.85633747   1406015.64472994   0
2119   -1279204.32166042   1406200.13776935   0
2120   -1279199.94524608   1406231.45393985   0
2121   -1279154.36717104   1406185.6923095   0
2122   -1279181.25756188   1406174.38497532   0
2123   -1279344.21182508   1406446.021903   0
2124   -1279371.34979804   1406386.69453555   0
2125   -1279380.19498995   1406359.23873397   0
2126   -1279505.35950071   1406372.73088591   0
2127   -1279452.84789782   1406502.19019926   0
2128   -1279481.89066653   1406482.40824606   0
2129   -1279468.20867353   1406105.46733937   0
2130   -1279846.73218565   1406062.11776919   0
2131   -1279796.00096999   1406030.27093179   0
2132   -1279145.98759478   1406219.99291565   0
2133   -1279368.08272931   1406064.97644932   0
2134   -1279364.49129804   1406418.61511769   0
2135   -1280212.80813928   1405891.8282992   0
2136   -1280371.04725891   1406128.64514852   0
2137   -1280144.15535136   1405964.30910727   0
2138   -1279402.90255826   1406397.87453718   0
2139   -1279887.75887373   1406063.09312521   0
2140   -1279683.62070327   1405523.6595824   0
2141   -1279704.9474598   1405609.15938091   0
2142   -1280122.93038963   1405903.08862952   0
2143   -1280093.07572117   1405834.8424013   0
2144   -1280133.94427043   1405788.98424508   0
2145   -1280121.48643933   1405859.36286194   0
2146   -1280034.52264194   1405864.0549191   0
2147   -1280156.19826192   1405895.79687255   0
2148   -1280225.0001257   1406002.21691306   0
2149   -1280257.55197011   1406047.49539891   0
2150   -1280203.63473216   1405980.4429198   0
2151   -1280195.29185138   1406011.71516485   0
2152   -1280223.49362539   1406064.72814368   0
2153   -1280246.66838139   1406018.01265803   0
2154   -1280248.41192145   1405976.17835098   0
2155   -1280285.81722402   1405951.44527755   0
2156   -1280264.26775311   1405913.98799749   0
2157   -1280223.88483629   1405923.04167123   0
2158   -1279203.41646107   1406414.40856851   0
2159   -1279233.84916027   1406413.0849497   0
2160   -1279250.75420434   1406379.81563948   0
2161   -1279824.84438416   1405800.71082138   0
2162   -1280196.48885896   1405565.82970992   0
2163   -1280168.77594845   1405593.8686652   0
2164   -1280127.87426416   1405621.51454093   0
2165   -1280145.85218017   1405664.05338539   0
2166   -1280125.98960084   1405587.812751   0
2167   -1280081.20233583   1405563.78502866   0
2168   -1280163.87829275   1405562.08750633   0
2169   -1280159.4849741   1405516.39544777   0
2170   -1280180.29299899   1405470.37942451   0
2171   -1280224.2326829   1405452.83030876   0
2172   -1280242.16950271   1405397.54216628   0
2173   -1280206.15643491   1405343.81699491   0
2174   -1280230.44825631   1405280.87494571   0
2175   -1280287.14771494   1405215.33726939   0
2176   -1280282.87975728   1405157.20312527   0
2177   -1280286.78718494   1405271.86221056   0
2178   -1280319.05559941   1405323.60341207   0
2179   -1280323.72367413   1405235.9981586   0
2180   -1280189.48736868   1405234.84005265   0
2181   -1280106.67919066   1405228.89112475   0
2182   -1280079.45914114   1405127.83379568   0
2183   -1279965.86593004   1405090.83623764   0
2184   -1279932.72888398   1404905.80229899   0
2185   -1279841.54107778   1405001.95975024   0
2186   -1279710.04440292   1405042.59777894   0
2187   -1279826.48580731   1404920.01609564   0
2188   -1279881.10883287   1404796.85397606   0
2189   -1280062.97506856   1404777.834137   0
2190   -1280053.29894092   1404898.47263967   0
2191   -1280000.57688592   1404847.27336888   0
2192   -1279965.4144944   1404757.40507381   0
2193   -1279843.40616587   1404583.939245   0
2194   -1279908.28706373   1404689.63407319   0
2195   -1279777.70890117   1404754.22710529   0
2196   -1280014.42003676   1404595.90211225   0
2197   -1279693.55174589   1404786.14871516   0
2198   -1279661.3682501   1404680.68268932   0
2199   -1279556.08070209   1404651.20345146   0
2200   -1279500.27194087   1404481.92404556   0
2201   -1279632.62123551   1404420.60770149   0
2202   -1279566.83971238   1404256.05243416   0
2203   -1279467.52984101   1404205.60313806   0
2204   -1279214.91503494   1404254.40735361   0
2205   -1279104.80367996   1404419.00098438   0
2206   -1278999.79027098   1404660.72960282   0
2207   -1279220.37752602   1404795.60133303   0
2208   -1278858.17286101   1404880.43507278   0
2209   -1278605.36697768   1404867.60140541   0
2210   -1278324.06239506   1405072.1850511   0
2211   -1278238.48319436   1404794.21808741   0
2212   -1278018.92347613   1404673.31288193   0
2213   -1277945.19188324   1404478.78060105   0
2214   -1278006.75601261   1404313.9057134   0
2215   -1278040.00529727   1404115.92632426   0
2216   -1277870.26417197   1403922.22271638   0
2217   -1277026.69233736   1403059.48711614   0
2218   -1277522.39079005   1403161.98246169   0
2219   -1277754.18416663   1403555.33722739   0
2220   -1278043.01221222   1403545.20631486   0
2221   -1278199.69996916   1403476.07930253   0
2222   -1278142.01385591   1403290.10164362   0
2223   -1278058.52072293   1403420.16181864   0
2224   -1277911.69906755   1403464.37199545   0
2225   -1277770.24001639   1403213.23013446   0
2226   -1277763.46528158   1403388.56077936   0
2227   -1277435.56973102   1403491.81710382   0
2228   -1277072.90779671   1403881.53481128   0
2229   -1276184.34561967   1404101.61043411   0
2230   -1275506.88586842   1403529.76967773   0
2231   -1275043.8985266   1402649.50573393   0
2232   -1274706.06852963   1403412.6464714   0
2233   -1276660.94975882   1404127.94398116   0
2234   -1276942.75802978   1404141.1773798   0
2235   -1277310.71326927   1404150.46908893   0
2236   -1277573.62331046   1404178.39487254   0
2237   -1277439.48715106   1404475.47297071   0
2238   -1277486.16740562   1404835.55302379   0
2239   -1277749.54302351   1404867.63284303   0
2240   -1277059.06117567   1404832.10908044   0
2241   -1276616.84991221   1404667.76094897   0
2242   -1276654.91128433   1405169.26888056   0
2243   -1277272.51169858   1404686.03645221   0
2244   -1277269.00487747   1404901.63383185   0
2245   -1277097.21765477   1405114.21544701   0
2246   -1277172.03169923   1405455.20028398   0
2247   -1276892.7921412   1405322.34598778   0
2248   -1276455.92049087   1405643.05622191   0
2249   -1276867.63699057   1405746.26750442   0
2250   -1277130.26248437   1405703.94398487   0
2251   -1277351.94821309   1405685.46225197   0
2252   -1277570.93069759   1405768.18731344   0
2253   -1277538.82208658   1406014.5486142   0
2254   -1277191.26020367   1406454.40403953   0
2255   -1277271.52059308   1406166.17096934   0
2256   -1276954.63726566   1406128.9292935   0
2257   -1276542.05314218   1406717.81938119   0
2258   -1277500.13932571   1406408.40010866   0
2259   -1277678.59424514   1406724.82781864   0
2260   -1277693.42819024   1407009.810793   0
2261   -1277426.90401257   1405821.79686684   0
2262   -1277473.05430688   1405707.68898476   0
2263   -1277429.09849414   1405600.7779231   0
2264   -1277370.75320573   1405404.22302138   0
2265   -1277430.78313521   1405493.74685221   0
2266   -1277552.40770526   1405362.0055058   0
2267   -1277515.60911254   1405429.72839268   0
2268   -1277440.38179496   1405425.49625394   0
2269   -1277398.13953015   1405453.45139331   0
2270   -1277430.55425258   1405457.3151443   0
2271   -1277467.85419135   1405451.02064883   0
2272   -1277405.1507418   1405419.32478065   0
2273   -1277426.25474378   1405280.39698939   0
2274   -1277309.09537913   1405550.40797656   0
2275   -1277430.90915226   1405353.6990866   0
2276   -1277399.49035551   1405376.24778083   0
2277   -1277268.95867543   1405283.56762812   0
2278   -1277313.01521281   1405347.62470157   0
2279   -1277395.20147868   1405320.76105507   0
2280   -1277365.59279414   1405357.53725182   0
2281   -1277337.31347054   1405255.52331859   0
2282   -1277387.50107263   1405276.68591338   0
2283   -1277425.39095097   1405205.60081581   0
2284   -1277522.04064638   1405019.21321651   0
2285   -1277556.55545899   1405229.1397423   0
2286   -1277363.60867087   1405215.18469759   0
2287   -1277283.35146522   1405204.50732189   0
2288   -1277240.89664658   1405050.28889976   0
2289   -1277414.44487863   1405242.43277654   0
2290   -1277383.4640777   1405239.89107227   0
2291   -1277476.99179718   1405233.40027883   0
2292   -1277501.98231752   1405129.81364443   0
2293   -1277446.46702711   1405247.0691915   0
2294   -1277492.86687068   1405300.58012846   0
2295   -1277466.14235545   1405276.65792702   0
2296   -1277447.91381443   1405316.14325545   0
2297   -1277495.22281851   1405349.59365246   0
2298   -1277464.13675278   1405390.39810603   0
2299   -1277429.70316516   1405390.19601427   0
2300   -1277460.98810921   1405355.72002799   0
2301   -1277513.32315488   1405262.33152311   0
2302   -1277510.24082822   1405219.23072435   0
2303   -1277536.04748827   1405172.1378776   0
2304   -1277627.11785346   1405169.20145554   0
2305   -1277778.96085205   1405056.08705668   0
2306   -1277477.25592054   1405186.5838345   0
2307   -1277575.7741591   1405285.8326515   0
2308   -1277575.69173186   1405105.08038306   0
2309   -1277662.10477669   1405365.55573982   0
2310   -1277311.56640642   1405467.97385094   0
2311   -1277363.37209815   1405509.74675715   0
2312   -1277405.21139359   1405550.32579426   0
2313   -1277465.61921739   1405538.0341181   0
2314   -1277495.69068969   1405600.20540216   0
2315   -1277641.50146818   1405623.31122823   0
2316   -1277435.27072395   1405566.64902002   0
2317   -1277461.6985476   1405590.51969902   0
2318   -1277463.87581061   1405649.16623106   0
2319   -1277470.41370271   1405621.08106553   0
2320   -1277508.75516595   1405643.5241924   0
2321   -1277577.92323657   1405588.54191883   0
2322   -1277625.14232084   1405518.8205746   0
2323   -1277490.86026856   1405674.02963777   0
2324   -1277554.86862934   1405703.03171164   0
2325   -1277510.88319883   1405703.47557981   0
2326   -1277492.84894881   1405774.78005304   0
2327   -1277533.66406566   1405894.72907139   0
2328   -1277660.50507263   1405871.08287219   0
2329   -1277493.79505764   1405736.31210084   0
2330   -1277427.76659292   1405751.26396595   0
2331   -1277333.71781902   1405788.83435852   0
2332   -1277239.44298604   1405718.60730743   0
2333   -1277197.80111231   1405602.82535692   0
2334   -1276987.57924162   1405556.81369458   0
2335   -1276731.17041079   1405544.1467153   0
2336   -1276698.98560185   1405339.00852821   0
2337   -1276507.67738917   1405472.87517068   0
2338   -1276175.41890496   1405389.47942795   0
2339   -1275598.69489925   1405234.74009058   0
2340   -1274949.59037851   1404993.59626253   0
2341   -1274178.77743564   1404949.67315269   0
2342   -1273962.43046999   1405531.64185242   0
2343   -1274787.65413548   1404511.57105927   0
2344   -1274917.16209499   1403965.18430612   0
2345   -1277462.88191433   1405750.65980752   0
2346   -1277457.35953288   1405787.89192995   0
2347   -1277502.75491454   1405838.68949841   0
2348   -1277429.83513184   1405898.79718537   0
2349   -1277457.08817532   1405856.86576009   0
2350   -1277496.34624551   1405873.72890258   0
2351   -1277574.99433903   1405843.39220191   0
2352   -1277536.66981488   1405857.89917979   0
2353   -1277635.77059245   1405803.9360993   0
2354   -1277650.69822825   1405726.97324832   0
2355   -1277733.90686265   1405774.23023515   0
2356   -1277854.78446624   1405801.91017542   0
2357   -1277746.87879169   1405856.41695292   0
2358   -1277710.61087352   1405917.19026557   0
2359   -1277700.92981796   1406100.90398798   0
2360   -1277720.16011181   1406007.69031125   0
2361   -1277731.57437967   1405960.70423043   0
2362   -1277746.8878915   1405925.10401479   0
2363   -1277770.14969323   1405893.88313208   0
2364   -1277863.57671866   1405904.05119899   0
2365   -1277871.26552627   1406037.13594832   0
2366   -1277774.66442938   1406071.95908144   0
2367   -1277786.01513662   1406258.7779582   0
2368   -1277596.27081847   1406260.04695036   0
2369   -1277912.1387656   1406293.74062411   0
2370   -1277979.79203634   1406414.36490168   0
2371   -1277925.00747383   1406594.6763481   0
2372   -1278082.349539   1406507.0737424   0
2373   -1278192.09155202   1406444.59306351   0
2374   -1278277.90780045   1406233.99854826   0
2375   -1278237.29987971   1406588.95097967   0
2376   -1278160.31522434   1406562.22760337   0
2377   -1278194.75871965   1406614.46275956   0
2378   -1278196.9448271   1406798.42355427   0
2379   -1278274.34792565   1406709.82867498   0
2380   -1278390.76408533   1406635.61081669   0
2381   -1278073.45029116   1406769.21118765   0
2382   -1277870.22629402   1406807.08826251   0
2383   -1277895.56097449   1406990.05496168   0
2384   -1278029.42652334   1407063.59833475   0
2385   -1278021.34233605   1406669.97470565   0
2386   -1278021.84362614   1406577.85901415   0
2387   -1277954.63139945   1406505.19574814   0
2388   -1277854.53609935   1406538.02474944   0
2389   -1277672.17201302   1406479.63767374   0
2390   -1278090.81321038   1406574.43140489   0
2391   -1278131.835643   1406591.96666313   0
2392   -1278101.88540202   1406607.06233102   0
2393   -1278070.3817009   1406648.90697431   0
2394   -1278105.98455282   1406702.45280634   0
2395   -1278166.49135212   1406683.54165373   0
2396   -1278157.89780995   1406746.34559389   0
2397   -1278116.33080738   1406819.68822926   0
2398   -1278196.74810745   1406965.58985816   0
2399   -1278175.49116588   1406882.21780814   0
2400   -1278308.51173628   1406870.82110669   0
2401   -1278490.31128085   1406937.85383815   0
2402   -1278333.79864189   1407014.90234241   0
2403   -1278262.78335671   1407155.48147652   0
2404   -1278215.65934206   1406723.77896855   0
2405   -1278224.843734   1406659.87970399   0
2406   -1278199.15122393   1406693.87835951   0
2407   -1278181.05602479   1406722.62507819   0
2408   -1278199.12702978   1406757.74685244   0
2409   -1278271.41647588   1406770.18457518   0
2410   -1278224.73473852   1406780.57459458   0
2411   -1278237.2386774   1406743.7254927   0
2412   -1278262.7695228   1406826.01621692   0
2413   -1278238.2708071   1406892.31829991   0
2414   -1278304.15671419   1406945.56049722   0
2415   -1278373.93691747   1406920.73560901   0
2416   -1278466.91906859   1406846.44467668   0
2417   -1278483.53022336   1406731.25363854   0
2418   -1278658.09019771   1406679.06088481   0
2419   -1278766.13789887   1406741.47840154   0
2420   -1278568.90922264   1406876.68776258   0
2421   -1278620.09803684   1407006.87828929   0
2422   -1278764.34465266   1406998.81078744   0
2423   -1278783.07190073   1407140.28965673   0
2424   -1278245.54055259   1407012.35151859   0
2425   -1278273.92980155   1407074.1438397   0
2426   -1278143.86423826   1407046.90041381   0
2427   -1278216.31298848   1407094.16810208   0
2428   -1278184.41206012   1407172.97900656   0
2429   -1278242.97405304   1407250.2691873   0
2430   -1278170.08874999   1407334.61762116   0
2431   -1278066.34432546   1407304.20873118   0
2432   -1278340.5615665   1407216.7822814   0
2433   -1278398.06771764   1407285.66623977   0
2434   -1278434.92763678   1407371.49023194   0
2435   -1278537.96728334   1407398.11028535   0
2436   -1278574.18040168   1407490.40541727   0
2437   -1278579.14255553   1407595.684754   0
2438   -1278666.87278149   1407639.3005766   0
2439   -1278666.53567777   1407759.7177456   0
2440   -1278600.72137019   1407306.2205537   0
2441   -1278560.71959933   1407200.00200856   0
2442   -1278471.15045799   1407625.40940039   0
2443   -1278398.25884296   1407774.5059188   0
2444   -1278182.02386324   1407838.74484669   0
2445   -1278120.12003901   1407657.6067954   0
2446   -1278354.95363653   1407571.59906779   0
2447   -1278455.77647494   1407213.83803033   0
2448   -1278022.01584722   1407213.01941961   0
2449   -1278072.16449162   1407136.17116748   0
2450   -1277946.05713415   1407317.87478856   0
2451   -1278226.32107486   1406815.88950978   0
2452   -1278196.27142711   1406837.74204161   0
2453   -1278157.08211228   1406842.94986275   0
2454   -1278120.77401882   1406884.1302707   0
2455   -1278099.42320092   1406978.13674638   0
2456   -1278163.38167781   1406805.11556395   0
2457   -1278171.95847763   1406774.70194445   0
2458   -1278135.19654257   1406774.69081237   0
2459   -1278121.82191995   1406739.56071308   0
2460   -1278145.60777356   1406710.99572584   0
2461   -1278130.68738087   1406674.54279087   0
2462   -1278095.59967406   1406670.69386205   0
2463   -1278050.85433717   1406710.9282867   0
2464   -1277981.08913716   1406763.04471175   0
2465   -1278064.17826398   1406681.45150243   0
2466   -1278211.78017053   1406875.19546945   0
2467   -1278199.5427376   1406906.41679509   0
2468   -1278143.80243379   1406935.06676672   0
2469   -1278231.05900748   1406851.72563544   0
2470   -1278263.40314343   1406870.82590161   0
2471   -1278241.99855608   1407626.80119384   0
2472   -1278198.09108317   1407730.66748113   0
2473   -1278091.72527246   1407794.59020278   0
2474   -1278309.34896253   1407716.16819593   0
2475   -1278297.92140865   1407831.4287523   0
2476   -1278250.12846505   1407955.88579021   0
2477   -1278119.06268597   1407924.59065393   0
2478   -1277949.14136062   1407963.52721569   0
2479   -1277737.7970221   1407892.42380526   0
2480   -1278404.49087414   1407022.18790991   0
2481   -1278513.6826664   1407057.03826957   0
2482   -1278229.34700468   1407307.47070936   0
2483   -1278622.57472723   1406551.58074831   0
2484   -1278155.58028481   1406648.32413266   0
2485   -1278156.04995672   1406611.66735152   0
2486   -1278188.02175236   1406657.50292224   0
2487   -1278055.15530049   1406603.78149746   0
2488   -1278079.58007155   1406623.87042849   0
2489   -1278034.39386538   1406630.60300467   0
2490   -1277981.04557594   1406630.03363274   0
2491   -1277913.55913908   1406679.63437042   0
2492   -1277845.9479503   1406149.56727441   0
2493   -1277930.67033658   1405980.99681063   0
2494   -1278087.9760873   1405955.97176244   0
2495   -1278210.74645416   1405861.57542846   0
2496   -1278211.30959523   1405720.04693203   0
2497   -1278300.11246036   1405650.34646141   0
2498   -1278465.40526579   1405589.45538895   0
2499   -1278613.46012285   1405369.65138984   0
2500   -1278449.42263333   1405244.37495052   0
2501   -1278489.89549333   1405064.76158034   0
2502   -1278617.70160873   1405002.06825061   0
2503   -1278590.26882785   1405085.50097776   0
2504   -1278571.27338518   1405204.09838437   0
2505   -1278546.17813692   1405132.30166423   0
2506   -1278427.58797668   1404904.92533433   0
2507   -1278528.52875903   1404943.07960177   0
2508   -1278503.55139267   1404834.17260611   0
2509   -1278600.42999977   1404695.12253591   0
2510   -1278578.41645552   1404522.78380665   0
2511   -1278408.52787401   1404331.37780987   0
2512   -1278742.92400234   1404513.48988847   0
2513   -1278884.46771835   1404551.17486771   0
2514   -1279012.15089742   1404525.68265367   0
2515   -1278924.81753737   1404435.42111366   0
2516   -1278818.8019288   1404464.37342576   0
2517   -1278750.97157271   1404428.36918859   0
2518   -1278681.44610109   1404443.58055403   0
2519   -1278573.18321093   1404407.3817077   0
2520   -1278804.70233615   1404279.04346952   0
2521   -1278913.59601779   1404136.61784841   0
2522   -1279039.08486598   1404018.59126842   0
2523   -1279079.49644752   1404152.73879153   0
2524   -1278852.99049664   1404351.13409876   0
2525   -1278564.06137928   1404256.40406273   0
2526   -1278406.7109008   1404118.41456647   0
2527   -1278888.2215991   1404481.06228456   0
2528   -1278957.62787013   1404489.41865696   0
2529   -1278955.47003007   1404565.46914541   0
2530   -1278903.89934219   1404656.58709881   0
2531   -1278828.73293968   1404620.45328555   0
2532   -1278808.69461028   1404532.49892168   0
2533   -1278856.76705009   1404513.38144601   0
2534   -1278845.13820599   1404552.65904456   0
2535   -1278873.3390058   1404589.47716762   0
2536   -1278909.17709173   1404580.92403319   0
2537   -1278919.68664826   1404545.58164115   0
2538   -1278899.73644158   1404517.9585524   0
2539   -1278921.65629155   1404485.29532804   0
2540   -1278934.69201682   1404515.49182749   0
2541   -1278976.52597761   1404518.26485023   0
2542   -1278837.58269993   1404582.08434339   0
2543   -1278789.02957332   1404580.11625172   0
2544   -1278865.80687015   1404632.61364733   0
2545   -1278820.06449427   1404724.80299388   0
2546   -1278822.75007354   1404666.25219489   0
2547   -1278861.25426442   1404668.83708888   0
2548   -1278928.82223188   1404758.9919161   0
2549   -1279052.05056592   1404893.91005578   0
2550   -1278913.03089987   1404699.21870913   0
2551   -1278861.21536769   1404762.76170266   0
2552   -1278806.78540473   1404809.25429934   0
2553   -1278767.18351541   1404936.16579833   0
2554   -1278837.04204886   1404696.63176758   0
2555   -1278856.75588173   1404725.58351608   0
2556   -1278778.0491371   1404700.76616902   0
2557   -1278688.83778596   1404699.70786433   0
2558   -1278651.33732075   1404615.55911786   0
2559   -1278762.56812098   1404760.14831946   0
2560   -1278722.07020552   1404854.24061433   0
2561   -1278897.32866806   1404616.92621292   0
2562   -1278958.61260804   1404622.39189759   0
2563   -1278929.37150016   1404612.81599707   0
2564   -1278870.54820672   1404428.83669953   0
2565   -1278896.44382841   1404383.30078739   0
2566   -1278961.86812129   1404374.28515623   0
2567   -1279058.20218553   1404329.91248892   0
2568   -1279013.8012545   1404437.01872279   0
2569   -1278898.59138917   1404336.17215844   0
2570   -1278882.58649137   1404236.38616246   0
2571   -1278899.4207068   1404287.10375548   0
2572   -1278960.11830292   1404233.69166831   0
2573   -1278731.72711095   1404690.40019117   0
2574   -1278727.18386743   1405552.79003082   0
2575   -1278924.49166952   1405587.66736523   0
2576   -1278230.47252636   1405644.52700377   0
2577   -1278132.73771224   1405649.73299499   0
2578   -1278057.72528805   1405682.24214254   0
2579   -1278096.62606341   1405711.65292095   0
2580   -1278156.354857   1405716.00320762   0
2581   -1278184.28722453   1405666.61220973   0
2582   -1278265.9608124   1405618.71769219   0
2583   -1278295.99244819   1405497.72900463   0
2584   -1278134.42915195   1405266.46842127   0
2585   -1278368.94067584   1405582.4755484   0
2586   -1278417.55657094   1405503.31330536   0
2587   -1278546.33565217   1405482.8938146   0
2588   -1278660.24868472   1405485.48668094   0
2589   -1278746.67003649   1405394.67824308   0
2590   -1278124.80686143   1405432.41269328   0
2591   -1278829.24056872   1405216.51405857   0
2592   -1277934.52398984   1405235.7302825   0
2593   -1277947.76358227   1405071.80163964   0
2594   -1277864.06668399   1404944.51729802   0
2595   -1278263.46911643   1405696.92162082   0
2596   -1278259.64990221   1405791.04427697   0
2597   -1278393.83944159   1405898.65926429   0
2598   -1278401.33332097   1406048.56193408   0
2599   -1278253.72613806   1405744.65980554   0
2600   -1278314.02282087   1405728.12425826   0
2601   -1278339.76624754   1405692.46051784   0
2602   -1278452.81982619   1405675.4192123   0
2603   -1278527.63353392   1405816.2280162   0
2604   -1278198.09939173   1405784.25696414   0
2605   -1277820.68068549   1405910.84388448   0
2606   -1277789.76877419   1405914.07461451   0
2607   -1277817.35171844   1405851.55341957   0
2608   -1277781.0357347   1405858.09137854   0
2609   -1277762.61183109   1405817.67261406   0
2610   -1277797.16150398   1405756.21203854   0
2611   -1277714.16331239   1405822.63074265   0
2612   -1277674.13987511   1405774.1031052   0
2613   -1277690.62523417   1405727.00463564   0
2614   -1277692.05684472   1405678.33578972   0
2615   -1277752.31730407   1405585.37538317   0
2616   -1277698.70740859   1405628.79413589   0
2617   -1277737.5943395   1405680.26123813   0
2618   -1277805.03863759   1405882.31726648   0
2619   -1277839.00512744   1405878.23600358   0
2620   -1277895.68079208   1405859.37101507   0
2621   -1277958.67630925   1405788.52146286   0
2622   -1277855.44737258   1405839.79022301   0
2623   -1277870.11481704   1405869.07513294   0
2624   -1277940.61195565   1405839.26247623   0
2625   -1278012.64381393   1405842.20055788   0
2626   -1277891.60549923   1405816.1124963   0
2627   -1277895.31457563   1405743.50668577   0
2628   -1277883.60121058   1405779.53014112   0
2629   -1277839.324761   1405760.07449219   0
2630   -1277817.58378273   1405788.21586841   0
2631   -1277825.1665369   1405819.6608566   0
2632   -1277794.00367951   1405825.2717274   0
2633   -1277782.66329567   1405788.71674346   0
2634   -1277922.22820791   1405770.10886078   0
2635   -1277929.44283097   1405737.4510221   0
2636   -1277991.29138945   1405740.0849682   0
2637   -1278000.03267806   1405673.39457312   0
2638   -1277951.75289667   1405607.7308679   0
2639   -1278029.96953555   1405723.12159509   0
2640   -1278030.89519353   1405773.15578864   0
2641   -1278073.09478567   1405825.87681137   0
2642   -1277998.01097719   1405714.98337962   0
2643   -1277964.05802156   1405726.74315703   0
2644   -1277961.89762806   1405758.72934559   0
2645   -1277926.92270276   1405803.75282283   0
2646   -1277911.78089784   1405838.18919612   0
2647   -1277749.12437075   1405729.89526297   0
2648   -1277974.30645978   1405849.59740284   0
2649   -1278027.87231964   1405901.47827225   0
2650   -1277980.29213141   1405882.10178435   0
2651   -1277968.29966986   1405934.55906215   0
2652   -1277917.24116347   1405923.92211407   0
2653   -1277874.94355627   1405972.94286793   0
2654   -1277824.99616121   1405976.74267158   0
2655   -1278013.49624544   1405996.50828904   0
2656   -1278139.96287346   1406124.98741938   0
2657   -1277967.08143392   1405818.13649261   0
2658   -1277675.61912692   1405821.13463518   0
2659   -1277644.01147604   1405841.52003103   0
2660   -1277605.80920448   1405883.8232087   0
2661   -1277582.22706349   1405960.20234805   0
2662   -1277569.17725956   1405878.83541432   0
2663   -1277585.4112241   1405914.87527529   0
2664   -1277647.40555912   1405933.72397334   0
2665   -1277688.2627935   1405975.10474243   0
2666   -1277658.43802041   1406034.01349283   0
2667   -1277576.4703903   1406126.10158548   0
2668   -1277473.48005113   1406179.8979467   0
2669   -1277632.48267299   1405988.01627983   0
2670   -1277649.90309377   1405964.18458292   0
2671   -1277608.02818308   1406048.95026454   0
2672   -1277614.54319318   1405942.39781196   0
2673   -1277622.96473554   1405912.31588574   0
2674   -1277612.16315264   1405969.39238563   0
2675   -1277603.00172062   1405998.08005206   0
2676   -1277631.53533991   1406016.7566171   0
2677   -1277675.51288445   1405906.79608181   0
2678   -1277683.95312073   1405939.78054455   0
2679   -1277645.76947464   1405895.49048811   0
2680   -1277548.86239372   1405933.42942122   0
2681   -1277493.20079071   1405937.06308142   0
2682   -1277392.51424026   1406023.2239287   0
2683   -1277606.36160141   1405827.71466539   0
2684   -1277579.46509825   1405805.22241532   0
2685   -1277535.54824602   1405792.72348628   0
2686   -1277531.3938862   1405756.1668865   0
2687   -1277541.6168169   1405825.2188753   0
2688   -1277608.37292051   1405782.51698302   0
2689   -1277619.40798097   1405859.44643387   0
2690   -1277533.93351701   1405725.40407099   0
2691   -1277636.11373558   1405678.68404858   0
2692   -1277588.31068379   1405643.44961039   0
2693   -1277557.12607555   1405641.02403961   0
2694   -1277523.46013258   1405615.93208524   0
2695   -1277524.11064331   1405579.16942931   0
2696   -1277489.31834572   1405566.93311346   0
2697   -1277539.69580472   1405671.8868917   0
2698   -1277585.40665216   1405686.44821131   0
2699   -1277581.09650069   1405727.98190239   0
2700   -1277612.15125479   1405665.61926605   0
2701   -1277660.80106581   1405657.52246468   0
2702   -1277658.14134552   1405694.97541667   0
2703   -1278134.99747432   1405792.60634409   0
2704   -1278097.47751822   1406043.08452418   0
2705   -1278171.39176522   1405990.26184806   0
2706   -1278220.22080939   1406078.13131507   0
2707   -1278225.39544494   1406166.95288046   0
2708   -1278197.04909986   1406310.53158228   0
2709   -1278286.78370563   1406349.70557366   0
2710   -1278058.0128009   1406235.85323967   0
2711   -1278297.06379906   1406117.88362633   0
2712   -1278413.23482763   1406324.88200382   0
2713   -1278450.41246845   1406191.10740065   0
2714   -1278033.55103037   1406136.51429411   0
2715   -1277863.74651001   1405665.27226352   0
2716   -1277901.99539235   1405700.73683362   0
2717   -1277857.41887508   1405714.15701274   0
2718   -1277865.45804855   1405745.36209899   0
2719   -1277845.83072479   1405561.31544272   0
2720   -1277793.94000993   1405513.91056355   0
2721   -1277851.24985093   1405370.09164258   0
2722   -1277798.91670844   1405436.15624353   0
2723   -1277744.5086493   1405384.05133264   0
2724   -1277804.70584664   1405284.06657583   0
2725   -1277863.3413104   1405484.034882   0
2726   -1277675.50659799   1405555.38476835   0
2727   -1277735.51464398   1405891.3697542   0
2728   -1277700.52882007   1405881.14918746   0
2729   -1277683.99198066   1405851.17680043   0
2730   -1278030.22781074   1406325.56330326   0
2731   -1277619.07836612   1405702.60900032   0
2732   -1277998.70199923   1405800.03865976   0
2733   -1278018.14168922   1405351.11759211   0
2734   -1278486.88611631   1405520.59492902   0
2735   -1278478.67445614   1405416.99089126   0
2736   -1278564.57545193   1405579.11151046   0
2737   -1278537.33611759   1405544.18815513   0
2738   -1278520.37053002   1405509.75404869   0
2739   -1278504.30381949   1405466.13644695   0
2740   -1278546.63646304   1405409.45132072   0
2741   -1278567.97335818   1405301.6987207   0
2742   -1278695.6517594   1405258.88096532   0
2743   -1278521.06692072   1405249.87306768   0
2744   -1278474.74421803   1405326.72023721   0
2745   -1278498.53661798   1405186.09538766   0
2746   -1278389.15043126   1405142.52959141   0
2747   -1278304.25903478   1405281.31018631   0
2748   -1278390.53117796   1405301.85137461   0
2749   -1278414.85145061   1405366.69741931   0
2750   -1278313.92891497   1405360.41240546   0
2751   -1278292.85446415   1405433.25691075   0
2752   -1278207.55588898   1405464.51930549   0
2753   -1278210.05865223   1405358.64768628   0
2754   -1278613.12591774   1405528.22728338   0
2755   -1278562.53030923   1405520.80823957   0
2756   -1278596.60865735   1405456.15717457   0
2757   -1278579.82609018   1405486.514026   0
2758   -1278502.07276363   1405561.49329479   0
2759   -1278468.24633195   1405548.27254697   0
2760   -1278411.47528581   1405561.41144988   0
2761   -1278441.63573653   1405562.05260917   0
2762   -1278423.29332782   1405604.5480109   0
2763   -1278452.14924323   1405521.31699052   0
2764   -1278455.56959786   1405472.43639431   0
2765   -1278509.30346894   1405537.42419516   0
2766   -1278503.85047908   1405627.46433391   0
2767   -1278586.21331041   1405667.77982681   0
2768   -1278379.441485   1405638.28715626   0
2769   -1278375.74413087   1405523.95463975   0
2770   -1278323.47685546   1405539.58576951   0
2771   -1278313.53312076   1405588.3048543   0
2772   -1278340.83329587   1405616.96205841   0
2773   -1278387.77314308   1405687.12863883   0
2774   -1278435.0135695   1405739.94863607   0
2775   -1278573.12375254   1405250.55885206   0
2776   -1278541.57837625   1405273.41011955   0
2777   -1278520.89821823   1405303.10951671   0
2778   -1278564.04710679   1405347.2819356   0
2779   -1278508.39806593   1405349.65039099   0
2780   -1278543.03544287   1405322.63681834   0
2781   -1278486.98742486   1405276.07599544   0
2782   -1278442.97947958   1405302.33564651   0
2783   -1278492.51910408   1405242.94080956   0
2784   -1278482.99074505   1405215.29093679   0
2785   -1278437.14234563   1405192.45048888   0
2786   -1278372.57813555   1405219.00099104   0
2787   -1278220.17878709   1405135.72469421   0
2788   -1278200.16212605   1405009.17717861   0
2789   -1278083.78617223   1405109.84839262   0
2790   -1278492.182965   1405303.81787292   0
2791   -1278636.88625338   1405224.18001968   0
2792   -1278705.46441381   1405189.75277173   0
2793   -1278777.22528926   1405097.18406848   0
2794   -1278911.27805948   1405117.30695794   0
2795   -1279053.10152748   1405241.52091124   0
2796   -1279181.78645505   1405096.65626839   0
2797   -1278835.30183254   1405005.77465655   0
2798   -1278758.77128969   1405221.19948896   0
2799   -1278639.49864233   1405309.85375578   0
2800   -1278597.81960466   1405280.88064301   0
2801   -1278631.0399904   1405256.58067367   0
2802   -1278600.7448042   1405234.9757675   0
2803   -1278686.81310562   1405344.53115632   0
2804   -1278692.36813435   1405416.15337708   0
2805   -1278769.63146238   1405463.68027256   0
2806   -1278759.78847691   1405302.56932359   0
2807   -1278862.20866515   1405309.85778495   0
2808   -1278952.99967827   1405254.13120048   0
2809   -1278622.10259431   1405164.1653412   0
2810   -1278609.28472624   1405200.13828522   0
2811   -1278579.61886827   1405161.56063949   0
2812   -1278539.57975801   1405177.80547594   0
2813   -1278524.74344808   1405212.46189354   0
2814   -1278549.92813481   1405232.33974986   0
2815   -1278608.40060013   1405124.41729344   0
2816   -1278634.5151279   1405089.08212842   0
2817   -1278722.1113447   1405069.41713047   0
2818   -1278673.45917627   1405087.4472601   0
2819   -1278660.52318016   1405031.26509876   0
2820   -1278678.35199592   1405055.9549463   0
2821   -1278709.46917319   1405009.93491787   0
2822   -1278656.19598353   1404991.6219911   0
2823   -1278699.25911116   1404921.66468909   0
2824   -1278685.27134675   1404966.59615539   0
2825   -1278728.12382535   1405134.60536257   0
2826   -1278693.45944478   1405117.84363282   0
2827   -1278763.70768646   1405169.75769759   0
2828   -1278844.54328845   1405148.72617783   0
2829   -1278616.20586011   1404927.36887004   0
2830   -1278634.60094499   1404967.42059392   0
2831   -1278658.8360503   1404938.72942049   0
2832   -1278890.46976124   1405187.36388037   0
2833   -1278884.92920086   1405246.94882631   0
2834   -1278843.14935937   1405080.5420177   0
2835   -1278612.71019388   1405045.73886225   0
2836   -1278539.22855184   1405020.18964184   0
2837   -1278580.27082787   1405048.6721934   0
2838   -1278546.80309683   1405083.11163248   0
2839   -1278633.51815022   1405022.35010766   0
2840   -1278643.07379046   1405059.11894065   0
2841   -1278571.81556656   1404956.63941242   0
2842   -1278603.4022413   1404973.52348314   0
2843   -1278582.63871623   1405005.62200162   0
2844   -1278651.96484551   1405190.55573329   0
2845   -1278673.44316311   1405158.28845127   0
2846   -1279294.89340568   1405237.86225642   0
2847   -1278298.00916421   1405191.70866777   0
2848   -1278966.84382695   1404424.6006778   0
2849   -1279012.25103772   1404392.04104327   0
2850   -1279014.28510159   1404329.96375235   0
2851   -1279005.38963899   1404270.96392214   0
2852   -1279097.76432504   1404237.4165602   0
2853   -1279163.88524887   1404174.62215021   0
2854   -1279312.02586102   1404141.45979496   0
2855   -1279405.63785166   1404127.16943379   0
2856   -1279488.58894374   1404119.09876094   0
2857   -1279562.39808284   1404019.78685347   0
2858   -1279466.84691293   1403908.72408407   0
2859   -1279491.75433189   1403985.10096253   0
2860   -1279509.49532844   1404046.65416161   0
2861   -1279384.20253051   1403950.49943181   0
2862   -1279376.75080311   1403832.19242781   0
2863   -1279571.56825281   1403923.24335952   0
2864   -1279542.96068433   1403976.08604637   0
2865   -1279519.79665085   1404003.03049547   0
2866   -1279501.04300619   1403941.62988734   0
2867   -1279537.78886893   1403944.79237137   0
2868   -1279528.70407192   1403887.86226202   0
2869   -1279604.55495651   1403834.91281846   0
2870   -1279516.61600316   1403968.39095681   0
2871   -1279608.07036756   1403975.07695958   0
2872   -1279661.09655663   1404037.11135697   0
2873   -1279571.03301408   1403960.20973646   0
2874   -1279628.54578279   1403916.49616747   0
2875   -1279212.24080726   1403749.42805336   0
2876   -1279331.08499262   1404029.34388022   0
2877   -1279228.64255281   1404065.43356177   0
2878   -1279444.38968259   1403996.20542466   0
2879   -1279474.99492301   1404020.81486602   0
2880   -1279375.46823652   1404223.77670253   0
2881   -1279290.11461022   1404235.78072321   0
2882   -1279329.15513007   1404317.21627848   0
2883   -1279144.41822379   1404307.96916428   0
2884   -1279239.53184148   1404368.60359293   0
2885   -1279370.45833323   1404470.81221864   0
2886   -1279237.11167145   1404167.04667583   0
2887   -1278979.29295233   1404395.10162879   0
2888   -1278981.07022729   1404460.25654769   0
2889   -1279010.66078247   1404479.07517735   0
2890   -1279107.19149236   1404512.01753675   0
2891   -1279187.53358459   1404478.20883928   0
2892   -1279049.47119926   1404498.06938857   0
2893   -1279083.88094503   1404455.97418113   0
2894   -1279124.30149291   1404464.59228478   0
2895   -1279075.26038475   1404482.16884609   0
2896   -1279045.1522323   1404456.67741287   0
2897   -1279053.85524482   1404400.02080462   0
2898   -1279052.925581   1404579.02996371   0
2899   -1279117.93644725   1404681.23001676   0
2900   -1278945.27676574   1404457.90826175   0
2901   -1278057.34195249   1406571.09124379   0
2902   -1278031.8355183   1406521.10765433   0
2903   -1278034.48922264   1406550.14774237   0
2904   -1277997.44231346   1406543.82804675   0
2905   -1278067.10337032   1406536.83552191   0
2906   -1277995.06759421   1406503.56161098   0
2907   -1278041.8775853   1406463.83233454   0
2908   -1278040.0685995   1406390.45632837   0
2909   -1278001.64467028   1406376.16561646   0
2910   -1277934.49383089   1406367.53265291   0
2911   -1277857.90779322   1406351.62351813   0
2912   -1277746.91095472   1406383.06793309   0
2913   -1277855.2527112   1406278.24212239   0
2914   -1277797.43890115   1406324.56408751   0
2915   -1277720.28213644   1406294.83598068   0
2916   -1277611.10760591   1406375.69263653   0
2917   -1277964.71383473   1406338.75485292   0
2918   -1277967.4255185   1406255.38218494   0
2919   -1277983.57189379   1406310.52353875   0
2920   -1277950.47130649   1406310.50487397   0
2921   -1277929.14980147   1406337.50818558   0
2922   -1277896.8494096   1406352.40807783   0
2923   -1277901.89428026   1406416.61701744   0
2924   -1277875.59115347   1406378.56928526   0
2925   -1277908.74667461   1406380.29782467   0
2926   -1277880.5350251   1406322.05122578   0
2927   -1277837.82722883   1406320.39497399   0
2928   -1277992.09942373   1406345.75600583   0
2929   -1277966.87541707   1406372.95471294   0
2930   -1277802.57860108   1406389.98516025   0
2931   -1277783.27877499   1406458.84966599   0
2932   -1277840.652139   1406380.67263055   0
2933   -1277819.91642129   1406350.5391077   0
2934   -1277891.28485754   1406231.75759602   0
2935   -1278007.99006653   1406405.33662685   0
2936   -1278025.55625141   1406430.7694857   0
2937   -1278087.46560009   1406435.08440709   0
2938   -1278001.40615137   1406460.20960726   0
2939   -1277939.85691925   1406456.68562343   0
2940   -1277972.28648409   1406443.87962341   0
2941   -1277971.96723884   1406478.55173384   0
2942   -1277900.83789033   1406478.03195976   0
2943   -1278024.06880029   1406489.88188827   0
2944   -1278057.01569907   1406493.90105294   0
2945   -1278092.0065549   1406473.78982013   0
2946   -1278143.70890996   1406487.52217558   0
2947   -1277982.00507472   1406581.06151471   0
2948   -1277941.77522037   1406559.11335483   0
2949   -1277966.41507143   1406534.49506314   0
2950   -1277918.60903168   1406529.67988663   0
2951   -1277941.80284644   1406408.16257817   0
2952   -1277777.61522884   1406353.18401257   0
2953   -1277757.93175787   1406323.9961189   0
2954   -1277753.85386053   1406284.57720042   0
2955   -1277676.58450249   1406212.31358777   0
2956   -1277723.99826717   1406234.74398156   0
2957   -1277750.38941598   1406254.31826664   0
2958   -1277774.81823685   1406215.14736318   0
2959   -1277735.65078467   1406161.40787512   0
2960   -1277824.36450227   1406232.15905845   0
2961   -1277853.39622353   1406188.19813957   0
2962   -1277900.8267681   1406153.48607494   0
2963   -1277889.5900955   1406105.61277777   0
2964   -1277830.40973105   1406101.28536896   0
2965   -1277822.49500225   1406043.54763112   0
2966   -1277806.8514411   1406081.33233134   0
2967   -1277789.4593617   1406128.34252326   0
2968   -1277778.64660605   1406015.2339258   0
2969   -1277752.50045879   1405990.4128953   0
2970   -1277791.39375888   1406041.37126731   0
2971   -1277746.18579307   1406043.00997593   0
2972   -1277701.38645933   1406046.45439336   0
2973   -1277662.83273655   1406069.42133734   0
2974   -1277650.90015132   1406121.8346984   0
2975   -1277686.8952119   1406015.18811732   0
2976   -1277660.74810365   1405997.75002033   0
2977   -1277726.77035747   1406074.89578149   0
2978   -1277883.11003286   1406184.45585645   0
2979   -1277801.76715331   1406176.53571194   0
2980   -1277828.31164295   1406196.49103073   0
2981   -1277785.01172332   1405976.11422064   0
2982   -1277966.39705776   1406074.25815032   0
2983   -1277724.75282094   1406343.96165522   0
2984   -1277683.69336504   1406387.9098865   0
2985   -1277667.33828203   1406321.69598444   0
2986   -1277998.99762437   1405767.97404145   0
2987   -1279148.52432571   1404252.41016116   0
2988   -1279128.5314102   1404206.31574596   0
2989   -1279182.37496391   1404212.36413436   0
2990   -1279112.96931575   1404274.02241457   0
2991   -1279076.93356882   1404277.84364589   0
2992   -1279047.54874271   1404227.62101599   0
2993   -1279068.43219862   1404250.86742293   0
2994   -1279042.51296497   1404286.09179768   0
2995   -1279468.66133774   1404067.76100307   0
2996   -1279431.38305318   1404087.76420226   0
2997   -1279377.87732049   1404078.4224548   0
2998   -1279327.68934409   1404094.33401083   0
2999   -1279281.41881916   1404049.44800784   0
3000   -1279253.21798781   1403986.84723781   0
3001   -1279194.18201671   1403881.92635488   0
3002   -1279286.14389962   1404112.70617604   0
3003   -1279264.13168455   1404084.44005472   0
3004   -1279241.48490274   1404121.55507892   0
3005   -1279153.3116515   1404096.65635115   0
3006   -1279197.66340047   1404148.30158486   0
3007   -1279347.0854669   1404075.72312595   0
3008   -1279361.1139687   1404115.5310141   0
3009   -1279372.48268676   1404161.08499937   0
3010   -1279330.26429323   1404186.8335576   0
3011   -1279340.56797499   1404154.20539354   0
3012   -1279288.04203148   1404181.3759478   0
3013   -1279312.11893923   1404169.25776714   0
3014   -1279240.929248   1404206.25170247   0
3015   -1279278.01107146   1404146.70566898   0
3016   -1279331.32263492   1404122.3995548   0
3017   -1279391.71181879   1404032.47785073   0
3018   -1279408.63724365   1404062.19433635   0
3019   -1279398.6382701   1404095.660977   0
3020   -1278969.79318456   1404340.74026321   0
3021   -1278933.31729323   1404353.47794938   0
3022   -1278801.45789874   1405272.32114633   0
3023   -1278809.67182592   1405325.21093455   0
3024   -1278773.82040601   1405348.91568944   0
3025   -1278729.28199552   1405354.4664943   0
3026   -1278707.75644694   1405384.64251307   0
3027   -1278664.49645114   1405379.2893434   0
3028   -1278629.71575706   1405431.82999693   0
3029   -1278662.7005061   1405413.99786893   0
3030   -1278780.18620432   1405320.69700518   0
3031   -1278813.96584121   1405392.43957161   0
3032   -1278851.37030385   1405490.11491781   0
3033   -1277799.55128694   1405380.74788381   0
3034   -1277774.23106012   1405331.70466929   0
3035   -1277713.32108177   1405307.13600073   0
3036   -1277651.22622801   1405296.1622372   0
3037   -1277621.28260998   1405237.9765543   0
3038   -1277607.2755569   1405344.28008296   0
3039   -1277594.08268626   1405416.75177549   0
3040   -1277750.29140977   1405289.34427065   0
3041   -1278148.96201461   1406058.66419578   0
3042   -1278113.40045232   1406082.48282091   0
3043   -1278069.67636238   1406088.05300348   0
3044   -1278094.21543313   1406143.64465582   0
3045   -1278123.13230634   1406193.89035761   0
3046   -1278108.64627185   1406111.00565536   0
3047   -1278042.59120955   1406044.778319   0
3048   -1278071.93243194   1406059.02978719   0
3049   -1278175.10990175   1406107.98924283   0
3050   -1277725.14963098   1405508.86317401   0
3051   -1278167.45915157   1405822.97456304   0
3052   -1278132.38370591   1405897.54191977   0
3053   -1278119.01102868   1405850.58639075   0
3054   -1278142.50037734   1405821.90995939   0
3055   -1278164.27328868   1405784.99307637   0
3056   -1278145.9457875   1405754.38838767   0
3057   -1278117.70288313   1405736.88108567   0
3058   -1278114.03361903   1405773.103439   0
3059   -1278085.74235584   1405786.65437055   0
3060   -1278057.58782038   1405793.05609231   0
3061   -1278030.34166505   1405811.57790204   0
3062   -1278180.44297679   1405742.24839388   0
3063   -1277501.8860444   1405806.84259206   0
3064   -1278112.26759062   1405810.8740909   0
3065   -1277807.12764034   1405939.65148411   0
3066   -1277760.91960868   1405760.4089344   0
3067   -1277723.26742733   1405750.08162252   0
3068   -1278066.91238495   1406115.74678714   0
3069   -1279302.17780631   1404088.12194528   0
3070   -1277723.19872279   1405709.68823763   0
3071   -1277762.52721798   1405702.23272337   0
3072   -1277785.26959255   1405727.94635691   0
3073   -1277823.20218211   1405725.32617558   0
3074   -1277620.9858162   1405749.21037761   0
3075   -1277913.83048173   1405884.50405209   0
3076   -1278055.12908703   1405745.31410487   0
3077   -1278418.62885849   1405638.32265917   0
3078   -1277708.11817817   1405789.79336045   0
3079   -1277740.22300849   1405800.77423853   0
3080   -1278219.14564746   1405751.58590157   0
3081   -1278301.42086007   1405693.35673768   0
3082   -1278241.66158343   1405717.78253689   0
3083   -1278226.18117629   1405689.84625117   0
3084   -1277882.95895508   1405928.42320956   0
3085   -1277946.62007761   1405908.96160958   0
3086   -1278263.77661953   1405664.15708154   0
3087   -1278921.94310141   1404315.21559838   0
3088   -1278936.18452331   1404394.55490191   0
3089   -1278671.7884782   1405226.67017066   0
3090   -1278898.09400525   1404417.48061995   0
3091   -1278176.40380448   1406929.1787002   0
3092   -1278640.2148303   1407479.78289131   0
3093   -1278697.78768103   1407444.94628071   0
3094   -1278692.31996712   1407378.12257774   0
3095   -1278684.01780714   1407282.99420548   0
3096   -1278768.46740782   1407233.90044812   0
3097   -1278714.37512183   1407329.06421078   0
3098   -1278625.16475524   1407217.17624828   0
3099   -1278764.93178872   1407397.33788199   0
3100   -1278836.47455552   1407452.44160343   0
3101   -1278932.21057078   1407471.68375742   0
3102   -1279026.83990881   1407382.34780923   0
3103   -1279141.53580772   1407428.80845536   0
3104   -1279021.4286403   1407506.51498387   0
3105   -1279018.38535917   1407616.23952838   0
3106   -1279010.41450634   1407256.05617306   0
3107   -1278871.25246792   1407518.66848405   0
3108   -1278829.2770255   1407530.0316546   0
3109   -1278787.91961415   1407494.41606959   0
3110   -1278792.05213795   1407454.8334651   0
3111   -1278820.2091996   1407405.12976349   0
3112   -1278757.09034425   1407436.60586913   0
3113   -1278725.61556835   1407455.18935283   0
3114   -1278707.91142734   1407496.10496529   0
3115   -1278746.24310097   1407515.44355063   0
3116   -1278736.0852142   1407563.68619766   0
3117   -1278705.89441451   1407535.71861795   0
3118   -1278721.12145599   1407411.70040941   0
3119   -1278706.37615101   1407605.88054014   0
3120   -1278732.41067613   1407657.80174066   0
3121   -1278675.47353912   1407705.42456462   0
3122   -1278619.51474115   1407714.02083771   0
3123   -1278559.73063422   1407792.86749538   0
3124   -1278691.90369183   1407570.93905123   0
3125   -1278635.85141655   1407587.69155387   0
3126   -1278614.99438141   1407639.38640488   0
3127   -1278640.76096676   1407618.78334262   0
3128   -1278636.60986476   1407669.44332123   0
3129   -1278588.11298264   1407668.68296673   0
3130   -1278549.04170173   1407642.77836012   0
3131   -1278521.8520578   1407591.69797471   0
3132   -1278553.79603624   1407543.23882114   0
3133   -1278610.83348782   1407535.07199149   0
3134   -1278609.87965785   1407497.33802715   0
3135   -1278643.32236947   1407516.70474989   0
3136   -1278672.98412091   1407499.61165381   0
3137   -1278670.85586127   1407463.80170386   0
3138   -1278639.24780433   1407446.23297113   0
3139   -1278604.53646339   1407459.18902675   0
3140   -1278548.18687879   1407440.38984511   0
3141   -1278472.05392554   1407437.74548597   0
3142   -1278582.67673388   1407413.13235876   0
3143   -1278573.95683876   1407347.98824035   0
3144   -1278638.27571203   1407357.412585   0
3145   -1278610.8803207   1407384.66992663   0
3146   -1278663.75004733   1407330.4466747   0
3147   -1278688.50298416   1407313.54300587   0
3148   -1278688.25689322   1407344.58893818   0
3149   -1278635.63947511   1407319.92656018   0
3150   -1278564.90944681   1407382.7637619   0
3151   -1278611.33337678   1407426.54595112   0
3152   -1278604.22521681   1407340.11411249   0
3153   -1278571.2525487   1407459.25360034   0
3154   -1278525.62653124   1407487.66214537   0
3155   -1278547.06358676   1407510.9535203   0
3156   -1278514.09011476   1407533.88055617   0
3157   -1278478.72582308   1407567.98986752   0
3158   -1278414.24628513   1407545.56040337   0
3159   -1278436.76118748   1407593.11128497   0
3160   -1278412.15767574   1407686.87139151   0
3161   -1278475.84794086   1407730.79887214   0
3162   -1278485.32499421   1407826.9405823   0
3163   -1278405.64684324   1407863.33572707   0
3164   -1278340.4781243   1407886.56668672   0
3165   -1278276.6185937   1407895.49673947   0
3166   -1278309.91636714   1407947.3600291   0
3167   -1278294.36641646   1408048.34550533   0
3168   -1278234.60026652   1408163.06699385   0
3169   -1278397.29645648   1408041.09351037   0
3170   -1278345.23300237   1407994.84105362   0
3171   -1278456.85094038   1408121.48279941   0
3172   -1278428.65538675   1408200.19400115   0
3173   -1278534.20554018   1408140.31510051   0
3174   -1278360.27022543   1407831.57061396   0
3175   -1278330.49809582   1407775.19312882   0
3176   -1278259.2373354   1407767.77001848   0
3177   -1278291.48794734   1407792.82270862   0
3178   -1278291.6750165   1407755.14451674   0
3179   -1278248.80193591   1407721.59643277   0
3180   -1278213.41419589   1407676.98536827   0
3181   -1278176.16023676   1407625.36412372   0
3182   -1278088.08406224   1407529.7830022   0
3183   -1278003.56780597   1407520.82157917   0
3184   -1277939.32105445   1407512.09910301   0
3185   -1277975.49024708   1407488.9136739   0
3186   -1278029.66971139   1407438.96508361   0
3187   -1277977.19463472   1407368.91473755   0
3188   -1278018.16042741   1407488.79870822   0
3189   -1277993.0299642   1407460.29700241   0
3190   -1278071.318678   1407463.31843283   0
3191   -1278168.73586109   1407438.3109921   0
3192   -1278123.12409236   1407419.46026793   0
3193   -1278137.61085434   1407496.28709773   0
3194   -1278150.44646739   1407559.43735276   0
3195   -1278128.43802895   1407528.6382136   0
3196   -1278209.90051208   1407575.01049389   0
3197   -1278283.69535478   1407570.11600205   0
3198   -1278321.43752027   1407500.3510019   0
3199   -1278313.64521454   1407637.51620239   0
3200   -1278278.27520061   1407676.68141454   0
3201   -1278098.61678977   1407493.5868782   0
3202   -1278060.4558301   1407505.34719276   0
3203   -1278040.88152144   1407557.00738355   0
3204   -1278092.83796674   1407595.05629429   0
3205   -1278112.442645   1407562.33632917   0
3206   -1278075.96002591   1407566.36597698   0
3207   -1278051.63867698   1407601.8427808   0
3208   -1277995.79843137   1407578.61347888   0
3209   -1277990.36823003   1407695.21465537   0
3210   -1277862.53230113   1407729.44185412   0
3211   -1277889.05067862   1407649.39015111   0
3212   -1277947.64719712   1407632.21045708   0
3213   -1277963.85184568   1407600.31354767   0
3214   -1278003.62468004   1407626.97204194   0
3215   -1278040.87338571   1407670.74823288   0
3216   -1278076.52489761   1407629.92147922   0
3217   -1278108.38603534   1407621.99800882   0
3218   -1278131.96344683   1407592.83187478   0
3219   -1278142.0609306   1407627.23800092   0
3220   -1278165.97908414   1407668.90221496   0
3221   -1278128.69249683   1407715.51633689   0
3222   -1278161.82885579   1407778.81317499   0
3223   -1278171.0779496   1407589.20123122   0
3224   -1278040.34881223   1407636.2903185   0
3225   -1277906.47288902   1407610.57041647   0
3226   -1277864.12041404   1407557.00122206   0
3227   -1277862.93452131   1407608.55591187   0
3228   -1277844.5037922   1407649.02888415   0
3229   -1277774.74084741   1407716.90776637   0
3230   -1277812.9042872   1407668.21012552   0
3231   -1277761.3744048   1407654.11277412   0
3232   -1277804.29243828   1407795.97213664   0
3233   -1277868.33514897   1407632.89162215   0
3234   -1277825.15859376   1407574.37736391   0
3235   -1277825.11065052   1407537.27765662   0
3236   -1277790.79558927   1407513.35174502   0
3237   -1277751.25673899   1407528.89328032   0
3238   -1277729.65356892   1407548.09868354   0
3239   -1277749.99315899   1407495.00591286   0
3240   -1277715.63256823   1407505.69643701   0
3241   -1277676.88888073   1407511.99932351   0
3242   -1277859.60071916   1407523.87634496   0
3243   -1277893.9943707   1407473.20232462   0
3244   -1277931.17286299   1407479.6401221   0
3245   -1277899.22579427   1407511.77329243   0
3246   -1277925.39101603   1407541.64912155   0
3247   -1277895.23323914   1407575.20358104   0
3248   -1277889.60627538   1407541.18736328   0
3249   -1277868.63138244   1407489.97716027   0
3250   -1277846.97139342   1407448.91695386   0
3251   -1277906.61986466   1407403.30843368   0
3252   -1277920.65830259   1407444.82718334   0
3253   -1277945.64137738   1407407.91184649   0
3254   -1277990.45416133   1407416.87527102   0
3255   -1277882.86100802   1407443.49875085   0
3256   -1277858.51774491   1407410.10008039   0
3257   -1277854.51210945   1407581.45730563   0
3258   -1277779.28232524   1407623.94305323   0
3259   -1277920.2447068   1407645.13576733   0
3260   -1277921.18651905   1407682.59962926   0
3261   -1278035.48330701   1407524.07992988   0
3262   -1278047.10186491   1407475.67671149   0
3263   -1278102.88990544   1407465.55359992   0
3264   -1278189.98327399   1407488.34092873   0
3265   -1278225.75737629   1407441.70114333   0
3266   -1278183.44336719   1407385.22985415   0
3267   -1278166.6872277   1407519.96383107   0
3268   -1278209.92428875   1407521.65965252   0
3269   -1278187.01669248   1407552.08027383   0
3270   -1278280.43109555   1407458.40873683   0
3271   -1278251.44131427   1407466.16512225   0
3272   -1278218.20162177   1407479.99285845   0
3273   -1278320.09553854   1407420.77078399   0
3274   -1278313.05572878   1407365.17685589   0
3275   -1278275.90772875   1407333.61827675   0
3276   -1278309.34854304   1407335.94777309   0
3277   -1278361.25781163   1407333.86548631   0
3278   -1278351.22269933   1407284.39847308   0
3279   -1278305.29495693   1407257.75674182   0
3280   -1278286.10938726   1407213.66425735   0
3281   -1278311.56287832   1407163.57060124   0
3282   -1278379.94823129   1407183.10432749   0
3283   -1278239.34305801   1407194.2970818   0
3284   -1278225.42328795   1407162.26096833   0
3285   -1278238.78001519   1407127.55259916   0
3286   -1278282.12607013   1407121.91291372   0
3287   -1278342.04315202   1407102.55823797   0
3288   -1278271.91914909   1407185.98896363   0
3289   -1278264.42810983   1407220.97825444   0
3290   -1278199.88593973   1407230.09538009   0
3291   -1278166.83061937   1407273.10833999   0
3292   -1278378.56207024   1407242.01927861   0
3293   -1278342.94239317   1407249.5960062   0
3294   -1278108.01704856   1407268.68773192   0
3295   -1278054.6853256   1407250.59226098   0
3296   -1277997.62011794   1407268.27398083   0
3297   -1277931.77835463   1407234.92315277   0
3298   -1277827.27494001   1407209.71541741   0
3299   -1277807.38193527   1407104.54880141   0
3300   -1277881.94573921   1407285.85176155   0
3301   -1278036.05415657   1407288.49265742   0
3302   -1278024.4490513   1407356.67742862   0
3303   -1278080.21269932   1407362.14912194   0
3304   -1278120.60416845   1407336.87526193   0
3305   -1278083.26857294   1407327.08838392   0
3306   -1278000.50606592   1407308.421051   0
3307   -1278090.29550135   1407233.73158701   0
3308   -1278087.9849863   1407190.15221441   0
3309   -1278143.70044887   1407168.220845   0
3310   -1278161.80043374   1407133.63468108   0
3311   -1278040.51643491   1407173.38179651   0
3312   -1277988.08960783   1407147.92044121   0
3313   -1277947.31054357   1407075.26469793   0
3314   -1278056.5419658   1407213.54225808   0
3315   -1278117.93072781   1407193.78021926   0
3316   -1278074.96210058   1407274.22084434   0
3317   -1278133.47103299   1407247.46421004   0
3318   -1278276.75118877   1407368.95105656   0
3319   -1278349.6946555   1407386.37921088   0
3320   -1278396.46727865   1407395.54335587   0
3321   -1278436.72448775   1407417.32798821   0
3322   -1278429.4715325   1407474.8812446   0
3323   -1278317.85681054   1407462.07805927   0
3324   -1278361.20600557   1407487.7899699   0
3325   -1278281.80749633   1407429.82774726   0
3326   -1278280.65810885   1407497.29098421   0
3327   -1278297.65095782   1407533.69111546   0
3328   -1278337.13336248   1407536.35401267   0
3329   -1278376.0574659   1407539.92926021   0
3330   -1278402.25524454   1407509.69540026   0
3331   -1278318.41703332   1407567.95525709   0
3332   -1278260.01040685   1407536.71256809   0
3333   -1278245.9712328   1407574.49411943   0
3334   -1278227.94282922   1407547.0717047   0
3335   -1277968.61523922   1407521.73005159   0
3336   -1277978.38068893   1407551.79483105   0
3337   -1277818.04326877   1407462.60678101   0
3338   -1277795.36029877   1407444.85725481   0
3339   -1277752.10670555   1407452.27903198   0
3340   -1278017.64210642   1407597.51771799   0
3341   -1278206.20639239   1407643.31120559   0
3342   -1278213.2907269   1407606.38948918   0
3343   -1278219.18547071   1407708.20704197   0
3344   -1278276.38490628   1407723.09539117   0
3345   -1278080.47672866   1407436.13977936   0
3346   -1278228.25054234   1407749.4501402   0
3347   -1278214.20671351   1407796.35331153   0
3348   -1278258.74679507   1407819.38159466   0
3349   -1278241.85156837   1407794.24935647   0
3350   -1278194.36092819   1407761.59242995   0
3351   -1278272.50103727   1407852.43507598   0
3352   -1278222.66349597   1407882.96011723   0
3353   -1278232.81721051   1407844.06254222   0
3354   -1278321.9269164   1407746.56379704   0
3355   -1278357.27706177   1407695.33318321   0
3356   -1278368.65083609   1407866.05970748   0
3357   -1278379.66461996   1407903.39282131   0
3358   -1278438.07837706   1407911.8532876   0
3359   -1278450.06790361   1407979.50736933   0
3360   -1278393.24058948   1407575.9481868   0
3361   -1278385.55134291   1407641.80009678   0
3362   -1278365.40792476   1407755.49071511   0
3363   -1278364.61179307   1407791.6639835   0
3364   -1278345.01977929   1407733.34272539   0
3365   -1278412.01868283   1407736.75430226   0
3366   -1278526.40609977   1407563.43686486   0
3367   -1278163.68974448   1407474.52662265   0
3368   -1278130.77434019   1407466.01502443   0
3369   -1278188.92634652   1407697.29007415   0
3370   -1278167.35266048   1407724.4950816   0
3371   -1278492.77718433   1407596.4252326   0
3372   -1278671.23120829   1407424.69157118   0
3373   -1278379.95928568   1407729.03950067   0
3374   -1278439.693023   1407757.14147523   0
3375   -1278438.75610559   1407808.85310826   0
3376   -1278427.63926681   1407784.52531665   0
3377   -1278467.42062818   1407785.18220304   0
3378   -1278518.02693686   1407782.75122665   0
3379   -1278448.69132484   1407852.42744459   0
3380   -1278395.78599084   1407817.30119506   0
3381   -1278422.60302578   1407835.51400425   0
3382   -1278369.36738221   1407602.23423491   0
3383   -1278350.44230465   1407640.68402044   0
3384   -1278326.9420685   1407601.85220719   0
3385   -1278400.85068489   1407609.25632784   0
3386   -1278433.27087362   1407642.23535889   0
3387   -1278345.68400323   1407927.14946055   0
3388   -1278053.02510431   1407328.18299765   0
3389   -1278097.12727951   1407297.22587593   0
3390   -1278209.14554398   1407197.80810977   0
3391   -1278312.33427469   1407196.02742616   0
3392   -1278309.48331808   1407229.27534121   0
3393   -1278299.53435937   1407394.02136391   0
3394   -1277799.53054379   1407596.18287905   0
3395   -1278529.1360587   1407339.08777364   0
3396   -1278482.73518236   1407383.89617695   0
3397   -1278464.26989801   1407338.85532791   0
3398   -1278418.01020173   1407330.79042187   0
3399   -1278449.52721554   1407290.43088057   0
3400   -1278425.4954694   1407245.21315524   0
3401   -1278496.16077973   1407332.98553779   0
3402   -1278517.33582325   1407372.84770961   0
3403   -1278606.32565438   1407570.26842965   0
3404   -1278576.29991419   1407562.89549036   0
3405   -1278307.77784021   1407870.76130799   0
3406   -1278330.01266728   1407848.66211432   0
3407   -1278329.43601642   1407811.07212299   0
3408   -1278637.41922707   1407554.41728995   0
3409   -1278662.35438544   1407574.56555433   0
3410   -1278670.6041745   1407605.36047227   0
3411   -1278488.02387326   1407674.57452519   0
3412   -1278672.24616343   1407671.8460722   0
3413   -1278699.36593751   1407647.25965312   0
3414   -1278712.21192359   1407681.21927173   0
3415   -1278724.73020272   1407734.72981048   0
3416   -1278516.51872955   1407627.10798046   0
3417   -1278579.84385644   1407628.64377155   0
3418   -1278608.65387075   1407604.12966584   0
3419   -1278549.77879813   1407609.98244036   0
3420   -1278551.17474298   1407580.54458632   0
3421   -1278731.44040211   1407627.23873414   0
3422   -1278763.12158774   1407636.78929216   0
3423   -1278758.93276152   1407673.44562496   0
3424   -1278829.09629489   1407490.51909468   0
3425   -1278865.60395322   1407481.17387362   0
3426   -1278879.17588911   1407442.38469157   0
3427   -1278898.14934256   1407497.00323497   0
3428   -1278936.60997227   1407515.50716857   0
3429   -1278905.94976308   1407535.75987616   0
3430   -1278885.9589033   1407572.2504772   0
3431   -1278921.0974273   1407629.74792472   0
3432   -1278883.63730373   1407616.9331418   0
3433   -1278836.46876311   1407616.73490326   0
3434   -1278794.88227167   1407610.01314063   0
3435   -1278777.7182074   1407573.73527726   0
3436   -1278809.13560428   1407576.22217714   0
3437   -1278859.34688056   1407592.98282048   0
3438   -1278911.43112831   1407593.10373565   0
3439   -1278974.83190926   1407604.94783147   0
3440   -1278980.77224346   1407551.57129997   0
3441   -1279028.87848382   1407563.00961184   0
3442   -1279074.43236557   1407605.44810957   0
3443   -1279143.53628864   1407613.35216782   0
3444   -1279070.92335304   1407645.61924194   0
3445   -1279001.71549804   1407695.19229991   0
3446   -1279030.79310898   1407761.08970785   0
3447   -1278961.08971092   1407846.4857887   0
3448   -1278865.04284749   1407953.78326263   0
3449   -1278968.99123875   1407648.21743218   0
3450   -1278957.68076252   1407693.50813238   0
3451   -1278905.53883848   1407698.38407342   0
3452   -1278871.47727969   1407765.11589893   0
3453   -1278835.17630487   1407705.63855   0
3454   -1278933.14034557   1407665.97640376   0
3455   -1278896.00567437   1407656.67982643   0
3456   -1279026.74427514   1407826.29356308   0
3457   -1279064.18322493   1407846.33270874   0
3458   -1278989.5126297   1407782.95577414   0
3459   -1278922.48514264   1407797.00342053   0
3460   -1278885.57665478   1407857.81829361   0
3461   -1278955.91939909   1407915.94065895   0
3462   -1279008.7671702   1407879.53200671   0
3463   -1279147.96022165   1407700.77673214   0
3464   -1279206.18937472   1407732.99773899   0
3465   -1278941.12631711   1407602.08124877   0
3466   -1279110.00674269   1407667.9530368   0
3467   -1279076.85830026   1407673.33073158   0
3468   -1279042.1223004   1407681.25667709   0
3469   -1279007.45913927   1407654.38290153   0
3470   -1279037.60070888   1407641.11498747   0
3471   -1279046.48804997   1407718.17387667   0
3472   -1279087.20932217   1407747.82506405   0
3473   -1279058.51982922   1407745.90110544   0
3474   -1279110.93010448   1407720.18234748   0
3475   -1279103.66278585   1407781.84019146   0
3476   -1279140.6763511   1407791.04444417   0
3477   -1279118.4909362   1407815.5199712   0
3478   -1279170.76990756   1407758.28599246   0
3479   -1279067.92357723   1407784.05670655   0
3480   -1279031.39440422   1407794.65149929   0
3481   -1279057.37155674   1407817.2053132   0
3482   -1279214.44546878   1407777.37613955   0
3483   -1279258.68332254   1407810.6180029   0
3484   -1279172.59140788   1407799.89995525   0
3485   -1279029.9046324   1407854.27508573   0
3486   -1278868.56042306   1407686.25220776   0
3487   -1278997.49386894   1407818.96181633   0
3488   -1279040.15553074   1407592.17782053   0
3489   -1279000.53540993   1407582.11000617   0
3490   -1278975.50496516   1407513.53491309   0
3491   -1279009.89821236   1407453.65789667   0
3492   -1279064.3206674   1407556.66899598   0
3493   -1279081.67368104   1407498.39966949   0
3494   -1279159.77815202   1407516.49618973   0
3495   -1279130.51881604   1407475.95809145   0
3496   -1279205.89912127   1407447.9099472   0
3497   -1279167.48145001   1407458.83633036   0
3498   -1279195.76955424   1407366.25155445   0
3499   -1279233.91651811   1407271.24193553   0
3500   -1279150.10326101   1407205.57134026   0
3501   -1279220.61653783   1407120.17209241   0
3502   -1279171.45543007   1407021.7040129   0
3503   -1279073.38438832   1406950.78912202   0
3504   -1279117.87945435   1406875.10128589   0
3505   -1279068.45816336   1406736.43077405   0
3506   -1279185.68180757   1406740.76141973   0
3507   -1279304.18702741   1406784.86722088   0
3508   -1279107.00466132   1407048.21630953   0
3509   -1279069.8471157   1407086.27723364   0
3510   -1279050.05873278   1407151.49981313   0
3511   -1279025.86357729   1407105.67008112   0
3512   -1278984.96273357   1407072.23126454   0
3513   -1278899.27265162   1407121.71767281   0
3514   -1279060.9372078   1407118.82542965   0
3515   -1279018.85957613   1407146.75642152   0
3516   -1279018.21004126   1407191.29646869   0
3517   -1279083.79908212   1407211.73075561   0
3518   -1279105.13897951   1407089.13324313   0
3519   -1279157.33060415   1407082.65068505   0
3520   -1279151.49762129   1407140.6457865   0
3521   -1279050.72276485   1407184.36190928   0
3522   -1279089.65530044   1407160.43398996   0
3523   -1279338.76920039   1407288.66278107   0
3524   -1279045.30579564   1407530.72388032   0
3525   -1278958.84522784   1407572.70730703   0
3526   -1278950.11068977   1407541.77827798   0
3527   -1278859.7788362   1407549.49801384   0
3528   -1278536.48265461   1407668.31022105   0
3529   -1277868.31946138   1407686.41186786   0
3530   -1278245.7426128   1407688.94826817   0
3531   -1278238.81726933   1407656.81969289   0
3532   -1278319.00265774   1407676.61814205   0
3533   -1278446.01812607   1407544.81973662   0
3534   -1278799.84902804   1407525.20120242   0
3535   -1278174.4394316   1407090.1274889   0
3536   -1278202.21071748   1407036.86949558   0
3537   -1277979.95026863   1407228.73578877   0
3538   -1277963.72541737   1407265.17098984   0
3539   -1277986.08193189   1407195.84898516   0
3540   -1278159.49241577   1407206.11053914   0
3541   -1278348.02828411   1408050.48399238   0
3542   -1278369.27343949   1408024.78477608   0
3543   -1278373.54649231   1408087.00323105   0
3544   -1278415.83276232   1408078.35496288   0
3545   -1278437.97028901   1408035.29159033   0
3546   -1278457.90231725   1408073.37885268   0
3547   -1278421.20139858   1408053.74554651   0
3548   -1278409.40801563   1408122.78603968   0
3549   -1278374.69235249   1408058.90459443   0
3550   -1278513.22253823   1407422.26140111   0
3551   -1278500.44920457   1407462.8118429   0
3552   -1277981.72102915   1407651.87828097   0
3553   -1278310.44502344   1407906.94449684   0
3554   -1278742.01119909   1407274.3944788   0
3555   -1278711.13890708   1407293.0502802   0
3556   -1278701.58705864   1407231.35136013   0
3557   -1278122.71010011   1406560.49113413   0
3558   -1278101.60847582   1406535.84193147   0
3559   -1278112.93351094   1406505.5055717   0
3560   -1278137.99359298   1406530.21971204   0
3561   -1278188.38242808   1405701.87842046   0
3562   -1278134.85203253   1405696.99427329   0
3563   -1278783.95356515   1404734.02626521   0
3564   -1277614.96944272   1405280.7216149   0
3565   -1278869.09209249   1404703.07001736   0
3566   -1278888.89332646   1404736.12850544   0
3567   -1278290.64612339   1405872.74550799   0
3568   -1279405.4889968   1407344.01509866   0
3569   -1279496.14787007   1407279.92088278   0
3570   -1279691.15535489   1407349.80514613   0
3571   -1279647.76202785   1407131.17979936   0
3572   -1279635.66966209   1407487.22308467   0
3573   -1279523.73607664   1407525.54186342   0
3574   -1279471.61460911   1407624.0877466   0
3575   -1279396.72524994   1407481.47954093   0
3576   -1279559.99073373   1407458.13197651   0
3577   -1279603.9779873   1407354.66353064   0
3578   -1279617.30547706   1407277.74748692   0
3579   -1279758.49830976   1407205.11230832   0
3580   -1279585.04638354   1407511.0487237   0
3581   -1279654.27050761   1407574.18975871   0
3582   -1279684.77232408   1407672.6345117   0
3583   -1279561.59524643   1407566.83022493   0
3584   -1279714.16519021   1407514.01206961   0
3585   -1279739.60988077   1407582.383066   0
3586   -1278838.3478938   1407063.20684603   0
3587   -1279599.377028   1407724.40641588   0
3588   -1279501.07782358   1407709.80480254   0
3589   -1279662.3579625   1407760.01157805   0
3590   -1279633.42041237   1407833.79077293   0
3591   -1279568.78579433   1407876.88985308   0
3592   -1279476.77071563   1407841.16908982   0
3593   -1279484.22851559   1407779.92582772   0
3594   -1279527.72298326   1407757.01499942   0
3595   -1279553.1733773   1407713.74508567   0
3596   -1279535.05226331   1407656.87421495   0
3597   -1279576.77958805   1407756.25990502   0
3598   -1279603.88014871   1407783.35482749   0
3599   -1279570.64861431   1407831.72587141   0
3600   -1279529.7699597   1407836.71265593   0
3601   -1279517.02922401   1407892.62195495   0
3602   -1279565.37287875   1407937.34188432   0
3603   -1279517.56515341   1407988.76435675   0
3604   -1279448.6655154   1407974.9919447   0
3605   -1279360.26248801   1407957.83646287   0
3606   -1279534.69858108   1407866.03770568   0
3607   -1279506.51359244   1407810.10448554   0
3608   -1279520.14396102   1407784.2911936   0
3609   -1279457.79053517   1408027.90294836   0
3610   -1279502.51441375   1408029.53520372   0
3611   -1279551.9384697   1407742.59897459   0
3612   -1279492.12143283   1407738.20051596   0
3613   -1279418.16685873   1407704.32058426   0
3614   -1279451.88755898   1407740.44153175   0
3615   -1279533.15555247   1407692.64646857   0
3616   -1279331.84033376   1406694.95528121   0
3617   -1279399.4765161   1406738.5440223   0
3618   -1279447.13219779   1406667.15554845   0
3619   -1279389.94312458   1406688.42554142   0
3620   -1279414.25761531   1406655.48866423   0
3621   -1279416.81455194   1406613.65138116   0
3622   -1279418.09559627   1406566.96486941   0
3623   -1279379.09679633   1406544.43405069   0
3624   -1279382.1425721   1406587.94584267   0
3625   -1279324.41170529   1406629.39348145   0
3626   -1279285.18929475   1406594.60912071   0
3627   -1278987.05459022   1406955.39037732   0
3628   -1277847.14932077   1405156.50667981   0
3629   -1277854.12741643   1405075.59905931   0
3630   -1277892.98909926   1405022.90255048   0
3631   -1277891.72568315   1405131.3788289   0
3632   -1277981.99726564   1405165.63926833   0
3633   -1277893.00639128   1405078.8727297   0
3634   -1277782.37143024   1405195.90249755   0
3635   -1277715.93072324   1405156.94124814   0
3636   -1277677.48982745   1405042.42097736   0
3637   -1277614.44156822   1404913.32204314   0
3638   -1277638.03649454   1404753.19852316   0
3639   -1277497.15430701   1404641.46785052   0
3640   -1277607.20771324   1404509.25676501   0
3641   -1277721.98173169   1404333.92907499   0
3642   -1277555.23594181   1404351.92027424   0
3643   -1277383.38412777   1404314.04589607   0
3644   -1277237.19741607   1404443.42793458   0
3645   -1277181.45570858   1404278.57854932   0
3646   -1277135.33539073   1404088.99791547   0
3647   -1277294.22129552   1403918.27152555   0
3648   -1277230.91401118   1403694.18861189   0
3649   -1276782.63953102   1403490.51045955   0
3650   -1276986.03083907   1403663.05235381   0
3651   -1276694.77495592   1403807.70925223   0
3652   -1276162.4721467   1403504.98470908   0
3653   -1277138.28687719   1403370.24038413   0
3654   -1277274.5415637   1403110.73478891   0
3655   -1277368.37901425   1403280.39851149   0
3656   -1277544.12718653   1403322.76318749   0
3657   -1277635.26038082   1403470.93145003   0
3658   -1277621.53945254   1403685.95533087   0
3659   -1277454.3442885   1403782.51959925   0
3660   -1277439.45278128   1403945.12357733   0
3661   -1277368.53518217   1404039.73434641   0
3662   -1277247.02424235   1404060.96612824   0
3663   -1277164.36094248   1403971.11340898   0
3664   -1277183.14582452   1403830.59328175   0
3665   -1277214.94952968   1403913.82767793   0
3666   -1277247.50643405   1403992.00625286   0
3667   -1277153.70375842   1403900.4233978   0
3668   -1277101.58634912   1403944.89217129   0
3669   -1276936.61283037   1403973.09338985   0
3670   -1277016.86609813   1403940.30498644   0
3671   -1277057.66524115   1403923.9252335   0
3672   -1277088.32233431   1403913.01840967   0
3673   -1277124.21814083   1403919.91943698   0
3674   -1277113.96977086   1403879.61168501   0
3675   -1277096.93646744   1403729.56436   0
3676   -1277097.28351695   1403819.59148762   0
3677   -1276933.96838717   1403786.13791229   0
3678   -1277011.96737512   1403766.33158654   0
3679   -1277007.3533539   1403850.20150887   0
3680   -1277031.24256857   1403894.02404661   0
3681   -1276974.95423617   1403899.38302848   0
3682   -1276967.83293752   1403947.55327597   0
3683   -1276996.15755193   1404014.76681014   0
3684   -1277036.68085664   1404102.47888354   0
3685   -1277098.1259413   1404197.97171316   0
3686   -1277078.49343758   1404305.65691192   0
3687   -1276877.90236984   1404322.82443192   0
3688   -1276837.05089004   1404585.05229138   0
3689   -1276634.6947876   1404396.15604834   0
3690   -1276283.36282957   1404462.48073932   0
3691   -1275797.344715   1404414.65274181   0
3692   -1276425.75833679   1404238.76832224   0
3693   -1276425.47615884   1403944.05636576   0
3694   -1277140.91704938   1404374.11209876   0
3695   -1277131.84100758   1404319.52924744   0
3696   -1277116.0795901   1404264.613976   0
3697   -1277031.55713074   1404240.70970989   0
3698   -1277032.76199227   1404177.65348568   0
3699   -1277055.42149776   1404202.93723163   0
3700   -1276984.51684843   1404298.66947201   0
3701   -1277166.9333168   1404210.58738942   0
3702   -1277254.97037267   1404227.76661312   0
3703   -1277273.63196955   1404337.22936806   0
3704   -1277346.10014952   1404414.22057285   0
3705   -1277331.35219557   1404540.83461905   0
3706   -1277199.28927503   1404555.27808963   0
3707   -1277111.26137355   1404689.65072149   0
3708   -1277263.556909   1404530.23226911   0
3709   -1277281.84307331   1404590.1792244   0
3710   -1277375.83202117   1404647.42794763   0
3711   -1277374.38409988   1404778.88554239   0
3712   -1277398.72731944   1404884.57315886   0
3713   -1277353.97752958   1405014.45937776   0
3714   -1277309.06566515   1404473.99648551   0
3715   -1277373.08663217   1404480.38854328   0
3716   -1277401.71871392   1404545.89368824   0
3717   -1277506.92784667   1404547.16199474   0
3718   -1277587.7523666   1404594.1830264   0
3719   -1277569.73622206   1404688.10867183   0
3720   -1277670.11130948   1404648.98893622   0
3721   -1277781.20830666   1404735.2120413   0
3722   -1277881.06874869   1404645.77781917   0
3723   -1277907.39749386   1404775.3396242   0
3724   -1277677.35465005   1404564.05897094   0
3725   -1277722.65665202   1404446.97910776   0
3726   -1277838.97848997   1404402.34620534   0
3727   -1277821.0122181   1404285.68577505   0
3728   -1277712.99767408   1404198.70550328   0
3729   -1277679.64001336   1404028.89305615   0
3730   -1277740.02802445   1403920.81724823   0
3731   -1277684.36481111   1403792.36139185   0
3732   -1277876.24864821   1403741.06190599   0
3733   -1277815.13652774   1403804.9233442   0
3734   -1277756.65015132   1403705.24883872   0
3735   -1277832.9953351   1403627.0206988   0
3736   -1277951.11071397   1403620.1942178   0
3737   -1278071.72745124   1403681.22131026   0
3738   -1278217.6592425   1403685.58169434   0
3739   -1278352.87008818   1403735.33932113   0
3740   -1278537.20605676   1403662.98781371   0
3741   -1278291.30857068   1403879.11120201   0
3742   -1278139.28736859   1403982.66336888   0
3743   -1278013.20983287   1403900.68089372   0
3744   -1278373.55043277   1404005.64660071   0
3745   -1278530.90337173   1403996.3455709   0
3746   -1278686.87406099   1403959.08352173   0
3747   -1278142.10948462   1403590.42221945   0
3748   -1277796.10358032   1404012.83578005   0
3749   -1277926.96192111   1404032.47499117   0
3750   -1277625.08916188   1404262.43620287   0
3751   -1277637.85425734   1404341.04236113   0
3752   -1277688.15330369   1404393.59906302   0
3753   -1277751.93515912   1404388.22522826   0
3754   -1277795.07942653   1404343.77719434   0
3755   -1277870.94938076   1404334.57862448   0
3756   -1277966.65322383   1404380.15773658   0
3757   -1278029.35282573   1404442.64822395   0
3758   -1278123.04587856   1404594.34287805   0
3759   -1278276.85035088   1404510.42609752   0
3760   -1277891.14815792   1404392.26871139   0
3761   -1277862.41794541   1404369.84146907   0
3762   -1277832.94615875   1404360.90044146   0
3763   -1277798.45102626   1404384.82699035   0
3764   -1277791.35179061   1404469.48339565   0
3765   -1277785.78280489   1404423.70344714   0
3766   -1277925.24942265   1404346.69026485   0
3767   -1277920.08144449   1404254.28765569   0
3768   -1277952.35215522   1404162.28199067   0
3769   -1277893.69341099   1404358.47975376   0
3770   -1277923.31077751   1404380.79756695   0
3771   -1277935.40114629   1404422.51034203   0
3772   -1277862.74809074   1404470.27821948   0
3773   -1277830.86615756   1404538.75223865   0
3774   -1277761.36230442   1404516.58368911   0
3775   -1277889.15766906   1404429.40677731   0
3776   -1278135.1551489   1404713.92409065   0
3777   -1278108.34077051   1404844.60738493   0
3778   -1277838.19489513   1404318.41493242   0
3779   -1277761.22258732   1404302.49308161   0
3780   -1277797.43839188   1404310.17635609   0
3781   -1277776.24600493   1404235.85720544   0
3782   -1277835.4195371   1404228.84124862   0
3783   -1277800.59757668   1404177.79235542   0
3784   -1277803.78980923   1404215.60645437   0
3785   -1277832.40649296   1404195.75647207   0
3786   -1277764.44638119   1404191.68331315   0
3787   -1277733.01197694   1404125.43042636   0
3788   -1277757.23659703   1404046.61764789   0
3789   -1277825.95367651   1404098.0586613   0
3790   -1277865.66551294   1404034.82164774   0
3791   -1277898.39140834   1404100.90230255   0
3792   -1277967.21906636   1404094.40608161   0
3793   -1278023.96246896   1403999.07757287   0
3794   -1277848.54549705   1403978.95363722   0
3795   -1277791.51117172   1403944.33894988   0
3796   -1277725.63884537   1403978.80806062   0
3797   -1277911.24060978   1403965.86578787   0
3798   -1277820.57496707   1404055.37889524   0
3799   -1277784.49090867   1404083.7377028   0
3800   -1277788.62499286   1404134.84119011   0
3801   -1277829.95168975   1404148.8687915   0
3802   -1277862.20956918   1404124.13214902   0
3803   -1277903.12076642   1404152.871932   0
3804   -1277901.46514972   1404201.58398273   0
3805   -1277881.4180028   1404243.18751294   0
3806   -1277879.10345737   1404289.58452504   0
3807   -1277935.10746893   1404306.69292239   0
3808   -1277901.49172208   1404319.75111864   0
3809   -1277911.13138298   1404281.82259349   0
3810   -1277959.13973242   1404261.88162342   0
3811   -1278047.18329106   1404215.01194746   0
3812   -1277847.88815085   1404265.08124876   0
3813   -1277965.07561359   1404207.5823918   0
3814   -1277935.51416007   1404123.61361298   0
3815   -1277932.06564095   1404083.86884727   0
3816   -1277969.47664777   1404128.83341577   0
3817   -1278013.72810735   1404169.13756745   0
3818   -1277985.17240109   1404156.14711854   0
3819   -1277998.4401325   1404113.35165129   0
3820   -1278002.51161298   1404065.4238516   0
3821   -1277962.96219851   1404054.81646079   0
3822   -1277975.75892426   1403986.1911146   0
3823   -1277986.07044547   1404028.06717461   0
3824   -1278069.89053892   1404054.49610829   0
3825   -1278134.0336933   1404126.43890818   0
3826   -1278198.881711   1404256.7356896   0
3827   -1277832.49075681   1404015.85828732   0
3828   -1277924.11497668   1404225.40219547   0
3829   -1277932.33880514   1404185.75406002   0
3830   -1277868.57450818   1404209.42782159   0
3831   -1277641.75850994   1404105.86960427   0
3832   -1277527.13745732   1404066.25970381   0
3833   -1277455.76484798   1404148.70739647   0
3834   -1277485.89928464   1404265.04037683   0
3835   -1277409.31218868   1404233.987918   0
3836   -1277337.99066725   1404253.13396057   0
3837   -1277806.27670377   1404251.47404893   0
3838   -1277788.14849587   1404276.73598483   0
3839   -1277775.76399011   1403982.21506793   0
3840   -1277720.28058887   1404260.06245107   0
3841   -1277678.98273387   1404229.32453574   0
3842   -1277662.54968633   1404175.35911029   0
3843   -1277679.59119279   1404287.32110863   0
3844   -1277759.69194919   1404262.28885058   0
3845   -1277639.93620221   1404446.91733611   0
3846   -1277549.94882807   1404444.95510612   0
3847   -1277480.24334096   1404404.14850407   0
3848   -1277631.54349272   1404400.71675784   0
3849   -1277595.62123308   1404377.25170661   0
3850   -1277599.0941345   1404422.08282074   0
3851   -1277589.20772939   1404468.52989583   0
3852   -1277550.38493184   1404514.42636619   0
3853   -1277496.1974199   1404489.22774114   0
3854   -1277561.10114191   1404400.732445   0
3855   -1277519.80891618   1404416.5416047   0
3856   -1277503.6393273   1404452.50075661   0
3857   -1277531.79023308   1404485.68358262   0
3858   -1277558.36553535   1404475.60523805   0
3859   -1277508.11768796   1404373.47220606   0
3860   -1277513.13277562   1404317.33245374   0
3861   -1277565.71842554   1404261.96840813   0
3862   -1277461.1490245   1404339.98735431   0
3863   -1277407.7645993   1404384.3604209   0
3864   -1277393.86477914   1404434.47832211   0
3865   -1277405.31673561   1404464.03462515   0
3866   -1277407.83513799   1404503.88842168   0
3867   -1277459.53899691   1404531.30720978   0
3868   -1277452.95134461   1404582.71662135   0
3869   -1277430.50962122   1404527.55087025   0
3870   -1277488.44771462   1404519.77226108   0
3871   -1277518.37395211   1404515.28709129   0
3872   -1277465.38388997   1404490.89669491   0
3873   -1277369.61695449   1404521.48980294   0
3874   -1277333.90090449   1404501.77988618   0
3875   -1277301.21700161   1404517.93200034   0
3876   -1277292.37014413   1404554.80293297   0
3877   -1277335.15923533   1404601.43573332   0
3878   -1277324.33109124   1404659.1607252   0
3879   -1277271.90474602   1404635.62889069   0
3880   -1277212.9359004   1404648.63168086   0
3881   -1277294.09973686   1404662.88680446   0
3882   -1277317.90061324   1404703.3054891   0
3883   -1277229.61996712   1404806.64607229   0
3884   -1277253.76498071   1404739.0787788   0
3885   -1277295.41869313   1404810.16399644   0
3886   -1277348.92991555   1404832.55753232   0
3887   -1277417.63373166   1404828.24674215   0
3888   -1277437.2906889   1404730.91555657   0
3889   -1277334.37527031   1404898.90487798   0
3890   -1277299.97526003   1404857.48081367   0
3891   -1277364.53770993   1404875.03116256   0
3892   -1277329.47641776   1404868.0685051   0
3893   -1277323.45809938   1404946.97173663   0
3894   -1277375.13828629   1404946.14807782   0
3895   -1277477.1981396   1404957.15008689   0
3896   -1277422.22988773   1405005.51247126   0
3897   -1277392.15907215   1405071.53615165   0
3898   -1277320.37103488   1405068.37635072   0
3899   -1277383.01208512   1404978.39160735   0
3900   -1277417.62367749   1404949.82707218   0
3901   -1277399.41833228   1404921.81754761   0
3902   -1277447.1881418   1404893.73685835   0
3903   -1277519.84566421   1404892.76149887   0
3904   -1277581.39519329   1404822.52029865   0
3905   -1277671.73867219   1404843.07754471   0
3906   -1277704.71768365   1404918.72523486   0
3907   -1277776.62484123   1404948.76300276   0
3908   -1277366.88197185   1404912.82127625   0
3909   -1277348.34742389   1404969.04742591   0
3910   -1277287.87989221   1405015.72871404   0
3911   -1277205.25586748   1404977.05248429   0
3912   -1277662.207512   1404983.60452018   0
3913   -1277601.07171943   1405024.06275403   0
3914   -1277718.19917077   1404975.37778049   0
3915   -1277324.92324083   1404572.81997305   0
3916   -1277366.2647052   1404566.59446808   0
3917   -1277369.16279808   1404605.46539053   0
3918   -1277409.71431339   1404592.99904603   0
3919   -1277432.55745906   1404562.70508768   0
3920   -1277434.02329426   1404641.73988573   0
3921   -1277460.61077808   1404677.757468   0
3922   -1277408.49969813   1404685.66374672   0
3923   -1277521.82360379   1404697.11917149   0
3924   -1277552.94149992   1404758.39544211   0
3925   -1277496.11693994   1404675.70036973   0
3926   -1277539.10741665   1404657.90260026   0
3927   -1277527.59755926   1404609.70978167   0
3928   -1277491.43515983   1404604.37607588   0
3929   -1277459.1119155   1404616.23934527   0
3930   -1277481.51816925   1404570.0507113   0
3931   -1277516.85198994   1404578.40940407   0
3932   -1277560.29304165   1404627.9112636   0
3933   -1277598.06520527   1404649.20165359   0
3934   -1277637.69187937   1404608.06679969   0
3935   -1277628.07906433   1404700.56373758   0
3936   -1277689.38356339   1404716.66536477   0
3937   -1277738.70532422   1404666.32472225   0
3938   -1277815.37143682   1404654.09948969   0
3939   -1277594.91197507   1404737.26809563   0
3940   -1277600.82838881   1404701.4256801   0
3941   -1277597.20844461   1404777.87581361   0
3942   -1277645.26938834   1404798.09578712   0
3943   -1277685.17288717   1404764.3655467   0
3944   -1277734.51436088   1404744.81854598   0
3945   -1277625.66518759   1404845.58213318   0
3946   -1277583.3339208   1404877.38593698   0
3947   -1277598.71295844   1404850.38118328   0
3948   -1277614.19650864   1404811.75172686   0
3949   -1277646.82902849   1404826.97782226   0
3950   -1277643.23061237   1404874.45549577   0
3951   -1277690.2907019   1404872.15294931   0
3952   -1277657.69347607   1404917.63268935   0
3953   -1277631.18465378   1404952.60502128   0
3954   -1277565.38630077   1404956.70200925   0
3955   -1277628.06254574   1404777.68869205   0
3956   -1277566.65287098   1404792.26634917   0
3957   -1277541.48364178   1404832.98328081   0
3958   -1277623.82046011   1404560.04361151   0
3959   -1277307.56441597   1404623.2995874   0
3960   -1277340.82024537   1404630.1875944   0
3961   -1277282.50439901   1404492.05908447   0
3962   -1277243.01045257   1404487.41473673   0
3963   -1277165.03868341   1404463.31102696   0
3964   -1277079.74945685   1404575.57252555   0
3965   -1276987.62687867   1404670.7650952   0
3966   -1276753.10606761   1404823.50168194   0
3967   -1276490.19046823   1404907.11198903   0
3968   -1277281.0887088   1404455.51085137   0
3969   -1277275.74980655   1404396.56584058   0
3970   -1277217.37416158   1404365.39602694   0
3971   -1277326.60341015   1404369.75618322   0
3972   -1277312.03251985   1404402.16119906   0
3973   -1277319.9822472   1404439.32156598   0
3974   -1277341.28415803   1404465.25053564   0
3975   -1277364.35478839   1404443.51947789   0
3976   -1277290.13609679   1404426.72428883   0
3977   -1277289.56004906   1404368.28744034   0
3978   -1277251.91611794   1404369.06552606   0
3979   -1277235.37082193   1404406.65151469   0
3980   -1277189.01668921   1404411.53165301   0
3981   -1277183.9845293   1404368.76172651   0
3982   -1277190.71561275   1404324.22374172   0
3983   -1277243.62210958   1404286.03375078   0
3984   -1277280.01186154   1404261.36046577   0
3985   -1277297.84206034   1404228.85986782   0
3986   -1277273.99637482   1404178.78335378   0
3987   -1277265.24254129   1404124.71493847   0
3988   -1277313.36929016   1404089.53290021   0
3989   -1277380.76424154   1404111.58748739   0
3990   -1277389.11843983   1404175.67195143   0
3991   -1277349.19897607   1404199.23784696   0
3992   -1277212.26101545   1404162.08664083   0
3993   -1277149.0675901   1404153.37548583   0
3994   -1277089.68119235   1404136.35903734   0
3995   -1277073.27892413   1404169.73314841   0
3996   -1277052.06749863   1404138.33993492   0
3997   -1277090.52349617   1404090.64390065   0
3998   -1277115.09621372   1404022.71451084   0
3999   -1277119.64312621   1403979.5460247   0
4000   -1277183.91823446   1404034.85871426   0
4001   -1277199.28630349   1403995.07792409   0
4002   -1277198.85337977   1403957.46868045   0
4003   -1277170.06923461   1403932.6398594   0
4004   -1277139.73508209   1403946.46453901   0
4005   -1277224.27197004   1403971.61735643   0
4006   -1277248.57173688   1403950.6121154   0
4007   -1277224.26787563   1404028.21167697   0
4008   -1277168.67123246   1404005.42356863   0
4009   -1277113.45692542   1404058.79504035   0
4010   -1277061.61963144   1404038.01281217   0
4011   -1277053.86919163   1404070.40803857   0
4012   -1277011.13441016   1404061.09212549   0
4013   -1276924.75453162   1404052.01355716   0
4014   -1276763.08520909   1403997.51660599   0
4015   -1276806.93816819   1404134.75658822   0
4016   -1276738.0125248   1404254.0815879   0
4017   -1276577.45326665   1404249.64371478   0
4018   -1276654.41666972   1404210.0857874   0
4019   -1276588.24759555   1404164.23102313   0
4020   -1276548.89870632   1404017.6117419   0
4021   -1276592.42515175   1404085.72763352   0
4022   -1276473.48342012   1404121.67468335   0
4023   -1276665.42464208   1404011.08704563   0
4024   -1276694.02411059   1403895.09999574   0
4025   -1276848.18036952   1403876.88985028   0
4026   -1276903.12395831   1403905.21846049   0
4027   -1276943.40626688   1403920.00118087   0
4028   -1276914.02768746   1403943.80353239   0
4029   -1276853.7765997   1404002.04845092   0
4030   -1276857.45925085   1403940.97080615   0
4031   -1276928.3548494   1403859.78437827   0
4032   -1276954.51365988   1403886.26936081   0
4033   -1276577.48915119   1403859.50888074   0
4034   -1276521.65851039   1403594.83798628   0
4035   -1276530.99388467   1402956.99177059   0
4036   -1276778.84311101   1403008.23944336   0
4037   -1276861.86884175   1403247.43434419   0
4038   -1276974.88148883   1403414.80143298   0
4039   -1277009.74528566   1403247.65008429   0
4040   -1276958.28945977   1403164.47137946   0
4041   -1276902.76772419   1403033.86327975   0
4042   -1276533.1826085   1403278.15858227   0
4043   -1276283.14465832   1402905.74409781   0
4044   -1276083.93098374   1403164.77584144   0
4045   -1275539.59697929   1402752.00107949   0
4046   -1276427.9120563   1403726.68671639   0
4047   -1276170.57267157   1403851.65722308   0
4048   -1275757.27450313   1403933.49454496   0
4049   -1277028.61740872   1404032.23683827   0
4050   -1277033.47354097   1403985.59629956   0
4051   -1277044.28832297   1403954.28464109   0
4052   -1277082.89043894   1403993.47792853   0
4053   -1277053.05951693   1404009.24084654   0
4054   -1277074.23776579   1403962.789938   0
4055   -1276997.2290824   1403974.29712979   0
4056   -1276964.35705506   1403990.55616256   0
4057   -1276927.58370586   1404014.3338961   0
4058   -1276890.81230227   1404029.32908617   0
4059   -1276867.40246762   1404103.0876057   0
4060   -1276835.68305589   1404054.0438601   0
4061   -1276813.28814508   1404020.52421089   0
4062   -1276809.63907875   1403963.83790616   0
4063   -1276807.93378577   1403925.64493209   0
4064   -1276767.90695876   1403873.41788685   0
4065   -1276830.28298221   1403757.3005354   0
4066   -1276841.57839402   1403973.50693527   0
4067   -1276881.09900154   1403968.91521555   0
4068   -1276903.64672211   1403992.26226209   0
4069   -1276777.87145838   1404081.0290277   0
4070   -1276705.47008054   1404064.71128998   0
4071   -1276728.40795959   1404128.29861768   0
4072   -1276764.30314529   1404203.97390401   0
4073   -1276855.98161083   1404221.83781164   0
4074   -1276770.32695745   1404035.59600926   0
4075   -1276723.32480042   1404016.76362276   0
4076   -1276715.07694935   1403968.24837268   0
4077   -1276772.95305448   1403949.45069408   0
4078   -1276739.56900779   1404057.62884805   0
4079   -1276804.66283554   1404055.02019273   0
4080   -1276705.03267619   1403625.78478393   0
4081   -1276857.55518287   1404034.29236802   0
4082   -1276750.30360207   1403971.18172666   0
4083   -1276890.34895728   1404067.53654397   0
4084   -1276906.81694761   1404114.9848134   0
4085   -1276859.3870823   1404071.83275222   0
4086   -1276822.80822426   1404094.62093022   0
4087   -1276327.63659381   1403560.11312868   0
4088   -1276333.71411562   1403347.96202365   0
4089   -1276447.59057439   1403464.66531993   0
4090   -1276614.49665497   1403419.78124854   0
4091   -1276323.29220566   1403453.15924406   0
4092   -1276376.02376715   1403123.74155981   0
4093   -1276527.44527667   1403106.61687181   0
4094   -1275746.3390792   1403110.35053029   0
4095   -1275249.74424602   1403088.17426441   0
4096   -1276830.36154039   1403133.58282782   0
4097   -1276707.27225018   1403231.67474226   0
4098   -1276714.06956305   1403104.1089155   0
4099   -1276654.91849784   1402982.61560697   0
4100   -1276581.72218679   1403037.59947612   0
4101   -1276486.56877182   1403029.9796812   0
4102   -1276407.0692715   1402931.3679342   0
4103   -1276533.30174101   1403066.33817989   0
4104   -1276585.18390514   1403099.83791327   0
4105   -1276576.42358839   1403183.86568273   0
4106   -1276567.12766407   1403144.82755791   0
4107   -1276504.83791409   1403194.79803334   0
4108   -1276632.71666311   1403148.6786394   0
4109   -1276653.69052103   1403077.98554835   0
4110   -1276610.81955259   1403062.3359936   0
4111   -1276580.75156197   1403068.70323444   0
4112   -1276592.95619125   1402969.80368878   0
4113   -1276625.21834722   1403023.95619061   0
4114   -1276432.07041032   1403253.94451747   0
4115   -1276494.74111322   1403353.24098315   0
4116   -1276310.37177156   1403226.81905543   0
4117   -1276180.06625564   1403289.39975467   0
4118   -1275888.03053852   1403343.12309577   0
4119   -1275944.34858369   1403622.32787827   0
4120   -1276257.07306082   1403397.2278474   0
4121   -1276559.21200583   1403113.20253094   0
4122   -1276485.45968694   1403079.95548275   0
4123   -1276423.27355242   1403065.83049962   0
4124   -1276307.71242395   1403019.788832   0
4125   -1276159.22004515   1402880.12026142   0
4126   -1276205.27070643   1402977.52803986   0
4127   -1276225.12342694   1403123.6220802   0
4128   -1276065.43906759   1402996.22555867   0
4129   -1275787.44620564   1402803.24875226   0
4130   -1275910.15883346   1402995.19042481   0
4131   -1276345.10696491   1402918.556016   0
4132   -1276365.75883882   1402979.30133746   0
4133   -1276312.32128547   1402963.60354491   0
4134   -1276261.03829037   1402980.4023132   0
4135   -1276255.40690269   1403052.75027343   0
4136   -1276272.40549159   1403022.97248545   0
4137   -1276232.46967985   1403015.66601461   0
4138   -1276178.49319829   1403047.31997647   0
4139   -1276294.0156432   1402992.91126476   0
4140   -1276509.96680688   1403056.74528521   0
4141   -1276533.77457641   1403017.99209805   0
4142   -1276566.40441011   1402999.4912806   0
4143   -1276469.03157808   1402944.17985239   0
4144   -1276501.93755218   1402988.83241402   0
4145   -1276533.56554694   1402987.08482577   0
4146   -1276442.51689864   1403003.85843912   0
4147   -1276397.08343102   1403011.57640479   0
4148   -1276355.16665461   1403029.3131542   0
4149   -1276315.45459628   1403078.16455569   0
4150   -1276301.15352137   1403159.69847195   0
4151   -1276291.34076278   1403053.45900909   0
4152   -1276326.17318534   1403045.65280637   0
4153   -1276332.43677555   1403001.87593398   0
4154   -1276408.56602961   1402974.32077099   0
4155   -1276438.05042479   1402937.7738933   0
4156   -1276445.96731085   1402969.3898242   0
4157   -1276471.31952052   1402986.1238259   0
4158   -1276500.01273138   1402950.58581149   0
4159   -1276538.3657046   1403417.50649576   0
4160   -1276491.15311669   1403506.95858538   0
4161   -1276442.70939382   1403566.87539004   0
4162   -1276603.06678599   1403512.95594933   0
4163   -1276473.37464743   1403664.93224293   0
4164   -1276598.54452569   1403129.60742802   0
4165   -1276629.35462045   1403116.59714526   0
4166   -1276667.04896512   1403124.55590368   0
4167   -1276714.28262954   1403165.19095223   0
4168   -1276668.78052204   1403165.08741642   0
4169   -1276758.21334146   1403131.06486807   0
4170   -1276762.11378784   1403073.38871548   0
4171   -1276840.8054176   1403021.05136155   0
4172   -1276862.87972948   1403073.19176993   0
4173   -1276925.91801327   1403089.51232241   0
4174   -1276879.73800359   1403145.14674136   0
4175   -1276860.61433745   1403112.40289335   0
4176   -1276887.98636866   1403094.28995886   0
4177   -1276964.73003077   1403046.67519794   0
4178   -1276900.55255271   1403065.35825532   0
4179   -1276933.74887748   1403040.26923885   0
4180   -1276810.98068104   1403079.21849687   0
4181   -1276834.62075642   1403096.27366714   0
4182   -1276793.91989144   1403110.99320781   0
4183   -1276792.71262068   1403043.5547984   0
4184   -1276828.83320638   1403054.92633965   0
4185   -1276716.88080443   1402995.42752517   0
4186   -1276790.57839382   1403202.2234576   0
4187   -1276610.27983601   1403093.95198625   0
4188   -1276479.39077359   1403417.94421453   0
4189   -1276403.22228974   1403372.95540962   0
4190   -1277150.61695053   1403085.11095252   0
4191   -1277197.15421408   1403209.58093366   0
4192   -1277249.98055714   1403332.02258096   0
4193   -1277326.60729414   1403408.51894105   0
4194   -1277305.6120893   1403550.8805086   0
4195   -1277434.783383   1403641.48548195   0
4196   -1277390.71483037   1403559.66544553   0
4197   -1277486.26372046   1403565.07947637   0
4198   -1277335.57636601   1403647.83692099   0
4199   -1277310.39142534   1403752.47524878   0
4200   -1277144.95343165   1403531.50532065   0
4201   -1277211.87619434   1403444.32056231   0
4202   -1277217.59751094   1403564.7102033   0
4203   -1277143.98952636   1403641.79559545   0
4204   -1277431.56856293   1403373.35315045   0
4205   -1277461.35416052   1403259.88239975   0
4206   -1277418.81390625   1403329.06435353   0
4207   -1277378.72620356   1403368.18181131   0
4208   -1277397.54272746   1403427.27117366   0
4209   -1277361.48193391   1403491.633261   0
4210   -1277455.08732136   1403433.44120596   0
4211   -1277511.97516496   1403492.42730149   0
4212   -1277499.76090965   1403385.22101262   0
4213   -1277467.54448692   1403344.95826087   0
4214   -1277471.31070559   1403472.53432253   0
4215   -1277444.77905083   1403461.63229244   0
4216   -1277505.02999778   1403434.3513739   0
4217   -1277576.77494661   1403405.34612062   0
4218   -1277635.66430567   1403335.5165244   0
4219   -1277469.06979036   1403517.94981758   0
4220   -1277439.41673153   1403543.16615075   0
4221   -1277392.53217498   1403467.44822753   0
4222   -1277418.51489675   1403450.3033823   0
4223   -1276054.77872002   1403391.69334169   0
4224   -1276940.69863639   1403316.69088944   0
4225   -1276830.83559311   1403373.25926014   0
4226   -1276328.26248945   1404118.73573789   0
4227   -1276409.29513979   1404029.00949514   0
4228   -1276406.21698793   1404106.78856568   0
4229   -1276370.96496242   1404173.79211587   0
4230   -1276289.8127445   1404303.7566933   0
4231   -1276045.31102108   1404376.31413303   0
4232   -1276264.04450766   1404204.50931423   0
4233   -1276398.01632489   1404392.553873   0
4234   -1276258.4045415   1403969.80520524   0
4235   -1276321.00373254   1403846.37131693   0
4236   -1276271.11568391   1403691.47040511   0
4237   -1276511.60463946   1404486.19985435   0
4238   -1276386.84021498   1404670.51964134   0
4239   -1276082.41815217   1404677.61855392   0
4240   -1275800.22275758   1404908.58880636   0
4241   -1275339.53556733   1404856.85516921   0
4242   -1276139.84401714   1404241.72251714   0
4243   -1275907.15869943   1404189.89121949   0
4244   -1276541.47448005   1404125.92057374   0
4245   -1276515.79535766   1404198.36322693   0
4246   -1276489.6899831   1404295.82749064   0
4247   -1276532.55418481   1404248.3783991   0
4248   -1276472.95938908   1404243.82019318   0
4249   -1276449.82624653   1404176.07360561   0
4250   -1276508.20873013   1404155.46537319   0
4251   -1276506.66126401   1404122.35845605   0
4252   -1276492.38160693   1404038.47342588   0
4253   -1276525.91041659   1404083.70090127   0
4254   -1276560.87977033   1404091.67639527   0
4255   -1276585.44636135   1404127.43682126   0
4256   -1276624.01881947   1404114.07016432   0
4257   -1276643.59064691   1404056.14571585   0
4258   -1276655.31433791   1404094.44709367   0
4259   -1276691.93855624   1404103.79479537   0
4260   -1276673.81071402   1404068.18820384   0
4261   -1276628.55926233   1404153.05663333   0
4262   -1276666.97226575   1404168.44604043   0
4263   -1276713.07116083   1404200.23282501   0
4264   -1276627.08808676   1404191.22183365   0
4265   -1276625.84876743   1404233.78499467   0
4266   -1276594.75108012   1404307.3171078   0
4267   -1276680.63419061   1404239.39717531   0
4268   -1276677.4666512   1404292.43040237   0
4269   -1276777.315402   1404374.90720328   0
4270   -1276707.51993305   1404164.65239354   0
4271   -1276693.77650886   1404136.05798281   0
4272   -1276744.67696713   1404161.75588937   0
4273   -1276769.24716784   1404131.12247529   0
4274   -1276752.94897849   1404100.63527276   0
4275   -1276723.98101634   1404091.93533254   0
4276   -1276784.61288242   1404169.0054018   0
4277   -1276825.83611145   1404184.69239231   0
4278   -1276486.07926666   1404090.3385047   0
4279   -1276446.37753217   1404066.18402519   0
4280   -1276548.83508076   1404162.05487078   0
4281   -1276565.70990867   1404213.00802278   0
4282   -1276592.52286511   1404196.33064914   0
4283   -1276486.45446346   1404184.49661907   0
4284   -1276466.53874039   1404203.58294432   0
4285   -1276472.64595265   1404152.16288776   0
4286   -1276434.6638273   1404140.768839   0
4287   -1276410.82221578   1404169.91829376   0
4288   -1276428.92409576   1404196.87977788   0
4289   -1276391.38413682   1404202.78990143   0
4290   -1276375.85309357   1404282.61089812   0
4291   -1276341.98007568   1404218.1259272   0
4292   -1276386.84663383   1404143.95989246   0
4293   -1276351.69649401   1404142.22947572   0
4294   -1276325.01465471   1404169.21021172   0
4295   -1276367.55804539   1404108.33207655   0
4296   -1276337.03393934   1404041.14774299   0
4297   -1276347.80789579   1404081.9188619   0
4298   -1276276.80959197   1404067.10650645   0
4299   -1276308.21688787   1404088.48008443   0
4300   -1276283.13725125   1404129.95812667   0
4301   -1276442.26518973   1404102.66884032   0
4302   -1276396.19507189   1403504.76228293   0
4303   -1276967.12060751   1404046.32342741   0
4304   -1276972.9321195   1404101.85965861   0
4305   -1277002.18477431   1404129.46020747   0
4306   -1277022.37974878   1404141.6033036   0
4307   -1276983.91220573   1404182.90013683   0
4308   -1276926.80744697   1404204.03526231   0
4309   -1277004.93974058   1404096.89767314   0
4310   -1276956.73758362   1404020.43378684   0
4311   -1276479.96977643   1404609.09753575   0
4312   -1276492.36709021   1404737.63477795   0
4313   -1276615.93755928   1404824.28690421   0
4314   -1276720.83712688   1404988.88869662   0
4315   -1276865.84845242   1405140.43551611   0
4316   -1276983.42705992   1405194.34064086   0
4317   -1277125.45866856   1405243.01698863   0
4318   -1277174.58486874   1405340.0386649   0
4319   -1277252.32364446   1405396.3933917   0
4320   -1277244.06709047   1405473.16986271   0
4321   -1277195.75812791   1405527.8223788   0
4322   -1277085.52122886   1405513.53026055   0
4323   -1276989.39872775   1405420.23682715   0
4324   -1276861.77284496   1405465.75264325   0
4325   -1276862.96063042   1405606.3671491   0
4326   -1277002.28364952   1405312.77677622   0
4327   -1277085.33779247   1405398.29908335   0
4328   -1276752.80517853   1405428.43028115   0
4329   -1276661.69106011   1405465.27781876   0
4330   -1276627.34018087   1405593.99989428   0
4331   -1276681.80412067   1405828.02578203   0
4332   -1276359.87370845   1405905.85630253   0
4333   -1276603.41551891   1406182.15992725   0
4334   -1276378.76683925   1406113.26219831   0
4335   -1276405.29830129   1406459.93543293   0
4336   -1276000.83866845   1406819.14941853   0
4337   -1275957.2046444   1406405.61114998   0
4338   -1275746.61226308   1406082.35863267   0
4339   -1275786.08246082   1405653.14690638   0
4340   -1276082.57645075   1405811.02246751   0
4341   -1275338.66441604   1406262.83978162   0
4342   -1274767.0904874   1406504.39695521   0
4343   -1274407.91214058   1407037.57355242   0
4344   -1274412.58545123   1407479.77044465   0
4345   -1274686.92616025   1407736.65239702   0
4346   -1274559.72767345   1407989.2105182   0
4347   -1274403.49315441   1408100.21712561   0
4348   -1274127.95429829   1408164.46191572   0
4349   -1273870.19176774   1407809.43281747   0
4350   -1274405.73746097   1407979.80249349   0
4351   -1274440.6609351   1407738.40439371   0
4352   -1274563.08013109   1407601.11224026   0
4353   -1274614.36200747   1407362.71071792   0
4354   -1274906.70845903   1406950.18461828   0
4355   -1275304.35370358   1407220.07405824   0
4356   -1274547.04976175   1407721.63284934   0
4357   -1274613.85221855   1407856.20349971   0
4358   -1274800.07476858   1407912.55743087   0
4359   -1274927.54928974   1407678.15713262   0
4360   -1274795.91637312   1408147.44893858   0
4361   -1275075.97312249   1408204.71661043   0
4362   -1275302.85870904   1407970.99618656   0
4363   -1275198.2561417   1407481.80298365   0
4364   -1275713.73794765   1407975.81981443   0
4365   -1276053.78840161   1407719.73986459   0
4366   -1276180.20281457   1407282.869482   0
4367   -1276766.26723331   1407253.82007261   0
4368   -1276866.2948686   1407543.06497346   0
4369   -1276707.8152456   1407760.07716533   0
4370   -1276136.18548457   1408152.93971525   0
4371   -1274622.44299818   1406779.93098812   0
4372   -1274430.5886456   1406519.10135083   0
4373   -1274346.82974715   1406048.76343715   0
4374   -1274867.80117319   1405993.97882186   0
4375   -1274234.18112238   1406748.3501451   0
4376   -1273725.5537921   1406842.23092563   0
4377   -1273031.25914776   1407265.99562787   0
4378   -1273358.81249254   1407051.59466719   0
4379   -1273430.52326776   1407487.50921914   0
4380   -1273290.30109299   1407857.68859682   0
4381   -1272861.05206885   1408069.57572538   0
4382   -1273071.27309684   1408228.88164242   0
4383   -1273258.20191964   1406194.55549787   0
4384   -1273790.93233159   1406045.41711044   0
4385   -1274290.37031196   1406574.06641509   0
4386   -1274313.98718537   1406383.51384897   0
4387   -1274551.42958911   1406248.76488143   0
4388   -1274051.18223618   1406178.07999306   0
4389   -1274592.95269547   1405977.72902833   0
4390   -1274386.41592394   1406684.066789   0
4391   -1274571.40026939   1406639.18783786   0
4392   -1274591.73724685   1406450.19891871   0
4393   -1274729.47977378   1406347.14975703   0
4394   -1275078.51176307   1406380.6048674   0
4395   -1273984.63085778   1407070.26369125   0
4396   -1274230.44484596   1407271.90349226   0
4397   -1274143.85886415   1407535.35362855   0
4398   -1274728.10729574   1407554.68261283   0
4399   -1274742.88657665   1405752.58293643   0
4400   -1274948.55927693   1405414.64638476   0
4401   -1275081.09845682   1405829.78504861   0
4402   -1274087.39899794   1405849.53289432   0
4403   -1276260.00196743   1406261.14040309   0
4404   -1276185.04315169   1406456.83794779   0
4405   -1277137.80972844   1405505.00610143   0
4406   -1277178.63412481   1405493.36944528   0
4407   -1277207.98360083   1405467.54689693   0
4408   -1277207.68553665   1405426.50869842   0
4409   -1277153.21734591   1405397.3090902   0
4410   -1277221.88443271   1405501.84873973   0
4411   -1277237.43895911   1405559.51024445   0
4412   -1277269.09658768   1405638.5103671   0
4413   -1277236.60848329   1405604.52389692   0
4414   -1277218.97223566   1405578.88382401   0
4415   -1277190.81862604   1405561.80111525   0
4416   -1277104.08693592   1405605.0666784   0
4417   -1277128.49039951   1405549.61922208   0
4418   -1277075.28342411   1405564.99902985   0
4419   -1277100.41720532   1405539.84962029   0
4420   -1277108.15927401   1405570.96803866   0
4421   -1277033.920271   1405634.63767303   0
4422   -1277158.26115463   1405531.92587953   0
4423   -1277150.36360706   1405588.77671409   0
4424   -1277158.85774478   1405644.36678923   0
4425   -1277211.3730281   1405646.6700446   0
4426   -1277157.44320744   1405562.04869306   0
4427   -1277239.2807104   1405632.7294064   0
4428   -1277250.77723038   1405667.25569401   0
4429   -1277284.84143389   1405585.08818279   0
4430   -1277349.89371872   1405614.46532506   0
4431   -1277395.84708829   1405648.2141007   0
4432   -1277356.48091319   1405648.64285199   0
4433   -1277315.05821939   1405660.21339076   0
4434   -1277303.86570248   1405622.06456644   0
4435   -1277321.88347783   1405584.61553178   0
4436   -1277358.17363296   1405559.35564481   0
4437   -1277339.44990723   1405529.32807203   0
4438   -1277308.73215638   1405508.86975433   0
4439   -1277275.33628194   1405531.99993267   0
4440   -1277239.2172956   1405528.86141987   0
4441   -1277269.67781346   1405496.49445313   0
4442   -1277271.30870164   1405559.84065938   0
4443   -1277378.19653397   1405536.51220072   0
4444   -1277398.30880824   1405512.5104396   0
4445   -1277379.41758432   1405479.99753287   0
4446   -1277344.39378279   1405483.98242942   0
4447   -1277345.35825488   1405443.57143527   0
4448   -1277297.98699905   1405420.42098887   0
4449   -1277334.67655518   1405398.73914647   0
4450   -1277374.04854806   1405437.86058249   0
4451   -1277392.99949395   1405582.1008236   0
4452   -1277396.3093167   1405615.646393   0
4453   -1277360.11937385   1405587.67366203   0
4454   -1277313.36849404   1405729.80443385   0
4455   -1277349.23242556   1405731.8383501   0
4456   -1277403.45484183   1405710.14728941   0
4457   -1277371.52834305   1405709.5731162   0
4458   -1277388.61895528   1405679.76796174   0
4459   -1277426.12208159   1405672.10242516   0
4460   -1277457.456528   1405678.09975929   0
4461   -1277438.60077254   1405710.80955489   0
4462   -1277431.14820853   1405635.7805327   0
4463   -1277389.08911519   1405773.01232138   0
4464   -1277357.46569375   1405761.11496184   0
4465   -1277388.46041681   1405739.80778664   0
4466   -1277323.07967395   1405694.06145998   0
4467   -1277288.84381883   1405686.532144   0
4468   -1277281.033303   1405661.42346027   0
4469   -1277267.13010992   1405610.37629232   0
4470   -1277253.7449632   1405584.82730282   0
4471   -1276940.23741618   1405622.21987781   0
4472   -1277035.48654312   1405527.03360893   0
4473   -1277038.36249193   1405578.29051797   0
4474   -1276990.43951465   1405590.44600038   0
4475   -1277016.76442874   1405549.98919874   0
4476   -1277053.37739207   1405550.67280718   0
4477   -1276980.78700682   1405488.79090589   0
4478   -1277042.49912081   1405465.61077712   0
4479   -1277055.55872062   1405499.28038228   0
4480   -1277017.87920673   1405495.9446629   0
4481   -1276992.91915971   1405522.66771134   0
4482   -1276907.99744525   1405530.37552813   0
4483   -1276951.54581097   1405514.5818884   0
4484   -1276944.65703235   1405560.64277085   0
4485   -1276964.59028661   1405540.4546872   0
4486   -1276910.05150431   1405471.74842691   0
4487   -1276892.68334835   1405402.73719603   0
4488   -1276816.4158995   1405363.428218   0
4489   -1276777.92660307   1405239.55020037   0
4490   -1276952.22415776   1405368.40068912   0
4491   -1276943.99364187   1405412.8062176   0
4492   -1276962.98927931   1405452.51244621   0
4493   -1276945.57895999   1405481.04577948   0
4494   -1276919.98660775   1405502.121841   0
4495   -1276881.8692183   1405496.46618495   0
4496   -1276806.96112772   1405524.62539137   0
4497   -1276838.98437145   1405499.57003079   0
4498   -1276849.96139441   1405553.18619178   0
4499   -1276893.79797708   1405567.48301885   0
4500   -1276787.08149914   1405580.07361158   0
4501   -1276771.18006118   1405717.45178263   0
4502   -1276862.70212418   1405525.30874034   0
4503   -1276793.17394801   1405468.14885572   0
4504   -1276770.34350282   1405505.69342391   0
4505   -1276715.5520731   1405458.62492162   0
4506   -1276759.43060628   1405467.79051278   0
4507   -1276798.28786915   1405495.34393617   0
4508   -1276809.84859366   1405417.01009864   0
4509   -1276848.89252966   1405396.70873204   0
4510   -1276857.20077425   1405355.16375961   0
4511   -1276827.07941967   1405301.53612799   0
4512   -1276868.420622   1405236.67231949   0
4513   -1276891.93462309   1405369.15374312   0
4514   -1276923.01239832   1405350.00273303   0
4515   -1276940.56498154   1405283.62428113   0
4516   -1276953.21113911   1405330.0363034   0
4517   -1276988.00878236   1405353.32766776   0
4518   -1277045.57426828   1405351.50515858   0
4519   -1277108.36626177   1405330.74210539   0
4520   -1277059.35858154   1405289.98133453   0
4521   -1277041.01913506   1405401.72879332   0
4522   -1277064.76830708   1405432.26934381   0
4523   -1277120.35698644   1405443.49976442   0
4524   -1277085.40462893   1405467.40652368   0
4525   -1277124.09850076   1405473.5525643   0
4526   -1277096.37751534   1405428.13925438   0
4527   -1277121.89946296   1405408.42049776   0
4528   -1277115.23149244   1405376.65647101   0
4529   -1277077.63541012   1405366.77828844   0
4530   -1276980.34829714   1405388.46454011   0
4531   -1277015.78178554   1405375.66485221   0
4532   -1276867.86489886   1405429.87974849   0
4533   -1276900.45880308   1405438.51052002   0
4534   -1276931.91795399   1405446.05103333   0
4535   -1276832.15764491   1405439.84484721   0
4536   -1276778.06161384   1405384.74741121   0
4537   -1276727.64341322   1405390.63126189   0
4538   -1276751.7762801   1405342.66559256   0
4539   -1276729.0822967   1405268.74676885   0
4540   -1276597.69434096   1405254.84312184   0
4541   -1276673.81017132   1405270.48178717   0
4542   -1276621.01820855   1405356.54354962   0
4543   -1276376.39691682   1405271.01062128   0
4544   -1276518.33739887   1405143.73459147   0
4545   -1276805.63582852   1405391.55120717   0
4546   -1276823.657047   1405472.67215389   0
4547   -1277024.89872567   1405436.10379084   0
4548   -1276999.24307702   1405459.05490834   0
4549   -1276733.89831934   1405495.68324504   0
4550   -1276922.83905268   1405385.39215084   0
4551   -1277148.24437422   1405431.50399002   0
4552   -1277179.53104711   1405417.82795837   0
4553   -1277200.83122844   1405385.578293   0
4554   -1277249.39113617   1405340.90070234   0
4555   -1277241.4979742   1405440.12016835   0
4556   -1277278.18132825   1405454.7530353   0
4557   -1275231.64469642   1405257.79208642   0
4558   -1274676.18482963   1407637.45547226   0
4559   -1274637.82609129   1407534.97533243   0
4560   -1274723.34564291   1407456.82624871   0
4561   -1274795.54948287   1407286.24439607   0
4562   -1274576.86476481   1407120.59080389   0
4563   -1275027.80683241   1407199.07929744   0
4564   -1274696.10161408   1406113.93123153   0
4565   -1274877.63666957   1406210.82624155   0
4566   -1275083.22282869   1406067.89424207   0
4567   -1274476.96715488   1406108.1529009   0
4568   -1274360.9569512   1406204.10076665   0
4569   -1273391.85226305   1406804.74549802   0
4570   -1273629.8149285   1406400.92508805   0
4571   -1273201.46622667   1406462.41553037   0
4572   -1276398.44873307   1408342.44355744   0
4573   -1276656.76531364   1408295.69568096   0
4574   -1276663.85029308   1408623.39791082   0
4575   -1276472.56018491   1408937.04910466   0
4576   -1276627.81102972   1409223.82431756   0
4577   -1276128.56173922   1408923.37637514   0
4578   -1276050.6692719   1409134.9815105   0
4579   -1276050.96488828   1409444.19348159   0
4580   -1275801.64526534   1409344.2337072   0
4581   -1276228.31702081   1409447.08175212   0
4582   -1276579.23692654   1408475.49081683   0
4583   -1276393.60785826   1408507.3011315   0
4584   -1276352.70600948   1408753.27196038   0
4585   -1274450.63247603   1407854.47417169   0
4586   -1274544.31614892   1407808.58490884   0
4587   -1274618.06181401   1407783.19846134   0
4588   -1274613.73953103   1407709.81828406   0
4589   -1274574.78608642   1407672.22406227   0
4590   -1274484.22403292   1407667.71768207   0
4591   -1274349.3034381   1407622.98715943   0
4592   -1274153.17030687   1407747.22554359   0
4593   -1274292.20066597   1407480.20176318   0
4594   -1274359.78428928   1407370.05356358   0
4595   -1274432.3126387   1407218.26965749   0
4596   -1274227.8535878   1407590.28577847   0
4597   -1274259.26377389   1407702.80411984   0
4598   -1274477.92673941   1407554.81378574   0
4599   -1274545.14122417   1407882.52714343   0
4600   -1274510.31478798   1407944.86851223   0
4601   -1274492.85864007   1408023.37047241   0
4602   -1274601.44032178   1408121.51829455   0
4603   -1274478.95015037   1408133.6459512   0
4604   -1274432.96035475   1408215.75345086   0
4605   -1274427.7518812   1408349.91314778   0
4606   -1274555.81039521   1408057.31795781   0
4607   -1274691.52095921   1408043.35031256   0
4608   -1274657.47052462   1407939.10663267   0
4609   -1274609.00350149   1408040.4004086   0
4610   -1275969.68328484   1408974.3349897   0
4611   -1275985.58647862   1408698.75491484   0
4612   -1276087.57859381   1409027.49125152   0
4613   -1276274.7392395   1409068.265081   0
4614   -1276454.13254974   1409165.39066194   0
4615   -1276003.76794864   1409062.99376304   0
4616   -1275882.56581492   1409148.81174785   0
4617   -1275989.58518747   1409278.61485654   0
4618   -1275923.51993596   1409048.91479477   0
4619   -1276029.60855468   1409006.39530428   0
4620   -1276048.91097644   1408906.43704956   0
4621   -1276089.54204832   1408964.76336107   0
4622   -1275905.55929663   1408856.967877   0
4623   -1276083.55581917   1408771.9390952   0
4624   -1276245.95186961   1408810.49860078   0
4625   -1276146.99403899   1408847.501411   0
4626   -1276182.19596349   1408747.32624467   0
4627   -1276266.64381077   1408694.05176993   0
4628   -1275981.64489176   1409023.85851975   0
4629   -1275984.99084637   1409199.82991315   0
4630   -1275876.09868776   1409236.26135073   0
4631   -1275711.9138662   1409178.60017235   0
4632   -1275964.46123532   1409120.47671628   0
4633   -1275940.87941815   1409171.260975   0
4634   -1276859.16808135   1408661.28641735   0
4635   -1274224.67981108   1405603.45979481   0
4636   -1274393.35385194   1405264.9749767   0
4637   -1274704.4004479   1405195.90280834   0
4638   -1274576.0795694   1404859.25922271   0
4639   -1274710.34215596   1405012.17544797   0
4640   -1274845.40967094   1405113.87840683   0
4641   -1275026.83861049   1405195.89867849   0
4642   -1275179.48060796   1405028.01414434   0
4643   -1275073.79034678   1404693.7596947   0
4644   -1275035.86137165   1404421.48428331   0
4645   -1274875.76809871   1405280.94470414   0
4646   -1274723.15369787   1405484.78526102   0
4647   -1274832.61993657   1404733.34550826   0
4648   -1274551.70243715   1405053.40793423   0
4649   -1274415.95268662   1404909.66055071   0
4650   -1274173.33648438   1404546.12768845   0
4651   -1273712.0874634   1404051.67523785   0
4652   -1274098.68110081   1403885.03580183   0
4653   -1274232.43681867   1403397.96523235   0
4654   -1273939.03023529   1402980.23510784   0
4655   -1274548.20007392   1402547.01038838   0
4656   -1274454.15694833   1403019.09654182   0
4657   -1274510.82357473   1403738.75753366   0
4658   -1274800.98197722   1403688.36614717   0
4659   -1275023.91301165   1403461.62234349   0
4660   -1275226.26999672   1403766.70909624   0
4661   -1275537.12946572   1403875.16834631   0
4662   -1275255.06105034   1404088.59074905   0
4663   -1275568.19431363   1404120.05920465   0
4664   -1274896.78045832   1403171.48592732   0
4665   -1274685.63987532   1403909.07451354   0
4666   -1274763.83940185   1404199.50834333   0
4667   -1274853.85481848   1404342.87156996   0
4668   -1274930.16752325   1404148.97597021   0
4669   -1275092.23812183   1404040.38719978   0
4670   -1275080.664046   1403864.43259181   0
4671   -1275120.30981743   1404245.47068289   0
4672   -1274606.42570525   1404398.83390402   0
4673   -1274476.7984106   1404658.03185109   0
4674   -1274832.95904052   1403836.45476552   0
4675   -1274804.73398258   1403967.67463173   0
4676   -1274861.39003834   1404058.34022356   0
4677   -1274727.74294421   1404074.46259447   0
4678   -1274574.82902649   1404178.39458044   0
4679   -1274969.3616831   1404048.91248297   0
4680   -1274915.63098332   1404091.74586648   0
4681   -1274847.28777728   1404132.48549624   0
4682   -1274918.68185821   1404028.69702342   0
4683   -1274854.05654307   1403978.93387506   0
4684   -1274860.37163144   1403912.65298875   0
4685   -1274932.30435431   1403804.53937477   0
4686   -1275066.4631326   1403688.80301255   0
4687   -1274877.84900723   1404025.7903062   0
4688   -1274894.75340055   1404059.99981416   0
4689   -1274875.42005917   1404095.18250392   0
4690   -1274797.70891445   1404091.30030154   0
4691   -1274798.74484969   1404023.5302186   0
4692   -1274843.83418972   1404027.70881816   0
4693   -1274830.16482616   1404060.50556498   0
4694   -1274838.87063964   1404093.25214412   0
4695   -1274912.85677522   1403884.59404918   0
4696   -1275001.93035309   1403938.596989   0
4697   -1275038.74124258   1404127.69974439   0
4698   -1274998.74442535   1404229.70327348   0
4699   -1274711.00771288   1403784.11429379   0
4700   -1274801.38464726   1403775.59832825   0
4701   -1274755.53803359   1403831.48548227   0
4702   -1274780.7512016   1403893.47894246   0
4703   -1274782.53684656   1403860.81828932   0
4704   -1274643.60475916   1403153.648436   0
4705   -1274452.31275101   1403285.71152698   0
4706   -1274536.19500911   1403543.33068209   0
4707   -1274637.67224484   1403649.75598003   0
4708   -1274558.85513411   1403422.76647329   0
4709   -1274624.45071892   1403291.86040986   0
4710   -1274749.07688568   1403264.7016368   0
4711   -1274905.42199623   1403351.79589978   0
4712   -1275055.70155808   1403264.87093834   0
4713   -1275237.35063671   1403405.71319901   0
4714   -1275472.50238294   1403195.26388578   0
4715   -1275045.67231453   1402978.6505924   0
4716   -1274799.71274601   1402858.95323197   0
4717   -1274877.62791034   1403019.08352089   0
4718   -1275291.74775295   1402700.75340671   0
4719   -1274796.04930026   1402598.25806116   0
4720   -1274642.56071794   1402716.2376466   0
4721   -1274356.53066225   1402753.57423899   0
4722   -1274581.86655403   1402920.41263925   0
4723   -1274876.83151047   1403503.11711015   0
4724   -1274742.7580524   1403565.92640873   0
4725   -1275374.61606841   1403667.81686909   0
4726   -1275544.56708387   1404364.14232847   0
4727   -1274201.7907922   1406951.83019581   0
4728   -1273952.79699271   1406820.78880777   0
4729   -1274086.47975899   1407942.84970443   0
4730   -1273829.61154674   1408068.92596407   0
4731   -1273659.15898409   1408331.20473774   0
4732   -1273727.29004384   1408530.51326233   0
4733   -1273655.41302719   1408731.00374388   0
4734   -1273855.36233987   1408644.15023376   0
4735   -1274024.9197118   1408605.68330005   0
4736   -1273977.03024055   1408735.22529511   0
4737   -1274016.41249123   1408963.77263166   0
4738   -1274010.52368621   1409239.41185851   0
4739   -1274233.99949812   1409308.52979656   0
4740   -1274427.96745487   1409189.71486493   0
4741   -1274632.80709561   1409279.4695137   0
4742   -1274593.59876107   1409509.9337769   0
4743   -1274809.91811989   1409623.07741219   0
4744   -1274645.18281795   1409639.17308346   0
4745   -1274441.35381185   1409654.30907041   0
4746   -1274231.49842002   1409526.93610243   0
4747   -1273946.1442769   1409534.26851903   0
4748   -1274324.04197379   1409880.42018772   0
4749   -1274099.03859338   1410030.44386168   0
4750   -1274162.76058583   1410316.3131572   0
4751   -1274455.57054945   1410354.70928315   0
4752   -1274563.90784604   1410182.84287762   0
4753   -1274701.06621484   1410371.77015572   0
4754   -1274589.60548498   1410477.27634629   0
4755   -1274357.51277157   1410630.79176384   0
4756   -1274452.17555677   1410525.49783636   0
4757   -1274505.47412279   1410466.01769285   0
4758   -1274565.4182339   1410386.71628823   0
4759   -1274403.78065093   1410441.05017197   0
4760   -1274334.62940537   1410349.19035651   0
4761   -1274324.18166227   1410515.12471489   0
4762   -1274431.46491253   1410241.08944469   0
4763   -1274520.8070115   1410685.89561129   0
4764   -1274686.72995322   1410791.1934171   0
4765   -1274878.88781776   1410699.95753579   0
4766   -1275066.69872147   1410810.10505796   0
4767   -1274655.20341219   1411013.22365601   0
4768   -1274812.80148658   1411148.87363046   0
4769   -1274787.51972719   1411325.93674347   0
4770   -1274481.67257603   1411478.7030512   0
4771   -1274606.37886103   1411504.40677166   0
4772   -1274577.96595692   1411355.95779005   0
4773   -1274389.99296329   1411311.84127082   0
4774   -1274173.47702684   1411159.37602728   0
4775   -1273814.14407126   1410996.86732593   0
4776   -1274493.15382706   1411242.8663385   0
4777   -1274519.20973644   1411081.97712822   0
4778   -1274626.36498218   1411094.31033677   0
4779   -1274582.47172629   1411024.85690194   0
4780   -1274583.06019572   1410888.62452666   0
4781   -1274677.08939157   1410900.72262307   0
4782   -1274438.74197745   1410817.85083068   0
4783   -1274201.06113995   1410828.29021432   0
4784   -1274321.92843975   1410869.4781903   0
4785   -1274393.98957291   1410881.52260681   0
4786   -1274493.0570305   1410895.85778083   0
4787   -1274495.49223725   1410986.97375305   0
4788   -1274410.78502968   1411057.57906716   0
4789   -1274281.83072331   1411058.41391937   0
4790   -1274439.3322642   1410939.5095844   0
4791   -1274400.68685971   1410932.06342003   0
4792   -1274445.16091112   1410899.03137066   0
4793   -1274429.796215   1410861.03181644   0
4794   -1274376.45036317   1410839.51400029   0
4795   -1274407.5390109   1410833.07668958   0
4796   -1274378.6618717   1410740.43430321   0
4797   -1274386.53292454   1410795.59580344   0
4798   -1274341.21800837   1410799.24819513   0
4799   -1274289.08741991   1410710.77875649   0
4800   -1274218.27619398   1410585.33253953   0
4801   -1274147.01308166   1410698.87248091   0
4802   -1274003.81414   1410867.18518005   0
4803   -1273782.76032389   1410761.89864874   0
4804   -1273669.91584241   1410902.26500696   0
4805   -1273423.00831541   1410973.26397547   0
4806   -1273484.0222961   1411273.07328751   0
4807   -1273695.2395175   1411116.85071957   0
4808   -1274470.28074589   1410738.6827994   0
4809   -1274541.83535551   1410794.75317156   0
4810   -1274473.80939743   1410847.31424312   0
4811   -1274463.67714899   1410877.82448503   0
4812   -1274478.11908554   1410804.09876675   0
4813   -1274517.42608647   1410858.84569432   0
4814   -1274423.80494917   1410769.29712622   0
4815   -1274470.63167198   1410922.74432422   0
4816   -1274514.1973571   1410940.8711309   0
4817   -1274478.11508327   1410956.79213372   0
4818   -1274441.16685509   1411009.64335868   0
4819   -1274447.45739338   1410973.73471987   0
4820   -1274480.06071691   1411042.54588936   0
4821   -1274533.11278735   1411026.94492141   0
4822   -1274509.35912971   1411053.62690643   0
4823   -1274462.65684167   1411112.42352055   0
4824   -1274378.97879011   1411170.0525108   0
4825   -1274489.54022536   1411074.5063137   0
4826   -1274458.04870173   1411066.21254501   0
4827   -1274455.95091067   1411030.80647918   0
4828   -1274527.28597419   1410901.38231491   0
4829   -1274420.36083558   1410909.50977523   0
4830   -1274498.46760435   1411020.87868267   0
4831   -1274349.38493922   1410836.38139542   0
4832   -1274471.02720621   1411381.48502841   0
4833   -1274529.80623018   1411418.02823355   0
4834   -1274624.95056605   1411413.3470591   0
4835   -1274668.73200352   1411517.25863189   0
4836   -1274718.47269582   1411430.69968293   0
4837   -1274980.497716   1411581.51793304   0
4838   -1274855.79143101   1411555.81421258   0
4839   -1274810.42509279   1411470.42584977   0
4840   -1274954.50859386   1411425.61809147   0
4841   -1275120.10983865   1411351.86668111   0
4842   -1275120.23795645   1411225.67377587   0
4843   -1275290.30814597   1411116.02966223   0
4844   -1274955.41728168   1411095.55145604   0
4845   -1275438.18724364   1411196.65259255   0
4846   -1275598.15195891   1411291.80633883   0
4847   -1275744.21782506   1411186.19877547   0
4848   -1275930.78804437   1411003.95353818   0
4849   -1275105.204001   1411607.2216535   0
4850   -1275068.63751731   1411499.32241376   0
4851   -1275178.22340243   1411514.3829177   0
4852   -1275479.32285597   1411684.33281489   0
4853   -1275360.46056782   1411520.62428001   0
4854   -1274990.8082992   1411505.01277858   0
4855   -1274918.14457351   1411568.66607281   0
4856   -1274905.57946874   1411490.64225427   0
4857   -1274874.24107575   1411399.59941052   0
4858   -1275024.60871453   1411443.52529776   0
4859   -1275025.3354124   1411348.34477747   0
4860   -1274971.48435443   1411466.44789758   0
4861   -1274945.16345474   1411485.09632435   0
4862   -1274950.34109616   1411541.59325441   0
4863   -1274987.51771056   1411541.53676929   0
4864   -1275042.8508585   1411594.36979327   0
4865   -1275011.67428725   1411587.94386316   0
4866   -1275038.78219623   1411547.1184455   0
4867   -1274907.4809383   1411529.28124195   0
4868   -1274886.96800226   1411562.2401427   0
4869   -1274872.70051034   1411519.79562815   0
4870   -1274793.43828852   1411542.96235235   0
4871   -1274852.94462635   1411466.56032031   0
4872   -1274874.86251842   1411488.01525882   0
4873   -1274835.06591477   1411503.47095213   0
4874   -1274799.57597329   1411505.74364723   0
4875   -1274755.01134316   1411474.85749936   0
4876   -1274783.54239405   1411416.86556225   0
4877   -1274781.41923239   1411456.43248362   0
4878   -1274749.22138814   1411440.88031403   0
4879   -1274705.06677617   1411489.30037165   0
4880   -1274662.81529123   1411459.69774382   0
4881   -1274679.04611451   1411483.92859329   0
4882   -1274723.09052472   1411464.06849486   0
4883   -1274734.49787078   1411498.81110637   0
4884   -1274762.26171727   1411536.53642224   0
4885   -1274768.47553606   1411502.67255017   0
4886   -1274824.98923576   1411432.95259589   0
4887   -1274862.99605783   1411434.29347654   0
4888   -1274906.39001645   1411425.38163528   0
4889   -1274918.99819196   1411361.31225811   0
4890   -1274924.9150989   1411462.45436614   0
4891   -1274888.64740814   1411458.22748808   0
4892   -1274803.80185498   1411375.43191538   0
4893   -1274863.28590772   1411301.30380351   0
4894   -1274834.03087837   1411397.72920161   0
4895   -1274851.49495191   1411354.2779907   0
4896   -1274931.12302818   1411510.94213252   0
4897   -1274959.59094317   1411511.0266568   0
4898   -1275011.28138824   1411562.38304587   0
4899   -1274676.19979606   1411330.45774952   0
4900   -1274726.53238001   1411238.15029406   0
4901   -1274817.52516264   1411250.90747062   0
4902   -1274699.3781169   1411145.46854258   0
4903   -1274727.63139753   1411298.93830477   0
4904   -1274672.43056107   1411269.39826948   0
4905   -1274615.65088997   1411300.5413713   0
4906   -1274553.63569255   1411278.77433713   0
4907   -1274473.3314426   1411304.69753784   0
4908   -1274656.08798109   1411301.3139002   0
4909   -1274620.4191506   1411362.31373951   0
4910   -1274638.89854208   1411328.68226833   0
4911   -1274675.39602121   1411390.97554338   0
4912   -1274728.37499175   1411359.62772584   0
4913   -1274695.43585994   1411359.81794984   0
4914   -1274661.20825627   1411360.05076147   0
4915   -1274709.69949471   1411329.33996543   0
4916   -1274743.26601701   1411328.08369393   0
4917   -1274691.66797376   1411300.22155293   0
4918   -1274707.03865513   1411269.81904752   0
4919   -1274527.40395558   1411329.66221763   0
4920   -1274498.21683583   1411341.29864614   0
4921   -1274536.2724491   1411369.1518057   0
4922   -1274519.02374824   1411297.2646944   0
4923   -1274568.84442373   1411221.23508638   0
4924   -1274593.71372697   1411255.77594078   0
4925   -1274635.2852597   1411267.45700217   0
4926   -1274622.32553001   1411234.14530085   0
4927   -1274661.8249736   1411226.90770117   0
4928   -1274693.60696618   1411240.27898493   0
4929   -1274706.77950461   1411200.24892341   0
4930   -1274663.26106128   1411185.12212853   0
4931   -1274509.75948411   1411159.61173318   0
4932   -1274753.02645745   1411274.30209524   0
4933   -1274758.97710494   1411211.41184735   0
4934   -1274538.27695515   1409978.47678896   0
4935   -1274745.2401924   1409948.7847179   0
4936   -1274875.72006812   1409983.37350413   0
4937   -1274983.32327157   1409912.61156934   0
4938   -1275011.46351036   1409790.6050137   0
4939   -1274914.43725637   1410117.85849738   0
4940   -1274908.09630315   1410269.00133425   0
4941   -1274828.60408953   1410426.85151491   0
4942   -1274933.48538701   1410031.18558069   0
4943   -1274991.88933413   1410096.74002962   0
4944   -1275069.87389085   1410091.83593959   0
4945   -1275121.63550239   1409994.58984596   0
4946   -1275022.05620665   1410191.86425132   0
4947   -1275025.76726773   1410074.66129248   0
4948   -1274994.35363681   1410054.71246097   0
4949   -1274977.96102858   1410020.85167586   0
4950   -1275014.35664461   1409964.42134154   0
4951   -1275006.25474545   1409997.33337059   0
4952   -1275049.00867614   1409999.51706514   0
4953   -1275090.55558544   1409901.18735636   0
4954   -1274963.48143573   1409976.43908911   0
4955   -1275073.76367006   1410043.43039251   0
4956   -1275116.92515408   1410070.15966858   0
4957   -1275205.96163264   1410062.51199811   0
4958   -1275039.81122081   1410050.4352069   0
4959   -1274960.55088598   1410067.27332806   0
4960   -1275110.9956524   1410109.80823359   0
4961   -1275142.14167012   1410207.87567851   0
4962   -1275124.68828115   1410142.09426447   0
4963   -1275201.37945027   1410170.67826326   0
4964   -1275235.17755301   1410290.07084001   0
4965   -1275263.15545455   1410392.21052937   0
4966   -1275270.06409681   1410579.44129652   0
4967   -1275329.03402062   1410329.25968142   0
4968   -1275411.37414079   1410337.82066541   0
4969   -1275452.11825802   1410409.36280865   0
4970   -1275451.71813917   1410365.60284491   0
4971   -1275459.13414006   1410318.72158252   0
4972   -1275510.27937234   1410278.74872355   0
4973   -1275604.89961217   1410222.66673428   0
4974   -1275594.4784193   1410336.84042505   0
4975   -1275498.5144917   1410311.15238602   0
4976   -1275461.88567142   1410262.49033697   0
4977   -1275542.71794068   1410321.72702469   0
4978   -1275563.98084932   1410270.19869673   0
4979   -1275617.00196051   1410290.01829524   0
4980   -1275690.12004613   1410344.89486504   0
4981   -1275639.25302337   1410329.2048543   0
4982   -1275676.9355792   1410286.06463367   0
4983   -1275774.08316367   1410329.07887122   0
4984   -1275861.72353878   1410484.69974955   0
4985   -1275630.34814086   1410388.87940659   0
4986   -1275585.73590604   1410384.11083951   0
4987   -1275531.77667684   1410426.99488595   0
4988   -1275559.81335182   1410495.24625722   0
4989   -1275520.13245421   1410603.0042762   0
4990   -1275533.64837895   1410376.76529636   0
4991   -1275499.57204704   1410393.58643092   0
4992   -1275488.32074525   1410437.19011072   0
4993   -1275619.75122909   1410358.86709229   0
4994   -1275427.9081548   1410187.02032814   0
4995   -1275360.7508141   1410174.40102447   0
4996   -1275304.00577972   1410104.52201681   0
4997   -1275377.46073157   1410049.76143866   0
4998   -1275347.03707361   1409883.15560796   0
4999   -1275275.55152912   1409730.49464048   0
5000   -1275452.8930232   1410049.84735956   0
5001   -1275321.36059162   1410241.6065496   0
5002   -1275480.10133639   1410141.84428308   0
5003   -1275250.08305556   1410232.77289275   0
5004   -1275282.70972583   1410276.85667724   0
5005   -1275467.76604141   1410291.51531379   0
5006   -1275433.8214211   1410285.98063236   0
5007   -1275426.93653313   1410250.35708346   0
5008   -1275384.67556224   1410207.89278141   0
5009   -1275396.60168455   1410234.96738489   0
5010   -1275460.78934047   1410224.50974443   0
5011   -1275493.66981178   1410245.74564574   0
5012   -1275424.83571448   1410313.77045761   0
5013   -1275388.34507674   1410311.24539123   0
5014   -1275340.69354753   1410275.39308658   0
5015   -1275369.94217754   1410284.22410177   0
5016   -1275355.97318891   1410313.51701415   0
5017   -1275370.96269489   1410347.56991148   0
5018   -1275329.00068867   1410375.32496351   0
5019   -1275297.90527176   1410439.36582261   0
5020   -1275374.46054018   1410492.92327706   0
5021   -1275294.44008602   1410345.98737491   0
5022   -1275237.77154433   1410348.99957263   0
5023   -1275160.69963984   1410318.27317877   0
5024   -1275343.87259937   1410353.91619641   0
5025   -1275309.26062168   1410302.3295933   0
5026   -1275403.1002871   1410285.5845409   0
5027   -1275352.93347725   1410219.13107402   0
5028   -1275313.01325253   1410194.64947529   0
5029   -1275483.51888193   1410369.61134989   0
5030   -1275508.31878241   1410415.47513166   0
5031   -1275611.66366386   1410316.9705305   0
5032   -1275523.70502207   1410340.59748772   0
5033   -1275566.72849675   1410352.04567855   0
5034   -1275560.50759581   1410454.52082094   0
5035   -1275561.36747477   1410412.95808489   0
5036   -1275441.37098971   1410340.33835656   0
5037   -1275413.93578929   1410392.3118874   0
5038   -1275398.05076223   1410363.00964916   0
5039   -1275426.34313651   1410364.18435329   0
5040   -1275072.36900467   1410151.44976934   0
5041   -1275027.74320284   1410127.28362358   0
5042   -1275043.03818476   1410104.10431973   0
5043   -1275081.52814568   1410123.26480141   0
5044   -1275099.1820723   1410164.78193633   0
5045   -1275079.9622939   1410203.70995798   0
5046   -1275092.38485651   1410397.24689586   0
5047   -1275113.68753269   1410466.42973464   0
5048   -1275196.79873544   1410498.94100151   0
5049   -1275165.98747703   1410606.60082498   0
5050   -1275035.73770891   1410319.11160676   0
5051   -1274658.56876586   1410070.55067485   0
5052   -1274643.44424115   1409988.22643781   0
5053   -1274643.66694787   1409884.42050096   0
5054   -1274180.82185916   1409887.21084107   0
5055   -1274245.01383487   1409792.56301001   0
5056   -1274245.4252553   1409659.75449985   0
5057   -1274323.72887866   1409581.87545151   0
5058   -1274334.73795785   1409669.60351263   0
5059   -1274277.78941196   1409725.18600843   0
5060   -1274404.06721296   1409775.23539957   0
5061   -1274314.52218434   1409792.48765491   0
5062   -1274277.10051935   1409770.58389136   0
5063   -1274211.80318928   1409732.1453755   0
5064   -1274166.06369351   1409662.77830826   0
5065   -1274167.84094716   1409702.4211204   0
5066   -1274180.77938098   1409746.95492617   0
5067   -1274156.73015368   1409820.95204044   0
5068   -1273918.41832233   1409837.11036369   0
5069   -1274049.17676557   1409918.92202318   0
5070   -1274078.74771709   1409773.44688746   0
5071   -1274041.70264099   1409658.52285158   0
5072   -1274208.39120564   1409768.39882615   0
5073   -1274203.68314083   1409823.37071721   0
5074   -1274261.13289763   1409857.65217686   0
5075   -1274272.36598478   1409997.88182296   0
5076   -1274221.50801027   1410159.56043774   0
5077   -1274282.84671535   1409926.77511221   0
5078   -1274407.63735301   1409982.22487997   0
5079   -1274204.48460186   1409945.6221463   0
5080   -1274142.75326675   1409956.26427491   0
5081   -1274200.72404359   1410011.97643786   0
5082   -1274280.65287014   1410074.90069748   0
5083   -1274309.46409843   1410148.2901143   0
5084   -1274267.68793863   1410235.7695927   0
5085   -1274182.39108963   1409790.55471327   0
5086   -1274148.69534937   1409776.79416882   0
5087   -1274216.68500591   1409797.85134668   0
5088   -1274099.27619222   1409545.5797118   0
5089   -1274037.82026158   1409380.90077322   0
5090   -1273901.12378223   1409400.71986823   0
5091   -1273703.7783949   1409542.94589944   0
5092   -1273875.47735519   1409641.89861759   0
5093   -1273850.9444663   1409218.71814197   0
5094   -1273595.87031472   1409127.13108497   0
5095   -1274207.51523193   1409675.78836918   0
5096   -1274241.85624548   1409703.4011644   0
5097   -1274201.32058953   1409706.64053395   0
5098   -1274242.19906355   1409751.83394709   0
5099   -1274326.56056216   1409978.57509132   0
5100   -1274289.97558072   1409962.70833238   0
5101   -1274365.7421649   1409914.23567111   0
5102   -1274469.70612362   1409884.88747555   0
5103   -1274361.57937702   1409961.57510618   0
5104   -1274319.25716716   1409927.49516496   0
5105   -1274346.25513838   1410029.50608808   0
5106   -1274472.77641316   1410046.59555271   0
5107   -1273847.24047043   1409480.08761999   0
5108   -1274213.30450288   1409860.98271061   0
5109   -1274183.67180216   1409850.21882713   0
5110   -1274128.40941061   1409854.13501311   0
5111   -1274157.49879587   1409863.6730663   0
5112   -1274142.62713629   1409901.86097044   0
5113   -1274235.52786923   1409833.15994004   0
5114   -1274244.83894778   1409904.21078738   0
5115   -1274252.04902469   1409943.52556725   0
5116   -1274209.34319841   1409899.11797435   0
5117   -1274238.67977992   1409875.23038668   0
5118   -1274276.68319717   1409891.37957429   0
5119   -1274292.99160328   1409859.25979705   0
5120   -1274276.10752922   1409821.28257202   0
5121   -1274320.47942734   1409832.34991884   0
5122   -1274371.4790429   1409842.54144172   0
5123   -1274205.77072983   1409597.79105805   0
5124   -1274270.17147583   1409585.72171579   0
5125   -1274302.28430354   1409521.05297135   0
5126   -1274254.87474408   1409388.76993138   0
5127   -1274264.09095591   1409482.5293302   0
5128   -1274164.01085928   1409440.09323777   0
5129   -1274215.6094314   1409447.68973448   0
5130   -1274222.59519322   1409488.91246924   0
5131   -1274166.22061936   1409522.14491843   0
5132   -1274199.02219271   1409516.12847573   0
5133   -1274199.90192267   1409553.13461384   0
5134   -1274146.85993826   1409580.54833535   0
5135   -1274178.05455246   1409580.29927541   0
5136   -1274166.59994668   1409617.42767078   0
5137   -1274103.006714   1409634.59846169   0
5138   -1274133.09324541   1409614.45665073   0
5139   -1274086.05548182   1409590.75644775   0
5140   -1274028.19384503   1409556.940691   0
5141   -1274118.10682549   1409580.44910714   0
5142   -1274202.82609564   1409638.69596582   0
5143   -1274162.56796214   1409552.12680399   0
5144   -1274132.43342059   1409538.1104263   0
5145   -1274098.72277332   1409475.49461584   0
5146   -1274132.76654469   1409496.23364297   0
5147   -1274234.36914451   1409568.96742977   0
5148   -1274266.05627713   1409539.67403337   0
5149   -1274176.00674654   1409487.15278795   0
5150   -1274189.65664151   1409368.34635121   0
5151   -1274109.87363892   1409404.25497357   0
5152   -1274348.48058757   1409439.43516249   0
5153   -1274326.16446228   1409348.14133879   0
5154   -1274315.36093616   1409223.10597015   0
5155   -1274210.59246609   1409179.43992066   0
5156   -1274086.42049816   1409089.05067508   0
5157   -1273930.45575585   1409085.84276085   0
5158   -1274299.2949459   1409148.34536177   0
5159   -1274404.89051311   1408989.53121034   0
5160   -1274255.31076331   1408871.00709186   0
5161   -1274252.17701825   1408732.20988902   0
5162   -1274349.98557043   1408669.09442789   0
5163   -1274379.76256414   1408547.16386229   0
5164   -1274286.87940054   1408460.82327182   0
5165   -1274130.93563161   1408483.21561644   0
5166   -1274036.43923015   1408315.98902369   0
5167   -1273876.61174465   1408307.68740314   0
5168   -1274212.20510148   1408381.12002544   0
5169   -1274209.42731824   1408262.30388071   0
5170   -1274319.06710105   1408201.84312271   0
5171   -1274346.05363215   1408771.12448415   0
5172   -1274279.91045964   1408792.66503026   0
5173   -1274364.09454549   1408852.13241701   0
5174   -1274313.88100389   1408962.58114379   0
5175   -1274308.75553127   1408840.5686104   0
5176   -1274302.09601784   1408905.82317904   0
5177   -1274290.35634848   1408873.48722202   0
5178   -1274178.46247671   1408809.20119942   0
5179   -1274143.23875071   1408933.8847817   0
5180   -1274372.80615535   1408278.67753593   0
5181   -1274278.20767669   1408276.66941771   0
5182   -1274370.86350973   1408217.73162003   0
5183   -1274357.75089908   1408164.91852959   0
5184   -1274257.95639447   1408067.04202559   0
5185   -1274334.31525649   1408239.80654417   0
5186   -1274325.78733325   1408279.09796226   0
5187   -1274144.41528412   1408604.92525425   0
5188   -1274271.27270264   1409190.6818317   0
5189   -1274275.34477457   1409258.32368298   0
5190   -1274210.33307243   1409241.1125101   0
5191   -1274159.67800428   1409304.53647495   0
5192   -1274117.93171099   1409205.18959806   0
5193   -1274164.49290517   1409210.19850201   0
5194   -1274200.71501944   1409210.80144822   0
5195   -1274234.86955082   1409210.17720469   0
5196   -1274256.22638744   1409226.92452781   0
5197   -1274171.71979023   1409248.69714969   0
5198   -1274107.92405442   1409263.00695664   0
5199   -1274139.85341699   1409273.13014951   0
5200   -1274131.45957941   1409238.4734027   0
5201   -1274150.84192752   1409137.43181617   0
5202   -1274160.5572003   1409069.01828098   0
5203   -1274091.74393191   1409004.60416122   0
5204   -1274006.83655803   1409035.76635892   0
5205   -1273999.05093371   1409133.76151596   0
5206   -1274036.70152231   1409091.24839897   0
5207   -1274063.74420746   1409143.63153366   0
5208   -1274022.44141476   1409188.80710076   0
5209   -1273952.1103288   1409188.85425687   0
5210   -1274035.08449587   1409157.39735618   0
5211   -1274075.41701765   1409181.46022337   0
5212   -1274104.29160347   1409155.07777324   0
5213   -1274086.69757253   1409123.65995024   0
5214   -1274135.16877807   1409176.39473386   0
5215   -1274173.80812237   1409172.39594807   0
5216   -1274195.17142758   1409112.32431987   0
5217   -1274200.08372232   1409067.4219241   0
5218   -1274202.91609506   1408993.76404625   0
5219   -1274270.2723735   1409006.2299039   0
5220   -1274353.91710297   1409029.41825278   0
5221   -1274406.19413077   1409084.53093176   0
5222   -1274535.2500135   1409138.83605924   0
5223   -1274527.99602757   1409261.9293584   0
5224   -1274228.11888806   1409026.10975582   0
5225   -1274265.29168082   1409041.83256562   0
5226   -1274303.2309289   1409031.0154928   0
5227   -1274329.38848829   1409089.56467665   0
5228   -1274276.01739279   1409078.55431784   0
5229   -1274248.34204298   1409122.02424229   0
5230   -1274258.31612498   1409154.40625519   0
5231   -1274240.30747306   1409178.59868094   0
5232   -1274225.43408736   1409147.15411983   0
5233   -1274191.76324959   1409146.08023638   0
5234   -1274229.9196875   1409097.43753602   0
5235   -1274279.17240118   1409113.3542824   0
5236   -1274358.91760034   1409143.55657949   0
5237   -1274239.16065598   1408986.85484646   0
5238   -1274207.8119757   1408921.21102566   0
5239   -1274264.64925275   1408936.32064762   0
5240   -1274268.40480992   1408971.67499328   0
5241   -1274220.91853028   1408960.00392607   0
5242   -1274247.68171577   1408903.53780391   0
5243   -1274206.54925707   1408874.36967055   0
5244   -1274236.68241916   1408829.59163615   0
5245   -1274271.34427667   1408837.05312878   0
5246   -1274201.99615392   1408836.1088267   0
5247   -1274152.34005563   1408843.24723167   0
5248   -1274074.43328955   1408889.9200893   0
5249   -1273951.51034836   1408850.94676589   0
5250   -1274034.98035238   1408803.00877681   0
5251   -1274038.46864384   1408725.74517789   0
5252   -1274091.42406435   1408666.15351209   0
5253   -1274076.25402622   1408610.77582386   0
5254   -1274055.07297103   1408522.7214197   0
5255   -1274045.9678723   1408422.94602521   0
5256   -1273950.05552888   1408380.54691458   0
5257   -1273982.67039059   1408440.55488831   0
5258   -1274005.04455595   1408397.89683087   0
5259   -1274049.31577877   1408364.81385255   0
5260   -1274121.79185689   1408315.73657458   0
5261   -1274120.73256179   1408392.82337338   0
5262   -1274074.98279167   1408394.29059682   0
5263   -1274096.2359626   1408444.79412905   0
5264   -1274053.5382771   1408475.302462   0
5265   -1273992.56445477   1408495.34463432   0
5266   -1274066.16438333   1408444.90714059   0
5267   -1274092.44000984   1408479.94234711   0
5268   -1274113.05216707   1408541.41785677   0
5269   -1274202.84427424   1408542.8302444   0
5270   -1274205.19185613   1408458.25754191   0
5271   -1274152.43864005   1408518.02507952   0
5272   -1274121.48186043   1408509.56485024   0
5273   -1274142.4115847   1408563.51474151   0
5274   -1274168.70025358   1408549.22568044   0
5275   -1274197.49734735   1408589.46021486   0
5276   -1274189.67483999   1408667.25798923   0
5277   -1274181.52459585   1408629.03687066   0
5278   -1274244.87741708   1408641.96724252   0
5279   -1274211.59501267   1408623.91615229   0
5280   -1274233.30284731   1408590.35008425   0
5281   -1274142.13996689   1408659.93249817   0
5282   -1274114.51600312   1408628.17245123   0
5283   -1274152.9647857   1408631.87671822   0
5284   -1274194.92721855   1408740.09284712   0
5285   -1274228.09305621   1408774.78179237   0
5286   -1274214.44693054   1408803.50858016   0
5287   -1274169.43623246   1408586.4787675   0
5288   -1274085.46420487   1408514.72379349   0
5289   -1274078.11928087   1408561.22067204   0
5290   -1274038.39189378   1408562.90920711   0
5291   -1273961.55321798   1408565.90654245   0
5292   -1274095.49036239   1408420.15948933   0
5293   -1274145.99508618   1408433.7512287   0
5294   -1274119.68716001   1408454.79995807   0
5295   -1274114.53835576   1408583.43544197   0
5296   -1274161.59985423   1408470.84122024   0
5297   -1274182.41868319   1408499.03550762   0
5298   -1274245.53193011   1408507.75143698   0
5299   -1274030.82181422   1408394.94739287   0
5300   -1274015.88388989   1408430.85874243   0
5301   -1274034.58329868   1408498.66820675   0
5302   -1274018.73503021   1408462.42382416   0
5303   -1274015.55585567   1408529.96637617   0
5304   -1273942.91833754   1408283.3414036   0
5305   -1274033.64306995   1408215.43626159   0
5306   -1273912.22130783   1408215.67117369   0
5307   -1274068.55364959   1408773.13782614   0
5308   -1274101.71015039   1408817.37966885   0
5309   -1274044.92253434   1408844.36422788   0
5310   -1274012.30921953   1408896.55334717   0
5311   -1273930.30882458   1408942.40737802   0
5312   -1274042.20573042   1408882.41607131   0
5313   -1274008.03726039   1408833.12864144   0
5314   -1273980.80486257   1408791.4916037   0
5315   -1273885.88808969   1408785.36605992   0
5316   -1274015.63390827   1408866.37612841   0
5317   -1274027.45678304   1408768.14472619   0
5318   -1274005.3932833   1408805.54603516   0
5319   -1273985.1914485   1408931.26283886   0
5320   -1274023.25906366   1408923.0029933   0
5321   -1274062.08856509   1408927.31804796   0
5322   -1274060.72716673   1408977.88308432   0
5323   -1274056.19322489   1409016.22410374   0
5324   -1274090.70044905   1409045.80503914   0
5325   -1274130.87720621   1409032.95372334   0
5326   -1274121.30791629   1409068.59884926   0
5327   -1274140.30773278   1408977.88906342   0
5328   -1274125.40641769   1409001.85904861   0
5329   -1274098.76640898   1408959.57980062   0
5330   -1274099.80787648   1408917.77063633   0
5331   -1274112.35834576   1408875.11998714   0
5332   -1274160.84692579   1408895.40896647   0
5333   -1274126.89128309   1408904.45050513   0
5334   -1274172.82291184   1409023.34480705   0
5335   -1274169.34465797   1408988.23654125   0
5336   -1274057.88518932   1409059.4792916   0
5337   -1274047.38382339   1408952.15569336   0
5338   -1273981.13811998   1408891.4719276   0
5339   -1274060.56030724   1408816.52907836   0
5340   -1274076.3475938   1408731.7739999   0
5341   -1274064.57177011   1408697.04650648   0
5342   -1274001.17406841   1408688.27188699   0
5343   -1274105.94359978   1408709.04005941   0
5344   -1274124.99293105   1408682.32777099   0
5345   -1274150.29203172   1408709.17505481   0
5346   -1274147.19225323   1408764.4725954   0
5347   -1274180.30068276   1408777.1489725   0
5348   -1274187.32387929   1408706.01687462   0
5349   -1274222.85807305   1408697.32318465   0
5350   -1274041.44355207   1409123.59780089   0
5351   -1274103.79116594   1409338.88533009   0
5352   -1274054.69752829   1409306.145312   0
5353   -1273956.81194493   1409341.73542786   0
5354   -1274064.3159155   1409245.57746154   0
5355   -1274078.76547408   1409271.77010964   0
5356   -1274106.3538656   1409297.64374233   0
5357   -1274040.18240826   1409264.77282848   0
5358   -1273998.7277816   1409295.19750552   0
5359   -1273929.99406049   1409274.34145231   0
5360   -1274053.13433973   1409216.15161598   0
5361   -1274089.49998931   1409224.67432418   0
5362   -1273770.25706237   1408212.48833412   0
5363   -1273588.91318932   1408104.47552616   0
5364   -1274644.2292875   1409161.52246002   0
5365   -1274760.43127446   1409058.34530814   0
5366   -1274792.23007152   1409213.35260956   0
5367   -1275029.24409301   1409268.06809108   0
5368   -1275072.63425171   1409040.31536374   0
5369   -1274919.9231807   1409156.15851941   0
5370   -1274926.07601922   1409028.09778367   0
5371   -1274236.44095817   1409257.34805392   0
5372   -1274289.53987708   1409304.13492167   0
5373   -1274199.5870052   1409279.1785829   0
5374   -1273793.28176806   1409106.82331775   0
5375   -1274240.98222071   1409615.65317402   0
5376   -1274289.35147371   1409632.87823427   0
5377   -1274284.40410076   1409680.83199426   0
5378   -1274709.39410012   1409546.79302728   0
5379   -1274726.96149115   1409437.13208232   0
5380   -1274734.75797608   1409329.59628311   0
5381   -1273944.62025031   1410674.130737   0
5382   -1273782.87467232   1410604.66902188   0
5383   -1273790.01308711   1410362.63508798   0
5384   -1273982.84743606   1411375.88816936   0
5385   -1275604.02914097   1411710.03653535   0
5386   -1275707.59409039   1411574.51291189   0
5387   -1275564.97566449   1411579.61050568   0
5388   -1275800.42672361   1411446.37271782   0
5389   -1274595.04581578   1406097.82271674   0
5390   -1274659.53368197   1406032.51581044   0
5391   -1274691.16316806   1405914.26299503   0
5392   -1274557.00699321   1405784.85673939   0
5393   -1274426.34321426   1405681.19613167   0
5394   -1274426.16923537   1405470.33942173   0
5395   -1274746.73003153   1406040.50299396   0
5396   -1274787.27980512   1406128.40343662   0
5397   -1274722.73524647   1406221.7555484   0
5398   -1276550.84665324   1408348.79439418   0
5399   -1276512.52406669   1408145.28423552   0
5400   -1276458.65838216   1407947.54645286   0
5401   -1276312.74356039   1408185.22127575   0
5402   -1276236.90176718   1408358.18696956   0
5403   -1275985.92696314   1408307.52709529   0
5404   -1275797.84884561   1408215.57936388   0
5405   -1276281.50226741   1407970.81983769   0
5406   -1276010.96341837   1407949.09596679   0
5407   -1276474.89331917   1408416.50172303   0
5408   -1274655.12597189   1407253.79748656   0
5409   -1274808.60028647   1407121.82768053   0
5410   -1274665.44893807   1406966.36379524   0
5411   -1276465.81663439   1406264.47989172   0
5412   -1276610.97843828   1406419.28068647   0
5413   -1274107.55372106   1411401.59188982   0
5414   -1274074.67050386   1411265.60953537   0
5415   -1273890.72300429   1411223.48246448   0
5416   -1276361.6980004   1409334.28534371   0
5417   -1274108.59896008   1406860.72980391   0
5418   -1274074.67831883   1406649.54487677   0
5419   -1273862.02518655   1406592.0583813   0
5420   -1276015.0536992   1408550.55075977   0
5421   -1275370.31407769   1404242.36059588   0
5422   -1277036.9587663   1408511.90290157   0
5423   -1277260.04364298   1408529.08121766   0
5424   -1277120.52157051   1408305.4390475   0
5425   -1276090.9346448   1410912.59811423   0
5426   -1276827.65624551   1408198.22373491   0
5427   -1273592.25658439   1406637.21503026   0
5428   -1273409.11656042   1406492.78236868   0
5429   -1274479.57787937   1406754.62761405   0
5430   -1274389.0579404   1406842.06658739   0
5431   -1274500.22574524   1406870.104709   0
5432   -1274949.38436697   1404598.82565226   0
5433   -1273710.70913668   1407166.26211226   0
5434   -1277024.43628408   1406813.76774543   0
5435   -1274894.78398973   1408381.90773689   0
5436   -1275718.45408834   1407168.56829737   0
5437   -1275637.4504799   1406376.30445798   0
5438   -1273314.93761261   1405926.69546536   0
5439   -1273517.7102646   1406141.19022284   0
5440   -1273581.6736313   1405827.45031866   0
5441   -1273485.14469152   1405123.11536786   0
5442   -1273688.91787164   1405541.32119605   0
5443   -1273827.12282981   1405248.76649034   0
5444   -1273541.88038449   1404855.25533535   0
5445   -1273957.58691083   1404790.61310219   0
5446   -1277121.69672207   1407256.13388693   0
5447   -1275877.85180714   1405313.90787914   0
5448   -1276537.09481111   1406013.77286577   0
5449   -1276737.45771753   1406003.13531   0
5450   -1276478.19352116   1405791.76418303   0
5451   -1274304.3596768   1406664.93599634   0
5452   -1274202.84472737   1406678.32804089   0
5453   -1274349.01478603   1406770.85087232   0
5454   -1274286.55631119   1406853.35030987   0
5455   -1274315.15298693   1406953.68027859   0
5456   -1274272.31669842   1407078.38299043   0
5457   -1277209.86581518   1405222.02175109   0
5458   -1274205.13819945   1406837.12668965   0
5459   -1274162.3670977   1406748.57145235   0
5460   -1274474.11001651   1406645.0119535   0
5461   -1274616.88876631   1409381.52948226   0
5462   -1273992.75718763   1408100.33285247   0
5463   -1274415.35616759   1409271.62824145   0
5464   -1274402.53070633   1408437.00913406   0
5465   -1274438.93880825   1408610.54021626   0
5466   -1274648.7188925   1408618.09295495   0
5467   -1275545.24631211   1409991.44389633   0
5468   -1275761.13875422   1410040.50024304   0
5469   -1275643.21617321   1409933.88607922   0
5470   -1275570.58768487   1409941.3515999   0
5471   -1275589.79435418   1409843.66612091   0
5472   -1275582.98701681   1409712.06422893   0
5473   -1275708.18987113   1409705.43449989   0
5474   -1275595.01060004   1409564.0073035   0
5475   -1275596.70341707   1409903.52953434   0
5476   -1275605.48082932   1409938.0143354   0
5477   -1275641.73241434   1410038.95105696   0
5478   -1275601.12208069   1409977.97698105   0
5479   -1275471.05715956   1411382.12928781   0
5480   -1274755.93538609   1410968.67380506   0
5481   -1274833.39172241   1411042.93355881   0
5482   -1274727.25973582   1411060.74380492   0
5483   -1274630.3110409   1408821.7248718   0
5484   -1274206.21456829   1402942.68879484   0
5485   -1274704.45761589   1403020.05382432   0
5486   -1274008.17864904   1404212.2911552   0
5487   -1274873.08732719   1405623.61090547   0
5488   -1275110.01923694   1405597.4452099   0
5489   -1276372.88237026   1408632.12189068   0
5490   -1276483.01913041   1408703.48297921   0
5491   -1276630.70795277   1408837.78671745   0
5492   -1276598.19435061   1409028.00623972   0
5493   -1274691.76684802   1407871.9305128   0
5494   -1274672.25938733   1407808.87449905   0
5495   -1274804.28328358   1407767.20519822   0
5496   -1274729.50772172   1407810.92517114   0
5497   -1273230.29231759   1410993.6392583   0
5498   -1272985.19715612   1411170.25840567   0
5499   -1272907.29174833   1410934.46979734   0
5500   -1274300.35084757   1402495.76271561   0
5501   -1274634.9771308   1403515.73287388   0
5502   -1276107.04347182   1409297.53591865   0
5503   -1274656.90313633   1408233.43352379   0
5504   -1277008.15401629   1405740.90254805   0
5505   -1276900.93776456   1405914.52844622   0
5506   -1277131.37631587   1405895.56453592   0
5507   -1273995.5958204   1411157.86327866   0
5508   -1273926.96808139   1410528.13785279   0
5509   -1274018.61780518   1410326.97599264   0
5510   -1273102.93103523   1410843.53728145   0
5511   -1274186.48660083   1410452.0299565   0
5512   -1275060.03713594   1406701.04479542   0
5513   -1274329.03077082   1403650.70981925   0
5514   -1274876.34968619   1406393.77005029   0
5515   -1274921.46265705   1406561.28886223   0
5516   -1273075.08590006   1407991.96881866   0
5517   -1276958.58930999   1405072.40200348   0
5518   -1277087.69315572   1404969.10553071   0
5519   -1276914.56814202   1404904.92488375   0
5520   -1275948.07891725   1407383.2042264   0
5521   -1276007.81432699   1407129.35959179   0
5522   -1275632.21206846   1406866.505672   0
5523   -1275512.8654231   1407037.7172998   0
5524   -1275523.54983299   1407282.54362732   0
5525   -1275677.05191007   1407370.76183749   0
5526   -1275829.15084832   1407260.70134716   0
5527   -1275846.17467868   1407128.7091592   0
5528   -1274928.76410765   1404454.28131267   0
5529   -1273587.27158318   1410336.20754043   0
5530   -1273727.91741836   1410100.43564912   0
5531   -1273597.49661935   1409941.06378498   0
5532   -1273428.40899855   1405390.97540036   0
5533   -1273701.78009766   1408996.82686207   0
5534   -1273524.7169858   1408887.53369673   0
5535   -1273857.72875044   1409005.57095838   0
5536   -1274325.47239941   1405085.19954445   0
5537   -1274118.88746195   1405236.2363617   0
5538   -1275817.51520603   1406618.9935614   0
5539   -1273007.29001917   1410722.19108901   0
5540   -1275412.88742015   1405501.57956648   0
5541   -1276076.50206912   1410707.0023289   0
5542   -1275974.81891578   1410598.9329241   0
5543   -1275609.69554217   1406678.82049286   0
5544   -1273564.88385471   1410193.52003001   0
5545   -1273594.68733475   1410069.97773599   0
5546   -1273710.87587982   1410245.67824042   0
5547   -1275973.48138098   1410399.26600214   0
5548   -1273663.8928668   1410688.12867532   0
5549   -1275562.30920869   1405639.60076564   0
5550   -1275629.42528188   1405867.97176072   0
5551   -1275519.58711366   1406060.79952442   0
5552   -1275294.74511429   1405974.55725683   0
5553   -1276903.3107004   1404781.40147302   0
5554   -1274898.72001319   1405799.4918549   0
5555   -1275008.08411455   1405670.64086118   0
5556   -1275868.33389769   1411129.9491451   0
5557   -1274749.94797823   1405328.10513938   0
5558   -1274850.98825858   1405392.85502707   0
5559   -1274831.85318687   1405513.38844367   0
5560   -1274600.07097466   1405369.22908425   0
5561   -1274814.53425599   1405205.61668763   0
5562   -1276101.07274828   1408436.01928474   0
5563   -1273554.75661912   1406784.23682849   0
5564   -1273543.68383334   1406966.47095236   0
5565   -1273494.47457058   1407158.85673164   0
5566   -1273321.92063531   1407292.28960417   0
5567   -1272974.52345479   1407533.85566038   0
5568   -1273163.25682584   1407451.05510983   0
5569   -1273123.49430756   1407653.89983646   0
5570   -1273054.41869998   1407823.63140153   0
5571   -1272946.1556083   1407667.78567663   0
5572   -1276485.1839921   1406144.54097124   0
5573   -1276657.16311237   1407942.63148295   0
5574   -1275085.94622617   1411096.20458426   0
5575   -1275175.41223523   1411108.55119834   0
5576   -1275230.07239414   1411211.21583158   0
5577   -1275327.49492853   1411215.00562568   0
5578   -1275030.71193388   1411190.29765855   0
5579   -1273545.28082954   1410897.53235636   0
5580   -1273613.43650357   1411018.49078937   0
5581   -1273406.89324488   1410844.74544706   0
5582   -1273425.17733829   1410716.55078044   0
5583   -1273521.76621719   1410632.77056258   0
5584   -1273493.86963467   1410476.30135987   0
5585   -1273481.77224598   1411106.96480652   0
5586   -1274672.12468709   1402572.63422477   0
5587   -1274881.91581042   1407544.86080842   0
5588   -1275022.11802288   1407528.21957134   0
5589   -1274786.32095756   1407651.41120704   0
5590   -1276569.24093469   1405032.70066382   0
5591   -1276635.42031122   1404937.87208394   0
5592   -1276656.3333455   1405011.58555499   0
5593   -1276711.21984697   1405071.64763115   0
5594   -1274506.67067402   1402797.86829955   0
5595   -1274297.70863246   1404749.39753207   0
5596   -1276357.35568401   1405007.36121959   0
5597   -1275448.36741312   1407497.22002211   0
5598   -1274922.17536663   1408105.73111669   0
5599   -1275096.67396362   1408060.15662853   0
5600   -1275170.15271699   1407862.27930878   0
5601   -1275244.80763721   1408199.571577   0
5602   -1275301.02997416   1407728.02708366   0
5603   -1276341.78690576   1404808.6473451   0
5604   -1276215.09421506   1404715.1361937   0
5605   -1276191.94041845   1404569.2382831   0
5606   -1276012.83352261   1404521.48598558   0
5607   -1275813.39697561   1404650.00276469   0
5608   -1275933.42556345   1404801.59351403   0
5609   -1275539.1746557   1404762.69546828   0
5610   -1276176.36547204   1404858.14390317   0
5611   -1275557.55696883   1404997.80564425   0
5612   -1275416.44256748   1405122.60876752   0
5613   -1275952.43221423   1405002.48123928   0
5614   -1276380.46613095   1404515.89477983   0
5615   -1277085.21368921   1404055.77017841   0
5616   -1277147.29745252   1404042.206103   0
5617   -1276883.2041456   1404176.70489766   0
5618   -1276600.49140309   1404038.9934754   0
5619   -1277363.84802124   1403447.61638233   0
5620   -1277292.78677321   1403476.32811364   0
5621   -1276853.2524195   1404138.85518043   0
5622   -1276135.13214771   1403677.52167414   0
5623   -1277434.18739054   1403594.78440147   0
5624   -1277375.24262714   1403601.74498655   0
5625   -1277419.76955148   1403566.83482593   0
5626   -1277514.71236899   1403652.71825909   0
5627   -1275662.35852407   1405457.89898824   0
5628   -1273916.72645195   1411073.54343591   0
5629   -1275855.61944788   1407808.6521093   0
5630   -1275663.48957093   1407774.59639238   0
5631   -1275847.24219026   1407593.01875463   0
5632   -1276060.84123201   1407521.4609409   0
5633   -1276269.61758101   1407529.49009713   0
5634   -1276488.85450371   1407319.71163441   0
5635   -1276525.97601593   1407009.20527068   0
5636   -1276250.66918168   1406886.035201   0
5637   -1275502.14307675   1407954.27313342   0
5638   -1276435.54485589   1403412.62223678   0
5639   -1276389.37225079   1403440.84393163   0
5640   -1276630.00974476   1403222.03481425   0
5641   -1276654.23286167   1403343.20768876   0
5642   -1276661.18319097   1403265.38453702   0
5643   -1276765.91868399   1403297.1941628   0
5644   -1276703.51889556   1403301.60015569   0
5645   -1276720.10729533   1403386.42123339   0
5646   -1276637.32612802   1403182.9777159   0
5647   -1276664.91669996   1403203.60778586   0
5648   -1276655.49597701   1403241.07732233   0
5649   -1276609.21082879   1403197.72078518   0
5650   -1276599.29981706   1403242.67185764   0
5651   -1276605.34350428   1403306.44978495   0
5652   -1276603.1613185   1403165.45594833   0
5653   -1276534.84859983   1403148.29132989   0
5654   -1276472.019289   1403133.07531868   0
5655   -1276547.36517339   1403179.76241345   0
5656   -1276549.61864925   1403221.63690704   0
5657   -1276585.07815806   1403214.83190338   0
5658   -1277068.42450377   1404111.54160883   0
5659   -1277195.9221277   1404098.12203804   0
5660   -1277171.56401908   1404070.99986166   0
5661   -1277208.99397945   1404062.40201712   0
5662   -1277114.06770682   1404164.19049908   0
5663   -1277175.14943971   1404176.94893951   0
5664   -1277238.23010597   1404192.1992547   0
5665   -1277209.09617706   1404228.80730748   0
5666   -1277177.76739715   1404244.22154591   0
5667   -1277149.33574086   1404260.93573623   0
5668   -1277152.5364004   1404293.58559093   0
5669   -1277135.36732966   1404229.45402656   0
5670   -1277135.21514204   1404192.77525305   0
5671   -1277202.5404621   1404196.28754144   0
5672   -1277236.02300577   1404252.64128819   0
5673   -1277208.93069221   1404272.20151667   0
5674   -1277248.17368102   1404156.16072467   0
5675   -1277220.89605136   1404126.2618129   0
5676   -1277231.91605825   1404090.69416038   0
5677   -1277309.95567625   1404193.75259916   0
5678   -1277276.12524858   1404208.46785169   0
5679   -1277319.96488138   1404307.20237944   0
5680   -1277349.2814976   1404333.77954544   0
5681   -1277363.69361989   1404377.03365929   0
5682   -1277379.56445084   1404406.59806448   0
5683   -1277386.95369105   1404349.43821194   0
5684   -1277420.58704339   1404335.95256357   0
5685   -1277428.69485046   1404284.59931113   0
5686   -1277445.55134451   1404311.29673392   0
5687   -1277456.39158058   1404280.78499197   0
5688   -1277480.64613334   1404309.05960626   0
5689   -1277414.09921351   1404307.43593356   0
5690   -1277435.1175583   1404364.12242658   0
5691   -1277308.38149593   1404336.42606267   0
5692   -1277276.83469868   1404302.03236775   0
5693   -1277236.86998462   1404329.66532505   0
5694   -1277215.46902778   1404303.62720755   0
5695   -1277354.4311514   1404288.85840625   0
5696   -1277391.77274983   1404272.51486801   0
5697   -1277261.26265474   1404422.02708039   0
5698   -1276981.2145874   1404140.27552303   0
5699   -1276980.21010687   1404070.3152317   0
5700   -1276541.30385742   1404193.25339471   0
5701   -1276681.60128596   1404195.3130676   0
5702   -1277430.06903467   1403412.60673036   0
5703   -1277401.47286316   1403392.54952248   0
5704   -1277371.42549044   1403408.52724187   0
5705   -1276747.86195772   1403001.83348426   0
5706   -1276714.08511318   1403045.53054607   0
5707   -1276219.5477189   1403047.28982331   0
5708   -1277140.68013599   1404005.27403456   0
5709   -1277328.35291043   1404224.16805115   0
5710   -1277164.00479416   1404114.41894532   0
5711   -1277185.22671192   1404141.18682114   0
5712   -1276504.23107702   1404224.78991726   0
5713   -1277479.15027729   1403415.00741487   0
5714   -1277464.32971603   1403389.65769065   0
5715   -1276428.1481325   1403027.86648038   0
5716   -1277311.62959655   1404276.8792043   0
5717   -1276670.41982995   1403304.62084042   0
5718   -1276940.87955249   1404082.53671392   0
5719   -1277379.96789857   1403330.42779927   0
5720   -1277318.7666441   1403341.02491255   0
5721   -1276557.08022402   1403082.06115458   0
5722   -1276795.67521896   1403993.23905012   0
5723   -1277086.52452945   1404024.20773268   0
5724   -1277123.22208204   1404124.67529866   0
5725   -1277422.82837135   1404202.74309482   0
5726   -1277493.26254978   1404214.62554344   0
5727   -1277453.88484068   1404197.48459277   0
5728   -1277210.33173206   1404393.79549233   0
5729   -1277370.81913332   1404716.12375022   0
5730   -1277335.3259985   1404744.86129476   0
5731   -1277299.99847951   1404739.29850341   0
5732   -1277318.97619216   1404778.34885373   0
5733   -1277441.75411887   1404430.78307985   0
5734   -1277413.28081438   1404413.44202948   0
5735   -1277444.71863279   1404391.84181916   0
5736   -1277480.61365983   1404366.29287734   0
5737   -1277520.84417415   1404343.96691085   0
5738   -1277532.03402024   1404391.0803095   0
5739   -1277569.59134634   1404427.12987661   0
5740   -1277579.13928118   1404499.32997626   0
5741   -1277610.99350824   1404448.53322281   0
5742   -1277627.14812358   1404482.38432665   0
5743   -1277669.81783166   1404476.30772259   0
5744   -1277712.24519568   1404505.40493997   0
5745   -1277658.10626477   1404516.87330551   0
5746   -1277628.08428806   1404527.15062871   0
5747   -1277676.24399618   1404439.87164739   0
5748   -1277654.39214091   1404418.89829997   0
5749   -1278030.92073035   1404560.63351233   0
5750   -1278778.00796541   1403818.5761611   0
5751   -1278905.11728271   1403664.01083081   0
5752   -1278923.96190351   1403792.47964095   0
5753   -1278984.2443835   1403892.52042522   0
5754   -1279110.92573178   1403899.6155888   0
5755   -1279045.87203436   1403938.77165949   0
5756   -1278980.03070407   1403942.10557534   0
5757   -1278907.7739812   1404021.47765778   0
5758   -1278768.4777155   1404062.54374583   0
5759   -1278818.90631296   1404150.1418888   0
5760   -1278686.11846149   1404205.74118963   0
5761   -1279036.41592862   1403867.13048511   0
5762   -1278995.00695976   1403803.04251717   0
5763   -1279102.92572634   1403817.39940866   0
5764   -1278967.44966146   1403733.27899309   0
5765   -1279032.2059391   1403588.51862625   0
5766   -1279114.47322965   1403567.69401054   0
5767   -1279195.37306787   1403507.90425292   0
5768   -1279090.89874294   1403652.29999048   0
5769   -1278705.31247559   1404109.73418627   0
5770   -1278761.63692177   1403418.22082556   0
5771   -1278790.97620716   1403910.9119928   0
5772   -1278828.27473886   1403993.42911224   0
5773   -1277850.94780617   1403547.36938789   0
5774   -1277800.11505319   1403458.96124531   0
5775   -1277855.73609998   1403365.77963482   0
5776   -1277959.37270373   1403363.50497019   0
5777   -1277894.16462956   1403238.85397085   0
5778   -1277716.79902827   1403468.72474813   0
5779   -1277944.19564432   1403531.71759134   0
5780   -1277984.23352455   1403459.83827285   0
5781   -1277906.28413652   1403585.39820164   0
5782   -1277890.91292054   1403637.4357936   0
5783   -1277460.98648396   1405059.90270065   0
5784   -1277436.62797673   1405118.88381488   0
5785   -1277470.7308141   1405101.440616   0
5786   -1277521.83956373   1405079.89986958   0
5787   -1278281.96760128   1404669.25349841   0
5788   -1278417.84525034   1404732.43105738   0
5789   -1278506.91102356   1404668.73290433   0
5790   -1278526.03538545   1404751.26660352   0
5791   -1278607.27208999   1404785.41471531   0
5792   -1278567.31155621   1404824.24003919   0
5793   -1278527.47415404   1404795.26063142   0
5794   -1278468.07015419   1404790.57259144   0
5795   -1278372.29639728   1404815.20198457   0
5796   -1278287.88158198   1404930.65836696   0
5797   -1278568.03786595   1404780.36453035   0
5798   -1278587.69743872   1404745.58765057   0
5799   -1278660.31269349   1404746.06535838   0
5800   -1278660.10343958   1404807.61657776   0
5801   -1278657.23222871   1404875.10217952   0
5802   -1278632.67126212   1404822.77652046   0
5803   -1278642.13217037   1404782.07838706   0
5804   -1278625.74671837   1404752.80751482   0
5805   -1278712.87041211   1404759.7342386   0
5806   -1278674.92823295   1404774.42942356   0
5807   -1278674.4267115   1404831.68566142   0
5808   -1278703.26941828   1404803.84396135   0
5809   -1278597.13443849   1404817.05456001   0
5810   -1278644.68106694   1404703.25767387   0
5811   -1278536.34474677   1404831.40545112   0
5812   -1278551.01073175   1404883.10934937   0
5813   -1278152.55756043   1403669.7497191   0
5814   -1278132.44586899   1403728.59316172   0
5815   -1278024.31063344   1403778.43186058   0
5816   -1277960.36737749   1403715.43756771   0
5817   -1277928.65471004   1403780.40619581   0
5818   -1278006.92846093   1403646.54016464   0
5819   -1278005.88393237   1403599.6964546   0
5820   -1278060.58182394   1403607.03871403   0
5821   -1278099.24190057   1403644.68865647   0
5822   -1278110.49789429   1403678.77761434   0
5823   -1278084.88163952   1403714.66427123   0
5824   -1278080.3139022   1403764.17355275   0
5825   -1278139.47641904   1403628.34357683   0
5826   -1278199.14446719   1403613.03532828   0
5827   -1278125.06937856   1403509.06624023   0
5828   -1278187.25153459   1403545.6677548   0
5829   -1278135.58925429   1403547.0797239   0
5830   -1278095.89196947   1403576.10048851   0
5831   -1278106.1327899   1403541.79205358   0
5832   -1278067.94120602   1403486.31905143   0
5833   -1278026.639585   1403498.57222301   0
5834   -1277994.22019098   1403539.31031697   0
5835   -1278091.25865696   1403514.77435602   0
5836   -1278107.39715979   1403465.07383685   0
5837   -1278154.76633563   1403472.09020105   0
5838   -1278201.19401446   1403380.64485757   0
5839   -1278126.56618847   1403407.07252358   0
5840   -1278072.36296749   1403552.62133642   0
5841   -1277963.53326909   1403574.65864437   0
5842   -1278154.26118765   1403513.78475793   0
5843   -1278122.49307593   1403572.56019504   0
5844   -1278103.25971933   1403608.20605967   0
5845   -1277956.56392896   1404618.51334306   0
5846   -1277891.19563116   1404580.12373007   0
5847   -1277962.24226814   1404541.32450105   0
5848   -1277902.25535565   1404522.70932525   0
5849   -1278398.62178995   1404466.65577323   0
5850   -1278484.82389905   1404402.09427946   0
5851   -1278501.63470721   1404318.18672157   0
5852   -1278468.71457569   1404219.18406535   0
5853   -1278531.00526223   1404142.73365886   0
5854   -1278594.05683056   1404342.04321819   0
5855   -1278657.59673298   1404290.39634988   0
5856   -1278732.28102788   1404303.35919007   0
5857   -1278733.9633111   1404369.35738372   0
5858   -1278705.93075584   1404409.41903477   0
5859   -1278691.57952564   1404338.69473852   0
5860   -1278790.87571789   1404339.88690376   0
5861   -1278099.57738106   1404321.29754348   0
5862   -1276991.63389801   1403921.52228298   0
5863   -1277049.1564611   1403849.93548472   0
5864   -1278549.87254108   1404303.8658043   0
5865   -1278506.36050068   1404271.51921304   0
5866   -1278538.70541816   1404277.31757688   0
5867   -1278537.71819189   1404198.34089967   0
5868   -1278595.17713458   1404298.07177584   0
5869   -1278569.17002826   1404286.63683895   0
5870   -1278611.33855702   1404229.1484606   0
5871   -1278540.51503415   1404355.16371617   0
5872   -1278503.74408358   1404362.72138646   0
5873   -1278448.38298802   1404370.59557436   0
5874   -1278385.18210508   1404406.04284825   0
5875   -1278312.39408621   1404319.47151749   0
5876   -1278367.17245265   1404212.2208135   0
5877   -1278463.61605405   1404318.51620514   0
5878   -1278436.25646155   1404273.27246071   0
5879   -1278474.38631864   1404348.56593258   0
5880   -1278528.71831436   1404321.13687156   0
5881   -1278592.95986105   1404267.58399258   0
5882   -1277935.93691476   1404581.13812591   0
5883   -1278026.1496347   1403566.08745237   0
5884   -1278052.27398759   1403648.88967556   0
5885   -1277823.42390555   1403699.62677504   0
5886   -1276998.36216286   1403883.9903675   0
5887   -1277774.0813671   1405133.18519268   0
5888   -1276438.07180141   1404822.18777683   0
5889   -1275596.00264978   1407141.20766132   0
5890   -1275657.5597797   1407253.17358688   0
5891   -1278262.52643874   1405547.33237256   0
5892   -1278247.1951539   1405584.84423852   0
5893   -1278279.00244532   1405581.83225613   0
5894   -1278229.75760626   1405524.19354036   0
5895   -1278153.42945543   1405540.18203639   0
5896   -1278037.45165621   1405500.93118274   0
5897   -1278261.07051501   1405466.96362048   0
5898   -1278260.18436753   1405503.03956512   0
5899   -1278243.39421269   1405415.49921169   0
5900   -1278919.65664211   1405785.91096987   0
5901   -1278665.69691131   1404535.21597589   0
5902   -1278620.06228607   1404463.56597618   0
5903   -1278500.57084249   1407131.22075145   0
5904   -1278453.72062667   1407079.65746809   0
5905   -1278574.93811269   1407110.11525944   0
5906   -1278266.18687691   1406506.02782199   0
5907   -1278270.14938259   1406435.99327135   0
5908   -1278322.33586812   1406562.29294463   0
5909   -1278313.00245778   1406630.04187662   0
5910   -1277473.53400559   1405821.97770521   0
5911   -1277430.19341027   1405529.02982266   0
5912   -1278692.81634771   1404483.33605856   0
5913   -1278693.11195199   1406967.22684358   0
5914   -1278766.93876145   1406908.25005319   0
5915   -1278825.2914958   1406948.85043836   0
5916   -1278706.17655871   1407050.44746178   0
5917   -1278764.87601899   1407073.19533595   0
5918   -1278723.28459223   1407129.38371155   0
5919   -1278686.20446555   1407168.08739548   0
5920   -1278737.48453571   1407184.90724732   0
5921   -1278785.41962755   1407178.28859062   0
5922   -1278847.48590931   1407159.32254477   0
5923   -1278834.53118994   1407249.4712996   0
5924   -1278706.48253219   1407198.1429908   0
5925   -1278669.33430758   1407206.67094724   0
5926   -1278669.69068314   1407251.28830407   0
5927   -1278649.87956927   1407288.52827662   0
5928   -1278610.44333262   1407264.12362689   0
5929   -1278551.48340325   1407285.4021329   0
5930   -1278498.43320028   1407248.81379325   0
5931   -1278758.1359351   1407109.12654358   0
5932   -1277925.61835516   1405417.64960521   0
5933   -1277920.00550193   1405325.64777999   0
5934   -1279170.80007926   1405259.93424033   0
5935   -1279128.05992434   1405370.19835454   0
5936   -1279204.33375553   1405533.69846676   0
5937   -1278976.68050311   1405354.40563726   0
5938   -1279053.89437656   1405505.83398038   0
5939   -1278950.70129644   1405472.58509652   0
5940   -1276688.51944802   1404518.48343455   0
5941   -1278938.58489343   1404951.0692648   0
5942   -1277758.14653353   1406889.89378155   0
5943   -1277548.39011878   1406933.97886698   0
5944   -1277503.75728301   1406665.11764554   0
5945   -1277490.40741792   1405496.97402379   0
5946   -1277564.67072673   1405492.31696378   0
5947   -1280070.43051451   1404836.92023114   0
5948   -1280135.17897567   1404794.61653993   0
5949   -1280289.53497046   1404727.83198881   0
5950   -1280454.50004194   1404706.82118732   0
5951   -1280585.85506727   1404628.44307304   0
5952   -1280537.44877283   1404725.40977494   0
5953   -1280493.50846336   1404830.4994581   0
5954   -1280451.60686343   1404948.31298667   0
5955   -1280436.05955481   1404874.12929521   0
5956   -1280424.32621158   1404806.70426722   0
5957   -1280362.14197317   1404747.51919955   0
5958   -1280350.37314272   1404605.54478946   0
5959   -1280313.83511567   1404442.95079498   0
5960   -1280160.96617743   1404447.14314947   0
5961   -1280174.62101326   1404302.25162443   0
5962   -1280266.5919935   1404114.43692814   0
5963   -1280053.46816011   1404184.91446364   0
5964   -1279891.71543288   1404230.19704531   0
5965   -1279913.37601042   1404420.97566117   0
5966   -1280384.57040822   1404664.8693612   0
5967   -1280428.58305256   1404604.000517   0
5968   -1280381.38992631   1404514.31522298   0
5969   -1280416.62357089   1404401.86904149   0
5970   -1280490.99556963   1404232.24086723   0
5971   -1280585.93157784   1404382.94614166   0
5972   -1280605.57321339   1404508.00836473   0
5973   -1280740.99227418   1404399.67198605   0
5974   -1280827.27142358   1404509.96533261   0
5975   -1280868.49673627   1404387.22408831   0
5976   -1281058.40765538   1404339.01169666   0
5977   -1280966.95475398   1404238.52710995   0
5978   -1280793.79756906   1404258.19379327   0
5979   -1281122.0870122   1404519.89291316   0
5980   -1281219.99331226   1404388.45996003   0
5981   -1280660.80855738   1404429.78723272   0
5982   -1280677.99165498   1404322.17124888   0
5983   -1280582.48857277   1404288.16881335   0
5984   -1280571.09944273   1404178.1396191   0
5985   -1280558.35579005   1404056.24393443   0
5986   -1280569.99350609   1403980.09091041   0
5987   -1280619.21017795   1403905.78285334   0
5988   -1280716.01530475   1403918.01937887   0
5989   -1280765.19121535   1404001.25944713   0
5990   -1280701.83823548   1404102.22175847   0
5991   -1280645.42963233   1404153.89321425   0
5992   -1280603.28920417   1404117.4472217   0
5993   -1280530.55416579   1404124.72554048   0
5994   -1280562.75847837   1404139.86026845   0
5995   -1280568.49453278   1404104.41877714   0
5996   -1280639.9538877   1404055.89321074   0
5997   -1280706.50010503   1404038.49996285   0
5998   -1280676.87016375   1404065.84153067   0
5999   -1280644.05260435   1404113.18937421   0
6000   -1280649.33424148   1404081.07675842   0
6001   -1280663.01931163   1404029.21856688   0
6002   -1280610.06653296   1404077.32644719   0
6003   -1280765.95942689   1403926.22822139   0
6004   -1280544.93809074   1404222.23693347   0
6005   -1280517.74036709   1404283.39679901   0
6006   -1280447.38927831   1404303.26705229   0
6007   -1280389.93395387   1404217.19345259   0
6008   -1280497.99156969   1404357.46482036   0
6009   -1280521.35170095   1404449.96428468   0
6010   -1280288.76270782   1404206.68978295   0
6011   -1280182.97111932   1404188.17543746   0
6012   -1280356.52498016   1404139.66175208   0
6013   -1280339.77910706   1404015.53211011   0
6014   -1280439.70992469   1404138.2154503   0
6015   -1280334.33289889   1404252.75718493   0
6016   -1280393.12021312   1404280.22931953   0
6017   -1280290.4915516   1404256.87576969   0
6018   -1280246.14550968   1404349.10213899   0
6019   -1280285.35640187   1404312.63990001   0
6020   -1280330.533664   1404375.50385345   0
6021   -1280310.32560675   1404335.04341505   0
6022   -1280378.38296736   1404337.39966664   0
6023   -1280287.04438908   1404367.95739348   0
6024   -1280226.83175225   1404440.16186012   0
6025   -1280254.20053865   1404392.91041117   0
6026   -1280197.19609265   1404367.2256014   0
6027   -1280117.231071   1404365.97606221   0
6028   -1280041.58900338   1404487.48056471   0
6029   -1280279.93042831   1404339.89247058   0
6030   -1280303.65490015   1404288.93427685   0
6031   -1280228.40138126   1404307.28807113   0
6032   -1280211.96413387   1404238.52864302   0
6033   -1280264.30708247   1404287.63257419   0
6034   -1280240.40431865   1404266.37611433   0
6035   -1280256.71088634   1404231.46556144   0
6036   -1280249.18076711   1404183.15483724   0
6037   -1280206.17327578   1404127.82140428   0
6038   -1280215.04884184   1404016.16714861   0
6039   -1280248.80699755   1404148.53834483   0
6040   -1280291.76969188   1404160.68657587   0
6041   -1280331.29657553   1404186.34441085   0
6042   -1280323.48208763   1404156.37147061   0
6043   -1280316.56401387   1404117.05348221   0
6044   -1280360.23170385   1404092.14107158   0
6045   -1280305.68950893   1404066.61767815   0
6046   -1280397.97099269   1404035.13338869   0
6047   -1280447.69096346   1403948.57581915   0
6048   -1280409.50047172   1404098.00562364   0
6049   -1280322.53999269   1404218.30276161   0
6050   -1280424.42279849   1404057.22665338   0
6051   -1280215.81461065   1404167.39883691   0
6052   -1280133.5213205   1404129.88192315   0
6053   -1280255.88929422   1404320.57286362   0
6054   -1280440.84459142   1404251.56297563   0
6055   -1280445.16790854   1404193.63695784   0
6056   -1280495.83369785   1404170.98400207   0
6057   -1280482.75751979   1404109.83728255   0
6058   -1280504.72602761   1404141.50941324   0
6059   -1280422.50950646   1404219.0287154   0
6060   -1280401.96343978   1404247.37087227   0
6061   -1280370.73872312   1404250.9424322   0
6062   -1280399.54888774   1404167.8970952   0
6063   -1280366.57647117   1404187.46152716   0
6064   -1280357.8044096   1404217.70396199   0
6065   -1280612.48182579   1404225.21681978   0
6066   -1280582.88340472   1404246.77085104   0
6067   -1280553.45491067   1404264.62627604   0
6068   -1280582.48928609   1404211.03993422   0
6069   -1280631.32292248   1404276.59393753   0
6070   -1280605.81000208   1404329.89319091   0
6071   -1280560.22840854   1404325.94980578   0
6072   -1280635.49190016   1404380.39864193   0
6073   -1280618.92565039   1404419.80907776   0
6074   -1280567.88794771   1404421.69114791   0
6075   -1280594.1302098   1404464.39841293   0
6076   -1280594.43345131   1404433.59780181   0
6077   -1281128.64327129   1404422.65959783   0
6078   -1281042.36497046   1404468.31766492   0
6079   -1281017.25343106   1404564.13460468   0
6080   -1280881.75941625   1404633.57310613   0
6081   -1281145.06836777   1404320.75603088   0
6082   -1280889.2408985   1404135.34233606   0
6083   -1280635.08029154   1404593.6512879   0
6084   -1280696.46535777   1404708.71725119   0
6085   -1280505.66595165   1404600.177798   0
6086   -1280578.43385669   1404566.14151298   0
6087   -1280904.43808561   1404046.39819213   0
6088   -1281137.47121077   1404620.28184557   0
6089   -1281263.69181585   1404710.36461672   0
6090   -1281037.42833293   1404676.93014516   0
6091   -1280982.52257354   1404794.81032464   0
6092   -1281084.71691996   1404824.86201555   0
6093   -1281188.12523522   1404954.47895827   0
6094   -1281315.88613172   1405030.37226207   0
6095   -1281437.1428988   1404949.8991343   0
6096   -1281504.83962416   1405081.13881431   0
6097   -1281594.43855282   1405258.89176551   0
6098   -1281515.79602328   1405169.45679338   0
6099   -1281430.72460236   1405315.67250285   0
6100   -1281306.34459401   1405239.3624594   0
6101   -1281250.15073412   1405122.71970569   0
6102   -1281333.19755709   1405111.18027459   0
6103   -1281414.19164893   1405050.23785138   0
6104   -1281387.72055865   1405104.27364555   0
6105   -1281447.66553471   1405096.43093067   0
6106   -1281475.46616271   1405138.80004532   0
6107   -1281455.19433861   1405231.47786568   0
6108   -1281518.26454397   1405235.58867023   0
6109   -1281534.11636531   1405346.18967849   0
6110   -1281735.40129225   1405290.52967456   0
6111   -1281651.29704865   1405331.60016811   0
6112   -1281484.85860637   1405287.96978427   0
6113   -1281480.13831461   1405344.26644353   0
6114   -1281393.88196783   1405404.44959903   0
6115   -1281507.73431927   1405431.06399276   0
6116   -1281680.22894292   1405558.54947521   0
6117   -1281540.71728754   1405292.96418588   0
6118   -1281585.33455064   1405323.37852092   0
6119   -1281594.33954357   1405417.8374405   0
6120   -1281487.27345619   1405208.51408047   0
6121   -1281445.71656822   1405191.99630859   0
6122   -1281438.2002794   1405157.83801499   0
6123   -1281472.68880426   1405179.47473838   0
6124   -1281380.10152783   1405223.41722602   0
6125   -1281405.88595822   1405185.52657113   0
6126   -1281424.7101636   1405218.00883587   0
6127   -1281411.36970445   1405264.27740212   0
6128   -1281342.99302217   1405319.81053406   0
6129   -1281350.35098852   1405179.00109195   0
6130   -1281373.38734489   1405140.05214995   0
6131   -1281387.74700334   1405164.22320809   0
6132   -1281364.71768814   1405115.12537968   0
6133   -1281356.36804562   1405077.94179084   0
6134   -1281306.66091877   1405073.787345   0
6135   -1281232.66315499   1405031.46839356   0
6136   -1281118.95746607   1405034.74115868   0
6137   -1281028.49952371   1405081.72149381   0
6138   -1280923.80455462   1405000.50861656   0
6139   -1280920.46110672   1404889.17633964   0
6140   -1280785.21907896   1404961.04210195   0
6141   -1281272.58106129   1405045.41177199   0
6142   -1281266.57656725   1404964.1880416   0
6143   -1281229.75027761   1404865.94926944   0
6144   -1281155.01099523   1404883.64570871   0
6145   -1281248.3053197   1405082.24713244   0
6146   -1281031.1647307   1405202.73195467   0
6147   -1281368.03327893   1405026.86937155   0
6148   -1281336.58065322   1404969.02612484   0
6149   -1281383.44773017   1405073.12935419   0
6150   -1281342.7116955   1405051.52613386   0
6151   -1281486.12890653   1405244.15495108   0
6152   -1281335.75475057   1405143.11407619   0
6153   -1281298.27881605   1405160.59569865   0
6154   -1281217.65424322   1405222.5502669   0
6155   -1281130.99834552   1405280.28081135   0
6156   -1281416.33076148   1405119.00385668   0
6157   -1281414.87369053   1405083.88219912   0
6158   -1280455.06574943   1404838.87198193   0
6159   -1280505.55108468   1404903.06100096   0
6160   -1280567.44725954   1404855.91346038   0
6161   -1280704.57662936   1404848.36238808   0
6162   -1280523.38047911   1404858.17353372   0
6163   -1280487.7412672   1404868.61189515   0
6164   -1280468.7897153   1404908.10354099   0
6165   -1280428.13123898   1404917.26648464   0
6166   -1280381.12647095   1404965.45852494   0
6167   -1280424.68536245   1405022.73996231   0
6168   -1280510.24466102   1405000.46827618   0
6169   -1280552.32616404   1405052.5366235   0
6170   -1280559.76896905   1404964.57862588   0
6171   -1280377.28709685   1405020.49813334   0
6172   -1280341.28487895   1405051.29982738   0
6173   -1280357.98975745   1404986.8714329   0
6174   -1280307.63924641   1404950.93173399   0
6175   -1280317.5247965   1404879.08820803   0
6176   -1280299.30524397   1404920.00324382   0
6177   -1280237.09405419   1404887.12758024   0
6178   -1280214.51983101   1404822.11650209   0
6179   -1280202.54890338   1404732.0332967   0
6180   -1280240.33357428   1404662.34012396   0
6181   -1280132.58356312   1404658.92953302   0
6182   -1280275.7663659   1404831.12480407   0
6183   -1280127.16579335   1404559.55895622   0
6184   -1280105.79734871   1404597.68990615   0
6185   -1280039.76439687   1404672.15341978   0
6186   -1280074.80677807   1404546.81519477   0
6187   -1280106.01938355   1404503.49338287   0
6188   -1280163.57942646   1404495.83952084   0
6189   -1280099.47300668   1404446.51385825   0
6190   -1280126.38369669   1404419.3726144   0
6191   -1280164.1265394   1404402.79149785   0
6192   -1280101.70317587   1404535.35617734   0
6193   -1280271.66819266   1404897.85775147   0
6194   -1280346.26365164   1404948.12911584   0
6195   -1280374.61062165   1404912.41674844   0
6196   -1280325.13783272   1404976.73433196   0
6197   -1280402.51327659   1404989.00487965   0
6198   -1280416.40753416   1404957.66878089   0
6199   -1280440.88439277   1404983.50888078   0
6200   -1280464.44824036   1405012.88546607   0
6201   -1280489.22133943   1405040.74065606   0
6202   -1280515.36354549   1405084.44954853   0
6203   -1280449.1135234   1405045.07530017   0
6204   -1280433.28381922   1405074.79240109   0
6205   -1280405.9606937   1405095.60801554   0
6206   -1280046.94988542   1404414.8287573   0
6207   -1280543.26484984   1404787.13676915   0
6208   -1280538.04520883   1404828.22907335   0
6209   -1280488.86271381   1404752.32032543   0
6210   -1280427.24746614   1404748.25428003   0
6211   -1280409.19723953   1404710.38918996   0
6212   -1280426.43446949   1404669.46600462   0
6213   -1280474.45673708   1404645.18703986   0
6214   -1280521.11953964   1404659.72586634   0
6215   -1280566.47884928   1404680.39969568   0
6216   -1280636.91306236   1404666.78543417   0
6217   -1280601.34985464   1404663.96992977   0
6218   -1280596.77565911   1404714.03482215   0
6219   -1280534.54706336   1404685.33312567   0
6220   -1280496.13752714   1404699.98399454   0
6221   -1280551.92687286   1404650.19819295   0
6222   -1280550.76722621   1404610.25047608   0
6223   -1280524.13065027   1404630.22602963   0
6224   -1280535.7235904   1404575.39940362   0
6225   -1280497.24965093   1404564.72097796   0
6226   -1280457.81818678   1404557.05408566   0
6227   -1280547.65919456   1404521.49810187   0
6228   -1280449.43704397   1404486.53684949   0
6229   -1280506.19617657   1404793.9785321   0
6230   -1280467.02055483   1404800.42539477   0
6231   -1280452.22804887   1404765.40025799   0
6232   -1280973.90769652   1404634.31045042   0
6233   -1280319.38089221   1404671.66741039   0
6234   -1280288.93285593   1404628.22937658   0
6235   -1280110.08950264   1404720.13546713   0
6236   -1280727.2270814   1405095.2903492   0
6237   -1280739.07280392   1405250.05201595   0
6238   -1280686.09808507   1405302.15300241   0
6239   -1279759.83808534   1404935.56345305   0
6240   -1280137.45369446   1405069.83675718   0
6241   -1280130.4196695   1405129.77064729   0
6242   -1280121.87355514   1405177.93609616   0
6243   -1280058.86987397   1405201.27644919   0
6244   -1280011.08442669   1405139.05503654   0
6245   -1280032.27873573   1405080.34266181   0
6246   -1280088.04744508   1405074.5629628   0
6247   -1280112.42833194   1405036.68733935   0
6248   -1280115.19562943   1404960.9158598   0
6249   -1280085.17850674   1405046.97124982   0
6250   -1280107.67276742   1405103.58969784   0
6251   -1280063.2995098   1405095.72822859   0
6252   -1280045.73202682   1405124.8130188   0
6253   -1279998.07254236   1405015.85026206   0
6254   -1280029.74506925   1405035.97387911   0
6255   -1280056.51390866   1405059.6535494   0
6256   -1279995.97070743   1405051.30043181   0
6257   -1279923.44560427   1404982.66915046   0
6258   -1280047.13092436   1404960.50190658   0
6259   -1280030.99432007   1404999.66015339   0
6260   -1280146.41474841   1405157.73891191   0
6261   -1280177.45503094   1405132.47029593   0
6262   -1280237.19364678   1405156.40481149   0
6263   -1280198.15730196   1405153.48070264   0
6264   -1280207.04646913   1405191.61830627   0
6265   -1280243.40256505   1405239.49276332   0
6266   -1280216.06930614   1405221.49474625   0
6267   -1280224.2806987   1405115.31204398   0
6268   -1280188.50481378   1405076.85691344   0
6269   -1280230.30621599   1405058.82204197   0
6270   -1280229.52603209   1405018.0225689   0
6271   -1280224.29346573   1404972.75238386   0
6272   -1280195.69101565   1405107.96796964   0
6273   -1280156.44730331   1405101.18015142   0
6274   -1280150.07397548   1405206.26556927   0
6275   -1280179.19421988   1405205.13532339   0
6276   -1280153.85244422   1405253.25287933   0
6277   -1280263.71154583   1405043.68603428   0
6278   -1280250.74310973   1405193.55264477   0
6279   -1280085.86728027   1405158.46902329   0
6280   -1279702.56556142   1404196.24365895   0
6281   -1279812.46270433   1404805.56628084   0
6282   -1279852.24533573   1404856.64576316   0
6283   -1279908.95618632   1404851.86549232   0
6284   -1279924.9154537   1404805.87116091   0
6285   -1279904.74509969   1404755.67917574   0
6286   -1279930.99235633   1404773.78726741   0
6287   -1279838.66249119   1404756.61450037   0
6288   -1279872.56877802   1404765.7819966   0
6289   -1279866.44994834   1404734.411745   0
6290   -1279820.74450202   1404702.15394839   0
6291   -1279733.67949218   1404668.54520638   0
6292   -1279975.05367727   1404802.26235519   0
6293   -1280015.88045874   1404800.41026059   0
6294   -1279950.51402797   1404837.33529919   0
6295   -1279974.00829776   1404880.09272102   0
6296   -1279936.61836173   1404872.62735748   0
6297   -1279993.64065804   1404932.17074102   0
6298   -1279999.95756745   1404975.74903642   0
6299   -1279963.14341689   1404962.78848953   0
6300   -1279933.53195504   1404942.57428401   0
6301   -1279880.8735792   1404956.39252073   0
6302   -1279964.30142681   1405006.34133033   0
6303   -1279906.21226507   1405048.77100965   0
6304   -1279893.76995953   1404904.63150267   0
6305   -1279966.72799947   1404913.97574766   0
6306   -1280140.94773955   1405355.15654925   0
6307   -1280094.28516788   1405282.78495445   0
6308   -1280240.24882408   1405494.73175739   0
6309   -1280265.12660233   1405465.99022474   0
6310   -1280190.450751   1405531.34269121   0
6311   -1279845.38502269   1404787.31441852   0
6312   -1279850.32228509   1404819.17935727   0
6313   -1279885.86590807   1404829.57154771   0
6314   -1280232.95825773   1405320.1454706   0
6315   -1280198.99579261   1405306.32973617   0
6316   -1280173.21579433   1405329.44047691   0
6317   -1280197.07593734   1405265.85477497   0
6318   -1280262.16762009   1405298.83107863   0
6319   -1279438.43751944   1406012.51332016   0
6320   -1279432.70548463   1405950.67933363   0
6321   -1279452.36171843   1405898.79302683   0
6322   -1279433.95563405   1405814.61216694   0
6323   -1279431.39510575   1405858.86143994   0
6324   -1279489.28298542   1405850.04722372   0
6325   -1279369.87859964   1405820.33147012   0
6326   -1279316.62814643   1405875.13185161   0
6327   -1279250.84878792   1405933.68286373   0
6328   -1279190.52037834   1406001.60095043   0
6329   -1279320.47605709   1405954.62176237   0
6330   -1279342.75690698   1406007.2900609   0
6331   -1279294.31487396   1405987.26517855   0
6332   -1279285.58385588   1405953.54637496   0
6333   -1279288.82840995   1405918.78752806   0
6334   -1279320.08123657   1405916.71520741   0
6335   -1279380.55057784   1405933.14341731   0
6336   -1279343.67634105   1405934.89865619   0
6337   -1279352.78298919   1405969.3291181   0
6338   -1279253.09265649   1405977.00313652   0
6339   -1279214.25618957   1405951.52522367   0
6340   -1279152.76123723   1405936.31347374   0
6341   -1279132.18349432   1405814.07305134   0
6342   -1279256.94468061   1405736.11313169   0
6343   -1279321.48989342   1405980.77490142   0
6344   -1279416.07410951   1405894.70059545   0
6345   -1279476.83825663   1405722.18548936   0
6346   -1279521.08643265   1405743.12051907   0
6347   -1279428.71951714   1405764.44061944   0
6348   -1279534.91965015   1405472.38441757   0
6349   -1279488.33293742   1405391.89198835   0
6350   -1279536.50457888   1405550.77189797   0
6351   -1279791.95999163   1405979.98083392   0
6352   -1279698.77109557   1405564.63949464   0
6353   -1279951.84875038   1405990.07431374   0
6354   -1279927.26983219   1405499.54412469   0
6355   -1279974.90572187   1405505.08202714   0
6356   -1279942.91430761   1405543.03491184   0
6357   -1279961.92362712   1405580.76663724   0
6358   -1279997.72188392   1405578.54141512   0
6359   -1280020.4704487   1405544.01947039   0
6360   -1279925.43569285   1405603.62774574   0
6361   -1279923.08332736   1405642.99527819   0
6362   -1279982.84661836   1405692.71432828   0
6363   -1279902.66284221   1405696.95727904   0
6364   -1279956.53316331   1405648.9591995   0
6365   -1280011.70673275   1405650.74124663   0
6366   -1279987.68792207   1405613.01084495   0
6367   -1279936.83801808   1405678.57917089   0
6368   -1279676.61813481   1404928.06118816   0
6369   -1279624.55346278   1405047.76757988   0
6370   -1279495.47442672   1405016.73748748   0
6371   -1280179.62883846   1404558.48673708   0
6372   -1280147.15422585   1404530.61623697   0
6373   -1280241.13603267   1404494.49886297   0
6374   -1280308.0294307   1404557.79974954   0
6375   -1280201.56673293   1404517.3892636   0
6376   -1280157.40297495   1404601.38628186   0
6377   -1280176.97377977   1404649.7772116   0
6378   -1280209.03978879   1404624.83528396   0
6379   -1280247.97720761   1404625.73086893   0
6380   -1280863.93935725   1403995.91580946   0
6381   -1280896.1144814   1403935.07665601   0
6382   -1279548.61061001   1405325.87106095   0
6383   -1279619.61546369   1405346.65987475   0
6384   -1279651.00803219   1405411.06421541   0
6385   -1280675.88440481   1404527.45927869   0
6386   -1280629.8491466   1404539.61576342   0
6387   -1280661.72476857   1404480.91284647   0
6388   -1280627.28363157   1404469.07872077   0
6389   -1280724.55741755   1404480.12350773   0
6390   -1279666.64093286   1404315.87688916   0
6391   -1280437.94768932   1404013.13583883   0
6392   -1280370.87618894   1403958.38193456   0
6393   -1280394.78567532   1404003.63309791   0
6394   -1280508.58218874   1404009.8704069   0
6395   -1280973.13673728   1404392.89848175   0
6396   -1280665.76299259   1403942.36718548   0
6397   -1280621.1622149   1403955.57466162   0
6398   -1280613.33207098   1403997.87280125   0
6399   -1280626.82284916   1404029.676563   0
6400   -1280665.23799797   1403872.47035261   0
6401   -1280682.6598004   1403910.00752299   0
6402   -1280704.02641319   1403966.88770545   0
6403   -1280688.22386031   1404000.11187421   0
6404   -1280723.77469594   1404002.87852718   0
6405   -1280682.46842593   1403815.39028957   0
6406   -1280715.73313217   1403871.22562719   0
6407   -1281094.01538437   1404906.29942719   0
6408   -1281030.06436681   1404856.71170674   0
6409   -1280749.39594693   1405352.1067939   0
6410   -1280759.3830118   1405429.39838636   0
6411   -1280831.4471843   1405300.71322239   0
6412   -1280872.14790342   1405218.02475912   0
6413   -1278265.97158091   1406659.69944679   0
6414   -1278267.12700401   1406616.95760759   0
6415   -1278309.01970183   1406675.82112876   0
6416   -1278335.70091314   1406728.03324709   0
6417   -1276525.75753663   1404827.43491989   0
6418   -1276563.26470879   1404893.97825064   0
6419   -1276570.1410509   1404957.85317521   0
6420   -1276486.56134695   1405004.56781135   0
6421   -1277833.91399288   1404600.61281219   0
6422   -1278169.89518624   1403427.31795146   0
6423   -1278230.27517161   1403426.19166492   0
6424   -1278293.84590178   1403483.83896835   0
6425   -1278447.01207495   1403487.89425302   0
6426   -1278389.86308225   1403341.3493164   0
6427   -1278198.17412416   1403412.75302463   0
6428   -1278133.11491432   1403438.51030623   0
6429   -1278164.75349812   1403388.15913647   0
6430   -1278119.41144987   1403337.66656737   0
6431   -1278080.05154932   1403277.28972543   0
6432   -1278203.97616249   1403302.91356182   0
6433   -1278224.56655393   1403350.73003416   0
6434   -1278289.38677803   1403387.68868727   0
6435   -1278234.95731578   1403309.31952092   0
6436   -1278136.56985951   1403371.8325176   0
6437   -1278172.29137591   1403341.93595904   0
6438   -1278092.69400434   1403374.21843049   0
6439   -1278048.88340727   1403333.48630153   0
6440   -1278025.97130751   1403711.08149911   0
6441   -1278047.35212001   1403737.50956383   0
6442   -1277995.01017085   1403741.60080534   0
6443   -1277979.35618707   1403786.12505012   0
6444   -1277961.13539887   1403851.89360891   0
6445   -1277964.76454101   1403918.24432641   0
6446   -1277911.8939671   1403879.7495803   0
6447   -1277844.12087554   1403859.69869033   0
6448   -1277788.83995084   1403884.20701077   0
6449   -1277736.38103082   1403844.92348222   0
6450   -1277680.43738558   1403899.00345202   0
6451   -1277831.14160435   1403897.24077152   0
6452   -1277828.53248541   1403935.99798119   0
6453   -1277928.23134702   1403841.33267502   0
6454   -1277885.89279922   1403833.58374218   0
6455   -1277964.97872682   1403818.11608225   0
6456   -1278010.71422938   1403821.22263756   0
6457   -1278101.74099562   1403853.18197259   0
6458   -1278043.4008438   1403853.37275769   0
6459   -1278064.66661683   1403920.11042767   0
6460   -1278056.89886244   1403808.1635985   0
6461   -1277999.01870854   1403854.38683637   0
6462   -1277998.70106944   1403770.1718325   0
6463   -1278034.37946003   1403679.69378865   0
6464   -1277994.56000622   1403686.69908198   0
6465   -1277962.02888439   1403662.08040599   0
6466   -1277917.76517343   1403700.10705543   0
6467   -1277947.72707243   1403686.67433343   0
6468   -1280172.02111144   1404939.51450865   0
6469   -1280121.16334525   1404894.64643135   0
6470   -1280146.89147005   1404844.76887386   0
6471   -1280215.33542238   1404925.37519078   0
6472   -1280157.45086538   1404878.70787909   0
6473   -1280168.78249144   1404908.78150046   0
6474   -1280184.40039644   1404976.15408645   0
6475   -1281233.03013326   1404929.62999279   0
6476   -1281192.65989039   1404910.20249818   0
6477   -1281227.64320103   1404989.71319106   0
6478   -1281170.91300789   1405006.57545097   0
6479   -1281178.18860502   1405082.25718479   0
6480   -1281110.73821002   1404966.01014807   0
6481   -1281140.59492043   1404924.10609453   0
6482   -1281174.47444181   1404933.20050166   0
6483   -1281195.31737549   1404984.19605959   0
6484   -1281260.80175895   1405008.48533505   0
6485   -1281299.38632223   1404994.23271621   0
6486   -1281289.47750592   1405019.5346231   0
6487   -1281159.8659239   1404964.5045604   0
6488   -1278474.89530812   1404714.94711059   0
6489   -1278434.76714676   1404665.38596509   0
6490   -1278367.99407381   1404679.8391547   0
6491   -1278310.16574993   1404734.71370257   0
6492   -1278474.27959448   1404624.32809276   0
6493   -1278504.69163857   1404546.15759564   0
6494   -1278554.31881835   1404614.08099381   0
6495   -1278443.85300531   1404525.85546065   0
6496   -1278360.31262251   1404556.91865345   0
6497   -1278468.30522613   1404667.86281249   0
6498   -1279042.69073304   1403675.47067326   0
6499   -1278964.12819558   1403636.89813587   0
6500   -1278885.56153494   1403443.84466195   0
6501   -1278927.85696538   1403561.76340816   0
6502   -1278795.72446684   1403596.16260037   0
6503   -1279022.52924161   1403735.30467071   0
6504   -1278952.95382008   1403990.67720563   0
6505   -1278988.00108634   1404079.86947468   0
6506   -1276015.01585565   1410289.28589308   0
6507   -1275892.8812753   1410186.33201703   0
6508   -1276116.57461571   1410390.79508987   0
6509   -1276294.61765936   1410376.73246618   0
6510   -1276502.20757518   1410209.74396108   0
6511   -1276632.1346583   1410464.25490706   0
6512   -1276655.18480269   1410285.55690234   0
6513   -1276676.97760542   1410157.34024382   0
6514   -1276857.51402752   1410004.15774035   0
6515   -1276490.38715803   1409988.50074936   0
6516   -1276341.53875435   1409878.80570885   0
6517   -1276420.91147722   1409764.48771535   0
6518   -1276704.33520099   1409927.2844596   0
6519   -1276813.36853254   1409783.26504916   0
6520   -1276915.35373718   1409582.07113909   0
6521   -1277097.35382135   1409518.46801005   0
6522   -1277177.4689774   1409287.31404295   0
6523   -1277449.60703834   1409251.38985665   0
6524   -1277568.99675523   1408996.57762455   0
6525   -1277834.96063836   1409037.54388932   0
6526   -1277944.43744577   1408813.39775852   0
6527   -1277883.55965554   1408624.78427932   0
6528   -1277930.06786615   1409226.31095654   0
6529   -1277846.19155235   1409491.8267785   0
6530   -1277724.76590635   1409643.82636019   0
6531   -1277810.30766137   1409911.87288848   0
6532   -1277952.5443481   1409863.52247767   0
6533   -1278086.8978138   1409824.77661403   0
6534   -1278071.55419902   1409932.44805818   0
6535   -1277937.57206273   1409974.93042701   0
6536   -1277865.29826203   1410107.84947523   0
6537   -1277804.55549323   1410302.95591722   0
6538   -1277628.58433182   1410373.20078541   0
6539   -1277367.48788745   1410564.83645742   0
6540   -1277266.42704829   1410312.69601289   0
6541   -1277364.33051941   1410050.89654439   0
6542   -1277223.63404201   1409900.10515669   0
6543   -1277514.72934533   1410213.99398581   0
6544   -1277551.59547785   1410039.89365532   0
6545   -1277462.09100456   1410389.35577695   0
6546   -1277534.01870932   1410821.16695339   0
6547   -1277751.87679606   1411011.65066966   0
6548   -1277368.75831895   1410991.94880345   0
6549   -1277262.65742995   1411241.11383107   0
6550   -1277145.53538472   1411027.51136031   0
6551   -1276994.67513824   1410820.39014682   0
6552   -1276979.88531153   1410662.38109001   0
6553   -1276828.45867846   1410474.37480066   0
6554   -1276750.08434618   1410379.48893015   0
6555   -1276732.00911517   1410502.36978652   0
6556   -1276595.07124753   1410656.83839928   0
6557   -1276646.62874252   1410823.2683011   0
6558   -1276805.03569111   1410859.51121101   0
6559   -1276681.97711695   1411041.45486047   0
6560   -1276697.15827457   1411271.79666833   0
6561   -1276930.78686309   1411356.63366429   0
6562   -1277170.78983313   1411368.58870952   0
6563   -1277253.86161983   1411573.14874325   0
6564   -1277143.7077815   1411804.6246922   0
6565   -1276975.79827588   1411992.77746042   0
6566   -1276896.17871713   1411730.05123626   0
6567   -1276617.84769318   1411693.6526088   0
6568   -1276415.43687626   1411609.30716735   0
6569   -1276476.97313591   1411889.96257857   0
6570   -1276784.13076108   1411529.05670733   0
6571   -1277100.50456088   1412018.48118088   0
6572   -1277059.78408414   1411907.82730714   0
6573   -1276940.69251241   1411886.74917865   0
6574   -1276851.09199089   1411967.07373996   0
6575   -1277025.64128599   1411761.2345583   0
6576   -1277090.04390326   1411239.73704336   0
6577   -1276483.58585928   1411244.28806124   0
6578   -1276386.15504385   1411423.74854573   0
6579   -1276879.47689402   1410972.62959174   0
6580   -1277047.69082567   1410956.93436243   0
6581   -1277109.32156476   1410841.79927842   0
6582   -1277124.78157708   1410708.43389684   0
6583   -1277040.63610595   1411082.70576638   0
6584   -1277135.54397491   1411127.78367677   0
6585   -1277256.63401443   1411089.43261404   0
6586   -1277379.20895639   1411136.07574105   0
6587   -1277510.63394563   1411045.77492237   0
6588   -1277484.38744904   1410924.9171363   0
6589   -1277385.02883189   1410861.24440906   0
6590   -1277409.05221788   1410696.01415371   0
6591   -1277276.86081759   1410666.83340604   0
6592   -1277205.60164415   1410557.19748423   0
6593   -1277228.17796352   1410442.86688141   0
6594   -1277124.15737208   1410283.66358663   0
6595   -1276924.28938365   1410384.95751445   0
6596   -1276945.88970565   1410167.50277037   0
6597   -1277329.26386937   1410437.86804574   0
6598   -1277330.91317262   1410759.9104292   0
6599   -1277301.71307466   1410848.26463426   0
6600   -1277251.51493205   1410936.93773761   0
6601   -1277631.17123937   1410909.49399117   0
6602   -1277713.50402945   1410748.91382913   0
6603   -1277852.13896926   1410650.54764059   0
6604   -1278049.75853895   1410589.72302871   0
6605   -1277560.63098737   1410659.81035977   0
6606   -1277546.0393284   1410530.44681208   0
6607   -1277048.87621346   1411153.27186074   0
6608   -1276973.85054204   1411208.66594951   0
6609   -1276902.41181548   1410754.64443173   0
6610   -1276887.32738343   1410850.00614313   0
6611   -1276947.31962478   1410915.92531878   0
6612   -1276877.25902343   1410661.21409914   0
6613   -1276795.58089647   1410587.32040282   0
6614   -1276916.51175682   1410553.96810588   0
6615   -1276434.57026423   1410699.44389906   0
6616   -1276477.03665902   1410582.09208154   0
6617   -1276487.30902034   1410410.59984495   0
6618   -1276417.26923695   1410603.41307579   0
6619   -1276322.61289477   1410688.80123383   0
6620   -1276368.21461407   1410798.54871631   0
6621   -1276285.68389728   1411008.55987448   0
6622   -1276454.58111316   1411059.1739044   0
6623   -1276373.284542   1410734.5326334   0
6624   -1276300.28098695   1410760.26264756   0
6625   -1276333.42215628   1410730.08322031   0
6626   -1276277.11129332   1410861.25412011   0
6627   -1276372.96989445   1410663.83519602   0
6628   -1276292.63682122   1410592.15411052   0
6629   -1276355.05166374   1410612.92671188   0
6630   -1276380.57026449   1410631.48832811   0
6631   -1276425.9826535   1410650.93006274   0
6632   -1276506.66114566   1410646.440526   0
6633   -1276538.24994755   1410771.57822541   0
6634   -1276401.47771276   1410682.98334652   0
6635   -1276407.71200378   1410716.09843032   0
6636   -1276460.2596431   1410767.32456332   0
6637   -1276440.87074662   1410736.34273222   0
6638   -1276507.98796464   1410713.72948935   0
6639   -1276498.85007755   1410754.0165328   0
6640   -1276463.47766736   1410711.20608143   0
6641   -1276472.48352123   1410739.85618945   0
6642   -1276417.79430947   1410785.39302674   0
6643   -1276413.16306722   1410748.66695788   0
6644   -1276371.0627156   1410697.69785341   0
6645   -1276305.96274666   1410643.3956962   0
6646   -1276212.05747656   1410642.58744352   0
6647   -1276328.64978484   1410613.72179291   0
6648   -1276348.08804467   1410642.29634561   0
6649   -1276344.50320131   1410578.62932983   0
6650   -1276254.18374761   1410480.47001408   0
6651   -1276399.77506431   1410563.85015402   0
6652   -1276442.73663377   1410508.53763697   0
6653   -1276377.12952585   1410594.37940727   0
6654   -1276363.66298692   1410550.45072094   0
6655   -1276480.36984147   1410827.07619155   0
6656   -1276564.91118779   1410853.89687895   0
6657   -1276636.41510709   1410938.74608683   0
6658   -1276496.93900866   1410789.93652937   0
6659   -1276543.80990929   1410935.68654816   0
6660   -1276719.10271896   1410888.37909818   0
6661   -1276525.00462329   1410871.02028222   0
6662   -1276600.25521715   1410779.83120824   0
6663   -1276677.44032727   1410727.72123086   0
6664   -1276694.18758315   1410434.85834453   0
6665   -1276628.00739542   1410382.26243076   0
6666   -1276752.13985998   1410450.31163268   0
6667   -1277978.01690061   1410252.65367856   0
6668   -1278130.57864908   1410343.48225793   0
6669   -1278245.49279353   1410443.6595011   0
6670   -1278476.75333067   1410454.70993243   0
6671   -1278483.47058112   1410229.63893831   0
6672   -1278685.58750478   1410312.17232694   0
6673   -1278765.20008663   1410514.96522814   0
6674   -1278990.20764395   1410586.0900772   0
6675   -1279185.03512195   1410435.84488206   0
6676   -1279080.33218974   1410137.89612651   0
6677   -1279248.48085913   1409940.89750593   0
6678   -1279504.10669981   1409940.48226916   0
6679   -1278939.10590868   1410072.14797182   0
6680   -1278809.06580107   1409881.38074191   0
6681   -1278553.78350938   1409953.36132432   0
6682   -1278474.47308307   1409802.28831405   0
6683   -1278381.28781317   1409585.21502411   0
6684   -1278571.55030685   1409611.85828469   0
6685   -1278803.25840761   1410038.72890148   0
6686   -1278833.33256146   1410166.3384109   0
6687   -1278671.18088343   1410014.78128345   0
6688   -1278730.57346842   1410221.80825234   0
6689   -1278612.15830587   1410242.36449089   0
6690   -1278537.13528569   1410324.46665901   0
6691   -1278401.15467535   1410329.9969035   0
6692   -1278375.69787271   1410222.86936212   0
6693   -1278207.34590095   1410129.24821928   0
6694   -1278446.66311073   1410141.78004343   0
6695   -1278440.32263245   1410192.97806677   0
6696   -1278437.49252456   1410258.00623795   0
6697   -1278486.72461815   1410296.83297855   0
6698   -1278549.24454837   1410258.60333063   0
6699   -1278555.02016706   1410170.25730688   0
6700   -1278641.94642031   1410160.77700324   0
6701   -1278603.18272546   1410189.89668356   0
6702   -1278656.33272406   1410214.83083288   0
6703   -1278697.40188718   1410179.86541043   0
6704   -1278762.03838847   1410153.54874121   0
6705   -1278771.0098394   1410091.36316652   0
6706   -1278726.83846806   1410054.37345778   0
6707   -1278799.62518244   1410125.24845394   0
6708   -1278794.17032613   1410162.011695   0
6709   -1278810.21934691   1410238.4027987   0
6710   -1278963.06998024   1410236.65389184   0
6711   -1278810.07411723   1410200.44264011   0
6712   -1278886.19372982   1410199.3692442   0
6713   -1278842.65322891   1410216.62043563   0
6714   -1278896.57234841   1410302.41313559   0
6715   -1278850.64180675   1410268.44948089   0
6716   -1278838.62660234   1410245.87894082   0
6717   -1278904.40006995   1410259.14665051   0
6718   -1278872.86635822   1410273.25600027   0
6719   -1278868.48763526   1410244.85867219   0
6720   -1278782.10943301   1410378.51408047   0
6721   -1278841.0578856   1410325.35913453   0
6722   -1278777.37332407   1410221.60382937   0
6723   -1278753.10524025   1410288.49904323   0
6724   -1278772.19882958   1410184.71797628   0
6725   -1278765.97283214   1410122.78090351   0
6726   -1278736.20434063   1410129.38822096   0
6727   -1278700.61287416   1410146.99515387   0
6728   -1278666.44861082   1410107.14460457   0
6729   -1278587.63361736   1410110.80798333   0
6730   -1278733.0077491   1410167.60802499   0
6731   -1278853.1846131   1410295.96627979   0
6732   -1278851.38046728   1410111.68694773   0
6733   -1279101.6021958   1410303.22337699   0
6734   -1279282.09973628   1410233.15099741   0
6735   -1279437.71857075   1410390.54289271   0
6736   -1278666.19722013   1410178.53717442   0
6737   -1278606.75875963   1410305.00112161   0
6738   -1278630.47923906   1410400.91964042   0
6739   -1278510.22983733   1410258.69777818   0
6740   -1278381.13782401   1410161.64170582   0
6741   -1278303.63011508   1410169.57931871   0
6742   -1278338.3207341   1410112.41883385   0
6743   -1278388.95700067   1410101.68894398   0
6744   -1278449.76124936   1410043.86989995   0
6745   -1278408.77176076   1410065.59903257   0
6746   -1278426.00761928   1410097.91575744   0
6747   -1278490.98950476   1410109.37307757   0
6748   -1278407.6015494   1410135.58990194   0
6749   -1278243.40896032   1410041.45646015   0
6750   -1278309.61703795   1410060.67770471   0
6751   -1278324.75170382   1409964.80150415   0
6752   -1278416.45561018   1409981.1122363   0
6753   -1278407.5309492   1410025.67793966   0
6754   -1278394.59531445   1410046.8223262   0
6755   -1278352.13286034   1410001.2982291   0
6756   -1278334.90957052   1410029.15311867   0
6757   -1278361.87692276   1409958.9258023   0
6758   -1278333.91029782   1409874.03946495   0
6759   -1278412.27987071   1409906.52383246   0
6760   -1278331.94056145   1409926.54611092   0
6761   -1278248.18315072   1409914.0935151   0
6762   -1278188.46871618   1409818.56412892   0
6763   -1278275.81850095   1409864.69832052   0
6764   -1278298.45931785   1409907.76322165   0
6765   -1278277.40538022   1409947.61230822   0
6766   -1278210.71194704   1409973.69500028   0
6767   -1278273.917853   1409921.36326067   0
6768   -1278264.80223325   1409890.36581752   0
6769   -1278227.35822424   1409872.06627862   0
6770   -1278198.57066937   1409910.3579784   0
6771   -1278222.8620668   1409899.03516891   0
6772   -1278372.94098422   1410028.0328444   0
6773   -1278525.16106131   1410033.32147556   0
6774   -1278566.93358131   1410220.94487639   0
6775   -1278529.10962455   1410224.59104727   0
6776   -1278500.51354819   1410174.45783626   0
6777   -1278574.81029568   1410191.97308663   0
6778   -1278012.44683488   1409774.93406882   0
6779   -1277861.28473085   1409785.1005105   0
6780   -1277717.9263143   1409798.23944824   0
6781   -1277614.12621936   1409462.33997288   0
6782   -1276953.72723155   1409131.61117799   0
6783   -1276594.15796504   1410027.56204725   0
6784   -1276556.43749732   1410120.0378748   0
6785   -1276608.50394555   1410205.39531145   0
6786   -1276561.65865104   1410301.27240692   0
6787   -1276466.02071345   1410306.38071873   0
6788   -1276381.59041419   1410397.48089413   0
6789   -1276375.50033354   1410266.67381934   0
6790   -1276232.33096814   1410229.64170924   0
6791   -1276202.63210434   1410338.21353023   0
6792   -1276427.01561952   1410112.03697384   0
6793   -1276628.58502137   1410094.24073867   0
6794   -1276711.30409148   1410055.99640565   0
6795   -1276610.47826683   1410148.36631274   0
6796   -1276591.83323711   1409935.74561249   0
6797   -1276509.64171684   1409851.3288263   0
6798   -1276632.55710987   1409853.53949769   0
6799   -1276716.47581868   1409793.95420346   0
6800   -1276696.58683957   1409650.40389953   0
6801   -1276564.6199441   1409611.52895042   0
6802   -1276812.1197242   1409620.53817024   0
6803   -1276847.9820771   1409471.03989763   0
6804   -1276711.06738525   1409345.02297284   0
6805   -1276605.56776332   1409436.36416455   0
6806   -1276509.6151488   1409340.00103267   0
6807   -1276846.07534881   1409368.04971795   0
6808   -1277404.7819775   1409413.95538162   0
6809   -1277263.05882722   1409383.93595178   0
6810   -1277318.46161265   1409285.366981   0
6811   -1277248.92241242   1409151.56088898   0
6812   -1277110.41638918   1409146.61582839   0
6813   -1277064.07793689   1409271.1993022   0
6814   -1277070.94687283   1409415.08129374   0
6815   -1277094.02806709   1408941.81097542   0
6816   -1277378.30623871   1409150.96114505   0
6817   -1279214.64194369   1410094.18955401   0
6818   -1279106.71825834   1410003.8978905   0
6819   -1279144.60672873   1409881.83239739   0
6820   -1279197.95740667   1409725.49370971   0
6821   -1279329.96346138   1409824.32957499   0
6822   -1279190.29564098   1409630.93756011   0
6823   -1279086.72090658   1409566.48048307   0
6824   -1279089.55062694   1409443.53305836   0
6825   -1279114.96279314   1409498.09261297   0
6826   -1279145.93378033   1409560.62086506   0
6827   -1279027.10641023   1409504.39922105   0
6828   -1279007.15245712   1409585.0075423   0
6829   -1278985.20663254   1409546.14340848   0
6830   -1278988.45872607   1409498.77572294   0
6831   -1278918.33960754   1409460.43001233   0
6832   -1278948.14083963   1409480.85768869   0
6833   -1278888.89217206   1409523.79803234   0
6834   -1278913.39213947   1409489.26049957   0
6835   -1278877.49897295   1409471.27664106   0
6836   -1278801.8869273   1409518.16967715   0
6837   -1278964.31155534   1409444.51990336   0
6838   -1279022.00089086   1409430.67643633   0
6839   -1279073.64898961   1409274.26196995   0
6840   -1279076.17506412   1409369.97278057   0
6841   -1279012.56266901   1409466.52469174   0
6842   -1278982.5311056   1409466.15404377   0
6843   -1279051.27377546   1409479.06187204   0
6844   -1279069.51550999   1409518.87168215   0
6845   -1279043.50467176   1409551.0604647   0
6846   -1279058.11998316   1409603.77489966   0
6847   -1279010.93384059   1409658.70168645   0
6848   -1279017.68308836   1409766.04703005   0
6849   -1279061.50982218   1409569.95551528   0
6850   -1279019.57792285   1409529.84962801   0
6851   -1279106.95044717   1409536.02116119   0
6852   -1278993.56863231   1409342.0305999   0
6853   -1278929.1704809   1409312.93682022   0
6854   -1278984.32190131   1409257.23523378   0
6855   -1278877.44126043   1409363.96035418   0
6856   -1278808.6693619   1409386.42131064   0
6857   -1278748.16811997   1409337.84935226   0
6858   -1278840.7338907   1409348.19603364   0
6859   -1278852.25660875   1409386.07623892   0
6860   -1278929.96718767   1409417.3123579   0
6861   -1278938.88218233   1409443.77738731   0
6862   -1278888.68088456   1409400.67262651   0
6863   -1278899.18006818   1409438.40719261   0
6864   -1278933.13798313   1409360.71234961   0
6865   -1278914.20506976   1409387.25807778   0
6866   -1278899.92826347   1409339.67277696   0
6867   -1278867.24159703   1409323.22130289   0
6868   -1278860.22176432   1409262.08686465   0
6869   -1278869.72295084   1409218.59906814   0
6870   -1278914.25193154   1409250.78393993   0
6871   -1278886.88185443   1409292.83880709   0
6872   -1278850.22748932   1409292.77589766   0
6873   -1278814.1860799   1409270.64507038   0
6874   -1278792.15861634   1409298.62949285   0
6875   -1278779.43842275   1409266.45139837   0
6876   -1278761.91455277   1409213.15667953   0
6877   -1278760.32411236   1409241.78690854   0
6878   -1278721.46927212   1409229.96649344   0
6879   -1278686.01876322   1409190.5351715   0
6880   -1278694.98503982   1409139.29751954   0
6881   -1278791.74556388   1409232.58615105   0
6882   -1278705.25312484   1409165.54238946   0
6883   -1278657.03342365   1409105.69864711   0
6884   -1278700.99979433   1409099.72751137   0
6885   -1278761.79033041   1409115.96274068   0
6886   -1278676.6586305   1409069.47244899   0
6887   -1278678.18623517   1409023.18850703   0
6888   -1278712.18783974   1409002.47416179   0
6889   -1278747.42055508   1409028.60935046   0
6890   -1278770.53822115   1409060.38257737   0
6891   -1278790.60683521   1409026.88682081   0
6892   -1278805.85517428   1409102.97980906   0
6893   -1278879.83858333   1409111.21964606   0
6894   -1278836.82895174   1409087.83961571   0
6895   -1278839.5706003   1409150.93020232   0
6896   -1278877.24359391   1409029.78917874   0
6897   -1278791.34060162   1409171.48913838   0
6898   -1278794.0798283   1409200.32356007   0
6899   -1278824.33256568   1409181.10545087   0
6900   -1278857.74791216   1409180.47017568   0
6901   -1278763.29989505   1409148.44503847   0
6902   -1278796.92844676   1409134.47114522   0
6903   -1278831.5175931   1409119.2529699   0
6904   -1278800.43719099   1409073.20719705   0
6905   -1278709.03277897   1409037.39176076   0
6906   -1278746.42109065   1409086.43312967   0
6907   -1278658.37509864   1409046.06487535   0
6908   -1278762.56892339   1409183.7997919   0
6909   -1278779.06751452   1409093.51510049   0
6910   -1278728.5189427   1409127.30213156   0
6911   -1278670.25874946   1409136.4742154   0
6912   -1278731.27482523   1409195.18592038   0
6913   -1278832.21769885   1409243.76139134   0
6914   -1278805.21589939   1409339.36422525   0
6915   -1278739.38861152   1409652.85203546   0
6916   -1278651.28602608   1409884.6827322   0
6917   -1276311.28185158   1411284.36725201   0
6918   -1276357.97233901   1411131.70631157   0
6919   -1276148.15647816   1411352.87455895   0
6920   -1276043.9163786   1411178.36015479   0
6921   -1276028.81412759   1411376.43071676   0
6922   -1275978.14799594   1411787.14769673   0
6923   -1275888.17443695   1411619.06291667   0
6924   -1275997.75553282   1411549.94560934   0
6925   -1276096.41381545   1411680.53912949   0
6926   -1276252.77656285   1411626.17465866   0
6927   -1276269.20976544   1411506.34435823   0
6928   -1276294.84446137   1411737.08009405   0
6929   -1276448.44990348   1411767.83277539   0
6930   -1276352.26685092   1411864.25885811   0
6931   -1275985.15171859   1411631.89614154   0
6932   -1276102.85428094   1411812.85141719   0
6933   -1276178.73403835   1411737.02658329   0
6934   -1275882.06848493   1411509.8253382   0
6935   -1275797.41370555   1411551.37931078   0
6936   -1275853.44171095   1411761.44397627   0
6937   -1275790.70136393   1411658.73124228   0
6938   -1275854.44840138   1411687.48631757   0
6939   -1275791.08856846   1411748.59211604   0
6940   -1275838.62801333   1411644.94147424   0
6941   -1275799.88417834   1411612.8028148   0
6942   -1275853.40372089   1411577.26653687   0
6943   -1275845.77232232   1411615.67273471   0
6944   -1275818.05326671   1411587.52052055   0
6945   -1275810.63598069   1411637.94581996   0
6946   -1275870.18926155   1411656.88167781   0
6947   -1275935.08976996   1411716.96988752   0
6948   -1275926.758013   1411648.7802624   0
6949   -1275895.24427373   1411691.58044304   0
6950   -1275821.71749064   1411676.86731765   0
6951   -1275824.46509579   1411716.75604996   0
6952   -1275784.67392747   1411703.68994112   0
6953   -1275720.50941498   1411679.26823584   0
6954   -1275755.66437386   1411628.96706147   0
6955   -1275642.70004344   1411641.17002826   0
6956   -1275627.1177709   1411584.98643842   0
6957   -1275666.38228346   1411722.88839558   0
6958   -1275635.20571222   1411716.46246546   0
6959   -1275627.91735091   1411678.96653572   0
6960   -1275541.67599847   1411697.18467512   0
6961   -1275584.6995027   1411665.7091816   0
6962   -1275572.85256972   1411703.61060523   0
6963   -1275532.38351441   1411632.26862403   0
6964   -1275470.69801858   1411563.19075273   0
6965   -1275670.61400419   1411684.61175817   0
6966   -1275695.05518018   1411646.05441058   0
6967   -1275542.0253779   1411494.61891834   0
6968   -1275758.99238897   1411678.3889131   0
6969   -1275934.84909432   1411577.59676451   0
6970   -1275888.28819541   1411579.41039053   0
6971   -1275892.40590654   1411547.24475278   0
6972   -1275948.17954652   1411503.07486514   0
6973   -1276013.26267305   1411469.30839805   0
6974   -1275925.76425484   1411427.90721865   0
6975   -1276062.99205219   1411504.5674353   0
6976   -1276106.71186217   1411584.58769992   0
6977   -1276044.47972366   1411631.96896435   0
6978   -1276044.97564823   1411565.83680196   0
6979   -1276074.88826435   1411593.27454706   0
6980   -1276101.39993279   1411623.45717152   0
6981   -1276167.19695343   1411641.85838423   0
6982   -1276179.07391987   1411569.53181021   0
6983   -1275929.88187471   1411534.30379679   0
6984   -1275967.57636923   1411530.82872578   0
6985   -1277363.68460055   1411615.35020876   0
6986   -1277597.12213668   1411561.49183757   0
6987   -1277655.71569041   1411790.38154686   0
6988   -1277826.92630647   1411938.75346538   0
6989   -1277973.44855582   1412198.4072241   0
6990   -1277033.90294728   1409971.67910742   0
6991   -1277540.68033664   1408827.3012722   0
6992   -1277630.93714153   1408635.10072625   0
6993   -1277310.89730242   1408776.58088644   0
6994   -1276641.37306972   1411562.59952055   0
6995   -1276770.38910761   1411662.73032248   0
6996   -1277034.44657015   1411450.95704542   0
6997   -1276908.82234266   1411550.66621651   0
6998   -1276945.96365438   1411449.07771336   0
6999   -1276983.4321594   1411507.05906942   0
7000   -1277057.11182293   1411514.00772853   0
7001   -1277130.59343994   1411555.49703997   0
7002   -1277222.22881421   1411696.94706778   0
7003   -1277083.66894683   1411669.68114263   0
7004   -1277200.33864097   1411480.5125153   0
7005   -1276840.34578615   1411429.39292208   0
7006   -1276838.15730097   1411292.50613521   0
7007   -1277830.22387403   1408904.09963559   0
7008   -1277942.37072702   1408988.86594346   0
7009   -1278084.15862348   1408942.20233625   0
7010   -1278166.00740948   1408991.93360624   0
7011   -1278179.45707345   1409070.7406099   0
7012   -1278142.24150004   1409179.32979638   0
7013   -1278250.55336279   1409043.06768915   0
7014   -1278357.75307348   1409071.20188016   0
7015   -1278417.38249228   1409115.64267634   0
7016   -1278366.52520884   1409137.92360076   0
7017   -1278293.91459149   1409210.50774727   0
7018   -1278386.7341211   1409344.75330491   0
7019   -1278281.46272155   1409319.0350154   0
7020   -1278189.10084011   1409430.26649994   0
7021   -1278029.56487961   1409485.28327029   0
7022   -1278341.21071487   1409171.63511244   0
7023   -1278301.80130946   1409109.65994952   0
7024   -1278344.94016139   1409104.5946779   0
7025   -1278382.78764211   1409096.91842834   0
7026   -1278422.03233974   1409033.49041807   0
7027   -1278416.87089592   1409070.17254884   0
7028   -1278452.18308721   1409058.07420382   0
7029   -1278498.55782821   1409012.57931173   0
7030   -1278481.92005539   1409041.90007444   0
7031   -1278522.38900089   1409042.52011961   0
7032   -1278550.2386025   1409023.17974667   0
7033   -1278527.73408756   1409081.06311709   0
7034   -1278512.9019653   1409128.98517012   0
7035   -1278521.15156998   1408980.39847036   0
7036   -1278547.95186848   1408960.58659868   0
7037   -1278458.96086601   1409097.27800859   0
7038   -1278461.9816189   1409161.88418964   0
7039   -1278358.4443677   1408997.44255576   0
7040   -1278350.58391736   1408931.5304938   0
7041   -1278297.60824091   1408879.28589349   0
7042   -1278228.59755959   1408940.95042889   0
7043   -1278248.69446289   1408986.64522688   0
7044   -1278217.07914793   1408974.8364992   0
7045   -1278180.96571163   1408931.86174653   0
7046   -1278209.55750936   1409016.08226614   0
7047   -1278262.48362793   1408953.70051   0
7048   -1278295.56416139   1408934.2933256   0
7049   -1278390.47300927   1408935.79722618   0
7050   -1278430.21973204   1408906.077662   0
7051   -1278460.07813563   1408928.50581863   0
7052   -1278441.05361527   1408872.25792514   0
7053   -1278415.80072416   1408826.79417815   0
7054   -1278300.27698384   1409047.77652222   0
7055   -1278326.45451865   1409072.15221682   0
7056   -1278280.61995115   1409010.04950897   0
7057   -1278086.92435462   1408791.78414478   0
7058   -1276601.67942091   1411915.66629903   0
7059   -1276560.55224899   1411793.36451566   0
7060   -1276686.86996547   1411818.09798473   0
7061   -1276806.52085855   1411852.55884136   0
7062   -1277195.78617287   1409692.79323745   0
7063   -1277023.14961798   1409638.86046316   0
7064   -1277967.13487843   1410964.20854504   0
7065   -1277845.13204199   1410795.05467878   0
7066   -1275722.1245798   1409477.54708111   0
7067   -1275889.25340504   1409486.01382036   0
7068   -1275975.73230583   1409581.32027454   0
7069   -1276150.82476482   1409596.72908291   0
7070   -1275797.95880478   1409521.61582161   0
7071   -1275728.71520475   1409543.03223138   0
7072   -1275659.99256563   1409627.51702136   0
7073   -1275664.98989072   1409514.69104983   0
7074   -1275746.44974718   1409506.04404542   0
7075   -1275800.77382766   1409432.42152125   0
7076   -1275761.60673021   1409464.049223   0
7077   -1275721.9220645   1409411.63775966   0
7078   -1275692.06664164   1409320.0510586   0
7079   -1275562.32359123   1409254.01574742   0
7080   -1275388.14232108   1409338.71188509   0
7081   -1275793.44362562   1409247.40725984   0
7082   -1275230.57967527   1405702.45672704   0
7083   -1275472.46205763   1409961.85525182   0
7084   -1275437.38283984   1409884.94064276   0
7085   -1275395.71594265   1409954.34794792   0
7086   -1275339.4910464   1409987.67131894   0
7087   -1275228.77271526   1409945.28859565   0
7088   -1275438.34594256   1409936.5463649   0
7089   -1275431.44189026   1409985.95032477   0
7090   -1275422.75015983   1409955.10596229   0
7091   -1275480.15126628   1409917.80993761   0
7092   -1274416.45357845   1406937.04312521   0
7093   -1274524.49082885   1407003.41536435   0
7094   -1276120.29208072   1408276.08787685   0
7095   -1274859.60825605   1409083.79962891   0
7096   -1274847.0782027   1409005.00073024   0
7097   -1274751.33092546   1408913.26113751   0
7098   -1274046.16704121   1408646.98242563   0
7099   -1274034.64832064   1408682.99791525   0
7100   -1273998.29818513   1408640.63213364   0
7101   -1273935.26576447   1408667.05244123   0
7102   -1273770.1231035   1408790.70730756   0
7103   -1273770.61756072   1408680.40768579   0
7104   -1274310.86858769   1409479.51694623   0
7105   -1274416.61567894   1409522.7945855   0
7106   -1274348.12148956   1409508.24661876   0
7107   -1274289.30469156   1409439.60857898   0
7108   -1274409.90699603   1410063.70303375   0
7109   -1274454.89940469   1410123.39830939   0
7110   -1274373.46605593   1410169.62178964   0
7111   -1274355.29020635   1410239.76922215   0
7112   -1274398.7608606   1410128.48769566   0
7113   -1274353.82757388   1410133.58211313   0
7114   -1274417.38586034   1410169.51852282   0
7115   -1274485.18402468   1410187.82409966   0
7116   -1274509.2086348   1410279.92759707   0
7117   -1274653.70399131   1410268.85143684   0
7118   -1274403.45567148   1410207.40639069   0
7119   -1274292.92304697   1408659.00645649   0
7120   -1274305.15358472   1408725.23015986   0
7121   -1274257.04787758   1408683.80940508   0
7122   -1274327.02301066   1409734.93823794   0
7123   -1274312.59534982   1409703.97904769   0
7124   -1275364.42599857   1410122.58318017   0
7125   -1275326.03278952   1410152.71576577   0
7126   -1274567.69864129   1411122.25399506   0
7127   -1274573.00685176   1411076.41036168   0
7128   -1274539.86849011   1411060.3636571   0
7129   -1274545.42061887   1411096.61328969   0
7130   -1274516.10850575   1411110.98824261   0
7131   -1274544.18669396   1411141.47827986   0
7132   -1274579.86414659   1411170.754001   0
7133   -1274603.99909248   1411137.59907507   0
7134   -1274630.28123994   1411162.5535711   0
7135   -1274545.16956504   1411180.05591162   0
7136   -1274528.71755897   1411217.30870374   0
7137   -1274722.35715999   1403720.55633693   0
7138   -1279002.14656855   1405434.13096304   0
7139   -1279062.74930002   1405402.70073233   0
7140   -1279055.86821598   1405326.41219363   0
7141   -1277937.8115469   1404680.84941859   0
7142   -1278411.08148838   1404791.29847548   0
7143   -1278435.78789311   1404755.70433238   0
7144   -1278466.92002082   1404750.57792664   0
7145   -1278433.5272758   1404834.9914224   0
7146   -1278473.43089312   1404874.68541959   0
7147   -1278473.36385762   1404945.01695405   0
7148   -1278423.46806115   1405002.60741346   0
7149   -1278384.01853175   1404871.52520767   0
7150   -1278399.12488957   1404839.23203049   0
7151   -1278419.46095143   1404870.66127882   0
7152   -1278313.21755116   1404869.67951949   0
7153   -1278357.32471529   1404857.86873389   0
7154   -1278362.61701237   1404772.05780802   0
7155   -1278325.52661355   1404807.56188669   0
7156   -1278392.42502365   1404752.53914221   0
7157   -1278359.52050115   1404720.78757732   0
7158   -1274576.25570357   1410319.149494   0
7159   -1274574.25052837   1410250.00825079   0
7160   -1277862.80657788   1405281.68058875   0
7161   -1277867.31213179   1405203.1744309   0
7162   -1278842.13257073   1403866.10967375   0
7163   -1278854.21636288   1403803.65162819   0
7164   -1278897.45840603   1403728.67713255   0
7165   -1278782.60173312   1403730.14695529   0
7166   -1278839.25503586   1403754.70210765   0
7167   -1278837.42475636   1403683.78309649   0
7168   -1278904.10313587   1403861.09333928   0
7169   -1278934.58576492   1403918.08501115   0
7170   -1276810.17127885   1405192.96235025   0
7171   -1275335.85706275   1403848.72898904   0
7172   -1275426.06038031   1403987.42992449   0
7173   -1276879.60219796   1403469.94472146   0
7174   -1276899.55999305   1403407.64759031   0
7175   -1276934.97203814   1403451.55265499   0
7176   -1277028.01298571   1403476.85261733   0
7177   -1276948.50224547   1403545.63769255   0
7178   -1277036.7889124   1403570.25608805   0
7179   -1277056.38972271   1403643.29429358   0
7180   -1276987.75161767   1403586.13106081   0
7181   -1276905.04990872   1403640.00996822   0
7182   -1276850.39871966   1403543.24595994   0
7183   -1276804.8260911   1403642.46071152   0
7184   -1276993.80581651   1403542.84443251   0
7185   -1276941.21823629   1403587.05609443   0
7186   -1276897.29007788   1403564.82114477   0
7187   -1276849.60925105   1403604.67477362   0
7188   -1276907.51049048   1403592.0524327   0
7189   -1277074.28222747   1403529.66069384   0
7190   -1277115.2007553   1403452.49114016   0
7191   -1277084.24490698   1403483.36815683   0
7192   -1277058.47543799   1403503.57448655   0
7193   -1277025.70004666   1403519.08364828   0
7194   -1276977.66169613   1403491.67383346   0
7195   -1276924.62793071   1403504.97960664   0
7196   -1277114.08393335   1403502.23230833   0
7197   -1277047.92852872   1403387.46138167   0
7198   -1277074.1093073   1403313.72307443   0
7199   -1277050.84272159   1403436.01500443   0
7200   -1277060.45698104   1403469.5483206   0
7201   -1277104.26559645   1403240.00388954   0
7202   -1277096.98454102   1403584.11635324   0
7203   -1278223.30080005   1409234.63805069   0
7204   -1278206.82800272   1409313.09176404   0
7205   -1275312.84539096   1403947.98053134   0
7206   -1276137.1762083   1409750.01968647   0
7207   -1277574.01753209   1411708.6084634   0
7208   -1277687.49104655   1411648.88496114   0
7209   -1277777.22676217   1411543.34973813   0
7210   -1277984.03281299   1411524.78730975   0
7211   -1278130.09896007   1411662.76718193   0
7212   -1278321.36448892   1411641.87785716   0
7213   -1278380.99435529   1411532.35732085   0
7214   -1278310.38493623   1411414.11352271   0
7215   -1278157.66842242   1411349.00633429   0
7216   -1278155.56334528   1411172.56179386   0
7217   -1278064.53938969   1411232.11688278   0
7218   -1278035.59183212   1411361.28923594   0
7219   -1278112.47683015   1411456.27609782   0
7220   -1278144.99727426   1411256.15541712   0
7221   -1278259.89819373   1411309.36162948   0
7222   -1278220.73929133   1411234.45962979   0
7223   -1278093.49770827   1411299.77586942   0
7224   -1278038.66855075   1411302.29246825   0
7225   -1278428.17859252   1411435.01716923   0
7226   -1278485.59385702   1411516.20545145   0
7227   -1277764.27809571   1411753.89925474   0
7228   -1276958.83706402   1408811.90958107   0
7229   -1277000.65448566   1409473.5422161   0
7230   -1276917.0971051   1409473.75155806   0
7231   -1277012.88654521   1409361.21841225   0
7232   -1276908.3590656   1409270.64900913   0
7233   -1276979.15894822   1409302.49913117   0
7234   -1277090.37229804   1409339.43168704   0
7235   -1277162.02583464   1409385.0724529   0
7236   -1277192.2172811   1409471.12962881   0
7237   -1279374.19582007   1410599.72154294   0
7238   -1279369.65567654   1410769.5066294   0
7239   -1279152.95258589   1410842.90892869   0
7240   -1276372.20722229   1410888.76940623   0
7241   -1276415.57147485   1410838.37804422   0
7242   -1276419.42878187   1410897.78211959   0
7243   -1276470.96266946   1410965.8193159   0
7244   -1276399.62301381   1410962.468906   0
7245   -1276440.6599294   1410864.38492036   0
7246   -1276038.03066677   1411733.03125206   0
7247   -1276040.50113844   1411799.99955696   0
7248   -1275980.98009958   1411737.11315811   0
7249   -1275998.79299395   1411687.44220934   0
7250   -1276519.87475273   1409740.8175822   0
7251   -1276325.48193042   1410180.34656563   0
7252   -1277066.91821447   1403150.56415946   0
7253   -1275383.36172366   1404109.6504481   0
7254   -1277146.09727241   1410932.29361745   0
7255   -1279234.25815319   1409846.76182285   0
7256   -1279157.3337605   1409788.5898619   0
7257   -1277483.10823205   1410621.95636064   0
7258   -1277068.74665032   1410587.32649196   0
7259   -1277038.15141838   1412005.62932065   0
7260   -1276046.4384599   1410449.9510295   0
7261   -1280927.81580804   1404821.58569582   0
7262   -1280977.36082045   1404844.44811977   0
7263   -1280993.20204557   1404897.92732792   0
7264   -1280960.8595075   1404887.5604523   0
7265   -1280963.74033192   1404939.73206277   0
7266   -1281023.27876487   1404991.5575888   0
7267   -1280868.18333846   1404859.78926216   0
7268   -1280883.29018102   1404814.83629019   0
7269   -1280895.75418464   1404734.82629384   0
7270   -1280793.07313777   1404706.81784405   0
7271   -1280786.30005492   1404854.89087236   0
7272   -1279048.99210598   1410216.24789457   0
7273   -1278997.41099788   1410295.50810539   0
7274   -1279035.98914361   1410402.47928185   0
7275   -1278462.05765015   1404059.24947457   0
7276   -1274799.69707117   1407489.941899   0
7277   -1274713.63731453   1403488.84308211   0
7278   -1274798.39003186   1403424.57805508   0
7279   -1274781.11467523   1403502.91696743   0
7280   -1274809.5785893   1403588.47284081   0
7281   -1274908.66739398   1403656.31176489   0
7282   -1274685.6263563   1403552.93043757   0
7283   -1274622.45363161   1403574.78180215   0
7284   -1274645.17043168   1403547.5425363   0
7285   -1274671.62120564   1403507.28806033   0
7286   -1274645.7528511   1403450.2381206   0
7287   -1274620.61268027   1403372.69484516   0
7288   -1274699.03422755   1403337.61862284   0
7289   -1274653.94808427   1403479.74980406   0
7290   -1274607.27925532   1403470.535487   0
7291   -1277862.50127952   1410906.44815086   0
7292   -1277759.18245826   1410859.13952288   0
7293   -1277938.8410019   1410842.4836406   0
7294   -1278053.48151441   1409611.49606616   0
7295   -1276356.6774717   1410009.886983   0
7296   -1277473.72382754   1409628.88837403   0
7297   -1278119.20479839   1410206.71460403   0
7298   -1276602.3573987   1411163.35128709   0
7299   -1276739.00089789   1411143.05597336   0
7300   -1276564.77151303   1411051.49081049   0
7301   -1276597.37811769   1410991.17886591   0
7302   -1277322.0191133   1411860.16081592   0
7303   -1277474.62341585   1412095.59234226   0
7304   -1277349.91713086   1412069.8886218   0
7305   -1277518.93356201   1411907.57606762   0
7306   -1279764.40663034   1404424.11237087   0
7307   -1279711.34025794   1404522.0650488   0
7308   -1276904.19046974   1409873.83248062   0
7309   -1278733.78822778   1405865.65607814   0
7310   -1278721.9959791   1406017.62868912   0
7311   -1278629.73650579   1406165.44795601   0
7312   -1278636.14062095   1406286.40211341   0
7313   -1278751.53915534   1406431.49385926   0
7314   -1278772.85114433   1405676.01577634   0
7315   -1275747.85573457   1405107.80472217   0
7316   -1275687.2284646   1404986.15049708   0
7317   -1275674.90152921   1404862.28175742   0
7318   -1275725.46126786   1404749.48532954   0
7319   -1275575.31884114   1404562.75413262   0
7320   -1275477.07841609   1407777.32448956   0
7321   -1275106.76667188   1407676.69417334   0
7322   -1275074.46792314   1407958.22689909   0
7323   -1275181.26433315   1408002.64118351   0
7324   -1275234.42181816   1408070.25321221   0
7325   -1275443.65127675   1408115.78259509   0
7326   -1275331.09793786   1408125.01835283   0
7327   -1275382.34733341   1408034.31578622   0
7328   -1275171.63423139   1408113.51428281   0
7329   -1273286.37454025   1408017.47634902   0
7330   -1275966.89024569   1408128.03344969   0
7331   -1275873.98433444   1407984.96858146   0
7332   -1274377.99213314   1404394.54754571   0
7333   -1274233.69308755   1404246.95587776   0
7334   -1274345.33146459   1407697.89020811   0
7335   -1273270.14172389   1407603.6982557   0
7336   -1273306.48582939   1407483.09605193   0
7337   -1273349.51913793   1407576.43262492   0
7338   -1273618.49885501   1407809.88175962   0
7339   -1273411.90235114   1407749.08878454   0
7340   -1273448.74028277   1407619.38722323   0
7341   -1273651.43225247   1407512.77438012   0
7342   -1273509.97776549   1407336.24358054   0
7343   -1273297.40116782   1407722.13076596   0
7344   -1273359.73044462   1407656.47088645   0
7345   -1273134.42332399   1410732.38759645   0
7346   -1275811.28009555   1407395.12864751   0
7347   -1275751.73574257   1407489.1776751   0
7348   -1276550.93430853   1405893.07577038   0
7349   -1276569.59037381   1405799.84576592   0
7350   -1276651.53862803   1405704.48231019   0
7351   -1276549.91693949   1405710.86399337   0
7352   -1274416.29500745   1405884.16027768   0
7353   -1274493.79972815   1406007.97394738   0
7354   -1274551.27715403   1405907.7264981   0
7355   -1278037.65367869   1408556.38719743   0
7356   -1273834.67858978   1408415.41690318   0
7357   -1273847.36586645   1408531.5259327   0
7358   -1275276.44834239   1404593.54212049   0
7359   -1275163.6087959   1404405.38731915   0
7360   -1275098.53797583   1404523.03863295   0
7361   -1279464.09112504   1409757.35185172   0
7362   -1279480.09646654   1409585.53408173   0
7363   -1279620.19100655   1409549.44004394   0
7364   -1279645.82624959   1409473.31299571   0
7365   -1279613.56353538   1409425.16013274   0
7366   -1279582.6966622   1409378.12455039   0
7367   -1279612.44725332   1409390.5074395   0
7368   -1279495.60506257   1409371.90403611   0
7369   -1279597.89165003   1409301.72248066   0
7370   -1279607.24251027   1409345.05142798   0
7371   -1279647.70257735   1409313.25763927   0
7372   -1279635.23867553   1409237.88564341   0
7373   -1279672.41771677   1409167.01609701   0
7374   -1279710.1685946   1409223.86360739   0
7375   -1279632.03544628   1409280.23137354   0
7376   -1279583.43615278   1409239.04830538   0
7377   -1279506.78268482   1409228.13321451   0
7378   -1279507.55428232   1409160.07836332   0
7379   -1279556.96176256   1409126.90187573   0
7380   -1279599.23161233   1409124.58735579   0
7381   -1279633.9502358   1409147.57326505   0
7382   -1279638.26407569   1409111.10433094   0
7383   -1279680.82221721   1409109.79669527   0
7384   -1279724.32597468   1409129.67502235   0
7385   -1279705.74422525   1409170.34538077   0
7386   -1279688.7530216   1409140.13177063   0
7387   -1279660.66465735   1409131.71149975   0
7388   -1279708.69809216   1409107.30310342   0
7389   -1279553.83127556   1409178.89716109   0
7390   -1279523.37445371   1409194.08602251   0
7391   -1279487.18233734   1409193.78987922   0
7392   -1279451.79148417   1409249.12913941   0
7393   -1279553.56371245   1409212.78358512   0
7394   -1279588.77804061   1409204.48815482   0
7395   -1279626.18031325   1409199.65857907   0
7396   -1279644.72836952   1409175.66415575   0
7397   -1279669.10228614   1409206.05747192   0
7398   -1279536.88816856   1409152.55053738   0
7399   -1279512.61411239   1409125.55434811   0
7400   -1279472.03931876   1409135.75191147   0
7401   -1279437.0404091   1409146.49695496   0
7402   -1279404.0466108   1409171.13370303   0
7403   -1279406.11742319   1409127.19501741   0
7404   -1279474.9768294   1409103.99286439   0
7405   -1279545.40781061   1409101.43168434   0
7406   -1279477.26999153   1409165.87684936   0
7407   -1279574.42090683   1409153.48345686   0
7408   -1279681.97931862   1409080.30233416   0
7409   -1279613.97823392   1409088.50651613   0
7410   -1279598.69854331   1409266.51760877   0
7411   -1279562.64145557   1409282.64251871   0
7412   -1279564.32462172   1409326.63804546   0
7413   -1279668.92129826   1409268.49265634   0
7414   -1279525.63186634   1409261.20814412   0
7415   -1279554.78209118   1409251.94659475   0
7416   -1279534.95003379   1409231.47981748   0
7417   -1279687.7690687   1409350.02343051   0
7418   -1279680.92554838   1409405.50220729   0
7419   -1279739.43143053   1409426.47216592   0
7420   -1279788.81416989   1409471.72751968   0
7421   -1279797.24473407   1409556.71686045   0
7422   -1279861.2491693   1409619.11259441   0
7423   -1280006.20961157   1409619.36173888   0
7424   -1280147.75662324   1409655.89351824   0
7425   -1280270.6496251   1409579.28042204   0
7426   -1280232.70639684   1409664.8379473   0
7427   -1280192.8938258   1409740.14957455   0
7428   -1280255.68940716   1409829.28143535   0
7429   -1280245.06565142   1409769.41914969   0
7430   -1280234.33855766   1409723.52795981   0
7431   -1280261.45864725   1409741.97587112   0
7432   -1280308.67696691   1409787.15383691   0
7433   -1280395.14935174   1409725.29810234   0
7434   -1280327.55000288   1409864.69551688   0
7435   -1280353.32303526   1409959.30013426   0
7436   -1280278.98576516   1409768.13685209   0
7437   -1280276.51930169   1409803.43030273   0
7438   -1280313.93463766   1409825.59300865   0
7439   -1280382.07538982   1409797.8375712   0
7440   -1280284.08210832   1409855.46037887   0
7441   -1280295.98467474   1409924.9346113   0
7442   -1280270.22976726   1410003.49275453   0
7443   -1280302.81653977   1409889.29689001   0
7444   -1280345.17454688   1409903.87931303   0
7445   -1280395.36489779   1409924.03722308   0
7446   -1280464.61776674   1409928.09337728   0
7447   -1280574.89961385   1409947.27720571   0
7448   -1280364.19572589   1409929.87299555   0
7449   -1280377.86192548   1409895.65360175   0
7450   -1280329.38133456   1409937.4568686   0
7451   -1280317.93004905   1409971.73615304   0
7452   -1280355.96170231   1409995.23274019   0
7453   -1280404.09269819   1409976.0548915   0
7454   -1280401.86804822   1410033.96150247   0
7455   -1280385.40745763   1409956.77553923   0
7456   -1280388.25454096   1410002.17774443   0
7457   -1280259.43375842   1409899.45742939   0
7458   -1280196.79175912   1409867.76205297   0
7459   -1280121.85509843   1409924.55167507   0
7460   -1280124.71875505   1409802.12806754   0
7461   -1280043.09576376   1409721.55328796   0
7462   -1280184.74501362   1409809.16729772   0
7463   -1280209.05000322   1409767.7726302   0
7464   -1280234.16312741   1409800.81431649   0
7465   -1280221.29276114   1409834.39549986   0
7466   -1280244.58023822   1409863.27730771   0
7467   -1280159.36738251   1409771.57001394   0
7468   -1280140.91339732   1409713.08798887   0
7469   -1280097.49227922   1409759.89144136   0
7470   -1280130.72238266   1409745.68673485   0
7471   -1280163.05231594   1409737.23682189   0
7472   -1280091.35404614   1409677.84059549   0
7473   -1280093.49902963   1409594.90682733   0
7474   -1280182.99801814   1409560.17238774   0
7475   -1280200.14975774   1409435.99628261   0
7476   -1280278.84118527   1409358.39804715   0
7477   -1280263.81311106   1409491.52424727   0
7478   -1280357.18029433   1409831.88465728   0
7479   -1280359.13781335   1409867.57582607   0
7480   -1280200.14593662   1409687.67654809   0
7481   -1280174.13404778   1409708.74206032   0
7482   -1280209.15726088   1409715.53197641   0
7483   -1280344.03485905   1409796.71662188   0
7484   -1280338.77598137   1409739.67899466   0
7485   -1280339.08156393   1409645.99185962   0
7486   -1280370.24880043   1409763.84682862   0
7487   -1280357.61627863   1409565.89810387   0
7488   -1280330.33440249   1409694.03541198   0
7489   -1280312.64512551   1409722.65695555   0
7490   -1280305.86383984   1409752.92453834   0
7491   -1280281.74174058   1409675.08218794   0
7492   -1280260.39244088   1409700.91367887   0
7493   -1280332.465525   1409769.18187916   0
7494   -1280399.87694877   1409836.36719697   0
7495   -1280473.75249403   1409839.84736435   0
7496   -1280441.18069761   1409793.92061577   0
7497   -1280412.78486115   1409808.59483664   0
7498   -1280428.06417228   1409849.91214649   0
7499   -1280386.05699241   1409860.05269599   0
7500   -1280033.13791078   1409549.20217188   0
7501   -1280029.71406134   1409458.5548345   0
7502   -1280108.90148376   1409416.79607093   0
7503   -1280100.04528443   1409336.54501442   0
7504   -1280150.51502835   1409375.00378257   0
7505   -1280218.28863011   1409364.85096534   0
7506   -1280238.60144457   1409302.44496217   0
7507   -1280196.50670992   1409245.19839538   0
7508   -1280112.79537729   1409256.41025964   0
7509   -1280234.8408078   1409190.93948253   0
7510   -1280317.59187312   1409299.3534705   0
7511   -1280352.69745369   1409360.58887587   0
7512   -1280249.97032198   1409404.48036346   0
7513   -1280212.48281109   1409402.530421   0
7514   -1280174.05907271   1409408.07482121   0
7515   -1280151.14944738   1409455.4050191   0
7516   -1280194.4493279   1409501.41385292   0
7517   -1280154.4290102   1409520.14995678   0
7518   -1280131.68213204   1409566.02774127   0
7519   -1280160.6925246   1409607.83026562   0
7520   -1280224.34008647   1409599.5205963   0
7521   -1280196.5244345   1409639.92480284   0
7522   -1280191.26440715   1409606.55524911   0
7523   -1280224.70545336   1409628.70495335   0
7524   -1280265.83843514   1409623.76064637   0
7525   -1280166.97770968   1409635.13788766   0
7526   -1280128.9051763   1409624.71299844   0
7527   -1280114.86311425   1409654.29451727   0
7528   -1280128.94695965   1409684.33463249   0
7529   -1280077.97436969   1409634.69593027   0
7530   -1280035.29200488   1409666.82306304   0
7531   -1279931.17955772   1409712.53236213   0
7532   -1279847.61278812   1409705.57523701   0
7533   -1279761.95677562   1409741.23753662   0
7534   -1279716.26276264   1409857.08011781   0
7535   -1279607.76410372   1409855.82093326   0
7536   -1279893.05823473   1409668.61375427   0
7537   -1279933.11454603   1409608.47339279   0
7538   -1279973.92906518   1409560.91419719   0
7539   -1279939.76633696   1409656.67587151   0
7540   -1279991.54877979   1409696.45943433   0
7541   -1279988.46781659   1409770.51615578   0
7542   -1279916.95984924   1409859.53732389   0
7543   -1279982.69263549   1409948.73350035   0
7544   -1279914.03166471   1409780.29464887   0
7545   -1279969.35649487   1409826.83414682   0
7546   -1279991.65767412   1409873.0099072   0
7547   -1280058.70196386   1409896.5065392   0
7548   -1280078.98444299   1409847.39626036   0
7549   -1280072.2706597   1409792.25817806   0
7550   -1280024.47396687   1409787.71634333   0
7551   -1279999.82654179   1409811.43673115   0
7552   -1279995.32594971   1409845.43496137   0
7553   -1280052.89109313   1409758.57532293   0
7554   -1280048.75847792   1409816.47690958   0
7555   -1280089.5442944   1409818.56611053   0
7556   -1280147.78957496   1409857.26005324   0
7557   -1280112.85148003   1409846.0197274   0
7558   -1280097.30604599   1409882.07894213   0
7559   -1280129.73107652   1409892.16419383   0
7560   -1280169.47435926   1409910.55094323   0
7561   -1280185.12952912   1410031.15724144   0
7562   -1280188.84582032   1409965.8725927   0
7563   -1280123.73298855   1409972.0215707   0
7564   -1280084.55291081   1409950.52106445   0
7565   -1280084.79936476   1409917.68167206   0
7566   -1280110.81454234   1410042.16311505   0
7567   -1280019.57845982   1410081.03161908   0
7568   -1279988.31843688   1410211.47364571   0
7569   -1279900.02193497   1410266.61298783   0
7570   -1280150.16724326   1409946.43811295   0
7571   -1280049.99819261   1409861.46804543   0
7572   -1280023.31244143   1409881.43557939   0
7573   -1280000.01876975   1409903.95834675   0
7574   -1279953.37918064   1409901.29987664   0
7575   -1279930.20067815   1410010.98365921   0
7576   -1279888.32405883   1409909.82054149   0
7577   -1280036.53761276   1409926.72193363   0
7578   -1279959.83996141   1409859.69213648   0
7579   -1279845.92610322   1409664.02094306   0
7580   -1279823.98775963   1409632.87682153   0
7581   -1279785.94289279   1409600.92594025   0
7582   -1279687.00369666   1409617.5986105   0
7583   -1279723.69623962   1409551.17836958   0
7584   -1279767.71779632   1409566.13653469   0
7585   -1279828.58578875   1409588.86560906   0
7586   -1279842.91185102   1409551.27135653   0
7587   -1279806.77529923   1409508.63130907   0
7588   -1279864.57333376   1409464.41126666   0
7589   -1279850.88309224   1409508.02382275   0
7590   -1279823.34513426   1409478.31552491   0
7591   -1279810.67631709   1409441.50729543   0
7592   -1279776.92599482   1409429.71597935   0
7593   -1279761.68748973   1409396.23016436   0
7594   -1279769.08048022   1409357.43575567   0
7595   -1279831.97912248   1409350.08795104   0
7596   -1279798.09383706   1409374.80337622   0
7597   -1279800.85544378   1409341.47823244   0
7598   -1279742.08940598   1409327.44419356   0
7599   -1279741.80773146   1409267.32554936   0
7600   -1279707.05302316   1409325.70323755   0
7601   -1279875.47567506   1409391.15068642   0
7602   -1279869.8096859   1409580.06351676   0
7603   -1279919.65303353   1409565.2207572   0
7604   -1279898.12035678   1409599.18154519   0
7605   -1279904.11126323   1409634.34544205   0
7606   -1279873.87376657   1409647.99086011   0
7607   -1279817.70385661   1409536.63474942   0
7608   -1279871.02124676   1409687.50523262   0
7609   -1279890.74723701   1409719.95440481   0
7610   -1279919.57529665   1409746.75652882   0
7611   -1279960.22125807   1409735.8495583   0
7612   -1280005.02312491   1409735.9192201   0
7613   -1279946.99854433   1409776.53663288   0
7614   -1279968.17389639   1409797.71683589   0
7615   -1279876.30305372   1409760.91125743   0
7616   -1279834.44640731   1409742.12651814   0
7617   -1279861.78636304   1409731.77021751   0
7618   -1279806.81807857   1409711.2551164   0
7619   -1279806.6740744   1409671.93094111   0
7620   -1279825.15343811   1409691.26981528   0
7621   -1279875.06731003   1409832.17019265   0
7622   -1279888.61904575   1409793.42388741   0
7623   -1279920.17756159   1409814.2190161   0
7624   -1279942.08324688   1409829.0731548   0
7625   -1279810.84352338   1409860.07439165   0
7626   -1279984.01961856   1409656.50557588   0
7627   -1279960.96356692   1409626.62511466   0
7628   -1280127.00357147   1409593.11034635   0
7629   -1280161.11788191   1409580.44282565   0
7630   -1280096.97208554   1409556.05307199   0
7631   -1280068.74391248   1409528.75670029   0
7632   -1280070.45251951   1409482.94155097   0
7633   -1280027.18390951   1409508.47706365   0
7634   -1279956.21482427   1409486.30769091   0
7635   -1280105.68556941   1409460.43710638   0
7636   -1280123.08866837   1409536.12066184   0
7637   -1279918.03287418   1409682.77175143   0
7638   -1280062.19948272   1409693.41257499   0
7639   -1280096.76684773   1409715.28153926   0
7640   -1280181.38019691   1409664.11677346   0
7641   -1280159.15613076   1409684.21451368   0
7642   -1280156.50330531   1409549.02261009   0
7643   -1280162.03421311   1409489.01429186   0
7644   -1280187.5693108   1409466.03953017   0
7645   -1280226.87418865   1409469.80740287   0
7646   -1280271.65361588   1409449.04613855   0
7647   -1280312.92631388   1409402.80139067   0
7648   -1280230.70566917   1409504.9339265   0
7649   -1280263.45893202   1409536.3738953   0
7650   -1280313.8710877   1409525.26167328   0
7651   -1280311.79390182   1409565.13186291   0
7652   -1280340.11721779   1409601.26430063   0
7653   -1280402.15402835   1409627.61141248   0
7654   -1280478.24238428   1409636.93979549   0
7655   -1280538.64158795   1409662.82637588   0
7656   -1280600.97894093   1409697.04969539   0
7657   -1280564.17633715   1409770.40822769   0
7658   -1280528.07295069   1409582.42269338   0
7659   -1280494.83473278   1409515.40687484   0
7660   -1280527.29324996   1409415.31660883   0
7661   -1280467.53966924   1409331.51445758   0
7662   -1280619.73309893   1409833.9578939   0
7663   -1280797.47135365   1409846.86628559   0
7664   -1280702.50591387   1409830.57912051   0
7665   -1280734.97278842   1409735.32197826   0
7666   -1280811.26444098   1409779.86133542   0
7667   -1280761.51977914   1409802.40110021   0
7668   -1280748.02083348   1409857.79624831   0
7669   -1280680.29249016   1409920.51868278   0
7670   -1280783.67826632   1409913.87123575   0
7671   -1280720.63550587   1409785.20250124   0
7672   -1280674.96265497   1409792.01968254   0
7673   -1280636.6904668   1409795.14640474   0
7674   -1280689.17673241   1409759.8872904   0
7675   -1280682.16750687   1409691.66995836   0
7676   -1280667.52599572   1409730.5969467   0
7677   -1280631.37159556   1409725.90512132   0
7678   -1280591.83113875   1409731.8574188   0
7679   -1280552.89838631   1409718.2786103   0
7680   -1280500.92110065   1409786.85065032   0
7681   -1280615.36805285   1409762.07206289   0
7682   -1280638.48770196   1409690.33321819   0
7683   -1280656.97611908   1409640.76147668   0
7684   -1280647.4089836   1409560.68320623   0
7685   -1280724.79091761   1409537.5580787   0
7686   -1280783.79996313   1409603.1308731   0
7687   -1280512.32433889   1409746.57993041   0
7688   -1280458.02367579   1409744.48692318   0
7689   -1280452.63776649   1409694.30535354   0
7690   -1280400.60716054   1409673.32179831   0
7691   -1280615.42518629   1409395.33302707   0
7692   -1280377.95160939   1409597.41210831   0
7693   -1280303.51895057   1409604.18617515   0
7694   -1280340.52234671   1409539.99856818   0
7695   -1280372.18514299   1409502.45208861   0
7696   -1280414.03154843   1409435.61498557   0
7697   -1280503.79335962   1409669.18251141   0
7698   -1280472.78093959   1409667.17401594   0
7699   -1280443.26419562   1409643.87576872   0
7700   -1280438.33225711   1409609.1972846   0
7701   -1280410.48404917   1409584.64850845   0
7702   -1280422.7595111   1409530.42661003   0
7703   -1280474.68021669   1409601.90288389   0
7704   -1280482.00692981   1409554.30905214   0
7705   -1280238.80296341   1409569.19817631   0
7706   -1280205.12483316   1409575.43706192   0
7707   -1280210.12113316   1409537.18433037   0
7708   -1280304.01338484   1409477.08401318   0
7709   -1280333.82341946   1409499.19313543   0
7710   -1280291.01321027   1409509.10942619   0
7711   -1280237.34745812   1409436.15723436   0
7712   -1280143.18049463   1409420.95775702   0
7713   -1280185.47497578   1409376.94919495   0
7714   -1280172.79473878   1409345.69830937   0
7715   -1280137.83079606   1409337.35981595   0
7716   -1280132.47778859   1409298.44378564   0
7717   -1280169.76040549   1409275.561968   0
7718   -1280206.13477718   1409287.09017681   0
7719   -1280239.28144933   1409251.04418991   0
7720   -1280266.61992057   1409278.89489435   0
7721   -1280154.94288434   1409234.53542065   0
7722   -1280182.75031991   1409216.68072631   0
7723   -1280145.30568529   1409262.47786867   0
7724   -1280097.22805588   1409206.49865954   0
7725   -1280045.89153283   1409217.09376576   0
7726   -1279994.43147144   1409231.82157225   0
7727   -1279964.54054345   1409269.80664599   0
7728   -1279955.33293724   1409231.04577381   0
7729   -1279914.83451215   1409215.07073779   0
7730   -1279991.77448763   1409260.35905877   0
7731   -1279984.63836608   1409298.46148858   0
7732   -1279989.28371557   1409344.21896958   0
7733   -1279983.16258693   1409413.49498655   0
7734   -1279936.38315631   1409368.80704799   0
7735   -1279980.24359946   1409374.07273958   0
7736   -1279931.24008973   1409290.71282529   0
7737   -1280025.76315025   1409251.05990266   0
7738   -1280068.35249623   1409260.6126366   0
7739   -1280018.33967302   1409183.24952336   0
7740   -1279978.86915121   1409159.18253636   0
7741   -1279947.87422423   1409166.04569295   0
7742   -1280022.1959083   1409134.44133066   0
7743   -1279990.83560636   1409202.59175819   0
7744   -1280115.98095384   1409142.46063841   0
7745   -1280071.14451307   1409095.96357483   0
7746   -1280073.04244438   1409043.60624578   0
7747   -1280140.0554276   1409026.77902265   0
7748   -1280197.39922406   1409070.37661918   0
7749   -1280172.12026322   1409124.57151439   0
7750   -1280159.96550122   1408958.5588126   0
7751   -1280114.52557127   1408901.27135925   0
7752   -1280119.89672487   1408816.75987647   0
7753   -1280104.91562382   1409107.4937393   0
7754   -1280138.17272355   1409119.850062   0
7755   -1280081.50995982   1409136.03466723   0
7756   -1280297.85474334   1409176.37675463   0
7757   -1280355.94700818   1409226.69538038   0
7758   -1280403.24100767   1409284.66684416   0
7759   -1280302.16644616   1409122.23207397   0
7760   -1280280.52738477   1409032.42250213   0
7761   -1280378.09260956   1409062.58153892   0
7762   -1280047.05777212   1409599.04633976   0
7763   -1280011.35994162   1409578.36229232   0
7764   -1280065.89044074   1409567.14362033   0
7765   -1280395.5740856   1410075.5792702   0
7766   -1280421.39797364   1410058.16371365   0
7767   -1280442.07698115   1410031.62367862   0
7768   -1280514.07949216   1410031.4163754   0
7769   -1280472.8963723   1410018.81952722   0
7770   -1280503.74786533   1409972.28234747   0
7771   -1280472.51204772   1410059.16719284   0
7772   -1280421.46533646   1410002.31278831   0
7773   -1280428.89604428   1410159.76916718   0
7774   -1280417.78535567   1410109.60126303   0
7775   -1280338.85228047   1410119.50210511   0
7776   -1280481.81557323   1410135.8137334   0
7777   -1280475.02414573   1410097.41465752   0
7778   -1280509.08175546   1410110.2198914   0
7779   -1280543.55606483   1410182.53269035   0
7780   -1280547.96548659   1410248.17787943   0
7781   -1280626.54004642   1410265.56792149   0
7782   -1280588.73600199   1410344.5337059   0
7783   -1280450.53579831   1410121.19882271   0
7784   -1280513.98739359   1409261.84055634   0
7785   -1280506.93484003   1409200.76651107   0
7786   -1280424.31716268   1409909.49609183   0
7787   -1280450.80694349   1409882.71948654   0
7788   -1280508.39853965   1409897.58900234   0
7789   -1280429.0743503   1409952.42449831   0
7790   -1279688.37679674   1409446.06930405   0
7791   -1279710.68696143   1409416.48162755   0
7792   -1279728.31514093   1409453.14612361   0
7793   -1279756.24010541   1409457.9944429   0
7794   -1280244.54447977   1408959.17275885   0
7795   -1280317.02951348   1409217.61049427   0
7796   -1280335.06516647   1409182.69581143   0
7797   -1280408.68030807   1409178.55082296   0
7798   -1280400.18870474   1409233.00356114   0
7799   -1280362.01795854   1409263.74542027   0
7800   -1280365.6820372   1409193.83734434   0
7801   -1280475.59164776   1410267.66898797   0
7802   -1280198.80491815   1409158.46595506   0
7803   -1280202.34290286   1409194.43809378   0
7804   -1280163.94632925   1409154.15772857   0
7805   -1280203.55881669   1409119.29887148   0
7806   -1280103.6971538   1409007.38774716   0
7807   -1280141.09581173   1408998.81405801   0
7808   -1280450.64208298   1409273.43100289   0
7809   -1280477.634166   1409243.96143473   0
7810   -1280436.18085057   1409307.6270174   0
7811   -1280396.87782278   1409330.28057045   0
7812   -1280436.21173827   1409374.44248761   0
7813   -1280471.92875323   1409409.70478179   0
7814   -1280496.06868683   1409459.81508403   0
7815   -1280441.79009229   1409404.39622105   0
7816   -1280473.60643753   1409368.83873687   0
7817   -1280509.15517578   1409341.38710038   0
7818   -1280498.23592326   1409308.28633883   0
7819   -1280467.56907677   1409302.61405716   0
7820   -1280483.9544034   1409278.76992026   0
7821   -1280537.34606914   1409289.78705189   0
7822   -1280535.75726296   1409325.25082175   0
7823   -1280555.71165669   1409368.2383463   0
7824   -1280515.62438905   1409374.44968705   0
7825   -1280497.34275584   1409394.22736205   0
7826   -1280391.45138185   1409402.38755081   0
7827   -1280404.87443396   1409365.24373347   0
7828   -1280434.45798531   1409343.10060153   0
7829   -1280528.44506137   1410324.59156697   0
7830   -1279651.90259642   1409406.183261   0
7831   -1279695.98677414   1409377.0274729   0
7832   -1279654.80822204   1409346.75860043   0
7833   -1280550.99613473   1409621.39502904   0
7834   -1280511.98995634   1409631.39693768   0
7835   -1279834.34826326   1409386.91469115   0
7836   -1280154.55128971   1409986.89529458   0
7837   -1280272.99597461   1409388.43999509   0
7838   -1279676.23258743   1409320.64114805   0
7839   -1279621.69234692   1409319.96064943   0
7840   -1274825.44028629   1404906.986487   0
7841   -1276883.91633068   1407857.99208214   0
7842   -1277399.62759931   1403524.06501858   0
7843   -1277356.36366998   1403542.12956515   0
7844   -1277406.22714682   1403493.70792139   0
7845   -1276153.3175935   1404438.94649339   0
7846   -1276111.2344486   1404524.04591635   0
7847   -1279600.76863384   1410448.18177041   0
7848   -1277884.54660435   1411104.3473326   0
7849   -1277757.41659927   1411223.87935099   0
7850   -1277607.74595067   1411289.59938813   0
7851   -1277545.10215726   1411433.12141961   0
7852   -1277448.51284252   1411300.21742346   0
7853   -1277708.87829056   1411341.73046967   0
7854   -1277843.55561195   1411426.94811527   0
7855   -1277801.42323868   1411338.59978871   0
7856   -1277930.18122844   1411373.98910864   0
7857   -1277627.32146787   1411376.69227262   0
7858   -1276637.0088344   1405070.67306572   0
7859   -1276686.88905539   1405116.0975382   0
7860   -1276735.20010664   1405168.04861115   0
7861   -1276780.59098342   1405075.97949006   0
7862   -1276866.97420801   1405051.32712569   0
7863   -1276793.00146218   1405144.74592047   0
7864   -1276821.74646172   1405105.73365501   0
7865   -1275041.7799268   1407374.74977303   0
7866   -1275245.21605401   1405510.26178156   0
7867   -1277985.35280697   1409371.24646008   0
7868   -1277837.81515105   1409323.83994209   0
7869   -1273087.99484073   1406998.13559537   0
7870   -1273059.62699424   1407132.06561162   0
7871   -1273203.24392271   1407104.84031899   0
7872   -1273160.7159548   1407235.13736628   0
7873   -1274986.90300799   1405564.7620784   0
7874   -1275082.55014983   1405436.90448005   0
7875   -1273214.49256325   1408187.68427657   0
7876   -1273346.73906651   1408386.58031803   0
7877   -1277819.41235069   1410481.95700162   0
7878   -1274043.11654791   1410467.16300684   0
7879   -1274119.4485458   1410528.91896995   0
7880   -1276288.32092522   1408586.48425199   0
7881   -1276266.59628837   1408470.98653864   0
7882   -1278038.80608485   1409256.85170205   0
7883   -1279623.36934386   1410183.56347656   0
7884   -1275938.70751924   1404622.07038482   0
7885   -1276814.34183914   1409089.96438434   0
7886   -1276790.19999482   1409230.01570646   0
7887   -1273706.43150886   1405040.31643594   0
7888   -1273731.57663337   1404823.5170594   0
7889   -1275851.79528148   1408621.9195308   0
7890   -1277239.39203333   1408223.51625371   0
7891   -1277242.0235859   1408079.3026443   0
7892   -1277431.85301055   1408103.08125968   0
7893   -1277404.69510077   1407959.02713362   0
7894   -1277270.35135928   1408352.99281822   0
7895   -1277155.00422019   1408436.6250658   0
7896   -1274791.16815204   1409504.61713453   0
7897   -1274908.92553783   1409502.98263523   0
7898   -1275043.70959067   1409448.99692273   0
7899   -1276505.34346322   1408263.77393116   0
7900   -1277328.54048567   1408151.81148717   0
7901   -1274373.86931764   1409205.99975925   0
7902   -1274232.8634115   1408171.99267718   0
7903   -1274301.00398331   1408138.96836804   0
7904   -1274190.09322268   1410087.57666571   0
7905   -1274072.39046425   1410188.109106   0
7906   -1274795.2730386   1410050.60655609   0
7907   -1274708.47121895   1410116.62062611   0
7908   -1274659.295201   1410188.4454481   0
7909   -1276973.83429353   1408288.02808818   0
7910   -1276979.86741308   1408146.84472065   0
7911   -1274326.449157   1410744.5705325   0
7912   -1274353.93586414   1410770.88454763   0
7913   -1274270.15049675   1410774.97645627   0
7914   -1274291.39053589   1410747.2646419   0
7915   -1274228.08639978   1410739.95898566   0
7916   -1274259.61584165   1410733.24504668   0
7917   -1274242.4082982   1410687.32513937   0
7918   -1274291.70311901   1410651.32051355   0
7919   -1274310.0773499   1410775.70726325   0
7920   -1274340.67561523   1410696.20999531   0
7921   -1274728.70230915   1403868.79964329   0
7922   -1274732.03395137   1403928.43246344   0
7923   -1274702.15152206   1403985.61955731   0
7924   -1274627.70371051   1404076.68188509   0
7925   -1274524.85540991   1403958.21045678   0
7926   -1274342.13442251   1403904.23706797   0
7927   -1274750.11411504   1403893.54287365   0
7928   -1274718.79408986   1403829.18123883   0
7929   -1274591.34495442   1403823.79841256   0
7930   -1274654.04172478   1403805.01991616   0
7931   -1274679.60326045   1403855.26672512   0
7932   -1274625.15392222   1403897.75659656   0
7933   -1274635.76533881   1403746.7936037   0
7934   -1275605.02398634   1408133.86811527   0
7935   -1274658.99292359   1404648.37878746   0
7936   -1274608.5272311   1407624.62810851   0
7937   -1274719.00487204   1407365.22190569   0
7938   -1274800.57785634   1407406.5856819   0
7939   -1274951.943633   1410517.97232306   0
7940   -1274968.89346802   1410619.36106748   0
7941   -1275029.36696257   1410488.16447548   0
7942   -1275067.66202837   1410512.04077964   0
7943   -1275130.40321393   1410550.2873352   0
7944   -1275033.73905457   1410524.88764093   0
7945   -1275019.67754201   1410587.56427075   0
7946   -1275064.56140165   1410648.84326464   0
7947   -1275033.06637321   1410558.92012825   0
7948   -1274998.43372627   1410507.07788971   0
7949   -1274972.22726949   1410441.05910137   0
7950   -1274999.16847201   1410544.26832011   0
7951   -1275064.64222809   1410466.38959388   0
7952   -1275036.7429325   1410439.14216792   0
7953   -1275004.37686902   1410466.10313938   0
7954   -1274976.25948147   1410482.06567194   0
7955   -1274928.694528   1410462.91108686   0
7956   -1274863.129307   1410541.24204699   0
7957   -1274934.89137134   1410380.84048769   0
7958   -1275093.98685312   1410535.14361457   0
7959   -1275107.52664392   1410593.3748427   0
7960   -1275092.82302133   1410566.2462393   0
7961   -1275061.22444938   1410593.90391069   0
7962   -1275117.95276399   1410511.77391887   0
7963   -1276327.21867326   1409582.25911818   0
7964   -1274516.97890768   1407437.23993556   0
7965   -1276354.63686934   1403959.0466887   0
7966   -1277361.4942572   1403860.32818239   0
7967   -1277274.3421526   1403838.36447519   0
7968   -1276265.25033523   1403507.53356424   0
7969   -1276252.04485671   1403604.92225044   0
7970   -1276414.3231376   1403836.89682888   0
7971   -1276478.47702048   1403870.80155889   0
7972   -1276498.366212   1403963.00184751   0
7973   -1276275.37989991   1403101.44549263   0
7974   -1276312.59993642   1403116.3135136   0
7975   -1277552.34286194   1404554.92712524   0
7976   -1277586.44238645   1404536.0517347   0
7977   -1277551.07032818   1404589.95147009   0
7978   -1273086.30309541   1410657.11820385   0
7979   -1273026.67801599   1410566.26683859   0
7980   -1277822.30060516   1405110.6753052   0
7981   -1277857.71381583   1405112.58208458   0
7982   -1277810.50457721   1405153.62409227   0
7983   -1277788.61729781   1405093.86493637   0
7984   -1277735.79273612   1405093.38116252   0
7985   -1277729.49261809   1405039.10563002   0
7986   -1277819.00175478   1405067.91427585   0
7987   -1277823.33283118   1405017.3555214   0
7988   -1277767.90928016   1405009.39885158   0
7989   -1274612.76531021   1402801.62542026   0
7990   -1274694.94596584   1402792.04417543   0
7991   -1274744.49263717   1402701.45917182   0
7992   -1274666.34010484   1402873.81796879   0
7993   -1276994.58872499   1404889.04289257   0
7994   -1276980.06484396   1404991.12567126   0
7995   -1276366.31507317   1406332.84236233   0
7996   -1274461.18657041   1409135.17477452   0
7997   -1274417.56345647   1409134.60977529   0
7998   -1274436.9610573   1409155.43708296   0
7999   -1274483.20735845   1409199.33798126   0
8000   -1274467.42124129   1409169.59341346   0
8001   -1274492.01318799   1409148.05310483   0
8002   -1274494.8503066   1409101.56107858   0
8003   -1274468.31731752   1409038.62742521   0
8004   -1274529.4607754   1408926.30243735   0
8005   -1274529.13005647   1409051.42037329   0
8006   -1274456.87189501   1409103.00569874   0
8007   -1274395.06606303   1409166.74374044   0
8008   -1274450.86053356   1410615.99892094   0
8009   -1274414.84963077   1410690.6814819   0
8010   -1274297.07671214   1407547.06977697   0
8011   -1274281.04626839   1407612.59162638   0
8012   -1274312.38292889   1407586.25113644   0
8013   -1274367.68052466   1407549.78723333   0
8014   -1274235.63247876   1407647.23909137   0
8015   -1274151.76538476   1407645.0729389   0
8016   -1273978.99201442   1407623.92852216   0
8017   -1274288.39813765   1407654.11592413   0
8018   -1274035.44810198   1407391.8387368   0
8019   -1278247.70430169   1403997.51532781   0
8020   -1274361.38456801   1404539.7066405   0
8021   -1273517.89385358   1410979.8460739   0
8022   -1273144.06896415   1407149.92986492   0
8023   -1273045.443071   1407199.03061975   0
8024   -1273090.2237097   1407173.74674387   0
8025   -1273096.68270081   1407129.04020826   0
8026   -1273073.81091749   1407065.1006035   0
8027   -1273135.64062315   1407078.87594683   0
8028   -1273120.58040051   1407110.35526542   0
8029   -1273066.71895586   1407098.58310756   0
8030   -1273098.39293845   1407090.43850007   0
8031   -1277856.58144744   1404856.60680274   0
8032   -1277962.61769078   1404868.9010422   0
8033   -1277063.12032723   1403774.53682609   0
8034   -1277051.44257751   1403814.6585547   0
8035   -1274956.00331862   1407455.29716252   0
8036   -1274908.31701454   1407366.82345046   0
8037   -1277398.46617687   1403136.3586253   0
8038   -1277314.54009374   1403209.67961871   0
8039   -1279341.02186239   1408021.24940977   0
8040   -1279371.43060724   1408042.95130312   0
8041   -1279382.26018218   1408001.06075345   0
8042   -1279410.35276858   1407973.48534115   0
8043   -1279307.76677313   1408050.11018178   0
8044   -1279304.07035868   1408099.97965197   0
8045   -1279271.48269105   1408142.23787679   0
8046   -1279287.54862715   1408075.8577782   0
8047   -1279266.0042309   1408038.70343642   0
8048   -1279192.66642251   1408064.92820549   0
8049   -1279200.36631528   1407976.653032   0
8050   -1279341.98299864   1408133.06090142   0
8051   -1279304.89573076   1408130.22647692   0
8052   -1279234.93661401   1408065.5191065   0
8053   -1279216.67041944   1408115.56866164   0
8054   -1279145.89653067   1408113.6140738   0
8055   -1279049.07651496   1408124.22509757   0
8056   -1278945.22130208   1408052.80523545   0
8057   -1279029.09056731   1408247.92210738   0
8058   -1279249.9752901   1408111.68107823   0
8059   -1279215.95005497   1408019.00564518   0
8060   -1279262.3192369   1407986.15340979   0
8061   -1279311.71791587   1407989.82443817   0
8062   -1279251.32268656   1408014.11567881   0
8063   -1279282.36384483   1407971.38395523   0
8064   -1279236.38987597   1407954.15602691   0
8065   -1279231.91955106   1407982.83834927   0
8066   -1279228.16658563   1407900.41935879   0
8067   -1279219.31280502   1407861.23230783   0
8068   -1279190.23573475   1407849.37994595   0
8069   -1279173.9685817   1407830.88056843   0
8070   -1279253.58360169   1407919.83388073   0
8071   -1279187.95659958   1407936.87521527   0
8072   -1279155.46549904   1407960.65102945   0
8073   -1279167.97084522   1408015.15335987   0
8074   -1279112.98057782   1407995.44695613   0
8075   -1279050.36576736   1408037.37179263   0
8076   -1279174.11816525   1407987.13809641   0
8077   -1279166.22896264   1407908.04903745   0
8078   -1279142.19370363   1407877.28097962   0
8079   -1279110.57682403   1407892.21943527   0
8080   -1279199.57756048   1407904.63970563   0
8081   -1279218.4409775   1407929.19846138   0
8082   -1279181.05661855   1408152.53580177   0
8083   -1279568.88487636   1407987.78555352   0
8084   -1279595.47995637   1408023.05884368   0
8085   -1279543.71905415   1408013.54183354   0
8086   -1279574.10352718   1407670.61793082   0
8087   -1279629.23061733   1407653.59654771   0
8088   -1279627.84578041   1407609.73704606   0
8089   -1279688.12127856   1407618.64609446   0
8090   -1279604.45843536   1407569.09097271   0
8091   -1279628.07506295   1407525.08965125   0
8092   -1279664.22867325   1407513.10187134   0
8093   -1279656.48989733   1407541.75719901   0
8094   -1279693.85600659   1407558.21959283   0
8095   -1279629.11402623   1407554.66334579   0
8096   -1279598.58776427   1407542.68409346   0
8097   -1279626.60539548   1407583.4341993   0
8098   -1279610.50276728   1407685.80718083   0
8099   -1279648.46003006   1407715.02602476   0
8100   -1279585.92792182   1407594.15753436   0
8101   -1279576.25502029   1407701.24538275   0
8102   -1274608.52352132   1407981.3777892   0
8103   -1274586.13869581   1407919.66800304   0
8104   -1274615.82778526   1407944.51775506   0
8105   -1279744.75754799   1407675.88934522   0
8106   -1279818.75618689   1407713.40973973   0
8107   -1279878.10074074   1407675.86256018   0
8108   -1279905.70712677   1407621.14065438   0
8109   -1280007.29388246   1407568.5668705   0
8110   -1279941.69128829   1407583.8801912   0
8111   -1279943.01872369   1407467.61338649   0
8112   -1280030.70853609   1407398.1309148   0
8113   -1280140.94497809   1407402.71374312   0
8114   -1280210.98222078   1407355.93548306   0
8115   -1280086.34745784   1407447.32415138   0
8116   -1280025.2954593   1407491.51829628   0
8117   -1280085.45262657   1407391.71046435   0
8118   -1280023.33296447   1407299.38621988   0
8119   -1280096.133894   1407131.97421241   0
8120   -1280129.07226604   1407030.25390937   0
8121   -1280203.65239679   1407158.33547513   0
8122   -1279962.11917179   1407534.59039862   0
8123   -1280230.73879641   1407283.13164922   0
8124   -1280105.47619208   1407676.20727973   0
8125   -1279806.30322885   1407771.53673514   0
8126   -1279871.8131291   1407813.57133764   0
8127   -1279951.57205217   1407764.47929062   0
8128   -1279916.23751526   1407814.71440502   0
8129   -1279892.97656024   1407850.10614754   0
8130   -1279874.95070119   1407901.44982609   0
8131   -1279863.2433881   1408016.76872913   0
8132   -1279843.85292614   1407865.83688638   0
8133   -1279864.69287228   1407846.31236329   0
8134   -1279834.86603837   1407823.75622339   0
8135   -1279850.419392   1407783.9402118   0
8136   -1279798.36778503   1407879.54589607   0
8137   -1279754.69964357   1407913.28880106   0
8138   -1279698.32379257   1407903.80359952   0
8139   -1279764.97711947   1407961.94760295   0
8140   -1279820.56827446   1407977.38245017   0
8141   -1279874.94523047   1407959.89992362   0
8142   -1279941.23484691   1407932.6856327   0
8143   -1279932.07870784   1407999.74770027   0
8144   -1279973.05081203   1407970.59727536   0
8145   -1280008.8037723   1407897.90597107   0
8146   -1280094.27052543   1407922.1991643   0
8147   -1280035.26215243   1407961.98375953   0
8148   -1280000.8312932   1407976.2973884   0
8149   -1280096.96295144   1408006.02486559   0
8150   -1279975.13699307   1407933.91173575   0
8151   -1279960.81007849   1407893.12797605   0
8152   -1279981.89309503   1407836.48942193   0
8153   -1279920.87564433   1407900.7411242   0
8154   -1280007.33282096   1407939.45539294   0
8155   -1280049.93112687   1407916.07302687   0
8156   -1279969.75146101   1408012.44193346   0
8157   -1279989.97578348   1408132.83049246   0
8158   -1279997.94964887   1408065.32466442   0
8159   -1279926.92481903   1408056.20028706   0
8160   -1280074.66671398   1408086.07749518   0
8161   -1279939.77346619   1407965.73013592   0
8162   -1279906.47852033   1407972.51540134   0
8163   -1279893.09345287   1408010.26640896   0
8164   -1279851.5431492   1407984.17555125   0
8165   -1279840.42146008   1407941.58659564   0
8166   -1279779.47149473   1408057.13256188   0
8167   -1279729.32196041   1408021.31138399   0
8168   -1279706.66598779   1407992.55596429   0
8169   -1279744.16716761   1407988.13273202   0
8170   -1279783.31087663   1408008.96421662   0
8171   -1279824.68398785   1408012.66801326   0
8172   -1279851.18241761   1408061.40553593   0
8173   -1279806.38433872   1408100.09177483   0
8174   -1279793.86581994   1408176.3801777   0
8175   -1279763.16022831   1408099.99377756   0
8176   -1279705.71092431   1408088.41044739   0
8177   -1279735.92922245   1408062.94859867   0
8178   -1279757.52632949   1408035.3472758   0
8179   -1279733.22034731   1408098.37957524   0
8180   -1279683.66119281   1408139.72355287   0
8181   -1279713.21366371   1408228.55206645   0
8182   -1279798.45024434   1408309.5095239   0
8183   -1279652.36163858   1408136.73533266   0
8184   -1279647.54825016   1408194.13576886   0
8185   -1279679.65998408   1408109.96597713   0
8186   -1279677.98775723   1408076.4340848   0
8187   -1279641.99237505   1408073.56783825   0
8188   -1279709.5304452   1408121.55760545   0
8189   -1279786.21190705   1408083.60861197   0
8190   -1279810.46579898   1408048.69931443   0
8191   -1279844.14533504   1408035.41515598   0
8192   -1279799.22006675   1407954.25248964   0
8193   -1279755.35351433   1407857.04526045   0
8194   -1279749.47104769   1407799.80452742   0
8195   -1279691.49473313   1407799.57587754   0
8196   -1280180.54819905   1408036.62048467   0
8197   -1280247.08219626   1407960.43371335   0
8198   -1279816.05927781   1407852.97752291   0
8199   -1279711.92950728   1407715.30834667   0
8200   -1279717.07275764   1407760.5451405   0
8201   -1279755.94506066   1407633.46606294   0
8202   -1279793.85999848   1407595.96706504   0
8203   -1279846.66261501   1407602.24284512   0
8204   -1279783.91478638   1407660.82567701   0
8205   -1279815.94240379   1407672.36924376   0
8206   -1279845.63890496   1407651.84651825   0
8207   -1279779.8777564   1407697.55044902   0
8208   -1279750.88123251   1407716.64616901   0
8209   -1279875.02028569   1407630.92093819   0
8210   -1279113.25798924   1407256.0067643   0
8211   -1279172.75047296   1407262.07076339   0
8212   -1279183.41178802   1407313.35919671   0
8213   -1279142.9746643   1407277.58919417   0
8214   -1279067.59660663   1407314.87592681   0
8215   -1278990.63966908   1407318.12771495   0
8216   -1279083.99000228   1407007.29307765   0
8217   -1279123.53638904   1406973.27045465   0
8218   -1279190.62084965   1406942.16762338   0
8219   -1279298.81497306   1406901.53910288   0
8220   -1279395.3351002   1406966.121418   0
8221   -1279457.10291119   1406895.94464312   0
8222   -1279571.74271804   1406894.38777118   0
8223   -1279498.02257315   1406811.93082525   0
8224   -1278950.36719958   1408274.84574145   0
8225   -1278862.57999662   1408258.74522954   0
8226   -1278802.71998134   1408331.50678633   0
8227   -1278731.57839372   1408314.55503618   0
8228   -1278831.04067092   1408166.17313241   0
8229   -1278817.30306533   1408491.71652825   0
8230   -1278855.06708803   1408401.0616501   0
8231   -1278773.78984022   1408389.23323299   0
8232   -1278723.62078734   1408473.16898271   0
8233   -1278626.45710249   1408486.62285727   0
8234   -1278734.91192404   1408412.45612629   0
8235   -1278768.48857569   1408433.2268692   0
8236   -1277294.64395096   1405148.27827658   0
8237   -1277334.03777474   1405182.7626028   0
8238   -1277331.14154691   1405146.39788535   0
8239   -1277349.83303448   1405113.55442394   0
8240   -1277315.56967642   1405116.32536934   0
8241   -1277261.95388328   1405111.89059123   0
8242   -1277180.1125507   1405106.37012252   0
8243   -1279261.31284422   1406730.78839907   0
8244   -1277448.44884533   1404774.80357609   0
8245   -1277504.90720822   1404768.75336825   0
8246   -1277530.45632792   1404792.33466784   0
8247   -1277483.62959247   1404795.08098948   0
8248   -1279619.30695374   1407423.37208025   0
8249   -1279603.25656428   1407464.73936131   0
8250   -1279564.91855297   1407408.17941889   0
8251   -1279541.00181392   1407357.1069048   0
8252   -1279652.46304935   1407383.1153658   0
8253   -1279738.63876315   1407423.66415654   0
8254   -1279812.08263024   1407346.67963755   0
8255   -1279863.46639104   1407429.26742754   0
8256   -1279671.48397746   1407430.60361457   0
8257   -1279671.57531492   1407475.53701787   0
8258   -1279243.67372852   1407408.05568357   0
8259   -1280028.67854786   1407639.24831985   0
8260   -1280110.19444152   1407585.44412429   0
8261   -1280189.11129134   1407540.93150966   0
8262   -1280256.86184379   1407514.20271053   0
8263   -1280472.92250374   1407568.21015568   0
8264   -1280388.52980381   1407436.6605503   0
8265   -1280392.38032693   1407333.55001639   0
8266   -1280355.33966251   1407282.25663577   0
8267   -1280298.58066681   1407235.86889339   0
8268   -1280358.47994315   1407204.08079006   0
8269   -1280409.28581738   1407108.47708241   0
8270   -1280343.4744847   1407079.47313577   0
8271   -1280414.84288515   1407182.7060697   0
8272   -1280465.18849077   1407223.49640983   0
8273   -1280443.47422328   1407299.89307695   0
8274   -1280472.60930101   1407373.53079683   0
8275   -1280402.99436583   1407288.9123377   0
8276   -1280378.81700593   1407264.68961692   0
8277   -1280347.52645855   1407243.70815624   0
8278   -1280373.73669223   1407230.81338069   0
8279   -1280318.43238206   1407272.10274026   0
8280   -1280373.47701447   1407307.55179363   0
8281   -1280333.01311422   1407338.49165415   0
8282   -1280283.21408286   1407362.9613517   0
8283   -1280250.97958187   1407331.36770485   0
8284   -1280336.57204644   1407305.12227216   0
8285   -1280427.37258224   1407219.37233949   0
8286   -1280394.78674457   1407210.99630163   0
8287   -1280433.82733364   1407257.52259034   0
8288   -1280471.78158783   1407266.61091449   0
8289   -1280482.52984234   1407158.57321235   0
8290   -1280617.54101124   1407145.08694222   0
8291   -1280542.55159562   1407203.14440888   0
8292   -1280540.40645509   1407131.67247427   0
8293   -1280579.04138369   1407057.21684175   0
8294   -1280727.84336243   1406970.58568357   0
8295   -1280510.60353815   1407178.92729249   0
8296   -1280632.32107471   1407267.9203945   0
8297   -1280682.42840722   1406838.56970468   0
8298   -1280750.83372298   1406714.47817882   0
8299   -1280836.00407002   1406882.24126119   0
8300   -1280980.7080127   1406828.11526155   0
8301   -1281075.70909067   1406671.59601483   0
8302   -1280573.98538773   1406790.72113454   0
8303   -1280527.10674841   1406669.89041753   0
8304   -1280451.80042019   1406704.26527365   0
8305   -1280485.53934485   1406757.09731129   0
8306   -1280568.72663391   1406729.89345631   0
8307   -1280534.05084387   1406764.20451537   0
8308   -1280511.62269182   1406827.26923264   0
8309   -1280433.62435948   1406826.85448987   0
8310   -1280810.02415647   1407032.40932046   0
8311   -1280850.97057128   1407153.79995796   0
8312   -1280455.50769142   1407189.34686051   0
8313   -1280440.63220852   1407153.27088063   0
8314   -1280821.74059347   1407282.79093894   0
8315   -1280849.85792179   1407390.17328459   0
8316   -1280750.65351531   1407533.79724474   0
8317   -1280782.87274761   1407694.75498416   0
8318   -1280587.95676312   1407444.90939219   0
8319   -1280518.20422837   1406719.58652332   0
8320   -1280479.21026183   1407464.99423348   0
8321   -1280404.46038868   1407497.33061692   0
8322   -1280376.39130282   1407603.9284894   0
8323   -1280327.83531923   1407550.19852185   0
8324   -1280332.92744429   1407494.55328254   0
8325   -1280312.04527467   1407428.58457557   0
8326   -1280460.27688629   1407697.59746458   0
8327   -1280377.8938319   1407162.02689817   0
8328   -1280324.29549714   1407197.98970225   0
8329   -1280262.23409616   1407190.12714896   0
8330   -1279968.67717801   1407178.5551692   0
8331   -1279985.62336631   1407027.78201424   0
8332   -1279872.15297101   1407241.58315891   0
8333   -1273941.05446867   1410417.57821428   0
8334   -1279175.36652639   1407412.40309419   0
8335   -1279136.30284827   1407376.14440797   0
8336   -1279097.02321875   1407333.32278946   0
8337   -1279129.52058294   1407341.670236   0
8338   -1279077.85977242   1407388.67250529   0
8339   -1279100.18821735   1407367.12181396   0
8340   -1279117.29703895   1407404.3791458   0
8341   -1279093.67321079   1407441.05042643   0
8342   -1277883.36079423   1407207.21828869   0
8343   -1277796.65020623   1407004.43276178   0
8344   -1277671.99747288   1405463.72229224   0
8345   -1277620.17912455   1405463.74766823   0
8346   -1279275.2437491   1403820.40816917   0
8347   -1279291.48839182   1403939.6217276   0
8348   -1279103.67860087   1404358.57423455   0
8349   -1279101.46618286   1404312.74318809   0
8350   -1279166.49463035   1404359.2267694   0
8351   -1279162.68295445   1404417.47646602   0
8352   -1279198.50521493   1404304.10927353   0
8353   -1279276.84176994   1404442.35301372   0
8354   -1279424.61070669   1403749.61857305   0
8355   -1279495.73494977   1403665.93665606   0
8356   -1279629.10921397   1403597.58768028   0
8357   -1279616.52014074   1403712.84096945   0
8358   -1278930.48945715   1405036.30927897   0
8359   -1278371.57260593   1405384.52518483   0
8360   -1278329.3988651   1405411.82837988   0
8361   -1277816.71773676   1405630.41765849   0
8362   -1277770.24303044   1405652.41197992   0
8363   -1277731.91645341   1405649.30424498   0
8364   -1277799.03485951   1405575.80427569   0
8365   -1277780.34907885   1405610.57126955   0
8366   -1277748.72222436   1405618.22976225   0
8367   -1278272.58735165   1407285.01673581   0
8368   -1278964.02653758   1404822.40748702   0
8369   -1279005.2447558   1404749.89932084   0
8370   -1278245.49999538   1406961.20917066   0
8371   -1278231.12432032   1406924.92981466   0
8372   -1278265.59882768   1406915.27428149   0
8373   -1278278.05538751   1406984.42631866   0
8374   -1278287.946346   1407028.73090126   0
8375   -1278564.27239689   1406661.72087713   0
8376   -1278585.74850424   1406760.10245614   0
8377   -1277608.63746131   1407155.80026196   0
8378   -1280017.92479167   1405806.7122275   0
8379   -1280059.46342519   1405824.42245777   0
8380   -1280096.24332584   1405752.29817485   0
8381   -1280056.14216845   1405748.60885918   0
8382   -1280110.68860072   1405714.1715428   0
8383   -1280077.07373856   1405678.66171134   0
8384   -1280117.15529896   1405685.08872747   0
8385   -1280133.90427566   1405740.09098841   0
8386   -1280174.31503159   1405743.40115724   0
8387   -1280194.32113538   1405704.6179933   0
8388   -1279470.00460169   1407684.55711978   0
8389   -1279495.26716641   1407649.76146749   0
8390   -1279508.77162802   1407591.20071635   0
8391   -1279452.21586809   1407553.04060365   0
8392   -1279550.25376797   1407613.51976969   0
8393   -1279518.74472102   1407629.30221521   0
8394   -1279425.89840686   1407657.35902349   0
8395   -1279409.73906962   1407590.32289671   0
8396   -1279430.05492264   1407624.73962242   0
8397   -1279458.89279413   1407653.16537026   0
8398   -1279347.16938206   1407686.30428567   0
8399   -1279379.87095149   1407630.90413007   0
8400   -1279302.10363535   1407620.89092635   0
8401   -1279063.77614396   1406903.6404315   0
8402   -1274348.44765738   1408492.47127219   0
8403   -1274300.32186751   1408516.2713174   0
8404   -1274342.79290696   1408431.08503792   0
8405   -1274365.41054172   1408462.67997833   0
8406   -1274399.96735477   1408496.02685799   0
8407   -1274369.58877962   1408511.06661099   0
8408   -1274337.31111835   1408531.40037905   0
8409   -1274330.21060508   1408597.78789593   0
8410   -1274306.24623146   1408559.58485284   0
8411   -1279899.04084978   1406799.93512711   0
8412   -1280406.77363172   1406469.5115693   0
8413   -1280838.86598986   1406540.32373567   0
8414   -1280845.27298147   1406430.60816695   0
8415   -1280886.55888796   1406488.02497156   0
8416   -1280973.38317161   1406499.13773162   0
8417   -1281175.53377977   1406392.95526995   0
8418   -1280832.09566217   1406490.57681455   0
8419   -1280771.65034456   1406436.89881201   0
8420   -1280796.71214715   1406569.1663247   0
8421   -1280805.36697694   1406531.06695244   0
8422   -1280799.61699383   1406498.31276647   0
8423   -1280772.93403878   1406479.43405307   0
8424   -1280718.12655947   1406496.80640426   0
8425   -1280730.12913473   1406544.71625876   0
8426   -1280669.90095429   1406562.83284666   0
8427   -1280658.8434592   1406630.04026986   0
8428   -1280626.66282493   1406583.46654147   0
8429   -1280585.24453453   1406655.32980961   0
8430   -1280660.79979305   1406439.1287058   0
8431   -1280583.96865178   1406526.4835161   0
8432   -1280746.55951005   1406499.80070381   0
8433   -1280802.64025215   1406461.66352946   0
8434   -1280618.34754905   1406478.66751043   0
8435   -1280579.73175489   1406494.48309675   0
8436   -1280537.53949659   1406510.42257914   0
8437   -1280505.9729786   1406570.25948976   0
8438   -1280454.38851278   1406567.62544853   0
8439   -1280400.3673343   1406594.06173485   0
8440   -1280410.0702831   1406560.04403498   0
8441   -1280437.55807186   1406528.56819121   0
8442   -1280441.70524656   1406485.65075439   0
8443   -1280465.13473902   1406402.21269039   0
8444   -1280431.01611774   1406594.91308107   0
8445   -1280330.65422548   1406603.21437942   0
8446   -1280365.62653745   1406581.37131207   0
8447   -1280370.34952723   1406644.92412976   0
8448   -1280390.72531644   1406702.58369743   0
8449   -1280315.19549951   1406755.50195943   0
8450   -1280342.53218262   1406714.16339597   0
8451   -1280364.97221799   1406676.98925169   0
8452   -1280368.18108357   1406753.40526957   0
8453   -1280353.03087315   1406814.11214794   0
8454   -1280281.8694502   1406863.25215028   0
8455   -1280373.77984921   1406612.77445359   0
8456   -1280407.99661457   1406639.1373844   0
8457   -1280296.13523052   1406535.25723458   0
8458   -1280332.80241171   1406560.86711123   0
8459   -1280279.20817817   1406597.6569938   0
8460   -1280216.84160165   1406649.89821122   0
8461   -1280145.15064896   1406600.62005508   0
8462   -1280238.16528638   1406611.36060323   0
8463   -1280254.91454773   1406573.47182444   0
8464   -1280296.49313571   1406565.86379566   0
8465   -1280226.6946444   1406496.62510347   0
8466   -1280260.332986   1406546.48283944   0
8467   -1280346.18609551   1406489.21612204   0
8468   -1280326.76881219   1406526.47479424   0
8469   -1280301.65999634   1406500.75700524   0
8470   -1280272.90088583   1406514.54468225   0
8471   -1280511.48356928   1406445.82006105   0
8472   -1280504.27551468   1406492.3337628   0
8473   -1280473.66533846   1406469.91166204   0
8474   -1280537.62040607   1406476.25357093   0
8475   -1280682.87555182   1406601.64221815   0
8476   -1281018.26916042   1405662.98908465   0
8477   -1280747.2056314   1405564.81011452   0
8478   -1280786.02962918   1405617.92437748   0
8479   -1280852.92181194   1405603.95940057   0
8480   -1280881.04870277   1405661.13727592   0
8481   -1280950.98359908   1405679.85720312   0
8482   -1280913.15979208   1405649.78973547   0
8483   -1280910.57782366   1405689.18685097   0
8484   -1280846.0957293   1405707.35884623   0
8485   -1280840.34942112   1405668.08385206   0
8486   -1280822.78089856   1405631.19497564   0
8487   -1280857.25870009   1405637.41718761   0
8488   -1280888.05394554   1405619.69600413   0
8489   -1280893.57087154   1405552.05134735   0
8490   -1280880.32599718   1405583.30257218   0
8491   -1280848.04403424   1405562.35109707   0
8492   -1280826.55323258   1405477.88238753   0
8493   -1280826.28582123   1405526.34712267   0
8494   -1280766.6168961   1405509.49426552   0
8495   -1280862.34758869   1405528.54144129   0
8496   -1280895.51900024   1405518.97339808   0
8497   -1280968.34878903   1405521.1527754   0
8498   -1280956.47709464   1405469.08197227   0
8499   -1280921.71117286   1405368.02833123   0
8500   -1281012.08072915   1405488.92002129   0
8501   -1281077.08500305   1405489.50766881   0
8502   -1281141.93624166   1405543.37957004   0
8503   -1281101.56757898   1405593.57485224   0
8504   -1281093.70399472   1405546.98993828   0
8505   -1281063.28348341   1405570.90414439   0
8506   -1281006.54827675   1405601.26813564   0
8507   -1280999.5867075   1405559.63021443   0
8508   -1280945.36788504   1405573.83847653   0
8509   -1280969.51057339   1405553.92669497   0
8510   -1280975.17754083   1405589.50247193   0
8511   -1280978.51886195   1405635.53809152   0
8512   -1280945.14207196   1405641.75175339   0
8513   -1280953.97601802   1405612.75768804   0
8514   -1281031.08858373   1405577.66790663   0
8515   -1281053.80928397   1405617.78082115   0
8516   -1281116.38130654   1405690.11199899   0
8517   -1281130.04404551   1405834.4733893   0
8518   -1280978.72185143   1405896.49979843   0
8519   -1280929.99205244   1405536.03679636   0
8520   -1281005.79699899   1405529.18469879   0
8521   -1280914.78239063   1405581.56603066   0
8522   -1281114.80239132   1405515.6262756   0
8523   -1281144.59290164   1405499.78457233   0
8524   -1281230.09293346   1405532.4797289   0
8525   -1281361.83499366   1405639.78186233   0
8526   -1281205.04257624   1405475.10124121   0
8527   -1281180.76023742   1405515.45896206   0
8528   -1281168.3404211   1405479.22412857   0
8529   -1281177.62854703   1405428.0584519   0
8530   -1281105.59838093   1405392.25621587   0
8531   -1281268.13317977   1405412.01309112   0
8532   -1281066.41921465   1405529.72019526   0
8533   -1281036.07159674   1405514.82499649   0
8534   -1280818.87131393   1405591.39986228   0
8535   -1280866.25781819   1405489.13838214   0
8536   -1280876.99586345   1405434.51636088   0
8537   -1280800.55578097   1405505.25806761   0
8538   -1280789.77512695   1405462.95297086   0
8539   -1280802.72695022   1405423.48151433   0
8540   -1280876.63042203   1405693.10787435   0
8541   -1280775.10093883   1405731.54499161   0
8542   -1280710.26916432   1405709.42677205   0
8543   -1280655.42956611   1405734.11521979   0
8544   -1280615.47630287   1405770.42115198   0
8545   -1280626.30043255   1405846.43422595   0
8546   -1280699.08196223   1405864.56701588   0
8547   -1280619.99884168   1405737.97055733   0
8548   -1280579.72864259   1405748.04662167   0
8549   -1280534.55256765   1405766.70289934   0
8550   -1280519.96277697   1405730.22296864   0
8551   -1280551.32720959   1405742.82819637   0
8552   -1280579.46527913   1405712.51831275   0
8553   -1280588.01291803   1405772.95859204   0
8554   -1280603.0148963   1405801.94632252   0
8555   -1280638.09188708   1405796.58217475   0
8556   -1280645.43959058   1405694.0176057   0
8557   -1280684.30818062   1405678.92885363   0
8558   -1280685.1538894   1405641.64904741   0
8559   -1280744.8673956   1405655.94773574   0
8560   -1280709.82513372   1405657.03619771   0
8561   -1280675.48219493   1405612.46781687   0
8562   -1280673.4243402   1405711.43721848   0
8563   -1280686.12905452   1405750.08210118   0
8564   -1280730.3398777   1405812.46800478   0
8565   -1280703.67164958   1405782.73935507   0
8566   -1280731.70710522   1405749.80422065   0
8567   -1280532.60817765   1405800.77854381   0
8568   -1280560.74490098   1405838.94590312   0
8569   -1280594.69098708   1405917.97361955   0
8570   -1280744.52751632   1405616.40507773   0
8571   -1280807.48115095   1405707.41418721   0
8572   -1280264.82454104   1406705.1022984   0
8573   -1280573.30028929   1406369.70113199   0
8574   -1280475.50496157   1406291.58805858   0
8575   -1277361.19271284   1407211.8317358   0
8576   -1277221.48830277   1407029.00375714   0
8577   -1280496.24043383   1405570.55080882   0
8578   -1280464.082795   1405548.46061046   0
8579   -1278811.05588883   1408416.72593676   0
8580   -1276467.62717698   1403911.8032435   0
8581   -1276432.71953228   1403881.56402877   0
8582   -1276372.2017296   1403890.2584302   0
8583   -1276524.40325121   1403901.85079836   0
8584   -1276582.70587096   1403954.08688958   0
8585   -1280316.1862505   1409074.28171045   0
8586   -1280355.01249232   1409004.61263262   0
8587   -1280269.07411901   1409076.16800812   0
8588   -1280358.11958711   1409106.20936476   0
8589   -1280343.78581605   1409073.85072259   0
8590   -1278432.36929464   1406947.8648085   0
8591   -1278469.38873591   1407002.79159806   0
8592   -1275262.75162246   1408116.82908474   0
8593   -1275299.78899293   1408077.14138811   0
8594   -1274770.71364301   1405394.76328151   0
8595   -1274808.42826214   1405449.42077376   0
8596   -1273983.33699723   1408330.23351544   0
8597   -1274000.86458786   1408276.75903573   0
8598   -1274282.16415283   1406726.92224149   0
8599   -1274283.72758867   1406786.91271813   0
8600   -1274242.7854176   1406807.32641994   0
8601   -1274201.91553357   1406786.93417144   0
8602   -1274229.15074989   1406786.66603349   0
8603   -1274160.46544812   1406810.35509451   0
8604   -1275642.30772106   1409758.4378122   0
8605   -1278708.83189026   1405301.40977419   0
8606   -1278737.82690447   1405325.8103996   0
8607   -1280312.78889845   1405526.07162732   0
8608   -1280295.12521142   1405489.84461055   0
8609   -1275540.22103946   1411187.36289702   0
8610   -1275644.65452951   1411194.34068885   0
8611   -1277044.85038217   1405055.53799002   0
8612   -1279684.7967279   1407963.37394263   0
8613   -1276496.99314978   1403923.17971531   0
8614   -1280645.08398906   1405762.56643741   0
8615   -1280712.25169163   1405583.81558933   0
8616   -1280477.90044958   1406549.59154517   0
8617   -1280506.80847838   1406528.66651896   0
8618   -1279510.30712989   1408189.50869821   0
8619   -1279586.45886776   1408217.88416681   0
8620   -1279585.16682827   1408270.63004603   0
8621   -1279564.00990651   1408247.83540848   0
8622   -1279537.18675794   1408222.20508828   0
8623   -1279480.89286116   1408229.51820091   0
8624   -1279478.53271963   1408300.98368939   0
8625   -1279534.15926373   1408321.40255215   0
8626   -1279634.57752596   1408339.77861191   0
8627   -1281138.69539881   1407139.47050938   0
8628   -1278645.11042572   1407852.48617217   0
8629   -1276775.87941014   1408330.55601912   0
8630   -1275931.10951995   1408422.49965366   0
8631   -1279420.61445101   1408156.14312794   0
8632   -1279437.6422032   1408200.84203118   0
8633   -1279319.75798701   1408324.25004399   0
8634   -1279259.90665259   1408299.03819108   0
8635   -1279213.50544315   1408306.36878491   0
8636   -1279135.0482068   1408272.45399759   0
8637   -1279265.0514217   1408247.06441142   0
8638   -1279286.80731846   1408279.98598114   0
8639   -1279244.05507333   1408273.22218266   0
8640   -1279289.381925   1408203.01474076   0
8641   -1279350.06463742   1408211.49200555   0
8642   -1279320.04608384   1408218.78839125   0
8643   -1279292.16800434   1408236.57622048   0
8644   -1278591.11097276   1407964.01115427   0
8645   -1278864.50437311   1406608.76703771   0
8646   -1279130.58932275   1408460.09849978   0
8647   -1279169.09677766   1408401.50031722   0
8648   -1279113.0639563   1408377.60258313   0
8649   -1279102.47175695   1408513.5580156   0
8650   -1279148.97978561   1408366.25213161   0
8651   -1279238.20652115   1408322.42471085   0
8652   -1279273.24209157   1408328.59335217   0
8653   -1279281.24585999   1408365.43597317   0
8654   -1279086.30891872   1408465.2678602   0
8655   -1279079.80462546   1408540.50166329   0
8656   -1279210.95216981   1408560.68880559   0
8657   -1279261.50498249   1408603.13869338   0
8658   -1279247.31299442   1408663.08787932   0
8659   -1279260.68982624   1408535.2422122   0
8660   -1279252.31832136   1408480.14766137   0
8661   -1279205.07275757   1408762.95390816   0
8662   -1279368.92851769   1408637.04950245   0
8663   -1279220.96764167   1409143.5900947   0
8664   -1279132.06112129   1409170.65785471   0
8665   -1278958.95229655   1408948.35935982   0
8666   -1278929.82025313   1408904.67721977   0
8667   -1281256.31906093   1405599.93919139   0
8668   -1280068.36829724   1406506.82348878   0
8669   -1279992.44551159   1406506.22576757   0
8670   -1279923.95128155   1406575.89232901   0
8671   -1279955.67248248   1406684.85992664   0
8672   -1280504.76016857   1407005.65179671   0
8673   -1275430.50793135   1405328.13590601   0
8674   -1277305.51322549   1403988.82661343   0
8675   -1274910.04529414   1404231.4836592   0
8676   -1278884.74161243   1408905.13954965   0
8677   -1278828.91258651   1408921.50838934   0
8678   -1278625.64306969   1408847.81531149   0
8679   -1278636.90867716   1408876.4605124   0
8680   -1278600.16788949   1408864.37099906   0
8681   -1278648.49782009   1408962.98945104   0
8682   -1278852.24645183   1404073.6286102   0
8683   -1274017.19080214   1409469.50864019   0
8684   -1277676.37193675   1403401.5769249   0
8685   -1276530.44957948   1404382.62993047   0
8686   -1277389.91118182   1403708.51808367   0
8687   -1278668.54935533   1403815.10628114   0
8688   -1278576.5372221   1403900.29552562   0
8689   -1276802.82778678   1404296.51713168   0
8690   -1280160.68136986   1406523.05415309   0
8691   -1280744.34791386   1407207.31407767   0
8692   -1279689.6781866   1405164.64385106   0
8693   -1273893.1536532   1404499.70242917   0
8694   -1274130.74518508   1408044.50383237   0
8695   -1276034.92341842   1403988.45279089   0
8696   -1274537.48992875   1410076.69159325   0
8697   -1272889.41991533   1407935.64570913   0
8698   -1276249.47785432   1408938.66570222   0
8699   -1276190.87633316   1408891.88316336   0
8700   -1276346.00179138   1408862.99586178   0
8701   -1278317.61827692   1408238.92479656   0
8702   -1275440.25313141   1409181.60068469   0
8703   -1274987.5721203   1407807.07311669   0
8704   -1274143.80676993   1407160.38990673   0
8705   -1274144.53810273   1406311.70370964   0
8706   -1273853.06405425   1406327.92877555   0
8707   -1275215.31690003   1406929.55096131   0
8708   -1275087.96923224   1404865.99956713   0
8709   -1279340.79603446   1409047.74499437   0
8710   -1279347.00934444   1409016.82033231   0
8711   -1279544.65389373   1408086.75619764   0
8712   -1279320.5068081   1409119.10446292   0
8713   -1279354.96667556   1409089.98539742   0
8714   -1279834.70209049   1408960.66740508   0
8715   -1279884.75927404   1408931.61349095   0
8716   -1279951.25815969   1408900.03481943   0
8717   -1279920.79715268   1408791.74294645   0
8718   -1279847.25931602   1408821.28704515   0
8719   -1279800.16303092   1408758.26091177   0
8720   -1279856.27093104   1408665.59726523   0
8721   -1279778.26937918   1408591.97252815   0
8722   -1279759.81976965   1408472.12035136   0
8723   -1279886.06626278   1408545.11171013   0
8724   -1280038.05383471   1408516.92555125   0
8725   -1279931.86218442   1408627.1202095   0
8726   -1279969.838143   1408551.64923288   0
8727   -1279940.32963645   1408487.42122204   0
8728   -1279851.97214602   1408448.60633445   0
8729   -1280010.57954863   1408439.36182842   0
8730   -1280014.75674747   1408362.02373439   0
8731   -1280093.48351964   1408281.39717451   0
8732   -1280095.31692549   1408438.35197908   0
8733   -1280257.68605724   1408463.41779613   0
8734   -1280384.92409678   1408458.17407518   0
8735   -1280472.4366992   1408466.67552995   0
8736   -1280323.35949142   1408508.87830131   0
8737   -1280257.27713816   1408594.4613035   0
8738   -1280313.15447002   1408446.53878943   0
8739   -1280257.91792937   1408362.03033203   0
8740   -1280322.42717694   1408389.16130029   0
8741   -1280300.74149981   1408333.5515291   0
8742   -1280215.1394923   1408273.25779746   0
8743   -1280263.11433696   1408317.273976   0
8744   -1280298.3590426   1408265.71756858   0
8745   -1280413.77996915   1408252.78452267   0
8746   -1280192.08280708   1408204.70140779   0
8747   -1280098.7234492   1408181.72285128   0
8748   -1280243.10995372   1408125.81345836   0
8749   -1280284.90339   1408414.04791492   0
8750   -1280207.45132148   1408416.81193787   0
8751   -1280175.17805063   1408489.45154788   0
8752   -1280212.15255589   1408460.79053345   0
8753   -1280230.38651105   1408527.22225041   0
8754   -1280175.94178542   1408547.35903815   0
8755   -1280097.10974751   1408556.31046746   0
8756   -1280068.59473636   1408635.73252949   0
8757   -1280208.69879006   1408589.88260503   0
8758   -1280230.88838039   1408659.93038384   0
8759   -1280339.21583897   1408696.09450381   0
8760   -1280211.09097048   1408496.06727086   0
8761   -1280246.55718286   1408497.80958029   0
8762   -1280277.21158723   1408532.20495821   0
8763   -1280310.95994249   1408556.70365928   0
8764   -1280366.21006477   1408537.57869795   0
8765   -1280362.87662135   1408497.9743275   0
8766   -1280412.71225721   1408511.38679853   0
8767   -1280198.86553801   1408524.99841132   0
8768   -1280210.26093151   1408555.61065942   0
8769   -1280247.15501007   1408556.86266356   0
8770   -1280344.58618201   1408467.10171392   0
8771   -1280359.16717468   1408417.77847188   0
8772   -1280426.63695692   1408406.06751521   0
8773   -1280369.24069801   1408370.08631967   0
8774   -1280408.99924347   1408327.48336   0
8775   -1279897.35898733   1408297.00137901   0
8776   -1279866.77926061   1408738.59359156   0
8777   -1279816.22692357   1408712.93324097   0
8778   -1279787.46037029   1408651.99337267   0
8779   -1279714.65773803   1408643.30383948   0
8780   -1279846.43301982   1408594.55822105   0
8781   -1279816.36255117   1408533.81238153   0
8782   -1279856.1471564   1408704.65094188   0
8783   -1279915.61674137   1408681.61496469   0
8784   -1279892.33963029   1408712.77081346   0
8785   -1279913.93006159   1408742.07868078   0
8786   -1279975.93735216   1408759.4015607   0
8787   -1280022.89971086   1408709.72854155   0
8788   -1279976.94209953   1408818.84495674   0
8789   -1279878.85002536   1408683.88834043   0
8790   -1279887.11303702   1408645.2366729   0
8791   -1279921.65209577   1408926.64185283   0
8792   -1279936.93147781   1408969.40721538   0
8793   -1279890.76073936   1409177.40926844   0
8794   -1279854.85657574   1409122.3349247   0
8795   -1279848.52460823   1409157.05306581   0
8796   -1279859.07316108   1409093.2683749   0
8797   -1279832.89970731   1409090.96827071   0
8798   -1280179.09618098   1408703.96484441   0
8799   -1280192.93972108   1408634.74557016   0
8800   -1280135.06217546   1408650.37560874   0
8801   -1279881.24423417   1409068.43770492   0
8802   -1279871.38417576   1409041.67457847   0
8803   -1279958.3272778   1409028.49150058   0
8804   -1274947.04179135   1404814.79949776   0
8805   -1280842.53713397   1406201.07794916   0
8806   -1280759.30229896   1406239.1248462   0
8807   -1275456.66236765   1406854.3543378   0
8808   -1278661.22393293   1411465.2675494   0
8809   -1278692.58361004   1411444.56901278   0
8810   -1278628.48834176   1411407.11673117   0
8811   -1278616.6433252   1411361.95271318   0
8812   -1278569.40296909   1411334.49439495   0
8813   -1278600.01305718   1411333.75017062   0
8814   -1278521.23079604   1411372.34108985   0
8815   -1278553.68165176   1411359.48096055   0
8816   -1278563.06717443   1411286.03713726   0
8817   -1278512.32674357   1411254.90359523   0
8818   -1278550.87952364   1411312.55967016   0
8819   -1278672.80937212   1411334.88699759   0
8820   -1278680.15006263   1411378.58412409   0
8821   -1278648.73010816   1411367.28332454   0
8822   -1278637.38716131   1411333.36020444   0
8823   -1278709.55431791   1411275.22870042   0
8824   -1278707.78586288   1411322.89800512   0
8825   -1278659.26574075   1411294.98649351   0
8826   -1278604.75497425   1411389.66395789   0
8827   -1278659.02092369   1411418.83597438   0
8828   -1274236.43298782   1406278.85687696   0
8829   -1274200.71954395   1406094.36803005   0
8830   -1278714.7193177   1411423.01206693   0
8831   -1278721.34295454   1411394.34108038   0
8832   -1278769.53182995   1411372.29049748   0
8833   -1280159.043935   1408634.17756984   0
8834   -1278547.37629318   1411259.78908732   0
8835   -1279835.91100206   1408746.60249018   0
8836   -1279855.62918055   1408779.33083733   0
8837   -1279884.68713192   1408769.03664896   0
8838   -1279822.44880596   1408792.35662201   0
8839   -1279776.68235748   1408797.9145821   0
8840   -1279738.23134365   1408759.45764287   0
8841   -1280178.17626115   1408576.76782313   0
8842   -1280141.1643345   1408562.35056545   0
8843   -1280114.61303559   1408606.27887398   0
8844   -1280057.38319249   1408583.54718769   0
8845   -1280140.9269215   1408520.71557937   0
8846   -1280130.83080599   1408483.52543012   0
8847   -1280153.78578174   1408416.49035264   0
8848   -1280166.88382074   1408455.1140506   0
8849   -1280086.01521983   1408497.67691353   0
8850   -1280048.51592765   1408471.61057235   0
8851   -1280080.86264212   1408471.11934689   0
8852   -1280109.52322401   1408520.01654277   0
8853   -1280168.69456241   1408518.45049256   0
8854   -1280077.74782299   1408604.09539654   0
8855   -1280247.12301674   1408394.6132972   0
8856   -1280253.36670022   1408433.33121723   0
8857   -1280330.24229355   1408350.60043751   0
8858   -1280295.03460043   1408369.04997505   0
8859   -1278735.06720288   1411489.22923873   0
8860   -1278704.30958082   1411515.54777146   0
8861   -1278766.55018903   1411493.68087667   0
8862   -1278769.76553361   1411434.49533556   0
8863   -1278866.14740914   1411473.85960881   0
8864   -1278844.61628017   1411441.36313053   0
8865   -1278852.48168639   1411403.11262522   0
8866   -1279200.91370021   1412276.18176546   0
8867   -1279339.54629837   1412344.19827826   0
8868   -1279546.18320005   1412312.09768139   0
8869   -1279669.23740059   1412412.98618779   0
8870   -1279968.7491157   1412609.66675148   0
8871   -1279852.21330832   1412416.35095528   0
8872   -1279869.30374493   1412186.44570807   0
8873   -1280273.33403502   1412393.05439175   0
8874   -1280080.04498658   1412327.22105294   0
8875   -1279345.21769074   1412481.14814917   0
8876   -1279425.68934181   1412412.81380749   0
8877   -1280300.92020968   1412259.04449142   0
8878   -1280192.12532469   1412312.3328922   0
8879   -1280140.94039941   1412435.4935689   0
8880   -1280021.57529062   1412459.93406777   0
8881   -1280245.74786035   1412527.06429207   0
8882   -1280093.4554007   1412635.37047194   0
8883   -1280231.95477302   1412594.06924224   0
8884   -1280135.88256557   1412539.34798818   0
8885   -1280155.80854319   1412648.22233217   0
8886   -1278904.34820557   1412261.34422549   0
8887   -1279281.87228289   1411492.44600633   0
8888   -1279257.17868234   1411445.952003   0
8889   -1279164.62267455   1411438.32662399   0
8890   -1279217.41903549   1411405.34763674   0
8891   -1279247.53533578   1411415.83857461   0
8892   -1279296.80488194   1411436.3085692   0
8893   -1279336.35208873   1411433.60313772   0
8894   -1279299.56596716   1411465.64406831   0
8895   -1279260.62340236   1411545.05606197   0
8896   -1279178.16015703   1411591.62896921   0
8897   -1279210.52019019   1411544.0326277   0
8898   -1279167.039017   1411494.24269227   0
8899   -1279241.28127902   1411522.3560078   0
8900   -1279350.46925216   1411510.91698691   0
8901   -1279202.75791857   1411508.78059299   0
8902   -1279584.29452599   1411488.34456752   0
8903   -1280064.42602559   1411525.72639518   0
8904   -1280104.63289067   1411525.79157984   0
8905   -1280162.52578896   1411534.96584084   0
8906   -1280152.01696571   1411573.2512922   0
8907   -1280043.52458168   1411553.00205314   0
8908   -1280058.81940022   1411588.21815432   0
8909   -1280008.54274311   1411610.14985858   0
8910   -1280031.4811304   1411590.18656788   0
8911   -1279946.85800391   1411629.50454858   0
8912   -1280088.06781345   1411576.38891595   0
8913   -1280107.23529207   1411604.84597979   0
8914   -1280142.8727005   1411646.33547934   0
8915   -1280125.42850212   1411544.24808307   0
8916   -1279285.93470314   1411522.58543077   0
8917   -1280131.72698735   1412599.45058353   0
8918   -1280064.60480069   1412562.47048564   0
8919   -1280190.57634888   1412570.77994359   0
8920   -1280195.15236636   1412510.16643054   0
8921   -1280259.54094769   1412460.05934191   0
8922   -1280211.73399943   1412418.86858132   0
8923   -1280174.03756161   1412612.37209634   0
8924   -1279455.11838995   1412344.09008044   0
8925   -1279386.52946744   1412221.51373285   0
8926   -1279477.23037763   1412263.283514   0
8927   -1279459.13286829   1412143.69934777   0
8928   -1274162.15733019   1406213.29081723   0
8929   -1278624.91569351   1411270.39037535   0
8930   -1278595.40633695   1411292.05259688   0
8931   -1280150.8284225   1412570.89668064   0
8932   -1279315.23639509   1411399.19183365   0
8933   -1279316.02271399   1411497.49627388   0
8934   -1280707.37402341   1406574.91681965   0
8935   -1280457.42097597   1409446.55003024   0
8936   -1280423.00372956   1409478.92106702   0
8937   -1280625.69996375   1406526.949095   0
8938   -1280127.53618934   1409490.21440389   0
8939   -1278949.10089544   1403876.24864921   0
8940   -1278942.47615   1403834.75240499   0
8941   -1277922.03034045   1403657.99439635   0
8942   -1278467.78530371   1404831.46173735   0
8943   -1281214.89626911   1405066.3551805   0
8944   -1281198.21629112   1405030.89279281   0
8945   -1280197.49588235   1405044.81196912   0
8946   -1280699.13586445   1406531.00098677   0
8947   -1274267.34935591   1407573.93888447   0
8948   -1274234.06072867   1407533.58655923   0
8949   -1274187.90523342   1407423.08259811   0
8950   -1280385.67420592   1409550.29134118   0
8951   -1276720.22942116   1410464.29838053   0
8952   -1276665.555055   1410509.56510564   0
8953   -1276682.8244995   1410470.56271653   0
8954   -1276696.3108651   1410591.18941523   0
8955   -1276605.27590801   1410543.13995617   0
8956   -1276514.63070342   1410498.06547488   0
8957   -1281511.9186111   1405314.80931911   0
8958   -1280546.94617329   1404378.84338667   0
8959   -1279014.68347058   1403910.38140904   0
8960   -1274326.73057827   1408877.48162264   0
8961   -1274360.89915761   1408919.86280667   0
8962   -1274438.48334201   1408887.52274005   0
8963   -1280761.53704896   1406544.15581469   0
8964   -1280748.89384447   1406583.63851576   0
8965   -1280761.13542509   1406641.55465408   0
8966   -1280111.9381665   1407419.53922681   0
8967   -1280135.00268324   1407462.40446126   0
8968   -1280124.63197194   1412641.79640205   0
8969   -1280142.3658472   1412621.37274004   0
8970   -1273052.53503262   1407165.54811569   0
8971   -1280093.04917167   1409168.32284454   0
8972   -1280160.63799297   1409094.18985483   0
8973   -1280148.5409983   1409058.99335199   0
8974   -1280172.18443271   1409031.87427401   0
8975   -1281512.59601537   1405271.26899407   0
8976   -1277419.00344454   1405785.57451402   0
8977   -1280117.08865749   1409051.16108745   0
8978   -1275575.60816765   1410310.55394656   0
8979   -1276725.30473309   1405317.18257679   0
8980   -1276697.78363568   1405298.93510573   0
8981   -1276812.12970643   1405555.37250843   0
8982   -1276828.50742438   1405585.2231652   0
8983   -1276816.48125778   1405630.814184   0
8984   -1276735.40843303   1405628.71008257   0
8985   -1277379.00989301   1404218.57356582   0
8986   -1277654.67827402   1404722.76371519   0
8987   -1277662.62545807   1404688.40184239   0
8988   -1277633.9198794   1404665.53269784   0
8989   -1279482.71751468   1407997.62699521   0
8990   -1278728.17962144   1407243.79034269   0
8991   -1278023.45976287   1407244.42820319   0
8992   -1278277.61452327   1407636.23553205   0
8993   -1278267.49016748   1407602.33458705   0
8994   -1278668.3510038   1405448.2766811   0
8995   -1278709.12246078   1405452.10720692   0
8996   -1277846.21471416   1405935.35064098   0
8997   -1278860.15775779   1404466.64488429   0
8998   -1278788.87351699   1404660.89441246   0
8999   -1278011.11541615   1406607.47614245   0
9000   -1279167.36171815   1406262.17084066   0
9001   -1279146.85033113   1406307.24196579   0
9002   -1279072.21341079   1406316.89532023   0
9003   -1279545.65444056   1406459.56970698   0
9004   -1279027.14350574   1411726.57032724   0
9005   -1279030.0889546   1411689.30157652   0
9006   -1279077.0516222   1411765.7331377   0
9007   -1279041.04574271   1411758.39452609   0
9008   -1279725.13684012   1411520.72905444   0
9009   -1279851.33144617   1411528.17613663   0
9010   -1278200.12698302   1407135.40708386   0
9011   -1277640.43362394   1405333.50877231   0
9012   -1277677.13979463   1405329.84260545   0
9013   -1277708.02998234   1405358.90318374   0
9014   -1280279.11315231   1405578.14054702   0
9015   -1280276.77563542   1405540.07800014   0
9016   -1280259.41663083   1405609.70253963   0
9017   -1278873.48784171   1408864.85247331   0
9018   -1280268.34841463   1411566.28045001   0
9019   -1280266.98413498   1411527.83494311   0
9020   -1280221.08219982   1411493.21252708   0
9021   -1280299.52701367   1411512.18274976   0
9022   -1280268.11796443   1411663.71514472   0
9023   -1280299.54865632   1411682.88779796   0
9024   -1280404.51261862   1411636.7257911   0
9025   -1279586.53508884   1411522.62316469   0
9026   -1280375.07704339   1411582.47917932   0
9027   -1280339.21984231   1411572.52740135   0
9028   -1280303.66453504   1411565.2550347   0
9029   -1280391.45618479   1411541.56765126   0
9030   -1280180.75383512   1411599.46018002   0
9031   -1280336.19807185   1411524.87338674   0
9032   -1280229.46908682   1412010.74341857   0
9033   -1280213.23159102   1412137.25862993   0
9034   -1280076.00622428   1412219.6632139   0
9035   -1280303.06442403   1410843.33270338   0
9036   -1280311.70900091   1410902.99589465   0
9037   -1280300.75850763   1410757.440276   0
9038   -1280266.04783016   1410727.20484436   0
9039   -1280221.3602814   1410745.6479215   0
9040   -1280232.54259417   1410788.52083149   0
9041   -1280253.72355354   1410751.93863943   0
9042   -1280266.8791754   1410685.22944339   0
9043   -1280284.86448842   1410599.33470835   0
9044   -1280227.5222102   1410632.34557183   0
9045   -1280183.9527536   1410652.7255232   0
9046   -1280189.30186907   1410611.56653943   0
9047   -1280135.698509   1410618.30853828   0
9048   -1280170.17438695   1410573.89146479   0
9049   -1280164.13893182   1410533.96539176   0
9050   -1280225.88340963   1410520.88532884   0
9051   -1280326.04535865   1410433.86381285   0
9052   -1280239.5631117   1410664.72800086   0
9053   -1280270.7327296   1410645.90837875   0
9054   -1280135.81575205   1410578.59014875   0
9055   -1280087.11197397   1410587.24627193   0
9056   -1280297.56335996   1410720.59392915   0
9057   -1280352.406776   1410712.85887165   0
9058   -1280329.43482584   1410735.84990059   0
9059   -1280331.98270777   1410777.79280619   0
9060   -1279999.32179199   1412154.5761012   0
9061   -1279955.10061074   1412005.59389335   0
9062   -1279875.64675566   1411856.10103115   0
9063   -1278487.52668377   1411283.59033158   0
9064   -1278478.45673794   1411335.43627065   0
9065   -1278495.59956734   1411309.23970054   0
9066   -1278468.46740552   1411382.41543699   0
9067   -1278454.43666547   1411302.88609188   0
9068   -1278358.27448762   1411293.92299163   0
9069   -1278412.98245127   1411299.96541557   0
9070   -1278372.61940232   1411356.16851304   0
9071   -1278515.68225948   1411338.16169169   0
9072   -1280060.69449411   1408679.72343026   0
9073   -1280105.12590409   1408663.0277196   0
9074   -1280095.14466345   1408694.50287384   0
9075   -1280128.29911293   1408702.63903925   0
9076   -1280151.19311713   1408758.27728202   0
9077   -1280151.1817204   1408676.78642437   0
9078   -1280065.59079104   1408720.15148116   0
9079   -1280042.8916854   1408792.21334064   0
9080   -1280048.43982534   1408752.38900764   0
9081   -1279826.07186923   1408675.57205106   0
9082   -1279839.14725182   1408638.37513499   0
9083   -1280290.44720934   1408488.36498251   0
9084   -1280323.11293547   1408302.75621184   0
9085   -1280364.62775983   1408284.9417142   0
9086   -1280343.68712567   1408232.0565619   0
9087   -1279058.30389095   1411667.12791905   0
9088   -1279167.90001967   1411541.39848822   0
9089   -1274017.08807105   1406386.19285281   0
9090   -1277276.30003216   1404038.56171601   0
9091   -1279168.5048392   1408529.22584265   0
9092   -1279175.45386126   1408569.77443592   0
9093   -1279164.86616453   1408601.83655902   0
9094   -1279136.05979603   1408526.41282866   0
9095   -1279128.21060674   1408606.83532256   0
9096   -1279106.30258928   1408572.53260632   0
9097   -1278982.37628951   1403851.00342941   0
9098   -1279986.22589046   1408495.21484519   0
9099   -1279960.35042147   1408515.66665192   0
9100   -1279931.46459583   1408540.59038521   0
9101   -1279936.14602654   1408580.35055276   0
9102   -1280001.50614088   1408619.19116459   0
9103   -1279891.15466443   1408584.16901926   0
9104   -1279892.63342909   1408615.71358913   0
9105   -1279908.27835366   1408507.97449805   0
9106   -1279899.63386329   1408467.84752938   0
9107   -1279932.79484519   1408453.06219218   0
9108   -1279966.71179558   1408462.55819172   0
9109   -1280019.81807068   1408491.28108904   0
9110   -1279353.15589925   1408684.53454006   0
9111   -1279318.3020609   1408648.62816254   0
9112   -1279337.69379515   1408611.02714781   0
9113   -1279387.11434289   1408570.63068898   0
9114   -1279403.25944935   1408669.236581   0
9115   -1279463.53894539   1408707.26844683   0
9116   -1279420.95502281   1408621.06850265   0
9117   -1279128.76103954   1408327.70542214   0
9118   -1279166.12772681   1408298.97166707   0
9119   -1279176.19745295   1408258.19404693   0
9120   -1279195.11535185   1408208.84507735   0
9121   -1279250.08444431   1408202.50434603   0
9122   -1279224.84851922   1408232.46733544   0
9123   -1279158.82378393   1408216.62829336   0
9124   -1279141.55118264   1408244.87444555   0
9125   -1279093.81750067   1408229.12454499   0
9126   -1279192.79992935   1408283.55149991   0
9127   -1279185.01749852   1408320.69051729   0
9128   -1279210.16627238   1408347.53378648   0
9129   -1279155.63964465   1408326.79224738   0
9130   -1279139.55353598   1408298.26171971   0
9131   -1279095.64815006   1408288.38156765   0
9132   -1279196.55568341   1408433.24993926   0
9133   -1279209.83171084   1408385.33110414   0
9134   -1279253.01225748   1408391.23977484   0
9135   -1279898.20632318   1408841.78926625   0
9136   -1279855.67975374   1408859.55400591   0
9137   -1279884.35010452   1408807.79342915   0
9138   -1279936.89671718   1408828.7476016   0
9139   -1279928.23786333   1408869.60354537   0
9140   -1276538.97581275   1410558.19652234   0
9141   -1276570.72630661   1410507.82249104   0
9142   -1276566.67012783   1410443.08556911   0
9143   -1276247.91996941   1408880.83483814   0
9144   -1276222.02778344   1408906.041909   0
9145   -1276182.02347096   1408952.50059825   0
9146   -1276225.78110518   1408997.19533506   0
9147   -1276298.46370805   1408976.92670069   0
9148   -1276169.51644174   1409071.10313194   0
9149   -1276301.46044354   1408914.89322105   0
9150   -1276372.29398689   1408949.53408028   0
9151   -1276379.80702443   1409052.18101412   0
9152   -1279215.40917071   1411459.05437739   0
9153   -1280014.59051989   1408561.34090079   0
9154   -1280000.65201126   1408526.85184108   0
9155   -1280047.74114539   1408551.01256177   0
9156   -1280069.61751987   1408526.02236177   0
9157   -1279981.08453661   1408875.42025221   0
9158   -1280421.82059562   1408702.2664973   0
9159   -1280484.50087907   1408768.41267793   0
9160   -1280494.41238146   1408888.82312476   0
9161   -1280578.48194839   1408904.17126997   0
9162   -1280536.38230036   1408956.01366606   0
9163   -1280502.39875952   1409008.91873104   0
9164   -1280474.11704924   1409058.22595338   0
9165   -1280467.13195472   1409016.6363243   0
9166   -1280477.80346366   1408964.27297076   0
9167   -1280392.39857382   1408943.75640223   0
9168   -1280512.81590179   1408917.99092451   0
9169   -1280593.39812673   1408969.58400646   0
9170   -1280555.98675627   1408718.88676983   0
9171   -1280649.06039308   1408720.72263733   0
9172   -1280700.42766293   1408697.12872362   0
9173   -1280611.34666079   1408758.35253595   0
9174   -1280597.24714579   1408704.9537221   0
9175   -1280560.6360621   1408648.9124316   0
9176   -1280516.35982521   1408612.95469015   0
9177   -1280534.69149519   1408540.20117081   0
9178   -1280558.49407214   1408499.69171505   0
9179   -1280571.51555287   1408466.03423866   0
9180   -1280562.27078878   1408414.78167296   0
9181   -1280553.80169895   1408344.08465315   0
9182   -1280569.35551888   1408378.95100043   0
9183   -1280614.25684507   1408431.98369145   0
9184   -1280584.20889521   1408433.57082311   0
9185   -1280652.46281479   1408397.57528414   0
9186   -1280645.14594324   1408442.88340485   0
9187   -1280638.37839386   1408336.37315312   0
9188   -1280653.20222243   1408265.50816437   0
9189   -1280696.33949608   1408111.32838983   0
9190   -1280692.52563703   1408365.60896575   0
9191   -1280742.53008213   1408368.64027587   0
9192   -1280770.21784363   1408296.69862029   0
9193   -1280677.51390812   1408330.95367062   0
9194   -1280680.02436946   1408293.69113433   0
9195   -1280740.07476081   1408242.99345025   0
9196   -1280719.1369611   1408283.56547295   0
9197   -1280694.83444624   1408253.65976548   0
9198   -1280646.89759414   1408190.05851258   0
9199   -1280564.13085296   1408119.50553768   0
9200   -1280451.38482692   1408009.34003957   0
9201   -1280707.78918418   1408200.71202878   0
9202   -1280778.64644737   1408166.37174257   0
9203   -1280672.30877102   1408222.9819819   0
9204   -1280508.77671697   1408508.78939927   0
9205   -1280531.59498566   1408480.89950006   0
9206   -1280534.99389088   1407886.21626151   0
9207   -1280683.37829237   1407823.39685844   0
9208   -1280787.1435217   1407969.82988924   0
9209   -1280566.66090915   1408601.35984109   0
9210   -1280627.55798033   1408611.38457901   0
9211   -1280687.06432291   1408557.94025824   0
9212   -1280739.88100802   1408574.00855356   0
9213   -1280799.10447902   1408555.0911589   0
9214   -1280842.72300167   1408519.74807335   0
9215   -1280899.27078804   1408523.91603948   0
9216   -1280914.56238459   1408467.69852754   0
9217   -1280884.31438909   1408490.39483558   0
9218   -1280802.23232644   1408465.12997286   0
9219   -1280637.89743579   1408667.7474332   0
9220   -1280593.07974744   1408666.30471274   0
9221   -1280589.30612452   1408627.44471009   0
9222   -1280616.84114547   1408643.03926094   0
9223   -1280563.11293638   1408685.94489417   0
9224   -1280526.30846278   1408694.97485872   0
9225   -1280528.09760093   1408658.63141579   0
9226   -1280516.43944718   1408729.95291685   0
9227   -1280551.40760401   1408767.8082928   0
9228   -1280573.78767711   1408742.31084105   0
9229   -1280929.02350988   1408567.88297502   0
9230   -1280909.21554492   1408642.84079847   0
9231   -1280834.89824077   1408655.312114   0
9232   -1280834.37963204   1408607.97976126   0
9233   -1280807.008805   1408590.92682008   0
9234   -1280806.10638922   1408633.42505838   0
9235   -1280750.95364678   1408660.18140568   0
9236   -1280793.50480818   1408670.18100723   0
9237   -1280813.3878398   1408728.44471009   0
9238   -1280897.60649592   1408595.51812154   0
9239   -1280862.77000349   1408615.8681311   0
9240   -1280536.72632822   1408578.59093168   0
9241   -1280504.18251342   1408564.09430989   0
9242   -1280561.65143584   1408562.09493091   0
9243   -1280573.05339892   1408531.03331943   0
9244   -1280592.05660664   1408505.13114254   0
9245   -1280634.77859407   1408527.96741014   0
9246   -1280956.46679246   1408459.5319767   0
9247   -1280795.16081741   1407832.52764065   0
9248   -1280292.34248183   1408642.67241982   0
9249   -1280302.53992709   1408597.45371449   0
9250   -1280271.3684977   1408699.171035   0
9251   -1281147.33229209   1407332.61152172   0
9252   -1281266.43632295   1407568.69798007   0
9253   -1281078.57583131   1407663.16194204   0
9254   -1280924.24513996   1407653.79214859   0
9255   -1281017.37486406   1407776.25895833   0
9256   -1281041.79123965   1407952.55797626   0
9257   -1280935.00253731   1408001.39513813   0
9258   -1281081.44964044   1407488.88687879   0
9259   -1281294.02249762   1407434.68807975   0
9260   -1281198.3789776   1407467.01042121   0
9261   -1281171.4378498   1407604.89825094   0
9262   -1280983.35257142   1407384.81782338   0
9263   -1281035.60880886   1407262.93187628   0
9264   -1274010.990676   1408361.41205172   0
9265   -1273985.74173893   1408371.19915277   0
9266   -1280296.85349321   1408992.22531783   0
9267   -1280658.34735085   1406481.81847927   0
9268   -1280695.53921129   1406473.41987721   0
9269   -1280720.20390858   1406430.93801148   0
9270   -1280760.44312526   1406368.53377032   0
9271   -1280737.59815338   1406465.29790119   0
9272   -1280688.10456952   1406501.15918203   0
9273   -1280857.07074789   1406508.535151   0
9274   -1280882.87718522   1406535.24119814   0
9275   -1280877.47416706   1406613.63184873   0
9276   -1280978.61247507   1406609.59553019   0
9277   -1280855.37499867   1406572.80493522   0
9278   -1279133.53917059   1404389.54188531   0
9279   -1277658.28223021   1405404.85251054   0
9280   -1280285.56807678   1407474.56289658   0
9281   -1280275.31092871   1407442.48087611   0
9282   -1280279.92408377   1407405.63082371   0
9283   -1280322.24275633   1407462.34915915   0
9284   -1280358.73624933   1407457.43803999   0
9285   -1280362.453608   1407511.5764349   0
9286   -1280301.60830725   1407510.65514199   0
9287   -1280789.75974347   1408346.65953238   0
9288   -1280750.07896976   1408329.76088353   0
9289   -1280779.91470702   1408386.46105401   0
9290   -1280748.77643667   1408425.40566448   0
9291   -1280883.35940425   1408318.8537356   0
9292   -1280834.39608856   1408347.18797319   0
9293   -1280814.0243278   1408316.33514368   0
9294   -1280904.71243436   1408393.23304674   0
9295   -1280853.38000051   1408382.43104224   0
9296   -1280864.45703165   1408423.98058845   0
9297   -1280709.35043597   1408403.04184838   0
9298   -1280756.25263061   1408477.28686223   0
9299   -1280709.56063547   1408491.77393511   0
9300   -1280783.83744682   1408438.01212819   0
9301   -1280722.24931417   1408536.55799116   0
9302   -1280737.50859972   1408511.01154501   0
9303   -1280672.55262038   1408509.73674383   0
9304   -1279066.68889601   1407249.7874995   0
9305   -1279039.14925668   1407227.54711032   0
9306   -1279042.72400344   1407280.02919636   0
9307   -1280666.77993189   1408592.57357492   0
9308   -1281183.67779896   1407970.72768105   0
9309   -1280578.16471303   1407768.70169899   0
9310   -1279106.59616108   1407295.82177639   0
9311   -1279080.04908111   1407277.56858126   0
9312   -1279835.22563115   1407898.0827045   0
9313   -1280589.57381024   1406562.76010598   0
9314   -1280549.49400423   1406543.96305562   0
9315   -1280577.44945498   1410298.02441644   0
9316   -1280264.6061063   1409154.80667049   0
9317   -1280230.81500735   1409149.0469767   0
9318   -1278737.48683917   1410092.31874186   0
9319   -1280139.65164032   1405003.05146197   0
9320   -1280163.86281234   1405033.42608707   0
9321   -1276608.66522819   1404986.40294892   0
9322   -1276613.63623107   1405028.27665606   0
9323   -1279471.96665288   1405767.63087667   0
9324   -1279476.05893271   1405806.35156886   0
9325   -1280131.16148917   1404473.7859593   0
9326   -1280221.48780384   1404205.16434906   0
9327   -1277550.01295172   1404721.19222383   0
9328   -1277511.54945835   1404737.37556091   0
9329   -1277484.64179027   1404718.03427868   0
9330   -1280240.81686276   1404711.23921686   0
9331   -1280192.56782374   1404690.02141723   0
9332   -1278957.43706468   1407805.94769568   0
9333   -1277762.34696664   1405547.98615059   0
9334   -1277728.09545156   1405557.95643437   0
9335   -1277717.8831381   1405592.25528534   0
9336   -1278990.46370061   1407742.12820451   0
9337   -1278966.74625103   1407723.02899744   0
9338   -1278961.95161524   1407763.58180261   0
9339   -1279015.84649057   1407725.90808637   0
9340   -1277747.54511439   1406104.27815221   0
9341   -1278461.54642351   1408972.08558732   0
9342   -1278490.09296073   1408982.65796638   0
9343   -1278457.75462979   1409013.36991332   0
9344   -1278424.0069296   1408988.95492616   0
9345   -1279015.96727904   1403633.03299382   0
9346   -1278997.4403486   1403674.66467023   0
9347   -1278952.52648931   1403688.16170583   0
9348   -1281453.47602449   1405272.30753189   0
9349   -1280087.12974926   1404649.95100758   0
9350   -1276591.23096194   1410932.0953902   0
9351   -1277868.50977154   1403676.31020262   0
9352   -1277463.02431911   1405149.34196868   0
9353   -1277424.85967376   1405160.26354328   0
9354   -1277386.37153129   1405178.12756296   0
9355   -1277393.62979362   1405129.39604168   0
9356   -1277898.63039721   1403533.03464064   0
9357   -1274179.92116113   1408952.48366355   0
9358   -1280759.49135708   1405692.91092979   0
9359   -1276009.32456719   1411793.57362685   0
9360   -1276531.05517554   1410820.83573569   0
9361   -1276568.31605185   1410817.70110174   0
9362   -1276605.34919109   1410834.81036742   0
9363   -1276639.22411802   1410887.84554353   0
9364   -1276596.1031496   1410877.87678888   0
9365   -1276677.55459847   1410865.00789321   0
9366   -1276754.19048514   1410798.29540888   0
9367   -1276820.3500191   1410784.72984401   0
9368   -1276691.93141536   1410803.88469433   0
9369   -1276677.06838074   1410835.36419086   0
9370   -1276675.77290755   1410907.24833962   0
9371   -1276755.07581376   1410985.93230199   0
9372   -1276716.59726108   1410928.98378029   0
9373   -1276794.92981071   1410922.84714372   0
9374   -1276672.74333005   1410958.08878961   0
9375   -1276836.84800274   1410722.91694082   0
9376   -1276634.90970866   1410853.06309212   0
9377   -1276722.92857542   1410847.62000491   0
9378   -1280616.16374715   1404188.32325815   0
9379   -1280606.8341663   1404151.62660388   0
9380   -1280647.79093414   1404196.901641   0
9381   -1280727.84940558   1404165.49896911   0
9382   -1278341.72516128   1409036.78112788   0
9383   -1278382.72244471   1409035.83655048   0
9384   -1278386.85848173   1409064.79619342   0
9385   -1278393.82550869   1408998.83558705   0
9386   -1278316.87197641   1409005.09145962   0
9387   -1278332.54681114   1408966.59098561   0
9388   -1280450.53036811   1404089.76388088   0
9389   -1279010.16231126   1409388.93661175   0
9390   -1274656.50665999   1411423.59989798   0
9391   -1274690.5062697   1411423.58717213   0
9392   -1274711.33022495   1411391.46643814   0
9393   -1274748.11731657   1411395.32729975   0
9394   -1274766.28164921   1411362.57268162   0
9395   -1274813.30086475   1403920.76743932   0
9396   -1274773.15818052   1403930.96645528   0
9397   -1274818.68289532   1403881.18531243   0
9398   -1278276.73651638   1406555.32726009   0
9399   -1278232.78521331   1406542.63461608   0
9400   -1278184.25086412   1406523.54663799   0
9401   -1278226.57328326   1406507.07996984   0
9402   -1278199.10426191   1406562.35296375   0
9403   -1274466.57470148   1410427.87815499   0
9404   -1274513.52817241   1410403.05679876   0
9405   -1274454.15676649   1410474.44384346   0
9406   -1277273.1912477   1404085.99475904   0
9407   -1277525.65773107   1404280.76764286   0
9408   -1279173.94521376   1407662.33283981   0
9409   -1279194.43949359   1407701.81887141   0
9410   -1279260.90279046   1407709.08595928   0
9411   -1278296.72047162   1410007.53136893   0
9412   -1278293.96645968   1409975.8586113   0
9413   -1278258.38049189   1409982.46137465   0
9414   -1278324.71064137   1409996.71454949   0
9415   -1275691.4217818   1409561.84176286   0
9416   -1275719.26691423   1409592.77852936   0
9417   -1275703.91126078   1409528.11108791   0
9418   -1275697.55083819   1409497.212054   0
9419   -1275634.52935164   1409438.35554356   0
9420   -1275680.31612214   1409456.54459552   0
9421   -1278758.04881769   1405268.93999933   0
9422   -1279304.14497019   1406044.67480646   0
9423   -1279312.34108571   1406014.8669227   0
9424   -1280494.3194021   1404947.60481238   0
9425   -1280473.80034422   1404979.28775393   0
9426   -1278420.26100181   1405429.11486035   0
9427   -1278450.13232816   1405395.24838273   0
9428   -1278456.7843527   1405356.52140566   0
9429   -1274498.30585594   1408076.9970432   0
9430   -1274537.53776756   1408111.79761285   0
9431   -1274528.18573964   1408180.64917611   0
9432   -1279736.83099885   1406164.14572297   0
9433   -1279732.41550629   1406204.63065328   0
9434   -1280210.31966409   1405377.30290416   0
9435   -1280176.14107892   1405366.60935299   0
9436   -1280237.97921324   1405357.6382475   0
9437   -1279524.2224784   1407951.31782998   0
9438   -1279486.89953508   1407961.93348737   0
9439   -1279414.57352564   1408911.67368175   0
9440   -1279433.55666437   1408932.88203063   0
9441   -1278806.34310754   1408880.44533383   0
9442   -1278909.31504185   1411574.75507899   0
9443   -1279095.80512076   1412429.74070825   0
9444   -1279043.20146247   1412347.16817994   0
9445   -1279130.41731957   1412335.38559504   0
9446   -1279236.13875373   1412366.58667411   0
9447   -1279158.15826325   1412442.59256848   0
9448   -1279137.15280469   1412397.58613162   0
9449   -1279084.3147852   1412383.06088492   0
9450   -1279033.45197826   1412416.88884802   0
9451   -1279064.62854951   1412423.31477814   0
9452   -1279106.56346435   1412403.1432588   0
9453   -1276359.36502429   1403067.26946246   0
9454   -1277629.52671129   1405077.64661416   0
9455   -1277675.30783205   1405106.45977886   0
9456   -1279132.87300814   1406089.51319171   0
9457   -1279103.23417827   1406064.54304119   0
9458   -1279129.8052183   1409072.24106138   0
9459   -1279157.2076227   1409052.96342562   0
9460   -1279118.14215503   1409112.94222377   0
9461   -1279112.32798566   1409049.01091892   0
9462   -1278929.09479316   1411467.60685121   0
9463   -1279771.97035162   1411510.29909467   0
9464   -1279795.21072946   1411485.9179671   0
9465   -1279798.86411164   1411555.97190574   0
9466   -1279745.75736136   1411597.35421528   0
9467   -1279775.04426878   1411712.1797832   0
9468   -1279509.48693837   1411266.72007074   0
9469   -1279502.26289645   1411172.79048606   0
9470   -1279484.00348859   1411058.39512627   0
9471   -1279597.43645386   1410846.45070074   0
9472   -1279673.47433787   1410729.59111077   0
9473   -1279809.37491803   1410644.33296653   0
9474   -1279752.84144753   1410739.26901905   0
9475   -1279723.40575229   1410867.93621252   0
9476   -1279886.05076719   1410898.09402485   0
9477   -1279675.47037255   1410596.7274359   0
9478   -1279739.38099915   1410591.52940578   0
9479   -1279712.98197535   1410651.63397222   0
9480   -1279682.79897932   1410509.71373149   0
9481   -1279772.36720853   1410419.22102704   0
9482   -1279665.91228641   1410341.95739477   0
9483   -1279562.34415752   1410736.60738513   0
9484   -1279623.04921061   1410666.3890781   0
9485   -1279466.49011449   1410806.46806629   0
9486   -1279629.38561676   1410987.19246753   0
9487   -1279517.46047124   1410940.02830728   0
9488   -1279426.81552732   1411132.52687041   0
9489   -1279286.8201073   1411194.33214267   0
9490   -1279569.32749353   1411209.11190194   0
9491   -1279568.76931187   1411050.04679094   0
9492   -1279740.08090134   1411024.91620404   0
9493   -1280321.38720517   1411619.48377647   0
9494   -1280360.82182047   1411047.2031524   0
9495   -1280394.76081845   1411077.55699979   0
9496   -1280401.3633251   1411129.63317094   0
9497   -1280451.04641003   1411145.30051159   0
9498   -1280475.4166651   1411195.40928583   0
9499   -1280507.81651967   1411253.97023899   0
9500   -1280445.42924244   1411247.16129372   0
9501   -1280400.93876338   1411238.21583388   0
9502   -1280372.44195953   1411275.10946859   0
9503   -1280400.00149597   1411270.3678054   0
9504   -1280389.52925016   1411329.88532463   0
9505   -1280351.23511569   1411296.70546471   0
9506   -1280385.58398014   1411296.56060909   0
9507   -1280528.50615067   1411153.46281375   0
9508   -1280493.49778064   1411132.50352591   0
9509   -1280464.57476895   1411106.23984953   0
9510   -1280500.919976   1411287.47271407   0
9511   -1280454.15107519   1411301.08381676   0
9512   -1280477.27636252   1411260.45313983   0
9513   -1280418.80154235   1411164.11920183   0
9514   -1280383.18287152   1411191.76827282   0
9515   -1279484.8701708   1411219.61440252   0
9516   -1279456.60184008   1411172.85261337   0
9517   -1280835.55807398   1408482.09537529   0
9518   -1280799.29808263   1408502.5177929   0
9519   -1280828.9246711   1408440.90251417   0
9520   -1279622.09523956   1408294.98643233   0
9521   -1279587.30091826   1408307.89558715   0
9522   -1280131.99719637   1409171.01992234   0
9523   -1280137.34515192   1409207.69186562   0
9524   -1277318.80021172   1404991.76344363   0
9525   -1280292.52575203   1405120.36207314   0
9526   -1280297.66179576   1405081.79587879   0
9527   -1278755.18998431   1411323.60216737   0
9528   -1279163.01781219   1407346.0161347   0
9529   -1280591.81983146   1406611.12857353   0
9530   -1279287.08841353   1406677.88919928   0
9531   -1280267.81777377   1409318.42845246   0
9532   -1280239.64927723   1409339.45473142   0
9533   -1280207.00503689   1409327.00230781   0
9534   -1278884.6551226   1403773.24513477   0
9535   -1278582.55573291   1410265.69173521   0
9536   -1278815.85457235   1410278.72413732   0
9537   -1278782.1737333   1410258.12884702   0
9538   -1281054.65340036   1404898.1461331   0
9539   -1281022.22938833   1404892.73007816   0
9540   -1281113.60314829   1404863.36020144   0
9541   -1281163.23586046   1404803.99032842   0
9542   -1280581.55171363   1404816.35935029   0
9543   -1280634.67908437   1404838.70501807   0
9544   -1278795.87389201   1407095.33747438   0
9545   -1278852.04591619   1407108.17965292   0
9546   -1278883.1722613   1407073.34694407   0
9547   -1278817.11846803   1407123.81609927   0
9548   -1278828.63937096   1407089.46019633   0
9549   -1274138.97492135   1409371.032001   0
9550   -1274127.80984266   1409107.25494796   0
9551   -1274571.52766148   1407769.92592303   0
9552   -1278843.37813335   1405254.43064772   0
9553   -1280240.756967   1409023.92185813   0
9554   -1280492.70434798   1408394.99463676   0
9555   -1280535.44046803   1408395.67697167   0
9556   -1280516.43531803   1408424.9393986   0
9557   -1280268.73045089   1409206.61838475   0
9558   -1280111.39159108   1409376.71617463   0
9559   -1280071.64622356   1409394.07462337   0
9560   -1280074.28236496   1409435.47062125   0
9561   -1280033.0493704   1409416.74303832   0
9562   -1280065.7598839   1409358.07682867   0
9563   -1280031.01733655   1409319.09041194   0
9564   -1280004.08677705   1409317.73294594   0
9565   -1280080.61574819   1409302.54760425   0
9566   -1280055.60649402   1409329.9147849   0
9567   -1280040.35148172   1409290.56596307   0
9568   -1280022.32567457   1409345.8361202   0
9569   -1274649.31949763   1403407.28191018   0
9570   -1274611.48726607   1403424.80312933   0
9571   -1280277.57863057   1407561.62821196   0
9572   -1280228.06874147   1407569.67771664   0
9573   -1280196.98502803   1407659.56661233   0
9574   -1280172.96210469   1407599.34760017   0
9575   -1280130.01369341   1407634.91398746   0
9576   -1280087.07136878   1407633.7499481   0
9577   -1280059.22572114   1407672.90257216   0
9578   -1280064.34766874   1407756.11066465   0
9579   -1279999.92434346   1407702.3827135   0
9580   -1280046.79295216   1407713.85892823   0
9581   -1280098.10555459   1407722.70402115   0
9582   -1280150.79141515   1407712.7043582   0
9583   -1280128.01217989   1407768.28678505   0
9584   -1280167.38690421   1407865.65152887   0
9585   -1280093.63718308   1407807.12999521   0
9586   -1280036.38036679   1407799.18810018   0
9587   -1280015.88912459   1407756.54820922   0
9588   -1280067.08603704   1407787.48256522   0
9589   -1280097.31639648   1407768.19594635   0
9590   -1280128.44983877   1407817.07233644   0
9591   -1280168.45335556   1407797.43529877   0
9592   -1280164.16465689   1407753.14871892   0
9593   -1280222.11892524   1407715.30935907   0
9594   -1280340.88195477   1407762.72163394   0
9595   -1280445.17378033   1407813.69301942   0
9596   -1280143.39132508   1407795.58513775   0
9597   -1280095.29213043   1407855.17667902   0
9598   -1280322.25086204   1407672.97318442   0
9599   -1280147.0524573   1407674.33011605   0
9600   -1280167.41498596   1407641.42795019   0
9601   -1280067.70102223   1407731.5256216   0
9602   -1280050.7903799   1407602.12421015   0
9603   -1280060.69391594   1407549.68621422   0
9604   -1280072.41869032   1407582.87827279   0
9605   -1280252.77592622   1407660.92529505   0
9606   -1280292.28519948   1407639.59169908   0
9607   -1280308.45563001   1407600.79249523   0
9608   -1280221.78219334   1407624.05748644   0
9609   -1280243.35471668   1407596.58991131   0
9610   -1280135.87338726   1405309.76502486   0
9611   -1280101.59061878   1405334.99031296   0
9612   -1278876.01800895   1403889.41985634   0
9613   -1277024.09985891   1411493.18985179   0
9614   -1276017.44114133   1411506.12965192   0
9615   -1278791.83639509   1407042.50237264   0
9616   -1278813.62050918   1406991.03203789   0
9617   -1278824.41693573   1407031.76873786   0
9618   -1278877.54465963   1406995.7872704   0
9619   -1278805.60975821   1407066.21972305   0
9620   -1278755.9273907   1407036.39192572   0
9621   -1277018.74162192   1404955.93402638   0
9622   -1276972.47467138   1404945.05098219   0
9623   -1276917.28343276   1404983.99664574   0
9624   -1276821.02852108   1404960.97760721   0
9625   -1276141.20670049   1411601.35185037   0
9626   -1276133.53997608   1411559.96723665   0
9627   -1276101.44869532   1411549.26689798   0
9628   -1276158.73733306   1411535.26123525   0
9629   -1276194.53739063   1411490.50269849   0
9630   -1276246.88902537   1411392.55506092   0
9631   -1280249.20440325   1404547.41664946   0
9632   -1280259.63493318   1404590.73292882   0
9633   -1279571.16222866   1405504.47117755   0
9634   -1279598.9034245   1405557.95966766   0
9635   -1279587.76172087   1405610.74198132   0
9636   -1279571.1606304   1405665.23935983   0
9637   -1280190.77439556   1408150.93121806   0
9638   -1277023.53728912   1405007.68475495   0
9639   -1274068.60233469   1409432.56644071   0
9640   -1274061.4084954   1409468.04002137   0
9641   -1274075.35437101   1409508.17767775   0
9642   -1276798.60274076   1403157.50901959   0
9643   -1277723.33672274   1404560.77280164   0
9644   -1277708.13718214   1404617.7552821   0
9645   -1277772.68153806   1404563.56843908   0
9646   -1280290.27694653   1404501.85188648   0
9647   -1280716.21826109   1405448.5481358   0
9648   -1280668.5940389   1405463.34308127   0
9649   -1280609.65445864   1405408.70105703   0
9650   -1280652.18646868   1405360.37791395   0
9651   -1280702.66895147   1405345.92870763   0
9652   -1280666.92622224   1405338.53134964   0
9653   -1280628.31053916   1405315.1562725   0
9654   -1280639.83875703   1405216.92353825   0
9655   -1280593.84822166   1405265.76506351   0
9656   -1280606.85338535   1405361.1137535   0
9657   -1280629.79377051   1405343.97822614   0
9658   -1280644.67777834   1405276.69060514   0
9659   -1280687.60709   1405435.75239957   0
9660   -1280724.38778155   1405413.18112576   0
9661   -1280755.684616   1405392.425927   0
9662   -1280679.74504019   1405374.79886926   0
9663   -1280650.94178739   1405394.65820123   0
9664   -1280712.09936606   1405383.25396123   0
9665   -1280646.33799436   1405427.47288326   0
9666   -1280751.75463573   1405464.25553006   0
9667   -1278801.83659113   1405140.00131152   0
9668   -1278811.83159825   1405182.50152023   0
9669   -1277534.61415859   1405308.19114607   0
9670   -1277350.11395717   1404154.37663527   0
9671   -1277781.75023778   1404687.19322994   0
9672   -1277752.57258358   1404707.47402868   0
9673   -1277721.08873349   1404708.97874931   0
9674   -1277699.26349671   1404678.09696323   0
9675   -1277770.72162875   1404645.16460784   0
9676   -1277847.71789688   1404703.86591924   0
9677   -1277891.93484684   1404692.02841664   0
9678   -1277830.84618956   1404788.11693178   0
9679   -1277874.15619839   1404749.89132027   0
9680   -1277869.70912715   1404786.27158125   0
9681   -1277897.51253313   1404840.43310787   0
9682   -1277892.89796904   1404806.80183674   0
9683   -1277940.44110553   1404807.70905988   0
9684   -1277973.52152953   1404758.07279328   0
9685   -1278043.09279784   1404770.68922066   0
9686   -1277832.23750445   1404743.04940023   0
9687   -1277810.63619488   1404713.87361451   0
9688   -1277877.2197812   1404721.09605606   0
9689   -1277915.99535779   1404732.17551119   0
9690   -1277802.62243585   1404823.49371412   0
9691   -1277806.31499626   1404886.22974016   0
9692   -1277823.3870434   1404847.53549423   0
9693   -1277737.23421038   1404806.30833065   0
9694   -1277786.8987947   1404776.91572132   0
9695   -1278241.39048051   1406699.60459947   0
9696   -1279996.34174568   1407662.11253281   0
9697   -1279980.7561882   1407620.60342752   0
9698   -1279976.73202253   1407586.19823912   0
9699   -1279942.44482212   1407621.96450459   0
9700   -1281071.58889144   1404865.32200464   0
9701   -1280353.93003769   1404647.94087796   0
9702   -1274582.8001428   1411313.43280214   0
9703   -1274554.28100545   1411325.50724093   0
9704   -1274583.75273268   1411281.74235607   0
9705   -1274745.73096457   1403790.80016883   0
9706   -1274756.85240689   1403752.9813337   0
9707   -1277448.53178539   1404240.44298469   0
9708   -1277426.97785442   1404257.90207268   0
9709   -1277527.44188409   1403381.00989517   0
9710   -1278393.95197926   1407998.37087274   0
9711   -1279665.54231579   1405004.28910755   0
9712   -1279711.78687058   1404983.71022268   0
9713   -1279769.61171881   1404994.28828481   0
9714   -1279771.15437709   1405068.07369635   0
9715   -1278808.3996526   1406911.62364661   0
9716   -1278781.30239142   1406833.79911936   0
9717   -1278804.74322405   1406868.67825433   0
9718   -1278840.29884502   1406816.56592927   0
9719   -1278934.17666322   1406833.58565044   0
9720   -1278865.96071905   1406743.81274224   0
9721   -1278728.50182143   1406854.04458832   0
9722   -1278666.08677144   1406794.04531914   0
9723   -1278716.80407707   1406908.51739379   0
9724   -1274242.25009021   1410037.77636678   0
9725   -1277810.93964488   1406286.79781622   0
9726   -1277778.8345002   1406296.8795413   0
9727   -1277352.17067989   1405305.04426548   0
9728   -1276426.8132519   1410937.49156136   0
9729   -1276451.38622991   1410905.80055771   0
9730   -1276494.94138267   1410923.23287855   0
9731   -1276494.34842989   1410890.93389438   0
9732   -1275495.72434204   1410003.23502513   0
9733   -1278239.8924126   1408908.5300467   0
9734   -1276789.20331209   1405331.98629934   0
9735   -1276777.07141388   1405288.01622872   0
9736   -1276757.38236081   1405313.08015903   0
9737   -1276990.32414601   1411461.5644462   0
9738   -1276995.35492429   1411400.7978412   0
9739   -1277010.10537624   1411301.03973376   0
9740   -1277062.88876786   1411377.36502049   0
9741   -1277096.58794427   1411460.66363418   0
9742   -1280326.68636513   1405137.24953307   0
9743   -1274124.33836905   1409440.80748913   0
9744   -1274133.64854899   1409465.53686767   0
9745   -1274093.94732164   1409448.67874959   0
9746   -1276384.56695841   1403564.56554958   0
9747   -1276377.50511166   1403648.04545849   0
9748   -1280087.88864328   1405489.31861159   0
9749   -1279254.28312698   1403882.47476588   0
9750   -1279317.99442059   1403879.4763736   0
9751   -1280313.65875667   1410974.20715702   0
9752   -1279182.08359855   1408667.80258351   0
9753   -1279166.96109222   1408631.5053024   0
9754   -1280422.43235325   1410814.8956335   0
9755   -1280255.2039856   1410906.38056676   0
9756   -1280389.23711927   1410837.50777976   0
9757   -1280423.50418432   1408456.53898814   0
9758   -1280451.45338357   1411064.36205684   0
9759   -1280921.60913964   1409243.82173413   0
9760   -1280857.07403683   1409260.62355597   0
9761   -1280824.88262912   1409152.36827491   0
9762   -1280875.26784871   1409205.5680537   0
9763   -1280820.90064063   1409218.02032431   0
9764   -1280745.40982792   1409185.2258681   0
9765   -1280766.41394417   1409078.93891198   0
9766   -1280845.68299288   1409189.61453972   0
9767   -1280878.54979905   1409124.82001967   0
9768   -1280896.91461165   1409175.48131664   0
9769   -1280793.66608811   1409182.73661218   0
9770   -1280772.14154557   1409225.28996908   0
9771   -1280785.47639954   1409135.66704274   0
9772   -1280719.44925409   1409138.32386642   0
9773   -1278424.18832998   1411762.89776751   0
9774   -1279725.10376668   1412106.12373773   0
9775   -1279614.06780358   1412068.63453236   0
9776   -1279549.8713846   1412016.08668416   0
9777   -1278437.47230439   1408459.06003617   0
9778   -1278437.60587092   1408581.92076438   0
9779   -1279235.36593884   1412057.10067159   0
9780   -1279348.1343929   1411990.21840611   0
9781   -1279166.41979255   1411992.54389064   0
9782   -1278603.32959034   1408653.10562674   0
9783   -1280809.50325069   1408923.96754544   0
9784   -1281014.49176019   1408516.08594908   0
9785   -1281043.94804677   1408482.90678614   0
9786   -1281080.22964396   1408473.26480726   0
9787   -1279629.43917066   1412170.52563631   0
9788   -1281114.7123623   1408305.75243186   0
9789   -1281049.47232135   1408324.92917281   0
9790   -1281015.09986316   1408385.44561963   0
9791   -1281050.0101377   1408426.058422   0
9792   -1281055.27124582   1408255.40441394   0
9793   -1281032.44616053   1408287.09152045   0
9794   -1280960.0319867   1408175.54517247   0
9795   -1281055.84847915   1408127.24366852   0
9796   -1281027.65029583   1408195.53899108   0
9797   -1280996.96846172   1408228.9885324   0
9798   -1281031.36602958   1408225.01105692   0
9799   -1281074.03928799   1408212.23076292   0
9800   -1281084.69123372   1408258.69504179   0
9801   -1281022.27564416   1408253.856096   0
9802   -1280418.54609366   1408851.74528222   0
9803   -1280465.09873653   1408820.91958034   0
9804   -1280528.11349334   1408803.30445467   0
9805   -1280562.8553357   1408862.6301008   0
9806   -1280628.7273082   1408840.55880926   0
9807   -1280666.76609455   1408893.036924   0
9808   -1280624.47905832   1408929.14892603   0
9809   -1280621.77567398   1408891.1670383   0
9810   -1280550.8318549   1408825.15944084   0
9811   -1280520.17325011   1408853.42570219   0
9812   -1280482.03817065   1408859.61981856   0
9813   -1280450.95042141   1408884.15528839   0
9814   -1280465.43671982   1408919.6188001   0
9815   -1280412.13547594   1408890.59335907   0
9816   -1280348.77223288   1408886.12185078   0
9817   -1280270.85631689   1408861.84436366   0
9818   -1280203.12201518   1408814.70985691   0
9819   -1280381.47754871   1408899.67953126   0
9820   -1280431.43166841   1408919.25743232   0
9821   -1280431.5612439   1408957.62424906   0
9822   -1280506.43684976   1408828.70266568   0
9823   -1278403.04951472   1411241.29928922   0
9824   -1279401.03417565   1412280.90015665   0
9825   -1279410.50880396   1412337.20337596   0
9826   -1279439.38707751   1412303.99910811   0
9827   -1274613.18545927   1410127.44521882   0
9828   -1274607.3587878   1410060.69530506   0
9829   -1280123.78632107   1412141.16212559   0
9830   -1280167.77308821   1412217.97905147   0
9831   -1280108.09318723   1406550.29464856   0
9832   -1276854.65365552   1404277.13521174   0
9833   -1276811.89377348   1404239.833752   0
9834   -1274876.2200519   1404183.40327679   0
9835   -1274891.7291908   1404137.11157566   0
9836   -1274247.32653562   1406189.22971102   0
9837   -1274965.30214774   1404318.92711611   0
9838   -1278386.33630258   1408523.31709921   0
9839   -1278440.7888663   1408520.06851994   0
9840   -1278488.82026286   1408550.12369185   0
9841   -1278518.36624057   1408603.70576119   0
9842   -1278490.48531918   1408498.6847211   0
9843   -1278508.32130426   1408445.4747713   0
9844   -1278563.1999543   1408453.22445363   0
9845   -1278328.64931281   1408628.97790303   0
9846   -1280519.48964063   1406926.93588699   0
9847   -1279560.53581091   1408153.9505311   0
9848   -1279555.24282353   1408122.16884161   0
9849   -1279589.56981274   1408138.27248678   0
9850   -1279588.64128163   1408176.81191451   0
9851   -1279551.96263718   1408185.37713607   0
9852   -1279525.65638607   1408153.00400022   0
9853   -1280921.1901651   1406452.13102526   0
9854   -1280924.55586104   1406499.5676574   0
9855   -1280949.84980783   1406469.84089545   0
9856   -1280975.09898071   1406445.95255441   0
9857   -1281036.90533129   1406364.27256237   0
9858   -1281053.5405244   1406493.89905982   0
9859   -1278906.36965925   1404808.49933376   0
9860   -1278923.0313092   1404868.95077686   0
9861   -1278971.51294819   1404897.78638228   0
9862   -1278954.26954263   1404866.47441452   0
9863   -1279963.21907993   1407259.09022081   0
9864   -1279902.47008913   1407301.8941722   0
9865   -1279853.44094727   1407298.45582738   0
9866   -1279778.52386957   1407283.25646945   0
9867   -1279711.14787557   1407269.61858765   0
9868   -1279745.45792103   1407322.62216043   0
9869   -1279821.91761037   1407238.71555312   0
9870   -1279846.91878183   1407264.35068127   0
9871   -1279816.44307053   1407284.08668384   0
9872   -1279877.05445494   1407276.45202651   0
9873   -1280340.30221584   1407391.34683248   0
9874   -1280439.86652108   1407432.33423545   0
9875   -1280413.36720012   1407389.96974275   0
9876   -1280423.69305869   1407345.73252262   0
9877   -1280384.61386435   1407370.99225389   0
9878   -1280364.2014661   1407348.21473458   0
9879   -1280379.58082242   1407403.91028927   0
9880   -1280416.3765771   1407419.91349612   0
9881   -1278970.34895074   1408218.53628284   0
9882   -1279023.10870693   1408183.87832831   0
9883   -1280191.26143755   1407415.50589664   0
9884   -1280238.46146856   1407397.96399748   0
9885   -1280207.815851   1407390.00249645   0
9886   -1280169.98927315   1407379.70256049   0
9887   -1280131.1226938   1407361.76097734   0
9888   -1280077.7458348   1407327.31277941   0
9889   -1280095.30123724   1407355.86099064   0
9890   -1276364.36256652   1406228.12475964   0
9891   -1274571.87906928   1402733.35217495   0
9892   -1274480.45130999   1402657.91212083   0
9893   -1274590.06464295   1402643.27402842   0
9894   -1280205.11398507   1407486.59339169   0
9895   -1280149.15120388   1407513.33544177   0
9896   -1280176.92904087   1407445.85740397   0
9897   -1280149.43865072   1407432.47487669   0
9898   -1280208.79973052   1407449.89530042   0
9899   -1276356.06845603   1403787.44866011   0
9900   -1276411.02882564   1403785.81091427   0
9901   -1276487.40864168   1403782.70424809   0
9902   -1276588.57164637   1403710.56002093   0
9903   -1276381.02307515   1403747.97049451   0
9904   -1276334.86105866   1403722.95794668   0
9905   -1276277.26631325   1403768.06651033   0
9906   -1280778.45995276   1408879.95409741   0
9907   -1280722.2353662   1408834.79408054   0
9908   -1280752.61022185   1408772.45618367   0
9909   -1280842.3877677   1408846.34525994   0
9910   -1280909.51602647   1408895.46397388   0
9911   -1280720.52115691   1408796.19046089   0
9912   -1280704.0619549   1408748.26501857   0
9913   -1280769.02431424   1408840.76935216   0
9914   -1280163.11899304   1407100.29877435   0
9915   -1280191.34807062   1407031.63822956   0
9916   -1280212.98494699   1407085.55657082   0
9917   -1280231.71792289   1407036.30869882   0
9918   -1280227.90248247   1406999.60289437   0
9919   -1280164.72151476   1406957.63468005   0
9920   -1280274.45022252   1406991.68439301   0
9921   -1280303.63661589   1407023.55015305   0
9922   -1274393.92743834   1410565.91227384   0
9923   -1274559.38921868   1407532.17761017   0
9924   -1274605.65351143   1407474.04496585   0
9925   -1274658.01604516   1407435.86610149   0
9926   -1274710.67716741   1410046.80290912   0
9927   -1274265.43465698   1408219.96619017   0
9928   -1274302.29265435   1408235.48649256   0
9929   -1274281.83908563   1408182.54523805   0
9930   -1274290.11487799   1408207.99400632   0
9931   -1279769.83855248   1409521.60256546   0
9932   -1279758.83964118   1409485.90664856   0
9933   -1274551.44834972   1406033.47482207   0
9934   -1273294.91939835   1407666.95117627   0
9935   -1273222.36348408   1407686.04187824   0
9936   -1273177.14191577   1407767.20383447   0
9937   -1273333.40777457   1407620.00230666   0
9938   -1274804.6825758   1407562.34348381   0
9939   -1278474.03528206   1404118.7564641   0
9940   -1278456.80587142   1404168.57595822   0
9941   -1278499.10761031   1404178.73445509   0
9942   -1278489.06165328   1404144.89666022   0
9943   -1278517.39852297   1404091.79078079   0
9944   -1277462.03830912   1410527.99878009   0
9945   -1277415.25057481   1410465.78020638   0
9946   -1278359.31666383   1404932.15682178   0
9947   -1278384.35513975   1404904.29026319   0
9948   -1278414.28002081   1404949.50208192   0
9949   -1278382.10920834   1404970.6427325   0
9950   -1278314.48358559   1404987.24434659   0
9951   -1278364.38769767   1405009.52352873   0
9952   -1278412.58885115   1405066.11866362   0
9953   -1277162.61595811   1411621.76084847   0
9954   -1279248.42433299   1409666.3113293   0
9955   -1279302.29267457   1409558.48273183   0
9956   -1279221.66532828   1409569.48661731   0
9957   -1279043.26343106   1403787.730529   0
9958   -1280567.16957298   1404902.9163753   0
9959   -1280533.27364448   1404890.24722643   0
9960   -1280624.07893877   1404918.16686945   0
9961   -1280532.25631021   1404930.97058946   0
9962   -1280799.32894042   1405345.03812522   0
9963   -1280789.11515206   1405382.84794145   0
9964   -1280250.47796716   1404761.97953202   0
9965   -1280202.94250588   1404772.70397762   0
9966   -1280158.91008118   1404743.92481839   0
9967   -1277824.23966887   1405226.30182687   0
9968   -1277781.22351741   1405246.33747653   0
9969   -1277741.4054068   1405247.61397354   0
9970   -1274353.30152104   1406904.86353129   0
9971   -1281066.64594834   1404604.66309451   0
9972   -1281023.07385699   1404622.53502076   0
9973   -1278503.83729274   1407189.65334829   0
9974   -1278452.99754433   1407167.50087115   0
9975   -1278548.19732819   1404701.05108605   0
9976   -1275657.38378177   1409873.6785382   0
9977   -1275751.0066523   1409894.27490618   0
9978   -1277279.53874295   1403608.36641903   0
9979   -1279996.96600028   1404709.27336008   0
9980   -1280057.11108771   1404729.44678675   0
9981   -1280019.13127618   1404758.03701837   0
9982   -1276551.27622062   1403484.89477252   0
9983   -1276502.61102501   1403463.92916126   0
9984   -1274504.52686126   1407610.09890348   0
9985   -1274534.0895896   1407648.83588716   0
9986   -1274532.6474024   1407613.9550203   0
9987   -1274529.55604604   1407570.33110057   0
9988   -1274431.19772778   1407612.52177977   0
9989   -1278164.94554038   1406158.2649653   0
9990   -1274086.64763098   1409840.51403765   0
9991   -1277898.400962   1405533.93638475   0
9992   -1277899.79485701   1405587.11239633   0
9993   -1277864.83514654   1405616.6427572   0
9994   -1278816.05094797   1404401.9461841   0
9995   -1278772.56502693   1404381.55932795   0
9996   -1279373.10866605   1408367.73493083   0
9997   -1279351.38104508   1408414.03093848   0
9998   -1279343.97275192   1408457.63842628   0
9999   -1279381.87351761   1408505.83433142   0
10000   -1279423.09528077   1408536.23296672   0
10001   -1279463.01175148   1408572.19484374   0
10002   -1279556.34950807   1408528.51020883   0
10003   -1279396.40778455   1408307.69845733   0
10004   -1279550.45101926   1408832.81627223   0
10005   -1279546.63071457   1408886.54680896   0
10006   -1275353.36242129   1404035.63032682   0
10007   -1280131.26435433   1404247.96564846   0
10008   -1277890.68732625   1407133.70386632   0
10009   -1277880.07198782   1407046.65257301   0
10010   -1277906.61338284   1407084.75542509   0
10011   -1279005.07729569   1411356.56620351   0
10012   -1278159.63166678   1409639.96933072   0
10013   -1278081.5023722   1409686.2562856   0
10014   -1278110.72398819   1409627.95654027   0
10015   -1278111.47587881   1409558.86719821   0
10016   -1278142.10431402   1409598.85282034   0
10017   -1278123.18502493   1409665.53449029   0
10018   -1278179.47480785   1409708.60695546   0
10019   -1278262.70398845   1409651.56760473   0
10020   -1277370.06907691   1410340.93606123   0
10021   -1277364.79012425   1410223.54165346   0
10022   -1277093.11029088   1404485.55496265   0
10023   -1276948.8368262   1404521.3561825   0
10024   -1277011.06712061   1404467.8821565   0
10025   -1276937.70966875   1404401.66555833   0
10026   -1276704.40642113   1403717.69900628   0
10027   -1279407.57083324   1412494.0000094   0
10028   -1276460.12040145   1404339.03014732   0
10029   -1280562.85003357   1406989.72341732   0
10030   -1280652.39843355   1406949.67801745   0
10031   -1280613.3238512   1407007.26354455   0
10032   -1280666.50495086   1407050.5240032   0
10033   -1280596.50627682   1406962.11715785   0
10034   -1277996.43977993   1409920.22012038   0
10035   -1278028.12193471   1409870.74340651   0
10036   -1278829.8862557   1404219.36438457   0
10037   -1278757.31736731   1404213.07534653   0
10038   -1275182.50145148   1411170.58991577   0
10039   -1275131.72589812   1411142.78192807   0
10040   -1275077.18499521   1411159.51827028   0
10041   -1274700.62706985   1410960.96893813   0
10042   -1274636.72211482   1410950.66454982   0
10043   -1274587.66404949   1410956.76967724   0
10044   -1274551.49131875   1410931.12648804   0
10045   -1274541.67153067   1410982.38004336   0
10046   -1276495.26630806   1408360.41204743   0
10047   -1277979.26888747   1411325.76378108   0
10048   -1275931.38886166   1409238.02215047   0
10049   -1275902.54322926   1409307.99310753   0
10050   -1275964.1333855   1409370.3392969   0
10051   -1275875.6389658   1409389.68535196   0
10052   -1277562.76134575   1403465.81267863   0
10053   -1277582.79761849   1403552.70522743   0
10054   -1278199.84915312   1406228.59741244   0
10055   -1278126.64302661   1406267.69983226   0
10056   -1278150.82147509   1406230.09768743   0
10057   -1278163.14543349   1406197.51231793   0
10058   -1279596.82566111   1404694.10325353   0
10059   -1279640.7565399   1404741.15924086   0
10060   -1279627.17212541   1404830.3510273   0
10061   -1279524.87165245   1404848.28096964   0
10062   -1279565.84931024   1409739.89306098   0
10063   -1275753.49089274   1407305.66938728   0
10064   -1275439.85610186   1410555.20845885   0
10065   -1275401.87382154   1410671.6195114   0
10066   -1275513.04628066   1410813.30767434   0
10067   -1275435.87464023   1411033.83465968   0
10068   -1275584.14575747   1410959.09210168   0
10069   -1280626.79497794   1406762.58174145   0
10070   -1280608.12902118   1406845.7390119   0
10071   -1280653.80649042   1406801.47806111   0
10072   -1280698.61314272   1406761.17469614   0
10073   -1280779.37506045   1406817.95965873   0
10074   -1280722.65906578   1406806.8930961   0
10075   -1280729.86301891   1406881.74074316   0
10076   -1280757.69191256   1406771.68969406   0
10077   -1280828.36150522   1406760.99334817   0
10078   -1280835.52289494   1406687.56817339   0
10079   -1280813.08940854   1406652.43225419   0
10080   -1280782.50150843   1406689.56452877   0
10081   -1279960.92811674   1410137.11016663   0
10082   -1280034.10931801   1410165.88620632   0
10083   -1280066.6684199   1410247.54560558   0
10084   -1280081.32080596   1410340.95988507   0
10085   -1279990.33695851   1410166.45736316   0
10086   -1279926.15312757   1410187.16000581   0
10087   -1279958.36690698   1410179.21290761   0
10088   -1279829.27560411   1410176.76278333   0
10089   -1279940.21864975   1410236.753948   0
10090   -1280063.01240358   1410409.220909   0
10091   -1280018.87678373   1410359.56702793   0
10092   -1278717.34558813   1406224.77190278   0
10093   -1278788.32879112   1406134.29516954   0
10094   -1278447.68553178   1409238.88067251   0
10095   -1278361.06141541   1409243.79211193   0
10096   -1277174.6890924   1409203.0100305   0
10097   -1276798.55431157   1409527.08075249   0
10098   -1276763.11000418   1409442.4634459   0
10099   -1276742.26986804   1409575.32854616   0
10100   -1276980.43370569   1411019.22957694   0
10101   -1279247.55632397   1405287.52559579   0
10102   -1279346.75060893   1405355.41667257   0
10103   -1279180.47598991   1405327.42106832   0
10104   -1276913.44513339   1411979.92560019   0
10105   -1277322.2760004   1409188.9108225   0
10106   -1277250.89704598   1409236.70301909   0
10107   -1280019.11717542   1407131.03138132   0
10108   -1279939.57296615   1407104.70395624   0
10109   -1279885.95437859   1406979.57571347   0
10110   -1279983.95740708   1407086.15933922   0
10111   -1280047.52643565   1407074.56928436   0
10112   -1280068.51957492   1406998.89283167   0
10113   -1275598.42269324   1410627.46283634   0
10114   -1274982.54954274   1404180.08398942   0
10115   -1274971.13455869   1404117.79853834   0
10116   -1276147.71369919   1402961.53807647   0
10117   -1279441.4602985   1407413.23363311   0
10118   -1279472.70029537   1407359.86841778   0
10119   -1279492.78869561   1407467.2435125   0
10120   -1278354.20179551   1406263.21077259   0
10121   -1281050.17940697   1404765.11443357   0
10122   -1281513.18058055   1404987.60334827   0
10123   -1281539.68142936   1404869.87336985   0
10124   -1281695.43344266   1404845.10539609   0
10125   -1281845.74599091   1404754.49007326   0
10126   -1281738.8013198   1404680.49512376   0
10127   -1281928.50451491   1404352.46037229   0
10128   -1281900.91834024   1404486.47027261   0
10129   -1281743.92878597   1404481.9456596   0
10130   -1281631.2434275   1404590.66467488   0
10131   -1281472.11247544   1404583.8439276   0
10132   -1281483.30088535   1404719.88308549   0
10133   -1281595.72903417   1404469.03955366   0
10134   -1281409.56382783   1404339.80164442   0
10135   -1281735.82763789   1404033.19289886   0
10136   -1281956.09068957   1404218.45047196   0
10137   -1281789.44396419   1404265.44120953   0
10138   -1281812.75496054   1404393.05139777   0
10139   -1281703.11865417   1404392.87668429   0
10140   -1281568.59475881   1404135.92894322   0
10141   -1281611.90302472   1404007.56906248   0
10142   -1281665.81537475   1404097.48203755   0
10143   -1281686.08896849   1404203.52585227   0
10144   -1281733.90701335   1404574.73479388   0
10145   -1281671.53297958   1404522.03259988   0
10146   -1281887.12525291   1404553.47522278   0
10147   -1281519.43536844   1404250.28127094   0
10148   -1281525.84371104   1404376.8635789   0
10149   -1281240.12918521   1403930.69755331   0
10150   -1281398.87308518   1404138.17151954   0
10151   -1281116.20457203   1403905.07371693   0
10152   -1281132.84198536   1404023.70418409   0
10153   -1281178.16687862   1403917.88563512   0
10154   -1281192.74166133   1403989.72296621   0
10155   -1281364.05379838   1403956.3213897   0
10156   -1281270.63261962   1404081.97831659   0
10157   -1281190.67633004   1404121.72951867   0
10158   -1281216.87953573   1404058.06648779   0
10159   -1281160.83294821   1404082.96890654   0
10160   -1281184.04896212   1404044.63466552   0
10161   -1281094.97290942   1404130.86395646   0
10162   -1281276.10144727   1404188.9691234   0
10163   -1281209.27447348   1404170.89884609   0
10164   -1281211.73990813   1404259.57070903   0
10165   -1281311.3092155   1404296.56403101   0
10166   -1281607.38331394   1404233.05727176   0
10167   -1281554.87049052   1404767.99560326   0
10168   -1281637.31694683   1404771.73858269   0
10169   -1281566.58081564   1405047.03729519   0
10170   -1281790.57364158   1405022.50987391   0
10171   -1281668.59211141   1405066.58569374   0
10172   -1281656.88357081   1405187.3037073   0
10173   -1281459.24433269   1405024.17962367   0
10174   -1274721.11488965   1403641.12808823   0
10175   -1278375.55647611   1406127.25347959   0
10176   -1278323.3046769   1406182.12381329   0
10177   -1279820.56366504   1406547.78510356   0
10178   -1281668.94365028   1404662.91634777   0
10179   -1277611.76882222   1411652.77070766   0
10180   -1277546.06591608   1411648.28028391   0
10181   -1277487.29204111   1411563.70524491   0
10182   -1277475.56064373   1411654.03942684   0
10183   -1277581.21542778   1411661.63867753   0
10184   -1279563.90525983   1408707.94997151   0
10185   -1279595.474433   1408778.06300447   0
10186   -1280562.988869   1410985.95043834   0
10187   -1280508.33475674   1411014.40267201   0
10188   -1280523.96422553   1410954.03127076   0
10189   -1280490.03374541   1410898.94250261   0
10190   -1280590.57504366   1410851.94053802   0
10191   -1280542.13546724   1410876.50979738   0
10192   -1280540.06812153   1410813.41645326   0
10193   -1275167.55714349   1411620.07351374   0
10194   -1280562.6512417   1410626.257634   0
10195   -1280645.74739299   1410583.92073737   0
10196   -1280618.16121833   1410717.93063769   0
10197   -1278589.32508186   1408318.22625454   0
10198   -1280759.26817646   1409408.65676982   0
10199   -1280707.51413027   1409369.24253561   0
10200   -1279298.30129741   1406523.6326752   0
10201   -1274248.37971032   1406647.95318752   0
10202   -1274178.14122143   1406583.40668468   0
10203   -1274225.5392641   1406601.27041286   0
10204   -1273648.6053432   1410177.92954008   0
10205   -1280866.43679031   1409511.84153478   0
10206   -1280305.22148114   1405391.16743533   0
10207   -1280269.98385204   1405377.03251707   0
10208   -1279396.22208648   1411283.18493132   0
10209   -1280474.4137461   1410691.21720858   0
10210   -1280599.40461852   1410488.31091057   0
10211   -1280673.33356766   1410449.91083705   0
10212   -1280619.6299879   1410436.28088269   0
10213   -1280680.23011133   1410416.40836197   0
10214   -1280648.89205682   1410426.43194247   0
10215   -1280623.38267363   1410380.06428406   0
10216   -1280609.38261903   1410546.52340491   0
10217   -1280622.20965699   1410507.29583091   0
10218   -1280633.77581648   1410470.92942061   0
10219   -1280533.90700207   1410480.51169425   0
10220   -1276366.95285571   1411709.76327386   0
10221   -1278988.87828424   1412197.55715638   0
10222   -1279594.63026073   1412532.55559009   0
10223   -1279560.49780167   1412427.16154958   0
10224   -1279487.83159887   1412394.83533853   0
10225   -1279492.67472489   1412454.87190528   0
10226   -1279967.10071212   1412303.48465245   0
10227   -1279844.04283071   1412583.96303102   0
10228   -1279111.44083226   1412223.09894824   0
10229   -1279206.32385204   1412181.90203859   0
10230   -1274191.79503623   1406397.54954726   0
10231   -1274225.89103928   1406493.18750346   0
10232   -1275999.81153567   1403816.07563143   0
10233   -1281233.20965579   1406985.27635804   0
10234   -1281404.36719628   1406898.64847845   0
10235   -1281349.19484695   1407166.6682791   0
10236   -1281260.72221882   1407112.00690882   0
10237   -1281077.28525549   1406985.03010703   0
10238   -1280999.73389948   1407119.46093615   0
10239   -1277612.21892973   1407309.63707493   0
10240   -1277486.07618409   1407259.00281547   0
10241   -1280042.00774825   1407209.91263275   0
10242   -1280092.68280063   1407265.4043861   0
10243   -1276218.0436353   1404370.60810641   0
10244   -1278217.03646184   1404661.96247104   0
10245   -1275995.20931454   1410793.01010822   0
10246   -1274702.52702113   1407155.13588825   0
10247   -1273838.19272687   1409320.82669491   0
10248   -1281032.11426847   1406084.04361687   0
10249   -1277955.63172737   1409108.69315823   0
10250   -1279162.75025222   1410228.49358852   0
10251   -1279986.73298078   1404253.31291924   0
10252   -1275433.56877307   1403785.40354161   0
10253   -1275572.35860758   1403705.69344645   0
10254   -1275731.33733461   1403616.26834005   0
10255   -1275641.26715418   1403334.59916674   0
10256   -1275422.26438783   1403885.92097758   0
10257   -1276352.32174183   1409470.64088564   0
10258   -1276406.07380577   1409408.05017573   0
10259   -1277658.81044884   1406841.54472528   0
10260   -1274541.34781652   1410576.79308531   0
10261   -1274611.66014558   1410686.51804519   0
10262   -1278406.6648255   1411065.66636795   0
10263   -1273962.82153658   1407977.57627722   0
10264   -1278616.29590996   1410547.49793041   0
10265   -1278637.42599414   1409485.54919664   0
10266   -1278621.51063547   1409364.19036957   0
10267   -1276221.97212365   1409988.42074789   0
10268   -1276134.86005018   1410114.75915276   0
10269   -1276214.91315205   1409858.68687098   0
10270   -1274066.35828143   1407812.69813309   0
10271   -1278928.72133631   1411172.22435214   0
10272   -1278851.38301463   1411211.30910798   0
10273   -1278852.2323549   1411282.5091646   0
10274   -1280060.31634254   1411735.03745356   0
10275   -1278998.97398029   1411916.03665617   0
10276   -1279069.65439297   1411889.72028063   0
10277   -1279152.9416193   1411893.32284776   0
10278   -1274434.33664054   1405151.74671237   0
10279   -1274573.91993413   1405200.9150363   0
10280   -1280249.59035044   1410223.31675941   0
10281   -1281018.16075097   1408774.78708299   0
10282   -1281004.36766364   1408841.79203315   0
10283   -1280904.22705681   1408793.18601796   0
10284   -1280966.40028413   1408802.8842056   0
10285   -1277848.74227083   1412172.70350364   0
10286   -1277810.85285886   1409167.44243203   0
10287   -1279500.0567154   1408433.80076282   0
10288   -1280432.87689078   1408613.4357489   0
10289   -1279230.00144363   1409362.94157931   0
10290   -1276288.37314962   1406654.35956997   0
10291   -1277410.16376354   1408444.33713733   0
10292   -1277550.82509577   1408341.566452   0
10293   -1278203.38185267   1404898.62203292   0
10294   -1277593.3554945   1409728.73541617   0
10295   -1277846.20661048   1406894.26107445   0
10296   -1277956.77235128   1406910.73550207   0
10297   -1277895.19538589   1410384.84115318   0
10298   -1274236.90774997   1411270.82876962   0
10299   -1274658.47487506   1406585.7901603   0
10300   -1274779.44919928   1406718.29630697   0
10301   -1278706.05579052   1410696.51919714   0
10302   -1278601.15534476   1410845.88311361   0
10303   -1278236.54737273   1403777.95367615   0
10304   -1275784.00309773   1411311.20115448   0
10305   -1273877.08608222   1410271.22319422   0
10306   -1273800.8693317   1410881.64079437   0
10307   -1278099.3886402   1404955.69425949   0
10308   -1279338.34559736   1407820.8840869   0
10309   -1279413.33519704   1407835.41390707   0
10310   -1279444.58512192   1407892.22363732   0
10311   -1279407.29577806   1407928.05419195   0
10312   -1275008.28074706   1408042.97377969   0
10313   -1276711.48498007   1411410.24292798   0
10314   -1277636.92890283   1409912.73649757   0
10315   -1277713.10461448   1410023.83776698   0
10316   -1276439.73417136   1409635.42235243   0
10317   -1274705.27247364   1404803.6300839   0
10318   -1276731.58533088   1408991.2932853   0
10319   -1276702.17683137   1409103.57466046   0
10320   -1277003.0852032   1410270.42218871   0
10321   -1277046.6701652   1410367.53754586   0
10322   -1277144.63562651   1410382.81030992   0
10323   -1277169.19983999   1404880.05599552   0
10324   -1277149.64239459   1404781.47474246   0
10325   -1274989.18681993   1403156.33770736   0
10326   -1274948.64558931   1403250.55171161   0
10327   -1275097.38390045   1403155.09572995   0
10328   -1279352.77032504   1407122.61332841   0
10329   -1275533.15380533   1405771.41412292   0
10330   -1277570.68589294   1409316.64231053   0
10331   -1277576.22151716   1409180.30013412   0
10332   -1276906.97287185   1409715.18364025   0
10333   -1274182.76486944   1407877.15180327   0
10334   -1274302.13257671   1407812.72536357   0
10335   -1272860.49087113   1411144.55468521   0
10336   -1277481.42356754   1407747.31466763   0
10337   -1277451.51929319   1407455.11908397   0
10338   -1277524.78227371   1407434.76173932   0
10339   -1277594.68121796   1407398.6736139   0
10340   -1277300.59076667   1407427.47874845   0
10341   -1277326.11548422   1407551.35959754   0
10342   -1274200.48665404   1407969.20537588   0
10343   -1277472.0621329   1409085.85513874   0
10344   -1276341.27240176   1409700.23185027   0
10345   -1278776.0643332   1410977.0519907   0
10346   -1277348.32257005   1407872.48736163   0
10347   -1277202.74826526   1407855.31659206   0
10348   -1277697.83237419   1407565.36331702   0
10349   -1277654.90759858   1407572.38774945   0
10350   -1277708.66153902   1407595.73068342   0
10351   -1277613.5371172   1407506.97660939   0
10352   -1277612.6786652   1407469.67500363   0
10353   -1277586.02681767   1407441.62251094   0
10354   -1277548.32209131   1407454.75131423   0
10355   -1277519.57785314   1407481.98902162   0
10356   -1277638.38798699   1407438.90732921   0
10357   -1277685.18878571   1407449.42640007   0
10358   -1277644.53289775   1407516.4924155   0
10359   -1277620.06394687   1407544.13674341   0
10360   -1277606.61789233   1407575.20264683   0
10361   -1277587.43294627   1407641.11629675   0
10362   -1277551.50899314   1407593.87493071   0
10363   -1277580.51213545   1407514.5125351   0
10364   -1277542.83813486   1407510.99058984   0
10365   -1277537.21063026   1407551.95417139   0
10366   -1276023.80435702   1409851.39088031   0
10367   -1277072.85563482   1407987.94773284   0
10368   -1281371.25911648   1406041.3782846   0
10369   -1281368.86994734   1406267.63725537   0
10370   -1281487.12572027   1406496.61877748   0
10371   -1281569.88424427   1406094.58907651   0
10372   -1281403.51755065   1405837.16762057   0
10373   -1278098.68602322   1411968.81851532   0
10374   -1279876.95844031   1403648.83535305   0
10375   -1280041.0744505   1403929.38258687   0
10376   -1280258.7764055   1403845.5094671   0
10377   -1280372.656893   1403751.3306986   0
10378   -1275979.7053905   1405559.27266322   0
10379   -1272976.1951725   1408444.78715198   0
10380   -1272975.20944504   1408645.2991651   0
10381   -1272775.94852939   1408471.36577413   0
10382   -1272935.2762194   1408272.18578962   0
10383   -1272832.68422236   1408203.50574163   0
10384   -1273034.64605622   1408345.90214596   0
10385   -1273172.49994613   1408361.86727755   0
10386   -1273081.37266424   1408421.94466382   0
10387   -1272949.66964937   1408358.99290318   0
10388   -1272872.93862787   1408411.98186823   0
10389   -1272924.53304292   1408526.7927587   0
10390   -1273023.82635118   1408506.82747547   0
10391   -1273006.65949546   1408385.0204913   0
10392   -1273029.11656472   1408427.37885533   0
10393   -1274136.73784168   1409646.23910661   0
10394   -1274098.94610867   1409707.78025959   0
10395   -1274123.19786446   1409671.49702972   0
10396   -1272853.03579137   1408507.79653368   0
10397   -1272761.76460615   1408538.33078226   0
10398   -1272827.41834803   1408584.70808489   0
10399   -1272719.21283642   1408739.22580664   0
10400   -1272907.95433576   1408475.00398661   0
10401   -1272845.36308059   1408465.07774973   0
10402   -1272790.13245263   1408404.40076601   0
10403   -1273400.04115207   1405524.90541661   0
10404   -1273518.22043466   1405605.74975805   0
10405   -1275769.79251469   1406994.00268039   0
10406   -1275779.61252769   1406795.5558123   0
10407   -1279272.38801452   1403626.2676974   0
10408   -1279381.25998763   1403546.3400075   0
10409   -1278472.27369579   1412301.22210595   0
10410   -1278355.77612486   1412095.43890733   0
10411   -1278582.65146692   1412157.12135928   0
10412   -1274570.58565088   1408391.23022629   0
10413   -1273341.95655057   1410028.53198734   0
10414   -1273407.297501   1410181.28483393   0
10415   -1272689.52958765   1409759.18107548   0
10416   -1272506.45398778   1409743.70092852   0
10417   -1280406.82108124   1411005.27594796   0
10418   -1280437.92367292   1411001.2586129   0
10419   -1279763.35389002   1409101.14446796   0
10420   -1276656.67348374   1403943.33066818   0
10421   -1272517.52676606   1409899.17440405   0
10422   -1272470.99417967   1409911.11344883   0
10423   -1272498.10700941   1409930.39459152   0
10424   -1272926.11792339   1408413.3911586   0
10425   -1272906.3173136   1409438.6978618   0
10426   -1272869.73328437   1409459.79916263   0
10427   -1272877.91359193   1409427.01385898   0
10428   -1272889.4117013   1409484.87234328   0
10429   -1273017.99063336   1409644.66966123   0
10430   -1273059.40934898   1409689.42310817   0
10431   -1273036.74984909   1409608.15766857   0
10432   -1272485.17810292   1409844.14844071   0
10433   -1272570.09401894   1409990.74473412   0
10434   -1272553.28733077   1410029.23164918   0
10435   -1272570.13910851   1410058.17029748   0
10436   -1272679.70693695   1409939.51967026   0
10437   -1272680.88112978   1409967.32349033   0
10438   -1272720.32248517   1409882.50771367   0
10439   -1272478.02889784   1410287.66843741   0
10440   -1272492.01591788   1410186.91714394   0
10441   -1273459.57953863   1409782.28711367   0
10442   -1272381.74897295   1410793.961852   0
10443   -1272265.32729266   1410882.10606665   0
10444   -1272322.06298563   1410614.24603415   0
10445   -1272412.59108778   1410566.66510977   0
10446   -1272466.85956887   1410462.88361531   0
10447   -1272611.07830115   1411093.14724429   0
10448   -1272699.16903937   1410947.73491811   0
10449   -1272766.43721592   1410814.92986825   0
10450   -1272648.41171368   1410642.09135996   0
10451   -1272755.18444058   1410696.85808852   0
10452   -1273071.45366843   1410436.93530879   0
10453   -1273004.70937118   1410370.54561108   0
10454   -1272977.15037314   1410292.34903243   0
10455   -1273150.77328171   1410481.41766109   0
10456   -1273263.77441762   1410432.02562264   0
10457   -1273211.48470747   1410486.49854722   0
10458   -1273196.3020102   1410557.22020389   0
10459   -1273184.47600913   1410433.67045138   0
10460   -1273129.50224523   1410395.98954681   0
10461   -1273134.07829923   1410327.09764351   0
10462   -1276262.54946242   1405635.21709491   0
10463   -1273351.17759592   1409520.51197941   0
10464   -1277470.03124666   1407553.85051527   0
10465   -1277422.46172043   1407591.3448554   0
10466   -1273601.00513833   1405291.06255047   0
10467   -1276310.85772927   1407089.57968849   0
10468   -1279990.28276228   1411123.84800066   0
10469   -1279873.37207408   1411089.50512234   0
10470   -1279968.29574979   1411004.67738599   0
10471   -1280084.18324763   1411013.4995184   0
10472   -1280442.41871072   1405665.20551365   0
10473   -1273008.58126945   1408410.81517419   0
10474   -1276384.96008277   1403042.14435484   0
10475   -1276624.61637715   1404082.5901726   0
10476   -1272392.98260184   1410279.42099352   0
10477   -1272425.13268206   1410324.44850108   0
10478   -1272490.04928528   1410383.30495104   0
10479   -1272418.53285767   1410384.34855674   0
10480   -1272971.90949692   1408398.32836042   0
10481   -1274236.91805182   1407896.47171326   0
10482   -1281011.2642073   1408808.28955807   0
10483   -1280587.13632321   1410516.36436121   0
10484   -1280567.39210561   1410487.57811466   0
10485   -1279567.79127553   1404553.95549584   0
10486   -1275770.66931903   1403448.89544214   0
10487   -1275632.38344193   1403489.50892087   0
10488   -1277691.47380499   1407481.09059608   0
10489   -1279577.67496945   1406678.41859654   0
10490   -1280024.56508737   1405950.53455786   0
10491   -1278994.96951459   1404364.07185728   0
10492   -1277684.58967908   1404809.10983   0
10493   -1280592.05863727   1410457.27381119   0
10494   -1275644.22122719   1410451.85003531   0
10495   -1275716.05303154   1410536.11490781   0
10496   -1275623.2289514   1410416.52791175   0
10497   -1275665.97891634   1410406.83822949   0
10498   -1275655.46358446   1410371.54062126   0
10499   -1272364.61475535   1410413.35100978   0
10500   -1272404.19861649   1410451.51380467   0
10501   -1272802.58484647   1408543.29258704   0
10502   -1272754.67264453   1408571.81328632   0
10503   -1272787.64908805   1408591.41326378   0
10504   -1272839.55678807   1408706.09628948   0
10505   -1272733.39675966   1408672.26079851   0
10506   -1272809.60915144   1408636.3592726   0
10507   -1272857.77676342   1408550.51261711   0
10508   -1272880.91762838   1408602.98946178   0
10509   -1272809.87669726   1408497.80991961   0
10510   -1272768.85656777   1408504.8482782   0
10511   -1277829.14032926   1406953.13505456   0
10512   -1277740.47035446   1406802.91354001   0
10513   -1277801.90664289   1406734.29673281   0
10514   -1277758.54392015   1406608.14294616   0
10515   -1281803.67550857   1404595.99142645   0
10516   -1278447.21807545   1412206.3496538   0
10517   -1278347.5674108   1412275.51838549   0
10518   -1278409.9205533   1412288.37024572   0
10519   -1274242.74703687   1407766.00488697   0
10520   -1274192.34584565   1407808.62711523   0
10521   -1274197.86848553   1407766.32989227   0
10522   -1274206.82855826   1407713.65333001   0
10523   -1277576.3908705   1409090.19783442   0
10524   -1277689.91728457   1409092.13910063   0
10525   -1277682.99858079   1408923.19149051   0
10526   -1277752.82990567   1408996.79848715   0
10527   -1277662.00626212   1409014.03060525   0
10528   -1274433.28178101   1405048.84299436   0
10529   -1280131.00520047   1407193.61152194   0
10530   -1280203.15973078   1407233.80051567   0
10531   -1280143.50650706   1407254.72426742   0
10532   -1276285.02283319   1404607.76568078   0
10533   -1280342.01528525   1404328.42302755   0
10534   -1280363.43833844   1404296.37613681   0
10535   -1276308.29777285   1404712.42968395   0
10536   -1277807.28032955   1403300.63329895   0
10537   -1277720.00222856   1403308.3028417   0
10538   -1277646.31540322   1403187.60629807   0
10539   -1279134.44725954   1406812.37659356   0
10540   -1279224.17581753   1406801.93326554   0
10541   -1276260.33489258   1403305.28845983   0
10542   -1278190.9609921   1408037.95847592   0
10543   -1278276.96745021   1405725.27104032   0
10544   -1278286.65592334   1405755.12559742   0
10545   -1278334.82279387   1405785.80523259   0
10546   -1279004.64617696   1404168.80738414   0
10547   -1278090.18985271   1407669.68731766   0
10548   -1278069.89272126   1407712.0684492   0
10549   -1280134.68676417   1408444.63458376   0
10550   -1278109.32373921   1407155.35704136   0
10551   -1278122.38970504   1407112.30323215   0
10552   -1280930.41007916   1406103.82260767   0
10553   -1280841.9657584   1406110.76484298   0
10554   -1274076.81221021   1408855.72774022   0
10555   -1280163.29250073   1407225.23710574   0
10556   -1279911.61601626   1407254.30257653   0
10557   -1279897.62984177   1407195.80026404   0
10558   -1276221.09356312   1403350.18119383   0
10559   -1276164.81664106   1403394.18697916   0
10560   -1279180.87085361   1406832.88339073   0
10561   -1278938.07898432   1407155.827615   0
10562   -1278951.41298395   1407241.63462835   0
10563   -1278980.58567635   1407178.59013758   0
10564   -1278947.58188558   1407191.60911341   0
10565   -1278990.17468641   1409425.19258856   0
10566   -1279253.41092162   1407342.21915175   0
10567   -1272307.87906238   1410681.21104228   0
10568   -1272376.58777004   1410695.35090603   0
10569   -1276570.83013996   1404557.98185379   0
10570   -1273384.85293   1409667.39531807   0
10571   -1275848.5974121   1405860.14874445   0
10572   -1275970.17989681   1406082.19474685   0
10573   -1274356.96629104   1411452.99933074   0
10574   -1275058.2287652   1409947.46003854   0
10575   -1278992.97101661   1407212.82491918   0
10576   -1278389.56643686   1404508.68735338   0
10577   -1278424.79249738   1404494.64155535   0
10578   -1278489.01540549   1404486.32525834   0
10579   -1278449.82082748   1404471.31561991   0
10580   -1278434.26486368   1404413.82973265   0
10581   -1278433.37306952   1404446.10389692   0
10582   -1278473.24392805   1404441.73612669   0
10583   -1278533.86536089   1404447.22345881   0
10584   -1278345.28403105   1404489.89191595   0
10585   -1278286.80422687   1404427.758005   0
10586   -1278318.73113548   1404546.86237304   0
10587   -1278265.81094205   1404588.91048941   0
10588   -1278326.64140275   1404595.28143258   0
10589   -1278375.9876712   1404598.9748565   0
10590   -1278203.03411466   1404509.67556618   0
10591   -1278108.89931082   1404511.29639595   0
10592   -1280335.26704077   1408136.6412274   0
10593   -1277831.11243622   1407608.93396697   0
10594   -1278939.86808089   1411636.10006523   0
10595   -1278251.0298746   1410969.82228288   0
10596   -1278364.55667832   1405669.5105782   0
10597   -1279502.26703771   1407679.1912143   0
10598   -1279956.22663054   1409688.57387534   0
10599   -1278335.35793051   1405654.36127007   0
10600   -1277740.09142004   1404228.19287199   0
10601   -1276550.89820628   1403042.43501576   0
10602   -1278053.42972104   1403518.05309354   0
10603   -1276787.24038231   1405438.74028448   0
10604   -1280880.99838853   1404782.46008425   0
10605   -1280842.63635181   1404741.91899404   0
10606   -1280919.87117423   1404779.90444008   0
10607   -1280965.8919397   1404725.42988954   0
10608   -1279792.98641657   1405829.7865542   0
10609   -1279617.60450796   1406069.85735891   0
10610   -1278581.09016341   1407524.60701057   0
10611   -1278401.78752689   1404554.1200985   0
10612   -1278410.63393512   1404526.35509783   0
10613   -1278110.41972381   1406008.19415913   0
10614   -1277716.46762598   1405852.36584444   0
10615   -1278998.10312183   1404418.136224   0
10616   -1279007.96654487   1407543.83974447   0
10617   -1277863.04109243   1404079.65823989   0
10618   -1277896.41986918   1404060.33561086   0
10619   -1280167.73844873   1407476.21546617   0
10620   -1276541.92277715   1403532.26810716   0
10621   -1276494.06793421   1403551.74811561   0
10622   -1276592.07026696   1403589.72439816   0
10623   -1276672.06002963   1403553.15601347   0
10624   -1276691.18225027   1403475.09314645   0
10625   -1281215.01955503   1404955.57943586   0
10626   -1278522.48785176   1411285.06913972   0
10627   -1280347.0425799   1407173.15760864   0
10628   -1279843.46447784   1409423.63472621   0
10629   -1279775.50787   1406095.00762084   0
10630   -1279315.67992592   1406131.46058812   0
10631   -1279725.06537736   1409293.45000416   0
10632   -1279602.30252159   1407396.35374798   0
10633   -1279349.41795426   1406591.23427154   0
10634   -1276737.45559675   1403928.21909482   0
10635   -1274687.98137658   1403812.72331028   0
10636   -1280249.87897441   1405427.42216217   0
10637   -1278539.81606495   1406987.48838196   0
10638   -1275121.07381546   1410645.11809768   0
10639   -1275212.3546553   1410715.03136992   0
10640   -1275092.61171918   1410619.60211935   0
10641   -1279712.72494512   1408167.23057241   0
10642   -1279678.82878651   1408163.74227774   0
10643   -1280414.23279685   1409041.14809999   0
10644   -1278456.83919005   1405127.4957029   0
10645   -1278499.8297339   1405147.26535303   0
10646   -1277819.36039869   1405478.99643212   0
10647   -1278606.96265433   1407765.72025668   0
10648   -1278194.69954628   1407422.11434583   0
10649   -1278231.43216701   1407405.0233724   0
10650   -1278237.92026638   1407363.39101767   0
10651   -1279202.91615036   1407492.36630672   0
10652   -1278946.24865502   1407106.87034767   0
10653   -1279527.43747655   1407725.7979285   0
10654   -1280576.17276727   1409666.87266472   0
10655   -1280619.42579796   1409651.29956098   0
10656   -1277090.86178733   1404229.10177588   0
10657   -1275118.00064797   1410714.1594832   0
10658   -1278182.92541395   1403883.05977829   0
10659   -1277169.03021876   1403295.69153491   0
10660   -1275121.01999628   1411443.44841301   0
10661   -1275265.50191956   1411422.6535568   0
10662   -1274544.02571853   1411491.55491143   0
10663   -1274584.43025466   1411458.15408244   0
10664   -1274621.21940742   1411458.95497132   0
10665   -1274548.00102452   1411452.75155577   0
10666   -1274578.80830543   1411406.68166377   0
10667   -1278535.15444375   1404238.92999711   0
10668   -1278502.67977608   1404229.85854287   0
10669   -1279903.90227733   1407935.9119362   0
10670   -1278654.77654286   1408422.70600925   0
10671   -1278704.44425519   1408429.45555611   0
10672   -1273217.21770641   1410731.68034935   0
10673   -1279235.18003945   1411577.1935533   0
10674   -1279215.79904174   1411639.27074834   0
10675   -1279270.19618493   1411571.08673059   0
10676   -1279304.49653539   1411567.93348871   0
10677   -1280967.62589841   1408350.06187934   0
10678   -1280999.98153498   1408313.56689748   0
10679   -1275186.22457387   1411409.57819391   0
10680   -1275209.95559263   1411314.2922876   0
10681   -1279735.79088577   1410543.15789912   0
10682   -1280298.59822943   1408775.00494123   0
10683   -1280343.42147294   1408832.14704093   0
10684   -1280599.16318488   1410407.94903868   0
10685   -1280137.90258212   1410207.02675745   0
10686   -1274860.8225692   1403258.64195448   0
10687   -1274800.67439332   1403169.92416618   0
10688   -1274796.19629828   1403338.50921825   0
10689   -1281548.30511059   1405256.7790798   0
10690   -1281560.56990363   1405205.19016079   0
10691   -1281576.03274146   1405124.56775539   0
10692   -1275539.9676578   1410292.85426555   0
10693   -1279641.52865701   1407449.89053908   0
10694   -1273494.28912828   1410821.97434819   0
10695   -1278752.04231012   1406954.98694526   0
10696   -1272833.92582576   1408530.55930578   0
10697   -1278364.95331329   1404523.13434121   0
10698   -1276128.20176607   1408029.16320621   0
10699   -1276165.29196718   1407845.74501004   0
10700   -1276909.42428639   1406402.4476213   0
10701   -1276797.79260755   1406645.93449886   0
10702   -1276753.33282415   1406259.10642382   0
10703   -1279256.85017577   1411476.60858657   0
10704   -1273548.66646517   1406513.87438373   0
10705   -1276951.0025339   1407084.91847832   0
10706   -1276728.55232176   1406984.49427168   0
10707   -1281480.02583873   1404815.65071352   0
10708   -1281379.36445498   1404790.34324375   0
10709   -1277336.05268213   1408046.70658049   0
10710   -1273802.28487464   1410480.32213814   0
10711   -1280316.46014173   1409038.84141775   0
10712   -1280247.00052532   1410706.29794775   0
10713   -1279546.99573031   1411174.91136844   0
10714   -1274076.37526691   1411192.32178779   0
10715   -1274064.54174143   1411085.1617947   0
10716   -1274170.83312486   1410991.42846994   0
10717   -1273783.39851394   1408968.85886802   0
10718   -1273713.66245506   1408889.82389586   0
10719   -1273002.89130127   1407399.92564413   0
10720   -1277853.94636647   1403491.0114976   0
10721   -1277855.60916296   1403429.94198104   0
10722   -1278004.95214997   1408925.70770709   0
10723   -1277919.7091906   1408901.93943007   0
10724   -1278824.32776692   1403823.97752814   0
10725   -1273336.97782142   1410718.93756092   0
10726   -1273280.59873215   1410737.30126455   0
10727   -1277599.70913095   1410758.36363887   0
10728   -1277527.69935076   1410744.03372977   0
10729   -1277572.65434348   1410721.61372403   0
10730   -1277649.95117199   1410691.35081457   0
10731   -1277533.32113952   1410698.14059029   0
10732   -1277481.83225262   1410701.07980877   0
10733   -1277447.6504224   1410781.4725338   0
10734   -1276406.09116414   1404589.1044738   0
10735   -1280390.64770542   1404066.53523995   0
10736   -1280364.29252532   1404050.76382668   0
10737   -1277874.56376365   1403885.75410253   0
10738   -1275194.72277251   1403948.54057325   0
10739   -1277195.11963684   1411925.19996339   0
10740   -1279290.1539526   1409739.24090433   0
10741   -1279245.82512888   1409782.76280445   0
10742   -1281859.75225107   1404058.81673525   0
10743   -1281778.88616465   1404140.37240733   0
10744   -1280651.00375737   1410392.16729056   0
10745   -1280700.91974232   1410315.90093672   0
10746   -1280655.31781985   1410345.55786168   0
10747   -1280656.82211284   1410297.71176325   0
10748   -1279415.22318148   1410027.94032026   0
10749   -1279304.0241634   1410041.99764998   0
10750   -1279346.79052555   1409945.69545934   0
10751   -1276293.80329661   1410287.09105356   0
10752   -1279117.84129435   1409618.89033381   0
10753   -1276157.2587136   1411252.2745864   0
10754   -1275971.08549922   1411473.75575689   0
10755   -1275987.53865056   1411430.3391526   0
10756   -1277409.79658163   1408926.48729375   0
10757   -1279256.09369669   1410750.89363127   0
10758   -1273080.90287911   1407031.61809943   0
10759   -1273105.07968617   1407060.06962832   0
10760   -1273208.50691653   1406969.23849528   0
10761   -1273151.98609698   1407036.4025336   0
10762   -1280496.20159032   1410169.7416118   0
10763   -1280519.80006731   1410140.93271322   0
10764   -1280578.22377707   1410129.94577891   0
10765   -1280616.3314905   1410042.83677677   0
10766   -1280659.4666329   1410107.32858342   0
10767   -1280728.50591699   1410181.8910364   0
10768   -1280698.6945254   1410144.21697332   0
10769   -1280658.3418075   1410179.35592125   0
10770   -1274917.57940599   1405518.28674911   0
10771   -1279493.3958443   1403736.58944827   0
10772   -1279479.228498   1403815.99544144   0
10773   -1280778.5793073   1405583.87324087   0
10774   -1278792.29223288   1407017.70742527   0
10775   -1280676.39398045   1406202.7461817   0
10776   -1280696.00070653   1406293.23242314   0
10777   -1276929.24296505   1404262.62144788   0
10778   -1276887.28260347   1404246.62320556   0
10779   -1278356.15842196   1404638.70789974   0
10780   -1278335.73554133   1404673.45512549   0
10781   -1278316.01480813   1404633.74193816   0
10782   -1278397.51016883   1404645.29696685   0
10783   -1278402.98262538   1404683.93132153   0
10784   -1278391.12549813   1404712.43148641   0
10785   -1278432.65172908   1404702.7199323   0
10786   -1277603.24442992   1410690.51649271   0
10787   -1277618.42006234   1410623.23435839   0
10788   -1275742.60646367   1410860.83694738   0
10789   -1275870.72400492   1410853.91800231   0
10790   -1275963.23556478   1410879.26471922   0
10791   -1275826.81915428   1410788.90662436   0
10792   -1275925.21583061   1410820.38673206   0
10793   -1275920.63009773   1410871.36143259   0
10794   -1275903.89137941   1410921.34602531   0
10795   -1275779.03786336   1410966.09916172   0
10796   -1275827.67629441   1410901.34261463   0
10797   -1275849.93563934   1410962.33084964   0
10798   -1275818.60238381   1411045.33056812   0
10799   -1275708.55361774   1411056.96751002   0
10800   -1275653.98333449   1410807.35877508   0
10801   -1275556.49989688   1410726.60216487   0
10802   -1275598.3721516   1410894.74287328   0
10803   -1275585.49788339   1410818.39634177   0
10804   -1275561.6109904   1410862.87777311   0
10805   -1275489.09231531   1410910.99408273   0
10806   -1275594.28480564   1410852.83659429   0
10807   -1275640.93080777   1410857.0024567   0
10808   -1275677.35012277   1410937.54739594   0
10809   -1275614.94398284   1410828.51088636   0
10810   -1277592.39920226   1409823.90294861   0
10811   -1272677.67750404   1411022.89465862   0
10812   -1280050.74372773   1411247.4865886   0
10813   -1278196.26733519   1404574.43976671   0
10814   -1275593.02435071   1410774.01731449   0
10815   -1275613.84466751   1410799.22282334   0
10816   -1280097.09638113   1411135.76419238   0
10817   -1275653.29060491   1410749.55586276   0
10818   -1275634.2294613   1410774.81173132   0
10819   -1275757.51084361   1410699.01758384   0
10820   -1280025.67393243   1411370.89754316   0
