yr 	   mo dy hr 	z     x		y				tdef	tair    rh         wspd   wdir      prec    
 2012  9  1  0.00   149  560599.0 7626795.2    91.0     5.88    95.00     4.21    27.23     0.00
 2012  9  1  1.00   149  560599.0 7626795.2    91.0     5.82    95.00     3.94    30.73     0.00
 2012  9  1  2.00   149  560599.0 7626795.2    91.0     5.70    95.00     3.14    48.91     0.00
 2012  9  1  3.00   149  560599.0 7626795.2    91.0     5.81    95.00     2.18    90.40     0.00
 2012  9  1  4.00   149  560599.0 7626795.2    91.0     5.64    95.00     2.85   102.30     0.00
 2012  9  1  5.00   149  560599.0 7626795.2    91.0     5.64    95.00     3.27    97.10     0.00
 2012  9  1  6.00   149  560599.0 7626795.2    91.0     5.52    95.00     3.54    97.35     0.00
 2012  9  1  7.00   149  560599.0 7626795.2    91.0     5.38    95.00     3.67   100.60     0.00
 2012  9  1  8.00   149  560599.0 7626795.2    91.0     5.38    95.00     4.33   104.60     0.00
 2012  9  1  9.00   149  560599.0 7626795.2    91.0     5.70    95.00     3.83   108.00     0.00
 2012  9  1 10.00   149  560599.0 7626795.2    91.0     6.32    95.00     3.98   102.85     0.00
 2012  9  1 11.00   149  560599.0 7626795.2    91.0     7.17    95.00     3.86   112.80     0.00
 2012  9  1 12.00   149  560599.0 7626795.2    91.0     8.32    95.00     3.75   116.60     0.00
 2012  9  1 13.00   149  560599.0 7626795.2    91.0     9.16    95.00     3.64   111.30     0.00
 2012  9  1 14.00   149  560599.0 7626795.2    91.0    10.02    95.00     3.23   117.75     0.00
 2012  9  1 15.00   149  560599.0 7626795.2    91.0    11.19    95.00     3.51   124.65     0.00
 2012  9  1 16.00   149  560599.0 7626795.2    91.0    12.00    94.05     4.27   125.75     0.00
 2012  9  1 17.00   149  560599.0 7626795.2    91.0    11.68    91.75     4.77   134.35     0.00
 2012  9  1 18.00   149  560599.0 7626795.2    91.0    11.37    92.80     4.00   131.75     0.00
 2012  9  1 19.00   149  560599.0 7626795.2    91.0    10.98    95.00     3.42   126.25     0.00
 2012  9  1 20.00   149  560599.0 7626795.2    91.0    10.96    95.00     1.77   100.10     0.00
 2012  9  1 21.00   149  560599.0 7626795.2    91.0     9.82    95.00     2.33    54.64     0.00
 2012  9  1 22.00   149  560599.0 7626795.2    91.0     9.03    95.00     3.20    72.97     0.00
 2012  9  1 23.00   149  560599.0 7626795.2    91.0     8.98    95.00     4.04    83.60     0.00
 2012  9  2  0.00   149  560599.0 7626795.2    91.0     8.85    95.00     4.29    71.41     0.00
 2012  9  2  1.00   149  560599.0 7626795.2    91.0     8.66    95.00     3.38    58.04     0.00
 2012  9  2  2.00   149  560599.0 7626795.2    91.0     8.53    95.00     3.25    56.65     0.00
 2012  9  2  3.00   149  560599.0 7626795.2    91.0     8.34    95.00     2.34    50.45     0.00
 2012  9  2  4.00   149  560599.0 7626795.2    91.0     8.31    95.00     2.17    50.44     0.00
 2012  9  2  5.00   149  560599.0 7626795.2    91.0     8.16    95.00     2.38    60.07     0.87
 2012  9  2  6.00   149  560599.0 7626795.2    91.0     8.05    95.00     2.05    53.41     0.65
 2012  9  2  7.00   149  560599.0 7626795.2    91.0     8.32    95.00     2.11    36.62     0.00
 2012  9  2  8.00   149  560599.0 7626795.2    91.0     8.90    95.00     2.86    45.58     0.33
 2012  9  2  9.00   149  560599.0 7626795.2    91.0     9.17    95.00     3.06    47.47     0.00
 2012  9  2 10.00   149  560599.0 7626795.2    91.0     9.48    95.00     2.84    45.03     0.45
 2012  9  2 11.00   149  560599.0 7626795.2    91.0     9.96    95.00     3.14    37.95     0.00
 2012  9  2 12.00   149  560599.0 7626795.2    91.0    10.41    95.00     3.59    34.23     0.00
 2012  9  2 13.00   149  560599.0 7626795.2    91.0    11.04    93.45     4.25    39.89     0.20
 2012  9  2 14.00   149  560599.0 7626795.2    91.0    11.17    91.60     4.27    43.78     0.00
 2012  9  2 15.00   149  560599.0 7626795.2    91.0    10.64    95.00     3.72    33.41     0.00
 2012  9  2 16.00   149  560599.0 7626795.2    91.0    10.50    95.00     3.05    28.98     0.00
 2012  9  2 17.00   149  560599.0 7626795.2    91.0    10.30    95.00     2.44    27.38     0.00
 2012  9  2 18.00   149  560599.0 7626795.2    91.0    10.28    95.00     2.61    11.68     0.00
 2012  9  2 19.00   149  560599.0 7626795.2    91.0     9.36    95.00     3.56   356.60     0.00
 2012  9  2 20.00   149  560599.0 7626795.2    91.0     8.95    95.00     2.74   180.69     0.00
 2012  9  2 21.00   149  560599.0 7626795.2    91.0     8.66    95.00     2.59   345.65     0.00
 2012  9  2 22.00   149  560599.0 7626795.2    91.0     8.38    95.00     1.96   334.85     0.00
 2012  9  2 23.00   149  560599.0 7626795.2    91.0     8.27    95.00     1.57   334.95     0.00
 2012  9  3  0.00   149  560599.0 7626795.2    91.0     7.99    95.00     1.46    78.91     0.00
 2012  9  3  1.00   149  560599.0 7626795.2    91.0     7.57    95.00     1.32    88.20     0.00
 2012  9  3  2.00   149  560599.0 7626795.2    91.0     7.14    95.00     0.27    95.95     0.00
 2012  9  3  3.00   149  560599.0 7626795.2    91.0     7.02    95.00     0.58   141.35     0.00
 2012  9  3  4.00   149  560599.0 7626795.2    91.0     6.98    95.00     0.92   131.20     0.00
 2012  9  3  5.00   149  560599.0 7626795.2    91.0     7.05    95.00     1.83   124.05     0.00
 2012  9  3  6.00   149  560599.0 7626795.2    91.0     6.81    95.00     1.81   112.35     0.00
 2012  9  3  7.00   149  560599.0 7626795.2    91.0     6.80    95.00     1.71   110.25     0.00
 2012  9  3  8.00   149  560599.0 7626795.2    91.0     6.96    95.00     2.14   109.75     0.00
 2012  9  3  9.00   149  560599.0 7626795.2    91.0     7.54    95.00     2.17   115.85     0.00
 2012  9  3 10.00   149  560599.0 7626795.2    91.0     8.26    95.00     2.45   127.55     0.00
 2012  9  3 11.00   149  560599.0 7626795.2    91.0     9.31    95.00     2.13   127.20     0.00
 2012  9  3 12.00   149  560599.0 7626795.2    91.0     9.79    95.00     3.46   132.35     0.00
 2012  9  3 13.00   149  560599.0 7626795.2    91.0    10.18    95.00     4.02   134.60     0.00
 2012  9  3 14.00   149  560599.0 7626795.2    91.0    11.20    79.00     4.17   150.00     0.00
 2012  9  3 15.00   149  560599.0 7626795.2    91.0    12.40    75.00     5.28   110.00     0.00
 2012  9  3 16.00   149  560599.0 7626795.2    91.0    13.60    71.00     5.28   120.00     0.00
 2012  9  3 17.00   149  560599.0 7626795.2    91.0    13.90    68.00     6.11   120.00     0.11
 2012  9  3 18.00   149  560599.0 7626795.2    91.0    15.20    63.00     6.67   120.00     0.00
 2012  9  3 19.00   149  560599.0 7626795.2    91.0    13.90    70.00     5.56   130.00     0.00
 2012  9  3 20.00   149  560599.0 7626795.2    91.0    12.60    76.00     4.72   130.00     0.00
 2012  9  3 21.00   149  560599.0 7626795.2    91.0    11.40    81.00     4.72   130.00     0.00
 2012  9  3 22.00   149  560599.0 7626795.2    91.0    10.80    82.00     4.17   130.00     0.00
 2012  9  3 23.00   149  560599.0 7626795.2    91.0    10.90    85.00     4.17   140.00     0.00
 2012  9  4  0.00   149  560599.0 7626795.2    91.0    10.90    84.00     3.06   130.00     0.00
 2012  9  4  1.00   149  560599.0 7626795.2    91.0    11.10    83.00     3.06   130.00     0.00
 2012  9  4  2.00   149  560599.0 7626795.2    91.0    10.20    86.00     1.67   140.00     0.00
 2012  9  4  3.00   149  560599.0 7626795.2    91.0    10.00    87.00     1.94   130.00     0.00
 2012  9  4  4.00   149  560599.0 7626795.2    91.0    10.60    83.00     1.67   100.00     0.00
 2012  9  4  5.00   149  560599.0 7626795.2    91.0    10.10    86.00     2.50   120.00     0.00
 2012  9  4  6.00   149  560599.0 7626795.2    91.0    10.10    86.00     3.61   140.00     0.00
 2012  9  4  7.00   149  560599.0 7626795.2    91.0    10.70    83.00     1.67   140.00     0.00
 2012  9  4  8.00   149  560599.0 7626795.2    91.0    11.40    79.00     2.50   170.00     0.00
 2012  9  4  9.00   149  560599.0 7626795.2    91.0    12.50    76.00     2.50   180.00     0.00
 2012  9  4 10.00   149  560599.0 7626795.2    91.0    12.80    76.00     3.05   210.00     0.00
 2012  9  4 11.00   149  560599.0 7626795.2    91.0    15.12    75.15     2.21   219.05     0.00
 2012  9  4 12.00   149  560599.0 7626795.2    91.0    16.70    73.45     2.54   233.05     0.00
 2012  9  4 13.00   149  560599.0 7626795.2    91.0    17.51    66.91     2.83   260.70     0.00
 2012  9  4 14.00   149  560599.0 7626795.2    91.0    17.80    60.55     3.66   298.25     0.00
 2012  9  4 15.00   149  560599.0 7626795.2    91.0    18.32    57.36     3.61   310.05     0.00
 2012  9  4 16.00   149  560599.0 7626795.2    91.0    18.70    53.14     3.34   317.80     0.00
 2012  9  4 17.00   149  560599.0 7626795.2    91.0    19.29    48.80     2.63   293.90     0.00
 2012  9  4 18.00   149  560599.0 7626795.2    91.0    19.12    49.45     1.81   267.90     0.00
 2012  9  4 19.00   149  560599.0 7626795.2    91.0    18.42    53.16     1.95   297.85     0.00
 2012  9  4 20.00   149  560599.0 7626795.2    91.0    15.69    67.42     0.93   219.20     0.00
 2012  9  4 21.00   149  560599.0 7626795.2    91.0    13.33    75.35     0.69   135.95     0.00
 2012  9  4 22.00   149  560599.0 7626795.2    91.0    13.22    78.80     0.90   130.60     0.00
 2012  9  4 23.00   149  560599.0 7626795.2    91.0    11.48    87.00     1.26   178.75     0.00
 2012  9  5  0.00   149  560599.0 7626795.2    91.0    10.98    87.20     0.46   175.50     0.00
 2012  9  5  1.00   149  560599.0 7626795.2    91.0    10.26    90.55     2.92   221.85     0.00
 2012  9  5  2.00   149  560599.0 7626795.2    91.0     8.80    95.00     1.48   266.45     0.00
 2012  9  5  3.00   149  560599.0 7626795.2    91.0     8.46    95.00     3.17   233.25     0.00
 2012  9  5  4.00   149  560599.0 7626795.2    91.0     8.77    95.00     4.36   209.60     0.00
 2012  9  5  5.00   149  560599.0 7626795.2    91.0     9.02    95.00     4.40   199.05     0.00
 2012  9  5  6.00   149  560599.0 7626795.2    91.0     8.76    95.00     3.89   191.60     0.00
 2012  9  5  7.00   149  560599.0 7626795.2    91.0     9.39    95.00     4.49   185.90     0.00
 2012  9  5  8.00   149  560599.0 7626795.2    91.0    10.25    93.55     4.80   183.85     0.00
 2012  9  5  9.00   149  560599.0 7626795.2    91.0    11.23    89.10     5.62   184.90     0.00
 2012  9  5 10.00   149  560599.0 7626795.2    91.0    11.85    88.50     4.63   192.40     0.00
 2012  9  5 11.00   149  560599.0 7626795.2    91.0    13.64    79.70     5.41   200.85     0.00
 2012  9  5 12.00   149  560599.0 7626795.2    91.0    15.34    66.38     6.84   204.55     0.00
 2012  9  5 13.00   149  560599.0 7626795.2    91.0    15.86    63.53     6.52   206.65     0.00
 2012  9  5 14.00   149  560599.0 7626795.2    91.0    17.41    55.23     6.10   216.70     0.00
 2012  9  5 15.00   149  560599.0 7626795.2    91.0    18.66    47.34     6.59   221.50     0.00
 2012  9  5 16.00   149  560599.0 7626795.2    91.0    19.41    42.89     6.16   218.70     0.00
 2012  9  5 17.00   149  560599.0 7626795.2    91.0    19.95    38.90     6.11   216.05     0.00
 2012  9  5 18.00   149  560599.0 7626795.2    91.0    18.48    45.55     4.96   219.65     0.00
 2012  9  5 19.00   149  560599.0 7626795.2    91.0    16.59    53.83     7.80   211.85     0.00
 2012  9  5 20.00   149  560599.0 7626795.2    91.0    14.16    59.74     4.22   208.45     0.00
 2012  9  5 21.00   149  560599.0 7626795.2    91.0    11.43    71.72     2.31   242.25     0.00
 2012  9  5 22.00   149  560599.0 7626795.2    91.0    11.16    73.70     3.72   245.45     0.00
 2012  9  5 23.00   149  560599.0 7626795.2    91.0     9.11    81.80     2.99   256.85     0.42
 2012  9  6  0.00   149  560599.0 7626795.2    91.0     8.66    77.50     3.39   262.25     0.00
 2012  9  6  1.00   149  560599.0 7626795.2    91.0     8.21    82.15     3.35   259.05     0.00
 2012  9  6  2.00   149  560599.0 7626795.2    91.0     9.24    76.10     4.11   267.15     0.00
 2012  9  6  3.00   149  560599.0 7626795.2    91.0     8.54    79.00     4.11   255.65     0.00
 2012  9  6  4.00   149  560599.0 7626795.2    91.0     8.00    82.00     3.02   258.05     0.00
 2012  9  6  5.00   149  560599.0 7626795.2    91.0     7.51    84.30     2.87   257.35     0.00
 2012  9  6  6.00   149  560599.0 7626795.2    91.0     6.63    85.90     2.44   259.20     0.00
 2012  9  6  7.00   149  560599.0 7626795.2    91.0     6.22    86.20     2.04   251.10     0.00
 2012  9  6  8.00   149  560599.0 7626795.2    91.0     8.46    77.80     1.12   267.85     0.00
 2012  9  6  9.00   149  560599.0 7626795.2    91.0    10.71    74.00     2.85   192.30     0.00
 2012  9  6 10.00   149  560599.0 7626795.2    91.0    12.27    70.69     4.71   220.00     0.00
 2012  9  6 11.00   149  560599.0 7626795.2    91.0    14.23    58.17     7.65   241.95     0.00
 2012  9  6 12.00   149  560599.0 7626795.2    91.0    14.66    51.38     9.36   258.35     0.00
 2012  9  6 13.00   149  560599.0 7626795.2    91.0    13.80    54.77     9.82   255.20     0.00
 2012  9  6 14.00   149  560599.0 7626795.2    91.0    13.83    55.30    10.81   257.10     0.00
 2012  9  6 15.00   149  560599.0 7626795.2    91.0    12.98    59.89     8.61   253.85     0.00
 2012  9  6 16.00   149  560599.0 7626795.2    91.0    13.38    59.70     7.54   258.65     0.00
 2012  9  6 17.00   149  560599.0 7626795.2    91.0    13.21    60.27     7.35   261.60     0.00
 2012  9  6 18.00   149  560599.0 7626795.2    91.0    13.20    59.45     6.30   262.60     0.00
 2012  9  6 19.00   149  560599.0 7626795.2    91.0    12.96    58.37     6.24   249.80     0.00
 2012  9  6 20.00   149  560599.0 7626795.2    91.0    11.26    62.05     5.67   256.55     0.00
 2012  9  6 21.00   149  560599.0 7626795.2    91.0    10.59    63.83     5.58   240.30     0.00
 2012  9  6 22.00   149  560599.0 7626795.2    91.0    10.43    61.93     6.63   244.50     0.00
 2012  9  6 23.00   149  560599.0 7626795.2    91.0     9.80    65.47     6.63   239.10     0.00
 2012  9  7  0.00   149  560599.0 7626795.2    91.0     9.91    63.95     6.83   241.75     0.00
 2012  9  7  1.00   149  560599.0 7626795.2    91.0     9.86    63.99     7.15   265.60     0.00
 2012  9  7  2.00   149  560599.0 7626795.2    91.0     9.43    66.58     6.24   264.95     0.00
 2012  9  7  3.00   149  560599.0 7626795.2    91.0     8.81    69.16     6.78   269.05     0.00
 2012  9  7  4.00   149  560599.0 7626795.2    91.0     7.52    78.70     4.26   255.70     0.00
 2012  9  7  5.00   149  560599.0 7626795.2    91.0     8.27    78.40     8.21   274.60     0.00
 2012  9  7  6.00   149  560599.0 7626795.2    91.0     4.63    95.00     5.25   317.35     0.00
 2012  9  7  7.00   149  560599.0 7626795.2    91.0     3.79    95.00     3.62   298.95     0.00
 2012  9  7  8.00   149  560599.0 7626795.2    91.0     3.54    95.00     3.83   278.85     0.00
 2012  9  7  9.00   149  560599.0 7626795.2    91.0     3.83    95.00     4.06   281.55     0.00
 2012  9  7 10.00   149  560599.0 7626795.2    91.0     3.99    95.00     4.85   292.35     0.00
 2012  9  7 11.00   149  560599.0 7626795.2    91.0     4.24    95.00     5.55   290.75     0.00
 2012  9  7 12.00   149  560599.0 7626795.2    91.0     4.90    95.00     5.76   290.15     0.00
 2012  9  7 13.00   149  560599.0 7626795.2    91.0     4.77    95.00     6.32   296.10     0.00
 2012  9  7 14.00   149  560599.0 7626795.2    91.0     4.88    94.80     6.99   283.10     0.00
 2012  9  7 15.00   149  560599.0 7626795.2    91.0     5.99    84.55     7.07   284.10     0.00
 2012  9  7 16.00   149  560599.0 7626795.2    91.0     6.70    75.50     8.07   292.95     0.00
 2012  9  7 17.00   149  560599.0 7626795.2    91.0     6.16    77.30     7.89   300.80     0.00
 2012  9  7 18.00   149  560599.0 7626795.2    91.0     5.59    79.60     6.73   292.40     0.00
 2012  9  7 19.00   149  560599.0 7626795.2    91.0     5.27    81.80     6.21   294.75     0.00
 2012  9  7 20.00   149  560599.0 7626795.2    91.0     4.60    86.70     5.34   297.20     0.00
 2012  9  7 21.00   149  560599.0 7626795.2    91.0     4.13    89.55     4.71   287.55     0.00
 2012  9  7 22.00   149  560599.0 7626795.2    91.0     3.76    88.15     5.00   290.45     0.00
 2012  9  7 23.00   149  560599.0 7626795.2    91.0     3.35    89.95     5.29   291.35     0.21
 2012  9  8  0.00   149  560599.0 7626795.2    91.0     3.04    91.50     4.83   284.70     0.00
 2012  9  8  1.00   149  560599.0 7626795.2    91.0     2.75    92.05     4.58   284.70     0.20
 2012  9  8  2.00   149  560599.0 7626795.2    91.0     2.61    94.20     4.65   287.50     0.00
 2012  9  8  3.00   149  560599.0 7626795.2    91.0     2.64    92.50     5.28   285.85     0.00
 2012  9  8  4.00   149  560599.0 7626795.2    91.0     2.46    92.35     5.56   283.65     0.26
 2012  9  8  5.00   149  560599.0 7626795.2    91.0     2.13    94.60     5.17   284.10     0.32
 2012  9  8  6.00   149  560599.0 7626795.2    91.0     2.04    94.00     4.75   284.00     0.00
 2012  9  8  7.00   149  560599.0 7626795.2    91.0     1.61    94.00     5.36   288.50     0.00
 2012  9  8  8.00   149  560599.0 7626795.2    91.0     1.38    95.00     5.17   281.40     0.18
 2012  9  8  9.00   149  560599.0 7626795.2    91.0     2.48    93.85     5.96   284.20     0.00
 2012  9  8 10.00   149  560599.0 7626795.2    91.0     3.00    91.95     6.22   290.05     0.00
 2012  9  8 11.00   149  560599.0 7626795.2    91.0     3.54    85.90     6.35   297.55     0.00
 2012  9  8 12.00   149  560599.0 7626795.2    91.0     3.80    83.70     6.64   296.50     0.00
 2012  9  8 13.00   149  560599.0 7626795.2    91.0     4.50    76.20     6.91   293.35     0.00
 2012  9  8 14.00   149  560599.0 7626795.2    91.0     4.36    75.90     7.03   296.20     0.19
 2012  9  8 15.00   149  560599.0 7626795.2    91.0     4.42    74.90     6.72   296.20     0.00
 2012  9  8 16.00   149  560599.0 7626795.2    91.0     4.58    73.35     6.75   302.65     0.00
 2012  9  8 17.00   149  560599.0 7626795.2    91.0     4.24    74.45     6.75   307.50     0.00
 2012  9  8 18.00   149  560599.0 7626795.2    91.0     4.43    74.30     6.96   305.80     0.00
 2012  9  8 19.00   149  560599.0 7626795.2    91.0     3.65    78.85     6.10   303.75     0.00
 2012  9  8 20.00   149  560599.0 7626795.2    91.0     2.82    84.70     5.30   291.65     0.00
 2012  9  8 21.00   149  560599.0 7626795.2    91.0     2.33    90.70     5.16   289.60     0.13
 2012  9  8 22.00   149  560599.0 7626795.2    91.0     2.12    92.15     5.31   292.05     0.00
 2012  9  8 23.00   149  560599.0 7626795.2    91.0     1.44    95.00     5.33   285.60     0.00
 2012  9  9  0.00   149  560599.0 7626795.2    91.0     1.36    95.00     5.38   291.80     0.00
 2012  9  9  1.00   149  560599.0 7626795.2    91.0     1.24    95.00     5.20   289.35     0.00
 2012  9  9  2.00   149  560599.0 7626795.2    91.0     1.64    95.00     5.26   285.35     0.47
 2012  9  9  3.00   149  560599.0 7626795.2    91.0     1.45    95.00     5.79   286.40     0.00
 2012  9  9  4.00   149  560599.0 7626795.2    91.0     1.27    95.00     4.94   279.60     0.00
 2012  9  9  5.00   149  560599.0 7626795.2    91.0     1.44    95.00     4.99   286.20     0.00
 2012  9  9  6.00   149  560599.0 7626795.2    91.0     1.76    95.00     5.10   292.50     0.00
 2012  9  9  7.00   149  560599.0 7626795.2    91.0     2.02    95.00     5.33   295.20     0.00
 2012  9  9  8.00   149  560599.0 7626795.2    91.0     2.46    95.00     5.33   298.70     0.00
 2012  9  9  9.00   149  560599.0 7626795.2    91.0     2.97    95.00     5.41   309.15     0.47
 2012  9  9 10.00   149  560599.0 7626795.2    91.0     3.42    95.00     4.49   318.65     0.00
 2012  9  9 11.00   149  560599.0 7626795.2    91.0     3.87    94.95     4.08   324.95     0.00
 2012  9  9 12.00   149  560599.0 7626795.2    91.0     4.36    90.15     4.24   333.15     0.00
 2012  9  9 13.00   149  560599.0 7626795.2    91.0     4.80    86.40     4.69   344.50     0.00
 2012  9  9 14.00   149  560599.0 7626795.2    91.0     5.14    86.30     4.62   347.20     0.00
 2012  9  9 15.00   149  560599.0 7626795.2    91.0     5.15    84.00     4.61   179.06     0.00
 2012  9  9 16.00   149  560599.0 7626795.2    91.0     4.04    92.75     4.31    10.61     0.00
 2012  9  9 17.00   149  560599.0 7626795.2    91.0     4.27    95.00     3.24   353.70     0.00
 2012  9  9 18.00   149  560599.0 7626795.2    91.0     4.23    94.85     4.09   356.50     0.00
 2012  9  9 19.00   149  560599.0 7626795.2    91.0     3.88    95.00     3.56   349.75     0.00
 2012  9  9 20.00   149  560599.0 7626795.2    91.0     3.69    95.00     4.26   180.32     0.00
 2012  9  9 21.00   149  560599.0 7626795.2    91.0     3.38    95.00     4.12    10.71     0.00
 2012  9  9 22.00   149  560599.0 7626795.2    91.0     3.15    95.00     4.95    24.84     0.00
 2012  9  9 23.00   149  560599.0 7626795.2    91.0     2.63    95.00     4.94    26.93     0.00
 2012  9 10  0.00   149  560599.0 7626795.2    91.0     1.90    95.00     4.47    18.81     0.00
 2012  9 10  1.00   149  560599.0 7626795.2    91.0     1.71    95.00     4.28    15.25     0.00
 2012  9 10  2.00   149  560599.0 7626795.2    91.0     1.81    95.00     4.78    14.70     0.00
 2012  9 10  3.00   149  560599.0 7626795.2    91.0     1.61    95.00     5.06    19.70     0.00
 2012  9 10  4.00   149  560599.0 7626795.2    91.0     1.30    95.00     4.18    11.73     0.00
 2012  9 10  5.00   149  560599.0 7626795.2    91.0     1.28    95.00     4.25     7.73     0.00
 2012  9 10  6.00   149  560599.0 7626795.2    91.0     1.41    95.00     4.88     5.47     0.00
 2012  9 10  7.00   149  560599.0 7626795.2    91.0     1.59    95.00     5.12     6.88     0.00
 2012  9 10  8.00   149  560599.0 7626795.2    91.0     1.83    95.00     4.87     9.11     0.00
 2012  9 10  9.00   149  560599.0 7626795.2    91.0     2.18    95.00     4.78     6.37     0.00
 2012  9 10 10.00   149  560599.0 7626795.2    91.0     2.87    95.00     6.10    18.21     0.00
 2012  9 10 11.00   149  560599.0 7626795.2    91.0     3.37    95.00     6.26    21.24     0.00
 2012  9 10 12.00   149  560599.0 7626795.2    91.0     3.80    89.35     6.14    19.90     0.00
 2012  9 10 13.00   149  560599.0 7626795.2    91.0     4.17    91.55     5.83    26.25     0.00
 2012  9 10 14.00   149  560599.0 7626795.2    91.0     4.38    89.50     6.10    24.52     0.00
 2012  9 10 15.00   149  560599.0 7626795.2    91.0     4.36    94.45     5.98    19.79     0.00
 2012  9 10 16.00   149  560599.0 7626795.2    91.0     4.13    92.80     6.48    17.34     0.00
 2012  9 10 17.00   149  560599.0 7626795.2    91.0     3.58    93.30     5.81    16.77     0.00
 2012  9 10 18.00   149  560599.0 7626795.2    91.0     3.51    93.50     5.48    23.14     0.00
 2012  9 10 19.00   149  560599.0 7626795.2    91.0     3.75    92.00     5.39    16.13     0.00
 2012  9 10 20.00   149  560599.0 7626795.2    91.0     3.75    92.20     5.11    16.98     0.00
 2012  9 10 21.00   149  560599.0 7626795.2    91.0     3.50    94.95     4.58    19.01     0.00
 2012  9 10 22.00   149  560599.0 7626795.2    91.0     3.21    95.00     4.91    19.87     0.00
 2012  9 10 23.00   149  560599.0 7626795.2    91.0     2.62    95.00     4.66    13.55     0.00
 2012  9 11  0.00   149  560599.0 7626795.2    91.0     2.55    95.00     4.20     6.75     0.00
 2012  9 11  1.00   149  560599.0 7626795.2    91.0     2.80    95.00     4.17    14.46     0.00
 2012  9 11  2.00   149  560599.0 7626795.2    91.0     2.86    95.00     3.98    20.66     0.00
 2012  9 11  3.00   149  560599.0 7626795.2    91.0     2.86    95.00     3.92    23.34     0.00
 2012  9 11  4.00   149  560599.0 7626795.2    91.0     2.65    95.00     4.25    22.52     0.00
 2012  9 11  5.00   149  560599.0 7626795.2    91.0     2.35    95.00     3.71    19.46     0.00
 2012  9 11  6.00   149  560599.0 7626795.2    91.0     1.89    95.00     3.14    15.61     0.00
 2012  9 11  7.00   149  560599.0 7626795.2    91.0     1.92    95.00     2.78    21.86     0.00
 2012  9 11  8.00   149  560599.0 7626795.2    91.0     2.00    95.00     3.12    38.43     0.00
 2012  9 11  9.00   149  560599.0 7626795.2    91.0     2.39    95.00     2.95    46.52     0.00
 2012  9 11 10.00   149  560599.0 7626795.2    91.0     2.82    95.00     3.64    44.30     0.00
 2012  9 11 11.00   149  560599.0 7626795.2    91.0     3.41    95.00     3.39    45.56     0.00
 2012  9 11 12.00   149  560599.0 7626795.2    91.0     3.84    95.00     3.50    32.67     0.00
 2012  9 11 13.00   149  560599.0 7626795.2    91.0     4.42    89.10     3.73    23.70     0.00
 2012  9 11 14.00   149  560599.0 7626795.2    91.0     4.42    88.70     3.60    24.48     0.00
 2012  9 11 15.00   149  560599.0 7626795.2    91.0     4.57    89.00     3.27    42.14     0.00
 2012  9 11 16.00   149  560599.0 7626795.2    91.0     4.08    95.00     3.42    18.88     0.00
 2012  9 11 17.00   149  560599.0 7626795.2    91.0     4.04    95.00     3.16    21.37     0.00
 2012  9 11 18.00   149  560599.0 7626795.2    91.0     4.06    95.00     3.62    17.74     0.00
 2012  9 11 19.00   149  560599.0 7626795.2    91.0     3.59    95.00     2.98   180.51     0.00
 2012  9 11 20.00   149  560599.0 7626795.2    91.0     3.18    95.00     2.66   180.34     0.00
 2012  9 11 21.00   149  560599.0 7626795.2    91.0     2.80    95.00     2.42     7.54     0.00
 2012  9 11 22.00   149  560599.0 7626795.2    91.0     2.14    95.00     2.29   353.75     0.00
 2012  9 11 23.00   149  560599.0 7626795.2    91.0     2.76    95.00     2.82    87.35     0.00
 2012  9 12  0.00   149  560599.0 7626795.2    91.0     2.06    95.00     1.89   125.05     0.00
 2012  9 12  1.00   149  560599.0 7626795.2    91.0     1.75    95.00     0.73   136.75     0.00
 2012  9 12  2.00   149  560599.0 7626795.2    91.0     1.71    95.00     0.45   126.25     0.00
 2012  9 12  3.00   149  560599.0 7626795.2    91.0     1.30    95.00     0.49    56.61     0.00
 2012  9 12  4.00   149  560599.0 7626795.2    91.0     0.46    95.00     0.58   312.75     0.00
 2012  9 12  5.00   149  560599.0 7626795.2    91.0     0.77    95.00     0.34    23.66     0.00
 2012  9 12  6.00   149  560599.0 7626795.2    91.0     0.79    95.00     0.06    80.84     0.00
 2012  9 12  7.00   149  560599.0 7626795.2    91.0     0.79    95.00     0.03   125.60     0.00
 2012  9 12  8.00   149  560599.0 7626795.2    91.0     0.67    95.00     0.37    80.47     0.00
 2012  9 12  9.00   149  560599.0 7626795.2    91.0     0.50    95.00     0.99   320.00     0.00
 2012  9 12 10.00   149  560599.0 7626795.2    91.0     0.85    95.00     0.97   316.45     0.00
 2012  9 12 11.00   149  560599.0 7626795.2    91.0     1.72    95.00     0.96   332.75     0.00
 2012  9 12 12.00   149  560599.0 7626795.2    91.0     2.09    95.00     1.02    27.36     0.00
 2012  9 12 13.00   149  560599.0 7626795.2    91.0     2.73    95.00     0.86    56.89     0.00
 2012  9 12 14.00   149  560599.0 7626795.2    91.0     3.17    95.00     1.91    47.73     0.00
 2012  9 12 15.00   149  560599.0 7626795.2    91.0     3.46    95.00     2.16    39.69     0.00
 2012  9 12 16.00   149  560599.0 7626795.2    91.0     3.71    95.00     1.85    46.82     0.00
 2012  9 12 17.00   149  560599.0 7626795.2    91.0     3.62    95.00     2.10    27.10     0.00
 2012  9 12 18.00   149  560599.0 7626795.2    91.0     3.38    95.00     2.09   178.45     0.00
 2012  9 12 19.00   149  560599.0 7626795.2    91.0     3.11    95.00     1.85   335.60     0.00
 2012  9 12 20.00   149  560599.0 7626795.2    91.0     2.10    95.00     2.35   336.95     0.00
 2012  9 12 21.00   149  560599.0 7626795.2    91.0     0.79    95.00     2.21   322.25     0.64
 2012  9 12 22.00   149  560599.0 7626795.2    91.0     0.78    95.00     2.46   322.00     0.00
 2012  9 12 23.00   149  560599.0 7626795.2    91.0     0.71    95.00     2.26   310.35     0.00
 2012  9 13  0.00   149  560599.0 7626795.2    91.0     0.70    95.00     1.86   297.40     0.00
 2012  9 13  1.00   149  560599.0 7626795.2    91.0     0.93    95.00     2.84   292.30     0.00
 2012  9 13  2.00   149  560599.0 7626795.2    91.0     0.93    95.00     2.73   296.55     0.62
 2012  9 13  3.00   149  560599.0 7626795.2    91.0     1.09    95.00     1.96   307.60     0.00
 2012  9 13  4.00   149  560599.0 7626795.2    91.0     0.12    95.00     2.47   280.90     0.00
 2012  9 13  5.00   149  560599.0 7626795.2    91.0    -0.05    95.00     2.94   285.05     0.59
 2012  9 13  6.00   149  560599.0 7626795.2    91.0     0.66    95.00     2.46   283.50     0.40
 2012  9 13  7.00   149  560599.0 7626795.2    91.0     0.21    95.00     2.33   265.85     0.00
 2012  9 13  8.00   149  560599.0 7626795.2    91.0    -0.12    95.00     2.11   254.25     0.34
 2012  9 13  9.00   149  560599.0 7626795.2    91.0     0.78    95.00     2.62   253.65     0.00
 2012  9 13 10.00   149  560599.0 7626795.2    91.0     1.80    95.00     3.30   254.95     0.00
 2012  9 13 11.00   149  560599.0 7626795.2    91.0     2.91    95.00     4.40   269.25     0.42
 2012  9 13 12.00   149  560599.0 7626795.2    91.0     3.91    95.00     5.05   258.60     0.00
 2012  9 13 13.00   149  560599.0 7626795.2    91.0     4.54    94.85     4.82   272.15     0.00
 2012  9 13 14.00   149  560599.0 7626795.2    91.0     5.29    87.50     4.99   281.00     0.00
 2012  9 13 15.00   149  560599.0 7626795.2    91.0     4.17    95.00     5.40   276.60     0.00
 2012  9 13 16.00   149  560599.0 7626795.2    91.0     4.30    92.90     5.57   280.50     0.00
 2012  9 13 17.00   149  560599.0 7626795.2    91.0     3.12    95.00     4.63   280.55     0.00
 2012  9 13 18.00   149  560599.0 7626795.2    91.0     3.44    95.00     3.47   293.05     0.00
 2012  9 13 19.00   149  560599.0 7626795.2    91.0     3.50    95.00     2.54   295.75     0.00
 2012  9 13 20.00   149  560599.0 7626795.2    91.0     2.11    95.00     1.63   267.35     0.00
 2012  9 13 21.00   149  560599.0 7626795.2    91.0     0.55    95.00     1.85   254.60     0.00
 2012  9 13 22.00   149  560599.0 7626795.2    91.0    -0.89    95.00     2.12   258.05     0.00
 2012  9 13 23.00   149  560599.0 7626795.2    91.0    -0.97    95.00     2.20   258.05     0.00
 2012  9 14  0.00   149  560599.0 7626795.2    91.0    -0.61    95.00     1.83   255.05     0.00
 2012  9 14  1.00   149  560599.0 7626795.2    91.0    -0.52    95.00     1.79   242.60     0.00
 2012  9 14  2.00   149  560599.0 7626795.2    91.0     0.16    95.00     1.71   212.50     0.00
 2012  9 14  3.00   149  560599.0 7626795.2    91.0     0.69    95.00     1.90   213.30     0.00
 2012  9 14  4.00   149  560599.0 7626795.2    91.0     0.24    95.00     1.10   201.80     0.00
 2012  9 14  5.00   149  560599.0 7626795.2    91.0    -0.36    95.00     1.30   199.75     0.00
 2012  9 14  6.00   149  560599.0 7626795.2    91.0    -0.65    95.00     0.96   190.80     0.00
 2012  9 14  7.00   149  560599.0 7626795.2    91.0     0.07    95.00     0.83   198.85     0.00
 2012  9 14  8.00   149  560599.0 7626795.2    91.0     0.36    95.00     0.76   146.85     0.00
 2012  9 14  9.00   149  560599.0 7626795.2    91.0     1.02    95.00     2.00   186.75     0.00
 2012  9 14 10.00   149  560599.0 7626795.2    91.0     2.26    95.00     2.47   182.40     0.00
 2012  9 14 11.00   149  560599.0 7626795.2    91.0     3.41    95.00     3.00   177.60     0.00
 2012  9 14 12.00   149  560599.0 7626795.2    91.0     4.13    93.95     3.18   173.15     0.00
 2012  9 14 13.00   149  560599.0 7626795.2    91.0     6.44    81.50     4.81   182.60     0.00
 2012  9 14 14.00   149  560599.0 7626795.2    91.0     6.70    74.35     5.00   208.65     0.00
 2012  9 14 15.00   149  560599.0 7626795.2    91.0     6.47    77.15     4.18   221.05     0.00
 2012  9 14 16.00   149  560599.0 7626795.2    91.0     7.31    69.27     4.62   225.40     0.00
 2012  9 14 17.00   149  560599.0 7626795.2    91.0     6.31    73.65     3.41   222.45     0.00
 2012  9 14 18.00   149  560599.0 7626795.2    91.0     6.18    75.45     2.25   242.40     0.00
 2012  9 14 19.00   149  560599.0 7626795.2    91.0     5.42    79.85     2.62   259.00     0.00
 2012  9 14 20.00   149  560599.0 7626795.2    91.0     4.12    92.05     1.63   272.00     0.00
 2012  9 14 21.00   149  560599.0 7626795.2    91.0     3.05    95.00     2.10   317.05     0.00
 2012  9 14 22.00   149  560599.0 7626795.2    91.0     2.50    95.00     0.47   268.80     0.00
 2012  9 14 23.00   149  560599.0 7626795.2    91.0     2.22    95.00     0.50   238.55     0.00
 2012  9 15  0.00   149  560599.0 7626795.2    91.0     2.01    95.00     0.77   245.75     0.00
 2012  9 15  1.00   149  560599.0 7626795.2    91.0     2.00    95.00     1.08   240.05     0.47
 2012  9 15  2.00   149  560599.0 7626795.2    91.0     1.52    95.00     1.42   254.35     0.00
 2012  9 15  3.00   149  560599.0 7626795.2    91.0     0.09    95.00     1.78   253.40     0.00
 2012  9 15  4.00   149  560599.0 7626795.2    91.0    -0.92    95.00     1.94   260.60     0.00
 2012  9 15  5.00   149  560599.0 7626795.2    91.0    -1.29    95.00     2.42   258.75     0.00
 2012  9 15  6.00   149  560599.0 7626795.2    91.0    -1.04    95.00     2.50   257.35     0.00
 2012  9 15  7.00   149  560599.0 7626795.2    91.0    -0.84    95.00     2.83   248.10     0.60
 2012  9 15  8.00   149  560599.0 7626795.2    91.0     1.25    95.00     2.79   227.30     0.00
 2012  9 15  9.00   149  560599.0 7626795.2    91.0     2.55    95.00     2.48   213.25     0.00
 2012  9 15 10.00   149  560599.0 7626795.2    91.0     3.13    95.00     2.26   214.25     0.00
 2012  9 15 11.00   149  560599.0 7626795.2    91.0     3.74    95.00     2.33   171.10     0.00
 2012  9 15 12.00   149  560599.0 7626795.2    91.0     6.51    81.20     3.15   163.30     0.00
 2012  9 15 13.00   149  560599.0 7626795.2    91.0     7.90    66.59     4.00   164.75     0.00
 2012  9 15 14.00   149  560599.0 7626795.2    91.0     8.90    64.21     4.45   167.40     0.00
 2012  9 15 15.00   149  560599.0 7626795.2    91.0    10.07    59.23     4.53   170.30     0.00
 2012  9 15 16.00   149  560599.0 7626795.2    91.0    10.55    56.72     4.66   155.35     0.00
 2012  9 15 17.00   149  560599.0 7626795.2    91.0    10.84    57.08     4.85   163.10     0.00
 2012  9 15 18.00   149  560599.0 7626795.2    91.0     9.80    63.02     3.97   164.50     0.00
 2012  9 15 19.00   149  560599.0 7626795.2    91.0     8.54    70.32     3.46   156.85     0.00
 2012  9 15 20.00   149  560599.0 7626795.2    91.0     7.11    76.35     3.21   161.25     0.00
 2012  9 15 21.00   149  560599.0 7626795.2    91.0     6.04    78.75     4.14   154.75     0.00
 2012  9 15 22.00   149  560599.0 7626795.2    91.0     5.28    81.35     4.05   170.90     0.00
 2012  9 15 23.00   149  560599.0 7626795.2    91.0     4.54    84.75     3.04   174.40     0.00
 2012  9 16  0.00   149  560599.0 7626795.2    91.0     4.91    85.10     4.09   179.50     0.00
 2012  9 16  1.00   149  560599.0 7626795.2    91.0     5.62    85.05     4.59   185.20     0.00
 2012  9 16  2.00   149  560599.0 7626795.2    91.0     5.00    88.20     3.45   180.30     0.00
 2012  9 16  3.00   149  560599.0 7626795.2    91.0     4.15    91.10     2.08   164.05     0.00
 2012  9 16  4.00   149  560599.0 7626795.2    91.0     4.05    91.50     1.59    64.50     0.00
 2012  9 16  5.00   149  560599.0 7626795.2    91.0     4.02    91.10     1.04   144.20     0.00
 2012  9 16  6.00   149  560599.0 7626795.2    91.0     2.63    95.00     1.65   134.75     0.00
 2012  9 16  7.00   149  560599.0 7626795.2    91.0     3.02    94.15     1.49   163.25     0.00
 2012  9 16  8.00   149  560599.0 7626795.2    91.0     3.43    94.05     1.29   171.00     0.00
 2012  9 16  9.00   149  560599.0 7626795.2    91.0     4.22    92.70     1.44    99.75     0.00
 2012  9 16 10.00   149  560599.0 7626795.2    91.0     6.63    82.55     1.73   134.35     0.00
 2012  9 16 11.00   149  560599.0 7626795.2    91.0     8.70    73.35     2.37   154.55     0.00
 2012  9 16 12.00   149  560599.0 7626795.2    91.0     9.58    69.25     2.49   163.30     0.90
 2012  9 16 13.00   149  560599.0 7626795.2    91.0    10.47    66.18     2.84   151.10     0.00
 2012  9 16 14.00   149  560599.0 7626795.2    91.0    11.87    61.38     3.40   155.40     0.51
 2012  9 16 15.00   149  560599.0 7626795.2    91.0    12.89    57.12     3.75   160.25     0.00
 2012  9 16 16.00   149  560599.0 7626795.2    91.0    13.25    58.46     3.91   138.55     0.00
 2012  9 16 17.00   149  560599.0 7626795.2    91.0    13.32    62.22     3.52   115.55     0.00
 2012  9 16 18.00   149  560599.0 7626795.2    91.0    13.60    59.91     3.83   148.25     0.81
 2012  9 16 19.00   149  560599.0 7626795.2    91.0    12.75    60.63     4.55   156.20     0.47
 2012  9 16 20.00   149  560599.0 7626795.2    91.0    11.53    66.92     4.44   154.70     0.47
 2012  9 16 21.00   149  560599.0 7626795.2    91.0    10.84    66.34     5.01   149.15     0.00
 2012  9 16 22.00   149  560599.0 7626795.2    91.0    10.09    69.92     5.48   153.40     1.24
 2012  9 16 23.00   149  560599.0 7626795.2    91.0    10.00    71.80     5.23   160.55     0.00
 2012  9 17  0.00   149  560599.0 7626795.2    91.0     9.07    75.70     4.45   165.60     0.00
 2012  9 17  1.00   149  560599.0 7626795.2    91.0     8.89    75.10     4.90   162.45     0.00
 2012  9 17  2.00   149  560599.0 7626795.2    91.0     8.47    76.65     3.71   162.05     0.98
 2012  9 17  3.00   149  560599.0 7626795.2    91.0     8.66    75.90     4.02   158.60     1.93
 2012  9 17  4.00   149  560599.0 7626795.2    91.0     8.49    76.75     4.38   152.45     1.93
 2012  9 17  5.00   149  560599.0 7626795.2    91.0     8.93    75.65     5.71   178.45     0.00
 2012  9 17  6.00   149  560599.0 7626795.2    91.0     8.56    83.40     8.25   209.00     1.58
 2012  9 17  7.00   149  560599.0 7626795.2    91.0     7.37    95.00     6.55   227.90     3.13
 2012  9 17  8.00   149  560599.0 7626795.2    91.0     7.40    95.00     4.69   211.10     2.23
 2012  9 17  9.00   149  560599.0 7626795.2    91.0     7.91    95.00     6.36   204.50     2.74
 2012  9 17 10.00   149  560599.0 7626795.2    91.0     8.68    95.00     7.26   204.10     1.67
 2012  9 17 11.00   149  560599.0 7626795.2    91.0    11.14    89.15     7.60   215.20     3.17
 2012  9 17 12.00   149  560599.0 7626795.2    91.0    12.75    73.25     8.89   223.85     1.63
 2012  9 17 13.00   149  560599.0 7626795.2    91.0    14.42    60.22     8.62   242.75     1.84
 2012  9 17 14.00   149  560599.0 7626795.2    91.0    15.26    46.97     8.76   268.75     3.81
 2012  9 17 15.00   149  560599.0 7626795.2    91.0    15.32    44.78     9.89   257.50     1.63
 2012  9 17 16.00   149  560599.0 7626795.2    91.0    14.46    47.28     9.09   254.30     2.70
 2012  9 17 17.00   149  560599.0 7626795.2    91.0    12.25    56.54     6.43   248.40     1.28
 2012  9 17 18.00   149  560599.0 7626795.2    91.0    12.04    57.83     8.68   253.30     2.95
 2012  9 17 19.00   149  560599.0 7626795.2    91.0    11.83    54.75     8.39   244.55     1.84
 2012  9 17 20.00   149  560599.0 7626795.2    91.0    10.31    57.80     7.36   248.30     1.37
 2012  9 17 21.00   149  560599.0 7626795.2    91.0     9.21    58.75     6.77   238.15     0.69
 2012  9 17 22.00   149  560599.0 7626795.2    91.0     7.61    63.77     5.51   247.95     1.28
 2012  9 17 23.00   149  560599.0 7626795.2    91.0     7.84    60.66     6.21   252.05     0.51
 2012  9 18  0.00   149  560599.0 7626795.2    91.0     8.44    56.30     8.67   257.80     1.46
 2012  9 18  1.00   149  560599.0 7626795.2    91.0     8.08    57.52     8.05   252.50     1.37
 2012  9 18  2.00   149  560599.0 7626795.2    91.0     7.10    63.48     6.94   248.55     1.37
 2012  9 18  3.00   149  560599.0 7626795.2    91.0     6.87    66.77     5.87   253.75     0.00
 2012  9 18  4.00   149  560599.0 7626795.2    91.0     7.69    62.19     8.02   277.75     1.37
 2012  9 18  5.00   149  560599.0 7626795.2    91.0     7.05    60.38     7.66   281.70     0.00
 2012  9 18  6.00   149  560599.0 7626795.2    91.0     5.79    64.76     6.84   275.60     0.86
 2012  9 18  7.00   149  560599.0 7626795.2    91.0     3.91    72.95     3.19   265.85     1.07
 2012  9 18  8.00   149  560599.0 7626795.2    91.0     2.92    76.95     1.17   243.95     0.86
 2012  9 18  9.00   149  560599.0 7626795.2    91.0     5.21    66.51     1.85   242.50     0.00
 2012  9 18 10.00   149  560599.0 7626795.2    91.0     7.52    58.55     4.06   236.85     0.90
 2012  9 18 11.00   149  560599.0 7626795.2    91.0     9.45    50.95     3.92   215.70     0.00
 2012  9 18 12.00   149  560599.0 7626795.2    91.0    10.51    44.05     5.30   245.25     0.60
 2012  9 18 13.00   149  560599.0 7626795.2    91.0    11.23    40.02     5.92   257.15     0.43
 2012  9 18 14.00   149  560599.0 7626795.2    91.0    11.82    39.16     4.96   213.80     0.00
 2012  9 18 15.00   149  560599.0 7626795.2    91.0    12.16    38.81     5.30   190.25     0.00
 2012  9 18 16.00   149  560599.0 7626795.2    91.0    12.66    35.00     4.29   213.85     0.00
 2012  9 18 17.00   149  560599.0 7626795.2    91.0    12.48    35.86     4.56   206.90     0.00
 2012  9 18 18.00   149  560599.0 7626795.2    91.0    11.05    40.03     4.09   204.45     0.00
 2012  9 18 19.00   149  560599.0 7626795.2    91.0     9.04    51.36     3.24   191.30     0.50
 2012  9 18 20.00   149  560599.0 7626795.2    91.0     7.67    58.89     2.87   194.75     0.00
 2012  9 18 21.00   149  560599.0 7626795.2    91.0     7.71    62.69     2.97   205.85     0.00
 2012  9 18 22.00   149  560599.0 7626795.2    91.0     7.67    65.93     2.80   212.20     0.00
 2012  9 18 23.00   149  560599.0 7626795.2    91.0     8.12    63.09     2.15   254.30     0.00
 2012  9 19  0.00   149  560599.0 7626795.2    91.0     7.98    64.30     2.21   239.85     0.00
 2012  9 19  1.00   149  560599.0 7626795.2    91.0     7.84    66.19     3.34   223.15     0.00
 2012  9 19  2.00   149  560599.0 7626795.2    91.0     6.42    72.75     3.47   209.25     0.00
 2012  9 19  3.00   149  560599.0 7626795.2    91.0     5.96    74.60     1.84   250.35     0.53
 2012  9 19  4.00   149  560599.0 7626795.2    91.0     7.42    67.95     4.45   225.40     0.00
 2012  9 19  5.00   149  560599.0 7626795.2    91.0     5.04    77.55     3.61   206.50     0.00
 2012  9 19  6.00   149  560599.0 7626795.2    91.0     7.12    68.47     5.61   223.50     0.00
 2012  9 19  7.00   149  560599.0 7626795.2    91.0     6.93    71.20     6.23   216.80     0.31
 2012  9 19  8.00   149  560599.0 7626795.2    91.0     6.32    74.10     4.58   225.10     0.00
 2012  9 19  9.00   149  560599.0 7626795.2    91.0     7.14    71.28     2.76   237.95     0.38
 2012  9 19 10.00   149  560599.0 7626795.2    91.0     9.21    65.61     3.27   240.95     0.00
 2012  9 19 11.00   149  560599.0 7626795.2    91.0    10.84    60.94     6.03   265.45     0.00
 2012  9 19 12.00   149  560599.0 7626795.2    91.0    11.11    60.32     6.11   280.55     0.00
 2012  9 19 13.00   149  560599.0 7626795.2    91.0    11.48    59.89     5.78   290.50     0.00
 2012  9 19 14.00   149  560599.0 7626795.2    91.0    11.70    58.04     5.89   294.90     0.00
 2012  9 19 15.00   149  560599.0 7626795.2    91.0    11.96    56.98     3.60   303.40     0.00
 2012  9 19 16.00   149  560599.0 7626795.2    91.0    12.20    55.89     2.58   314.35     0.00
 2012  9 19 17.00   149  560599.0 7626795.2    91.0    12.28    54.53     1.03   333.65     0.00
 2012  9 19 18.00   149  560599.0 7626795.2    91.0    10.65    64.58     1.81    88.86     0.00
 2012  9 19 19.00   149  560599.0 7626795.2    91.0     8.75    75.40     1.84    78.35     0.00
 2012  9 19 20.00   149  560599.0 7626795.2    91.0     7.36    83.45     1.82    91.35     0.00
 2012  9 19 21.00   149  560599.0 7626795.2    91.0     7.01    84.65     1.24   110.25     0.00
 2012  9 19 22.00   149  560599.0 7626795.2    91.0     7.39    82.30     1.40   100.10     0.00
 2012  9 19 23.00   149  560599.0 7626795.2    91.0     6.75    86.90     1.50    89.35     0.00
 2012  9 20  0.00   149  560599.0 7626795.2    91.0     7.76    80.80     2.02   128.35     0.58
 2012  9 20  1.00   149  560599.0 7626795.2    91.0     7.49    84.20     1.50    87.70     0.47
 2012  9 20  2.00   149  560599.0 7626795.2    91.0     7.42    88.55     2.00    92.75     0.00
 2012  9 20  3.00   149  560599.0 7626795.2    91.0     7.53    91.20     1.55    99.25     0.00
 2012  9 20  4.00   149  560599.0 7626795.2    91.0     7.47    91.35     1.36    74.90     0.00
 2012  9 20  5.00   149  560599.0 7626795.2    91.0     7.78    86.80     1.79    74.89     0.73
 2012  9 20  6.00   149  560599.0 7626795.2    91.0     8.71    78.80     2.19    69.12     0.00
 2012  9 20  7.00   149  560599.0 7626795.2    91.0     8.81    75.30     0.80   151.65     0.51
 2012  9 20  8.00   149  560599.0 7626795.2    91.0     8.82    73.45     1.11   135.15     0.00
 2012  9 20  9.00   149  560599.0 7626795.2    91.0     9.19    72.50     2.33   211.95     0.00
 2012  9 20 10.00   149  560599.0 7626795.2    91.0     9.63    71.75     4.67   244.10     0.77
 2012  9 20 11.00   149  560599.0 7626795.2    91.0    12.00    64.94     5.77   237.25     0.00
 2012  9 20 12.00   149  560599.0 7626795.2    91.0    14.87    57.19     4.97   248.60     0.00
 2012  9 20 13.00   149  560599.0 7626795.2    91.0    16.69    53.91     5.01   237.10     0.00
 2012  9 20 14.00   149  560599.0 7626795.2    91.0    17.77    51.35     5.79   250.55     0.51
 2012  9 20 15.00   149  560599.0 7626795.2    91.0    17.71    52.03     4.89   289.90     0.00
 2012  9 20 16.00   149  560599.0 7626795.2    91.0    17.61    51.61     5.44   285.15     0.86
 2012  9 20 17.00   149  560599.0 7626795.2    91.0    16.60    53.96     5.31   299.00     0.90
 2012  9 20 18.00   149  560599.0 7626795.2    91.0    15.41    58.45     4.01   315.55     0.00
 2012  9 20 19.00   149  560599.0 7626795.2    91.0    13.16    66.01     2.08   297.55     0.00
 2012  9 20 20.00   149  560599.0 7626795.2    91.0    10.37    76.00     1.32   290.95     0.83
 2012  9 20 21.00   149  560599.0 7626795.2    91.0     7.29    88.45     1.42   273.50     0.00
 2012  9 20 22.00   149  560599.0 7626795.2    91.0     5.75    94.15     0.81   254.15     0.00
 2012  9 20 23.00   149  560599.0 7626795.2    91.0     6.18    94.75     0.80   215.45     0.00
 2012  9 21  0.00   149  560599.0 7626795.2    91.0     7.77    89.15     1.03   141.45     0.00
 2012  9 21  1.00   149  560599.0 7626795.2    91.0     8.01    89.85     0.92   103.00     0.00
 2012  9 21  2.00   149  560599.0 7626795.2    91.0     7.96    92.05     1.23    96.55     0.00
 2012  9 21  3.00   149  560599.0 7626795.2    91.0     7.62    95.00     0.91    98.85     0.00
 2012  9 21  4.00   149  560599.0 7626795.2    91.0     7.88    95.00     1.54    77.60     0.00
 2012  9 21  5.00   149  560599.0 7626795.2    91.0     7.50    95.00     1.19    54.53     0.00
 2012  9 21  6.00   149  560599.0 7626795.2    91.0     7.70    95.00     1.92    29.07     0.00
 2012  9 21  7.00   149  560599.0 7626795.2    91.0     6.71    95.00     2.16    33.26     0.00
 2012  9 21  8.00   149  560599.0 7626795.2    91.0     6.50    95.00     0.71   162.90     0.00
 2012  9 21  9.00   149  560599.0 7626795.2    91.0     6.79    95.00     0.12   258.75     0.00
 2012  9 21 10.00   149  560599.0 7626795.2    91.0     8.10    95.00     0.69   264.75     0.00
 2012  9 21 11.00   149  560599.0 7626795.2    91.0    11.22    84.00     0.48   181.35     0.00
 2012  9 21 12.00   149  560599.0 7626795.2    91.0    12.38    80.00     1.15   123.35     0.00
 2012  9 21 13.00   149  560599.0 7626795.2    91.0    15.09    69.10     2.71   180.40     0.00
 2012  9 21 14.00   149  560599.0 7626795.2    91.0    14.86    69.15     5.04   224.95     0.00
 2012  9 21 15.00   149  560599.0 7626795.2    91.0    14.72    70.11     8.11   219.25     0.00
 2012  9 21 16.00   149  560599.0 7626795.2    91.0    16.83    62.99     7.34   238.60     0.00
 2012  9 21 17.00   149  560599.0 7626795.2    91.0    17.91    56.88     7.19   265.95     0.00
 2012  9 21 18.00   149  560599.0 7626795.2    91.0    17.56    47.92     7.87   260.35     0.30
 2012  9 21 19.00   149  560599.0 7626795.2    91.0    15.29    56.38     8.56   275.55     0.00
 2012  9 21 20.00   149  560599.0 7626795.2    91.0     8.69    84.05     8.91   295.60     0.00
 2012  9 21 21.00   149  560599.0 7626795.2    91.0     7.19    90.55     8.97   293.55     0.00
 2012  9 21 22.00   149  560599.0 7626795.2    91.0     6.71    94.50     8.29   302.80     0.00
 2012  9 21 23.00   149  560599.0 7626795.2    91.0     6.07    95.00     6.88   313.65     0.00
 2012  9 22  0.00   149  560599.0 7626795.2    91.0     5.53    95.00     5.99   315.75     0.00
 2012  9 22  1.00   149  560599.0 7626795.2    91.0     5.22    95.00     4.87   313.95     0.00
 2012  9 22  2.00   149  560599.0 7626795.2    91.0     5.11    95.00     4.51   321.65     0.00
 2012  9 22  3.00   149  560599.0 7626795.2    91.0     3.78    95.00     2.42   285.55     0.00
 2012  9 22  4.00   149  560599.0 7626795.2    91.0     2.42    95.00     2.23   254.80     0.00
 2012  9 22  5.00   149  560599.0 7626795.2    91.0     3.62    95.00     1.32   275.20     0.00
 2012  9 22  6.00   149  560599.0 7626795.2    91.0     3.84    95.00     0.89   227.05     0.00
 2012  9 22  7.00   149  560599.0 7626795.2    91.0     3.71    95.00     0.95   109.31     0.00
 2012  9 22  8.00   149  560599.0 7626795.2    91.0     3.98    95.00     1.31   146.00     0.00
 2012  9 22  9.00   149  560599.0 7626795.2    91.0     4.03    95.00     2.90   154.85     0.00
 2012  9 22 10.00   149  560599.0 7626795.2    91.0     4.04    95.00     4.16   150.15     0.00
 2012  9 22 11.00   149  560599.0 7626795.2    91.0     4.61    95.00     4.14   149.50     0.00
 2012  9 22 12.00   149  560599.0 7626795.2    91.0     6.27    91.00     4.82   146.40     0.00
 2012  9 22 13.00   149  560599.0 7626795.2    91.0     8.07    83.60     5.15   127.95     0.00
 2012  9 22 14.00   149  560599.0 7626795.2    91.0     9.52    76.55     5.77   123.25     0.00
 2012  9 22 15.00   149  560599.0 7626795.2    91.0    10.55    72.00     6.19   122.15     0.00
 2012  9 22 16.00   149  560599.0 7626795.2    91.0    11.43    66.12     6.12   129.35     0.00
 2012  9 22 17.00   149  560599.0 7626795.2    91.0    11.35    64.20     5.31   121.35     0.00
 2012  9 22 18.00   149  560599.0 7626795.2    91.0    11.68    63.38     5.17   117.80     0.00
 2012  9 22 19.00   149  560599.0 7626795.2    91.0    10.71    66.33     5.64   126.65     0.00
 2012  9 22 20.00   149  560599.0 7626795.2    91.0     9.08    72.45     5.08   135.65     0.00
 2012  9 22 21.00   149  560599.0 7626795.2    91.0     8.01    76.90     5.49   129.70     0.00
 2012  9 22 22.00   149  560599.0 7626795.2    91.0     6.11    86.00     4.19   123.75     0.00
 2012  9 22 23.00   149  560599.0 7626795.2    91.0     6.54    82.80     3.35   151.60     0.00
 2012  9 23  0.00   149  560599.0 7626795.2    91.0     7.23    80.85     4.69   142.25     0.00
 2012  9 23  1.00   149  560599.0 7626795.2    91.0     6.94    83.35     4.33   154.15     0.00
 2012  9 23  2.00   149  560599.0 7626795.2    91.0     6.73    85.00     2.83   133.90     0.00
 2012  9 23  3.00   149  560599.0 7626795.2    91.0     6.21    88.00     1.67   121.55     0.00
 2012  9 23  4.00   149  560599.0 7626795.2    91.0     5.94    89.15     1.53   125.15     0.00
 2012  9 23  5.00   149  560599.0 7626795.2    91.0     4.92    93.40     1.19    74.65     0.00
 2012  9 23  6.00   149  560599.0 7626795.2    91.0     5.35    93.15     1.62    88.30     0.00
 2012  9 23  7.00   149  560599.0 7626795.2    91.0     6.67    89.45     2.88   148.80     0.00
 2012  9 23  8.00   149  560599.0 7626795.2    91.0     5.54    94.20     1.52    64.91     0.00
 2012  9 23  9.00   149  560599.0 7626795.2    91.0     8.08    86.90     3.12   153.35     0.00
 2012  9 23 10.00   149  560599.0 7626795.2    91.0     9.59    83.20     7.20   182.95     0.00
 2012  9 23 11.00   149  560599.0 7626795.2    91.0    10.45    80.65     8.06   186.05     0.00
 2012  9 23 12.00   149  560599.0 7626795.2    91.0    10.29    82.95     7.67   191.75     0.00
 2012  9 23 13.00   149  560599.0 7626795.2    91.0    11.48    78.85     8.93   196.05     0.00
 2012  9 23 14.00   149  560599.0 7626795.2    91.0    13.24    72.70     8.96   195.25     0.00
 2012  9 23 15.00   149  560599.0 7626795.2    91.0    15.36    64.30     8.18   201.25     0.00
 2012  9 23 16.00   149  560599.0 7626795.2    91.0    14.91    64.34     7.14   210.50     0.00
 2012  9 23 17.00   149  560599.0 7626795.2    91.0    16.13    58.83     7.00   208.65     0.00
 2012  9 23 18.00   149  560599.0 7626795.2    91.0    15.70    60.41     5.65   214.10     0.00
 2012  9 23 19.00   149  560599.0 7626795.2    91.0    14.49    65.05     5.77   204.00     0.00
 2012  9 23 20.00   149  560599.0 7626795.2    91.0    12.54    71.15     4.71   208.10     0.00
 2012  9 23 21.00   149  560599.0 7626795.2    91.0    12.02    73.90     3.87   219.05     0.00
 2012  9 23 22.00   149  560599.0 7626795.2    91.0    12.29    73.00     3.24   253.00     0.00
 2012  9 23 23.00   149  560599.0 7626795.2    91.0    11.98    74.40     3.66   248.95     0.00
 2012  9 24  0.00   149  560599.0 7626795.2    91.0    10.74    78.50     3.25   253.90     0.00
 2012  9 24  1.00   149  560599.0 7626795.2    91.0    10.62    77.45     3.50   261.65     0.00
 2012  9 24  2.00   149  560599.0 7626795.2    91.0    10.61    76.30     3.17   269.15     0.00
 2012  9 24  3.00   149  560599.0 7626795.2    91.0    10.98    74.25     2.41   268.50     0.00
 2012  9 24  4.00   149  560599.0 7626795.2    91.0    10.37    77.00     2.72   249.90     0.00
 2012  9 24  5.00   149  560599.0 7626795.2    91.0     9.89    80.80     3.23   248.40     0.00
 2012  9 24  6.00   149  560599.0 7626795.2    91.0     8.26    85.95     3.15   251.35     0.00
 2012  9 24  7.00   149  560599.0 7626795.2    91.0     8.64    84.85     3.21   255.20     0.00
 2012  9 24  8.00   149  560599.0 7626795.2    91.0     9.38    82.50     3.55   237.95     0.00
 2012  9 24  9.00   149  560599.0 7626795.2    91.0     9.86    81.50     4.50   211.55     0.00
 2012  9 24 10.00   149  560599.0 7626795.2    91.0    10.71    88.95     3.55   178.35     0.00
 2012  9 24 11.00   149  560599.0 7626795.2    91.0    11.00    92.95     2.97   254.75     0.00
 2012  9 24 12.00   149  560599.0 7626795.2    91.0     9.92    93.30     6.34   272.20     0.00
 2012  9 24 13.00   149  560599.0 7626795.2    91.0     6.50    95.00     8.82   287.45     0.00
 2012  9 24 14.00   149  560599.0 7626795.2    91.0     5.80    95.00     8.36   297.95     0.15
 2012  9 24 15.00   149  560599.0 7626795.2    91.0     6.04    95.00     7.42   303.55     0.00
 2012  9 24 16.00   149  560599.0 7626795.2    91.0     5.57    95.00     7.49   303.20     0.00
 2012  9 24 17.00   149  560599.0 7626795.2    91.0     5.54    95.00     5.81   303.75     0.00
 2012  9 24 18.00   149  560599.0 7626795.2    91.0     5.38    95.00     5.19   296.25     0.00
 2012  9 24 19.00   149  560599.0 7626795.2    91.0     5.07    95.00     5.35   292.95     0.00
 2012  9 24 20.00   149  560599.0 7626795.2    91.0     4.75    95.00     5.14   287.35     0.49
 2012  9 24 21.00   149  560599.0 7626795.2    91.0     4.61    95.00     5.04   288.55     0.00
 2012  9 24 22.00   149  560599.0 7626795.2    91.0     4.47    95.00     4.53   287.90     0.24
 2012  9 24 23.00   149  560599.0 7626795.2    91.0     4.12    95.00     4.21   292.25     0.00
 2012  9 25  0.00   149  560599.0 7626795.2    91.0     3.63    95.00     4.39   279.25     0.00
 2012  9 25  1.00   149  560599.0 7626795.2    91.0     3.58    95.00     4.21   280.20     0.00
 2012  9 25  2.00   149  560599.0 7626795.2    91.0     3.41    95.00     3.25   271.30     0.00
 2012  9 25  3.00   149  560599.0 7626795.2    91.0     2.12    95.00     2.77   265.75     0.00
 2012  9 25  4.00   149  560599.0 7626795.2    91.0     1.15    95.00     1.98   253.80     0.00
 2012  9 25  5.00   149  560599.0 7626795.2    91.0     0.58    95.00     1.80   242.10     0.00
 2012  9 25  6.00   149  560599.0 7626795.2    91.0     1.39    95.00     2.67   243.20     0.00
 2012  9 25  7.00   149  560599.0 7626795.2    91.0     2.35    95.00     3.60   235.40     0.31
 2012  9 25  8.00   149  560599.0 7626795.2    91.0     2.48    95.00     3.64   242.65     0.00
 2012  9 25  9.00   149  560599.0 7626795.2    91.0     2.89    95.00     1.89   206.10     0.00
 2012  9 25 10.00   149  560599.0 7626795.2    91.0     2.94    95.00     2.83   196.25     0.00
 2012  9 25 11.00   149  560599.0 7626795.2    91.0     3.34    95.00     2.69   182.45     0.00
 2012  9 25 12.00   149  560599.0 7626795.2    91.0     3.82    95.00     2.67   163.35     0.00
 2012  9 25 13.00   149  560599.0 7626795.2    91.0     4.85    95.00     3.09   165.00     0.00
 2012  9 25 14.00   149  560599.0 7626795.2    91.0     7.54    92.85     2.70   160.25     0.31
 2012  9 25 15.00   149  560599.0 7626795.2    91.0     9.32    81.40     3.01   176.30     0.00
 2012  9 25 16.00   149  560599.0 7626795.2    91.0     9.73    81.25     1.75   196.45     0.00
 2012  9 25 17.00   149  560599.0 7626795.2    91.0     9.60    82.95     0.95   101.18     0.00
 2012  9 25 18.00   149  560599.0 7626795.2    91.0     7.21    94.00     2.12   350.10     0.35
 2012  9 25 19.00   149  560599.0 7626795.2    91.0     4.99    95.00     3.12   342.75     0.00
 2012  9 25 20.00   149  560599.0 7626795.2    91.0     3.42    95.00     3.37   321.25     0.00
 2012  9 25 21.00   149  560599.0 7626795.2    91.0     2.22    95.00     2.95   325.05     0.69
 2012  9 25 22.00   149  560599.0 7626795.2    91.0     1.32    95.00     2.96   313.65     0.31
 2012  9 25 23.00   149  560599.0 7626795.2    91.0     1.46    95.00     3.17   320.15     0.00
 2012  9 26  0.00   149  560599.0 7626795.2    91.0     1.52    95.00     2.78   333.00     0.00
 2012  9 26  1.00   149  560599.0 7626795.2    91.0     1.30    95.00     2.86   334.00     0.31
 2012  9 26  2.00   149  560599.0 7626795.2    91.0     1.83    95.00     3.12   336.70     0.00
 2012  9 26  3.00   149  560599.0 7626795.2    91.0     2.60    95.00     3.22   179.39     0.00
 2012  9 26  4.00   149  560599.0 7626795.2    91.0     3.44    95.00     4.05    22.96     0.00
 2012  9 26  5.00   149  560599.0 7626795.2    91.0     3.36    95.00     4.29    25.68     0.00
 2012  9 26  6.00   149  560599.0 7626795.2    91.0     3.54    95.00     4.62    27.18     0.00
 2012  9 26  7.00   149  560599.0 7626795.2    91.0     3.20    95.00     4.83    27.84     0.00
 2012  9 26  8.00   149  560599.0 7626795.2    91.0     2.95    95.00     4.26    25.88     0.00
 2012  9 26  9.00   149  560599.0 7626795.2    91.0     3.03    95.00     4.54    21.77     0.00
 2012  9 26 10.00   149  560599.0 7626795.2    91.0     3.26    95.00     4.95    16.79     0.00
 2012  9 26 11.00   149  560599.0 7626795.2    91.0     3.84    95.00     4.98    26.17     0.00
 2012  9 26 12.00   149  560599.0 7626795.2    91.0     4.38    95.00     5.16    22.86     0.00
 2012  9 26 13.00   149  560599.0 7626795.2    91.0     4.65    95.00     5.17    19.31     0.00
 2012  9 26 14.00   149  560599.0 7626795.2    91.0     4.96    95.00     4.97    29.19     0.00
 2012  9 26 15.00   149  560599.0 7626795.2    91.0     5.37    95.00     5.36    39.05     0.00
 2012  9 26 16.00   149  560599.0 7626795.2    91.0     5.82    95.00     5.25    41.75     0.00
 2012  9 26 17.00   149  560599.0 7626795.2    91.0     5.71    95.00     5.09    48.08     0.00
 2012  9 26 18.00   149  560599.0 7626795.2    91.0     5.41    95.00     4.21    51.50     0.00
 2012  9 26 19.00   149  560599.0 7626795.2    91.0     5.31    95.00     4.42    61.61     0.00
 2012  9 26 20.00   149  560599.0 7626795.2    91.0     4.95    95.00     4.83    70.92     0.00
 2012  9 26 21.00   149  560599.0 7626795.2    91.0     4.33    95.00     4.00    79.55     0.00
 2012  9 26 22.00   149  560599.0 7626795.2    91.0     3.97    95.00     2.57    81.40     0.00
 2012  9 26 23.00   149  560599.0 7626795.2    91.0     3.80    95.00     1.62    85.35     0.00
 2012  9 27  0.00   149  560599.0 7626795.2    91.0     3.87    95.00     2.22    91.45     0.00
 2012  9 27  1.00   149  560599.0 7626795.2    91.0     3.92    95.00     2.57   101.70     0.00
 2012  9 27  2.00   149  560599.0 7626795.2    91.0     3.95    95.00     2.32   116.65     0.00
 2012  9 27  3.00   149  560599.0 7626795.2    91.0     3.83    95.00     1.89   140.55     0.00
 2012  9 27  4.00   149  560599.0 7626795.2    91.0     3.06    95.00     2.38   160.00     0.00
 2012  9 27  5.00   149  560599.0 7626795.2    91.0     2.87    95.00     2.89   153.25     0.00
 2012  9 27  6.00   149  560599.0 7626795.2    91.0     2.45    95.00     2.90   141.70     0.00
 2012  9 27  7.00   149  560599.0 7626795.2    91.0     2.69    95.00     2.29   136.15     0.00
 2012  9 27  8.00   149  560599.0 7626795.2    91.0     3.00    95.00     2.39   115.40     0.00
 2012  9 27  9.00   149  560599.0 7626795.2    91.0     3.46    95.00     3.50   111.45     0.00
 2012  9 27 10.00   149  560599.0 7626795.2    91.0     3.42    95.00     4.22    94.30     0.00
 2012  9 27 11.00   149  560599.0 7626795.2    91.0     3.54    95.00     3.74    83.20     0.00
 2012  9 27 12.00   149  560599.0 7626795.2    91.0     3.96    95.00     4.50    75.85     0.00
 2012  9 27 13.00   149  560599.0 7626795.2    91.0     4.63    95.00     3.22    46.79     0.00
 2012  9 27 14.00   149  560599.0 7626795.2    91.0     5.11    95.00     4.71    58.21     0.00
 2012  9 27 15.00   149  560599.0 7626795.2    91.0     5.17    95.00     5.05    52.22     0.00
 2012  9 27 16.00   149  560599.0 7626795.2    91.0     5.45    95.00     4.43    59.98     0.00
 2012  9 27 17.00   149  560599.0 7626795.2    91.0     5.44    95.00     3.90    54.22     0.00
 2012  9 27 18.00   149  560599.0 7626795.2    91.0     5.42    95.00     2.67    57.01     0.00
 2012  9 27 19.00   149  560599.0 7626795.2    91.0     5.18    95.00     1.97    24.53     0.00
 2012  9 27 20.00   149  560599.0 7626795.2    91.0     4.91    95.00     2.25   341.00     0.00
 2012  9 27 21.00   149  560599.0 7626795.2    91.0     4.53    95.00     2.82   320.80     0.00
 2012  9 27 22.00   149  560599.0 7626795.2    91.0     4.59    95.00     3.12   320.20     0.00
 2012  9 27 23.00   149  560599.0 7626795.2    91.0     4.68    95.00     3.20   302.00     0.00
 2012  9 28  0.00   149  560599.0 7626795.2    91.0     4.71    95.00     3.97   305.30     0.00
 2012  9 28  1.00   149  560599.0 7626795.2    91.0     4.62    95.00     4.50   307.75     0.00
 2012  9 28  2.00   149  560599.0 7626795.2    91.0     4.56    95.00     4.88   309.35     0.00
 2012  9 28  3.00   149  560599.0 7626795.2    91.0     4.08    95.00     5.48   293.40     0.00
 2012  9 28  4.00   149  560599.0 7626795.2    91.0     3.62    95.00     5.61   290.10     0.00
 2012  9 28  5.00   149  560599.0 7626795.2    91.0     3.49    95.00     5.21   291.80     0.00
 2012  9 28  6.00   149  560599.0 7626795.2    91.0     3.34    95.00     4.50   287.80     0.00
 2012  9 28  7.00   149  560599.0 7626795.2    91.0     3.31    95.00     4.10   281.85     0.00
 2012  9 28  8.00   149  560599.0 7626795.2    91.0     3.29    95.00     4.11   281.90     0.11
 2012  9 28  9.00   149  560599.0 7626795.2    91.0     3.29    95.00     4.78   283.40     0.00
 2012  9 28 10.00   149  560599.0 7626795.2    91.0     3.33    95.00     4.88   280.60     0.00
 2012  9 28 11.00   149  560599.0 7626795.2    91.0     3.22    95.00     5.73   285.70     0.00
 2012  9 28 12.00   149  560599.0 7626795.2    91.0     3.69    95.00     5.78   286.50     0.00
 2012  9 28 13.00   149  560599.0 7626795.2    91.0     3.88    95.00     6.22   284.80     0.00
 2012  9 28 14.00   149  560599.0 7626795.2    91.0     4.22    95.00     5.90   286.85     0.00
 2012  9 28 15.00   149  560599.0 7626795.2    91.0     4.33    95.00     5.46   288.15     0.00
 2012  9 28 16.00   149  560599.0 7626795.2    91.0     4.21    95.00     4.91   288.25     0.00
 2012  9 28 17.00   149  560599.0 7626795.2    91.0     3.91    95.00     4.49   290.40     0.00
 2012  9 28 18.00   149  560599.0 7626795.2    91.0     3.42    95.00     3.44   283.30     0.12
 2012  9 28 19.00   149  560599.0 7626795.2    91.0     2.29    95.00     3.24   273.75     0.00
 2012  9 28 20.00   149  560599.0 7626795.2    91.0     1.09    95.00     2.75   267.15     0.00
 2012  9 28 21.00   149  560599.0 7626795.2    91.0     1.06    95.00     2.07   254.45     0.00
 2012  9 28 22.00   149  560599.0 7626795.2    91.0     1.58    95.00     2.71   266.80     0.00
 2012  9 28 23.00   149  560599.0 7626795.2    91.0     1.48    95.00     3.44   288.30     0.00
 2012  9 29  0.00   149  560599.0 7626795.2    91.0     1.42    95.00     2.96   289.55     0.00
 2012  9 29  1.00   149  560599.0 7626795.2    91.0     1.48    95.00     2.32   324.75     0.00
 2012  9 29  2.00   149  560599.0 7626795.2    91.0     1.65    95.00     1.48   321.15     0.00
 2012  9 29  3.00   149  560599.0 7626795.2    91.0     1.82    95.00     0.91   180.75     0.00
 2012  9 29  4.00   149  560599.0 7626795.2    91.0     1.67    95.00     1.57   339.10     0.00
 2012  9 29  5.00   149  560599.0 7626795.2    91.0     1.52    95.00     1.44   329.50     0.00
 2012  9 29  6.00   149  560599.0 7626795.2    91.0     1.48    95.00     0.60   325.65     0.00
 2012  9 29  7.00   149  560599.0 7626795.2    91.0     1.73    95.00     0.66   123.20     0.00
 2012  9 29  8.00   149  560599.0 7626795.2    91.0     1.35    95.00     0.15   146.70     0.00
 2012  9 29  9.00   149  560599.0 7626795.2    91.0     1.37    95.00     0.37   272.15     0.00
 2012  9 29 10.00   149  560599.0 7626795.2    91.0     2.58    95.00     1.18   120.60     0.00
 2012  9 29 11.00   149  560599.0 7626795.2    91.0     2.85    95.00     2.00   128.00     0.00
 2012  9 29 12.00   149  560599.0 7626795.2    91.0     2.83    95.00     2.16   118.45     0.00
 2012  9 29 13.00   149  560599.0 7626795.2    91.0     3.58    95.00     3.04   109.30     0.00
 2012  9 29 14.00   149  560599.0 7626795.2    91.0     4.04    94.95     2.37   133.25     0.00
 2012  9 29 15.00   149  560599.0 7626795.2    91.0     4.25    92.50     2.14   109.35     0.00
 2012  9 29 16.00   149  560599.0 7626795.2    91.0     4.30    92.35     2.00   102.25     0.00
 2012  9 29 17.00   149  560599.0 7626795.2    91.0     4.06    94.85     2.45    78.20     0.00
 2012  9 29 18.00   149  560599.0 7626795.2    91.0     3.43    95.00     2.29    75.05     0.00
 2012  9 29 19.00   149  560599.0 7626795.2    91.0     2.89    95.00     3.35    81.35     0.00
 2012  9 29 20.00   149  560599.0 7626795.2    91.0     2.59    95.00     3.12    70.09     0.00
 2012  9 29 21.00   149  560599.0 7626795.2    91.0     2.54    95.00     2.44    78.70     0.00
 2012  9 29 22.00   149  560599.0 7626795.2    91.0     2.54    95.00     1.46    81.30     0.00
 2012  9 29 23.00   149  560599.0 7626795.2    91.0     2.52    95.00     1.33    58.78     0.00
 2012  9 30  0.00   149  560599.0 7626795.2    91.0     2.50    95.00     1.29    51.16     0.00
 2012  9 30  1.00   149  560599.0 7626795.2    91.0     2.46    95.00     1.27    49.59     0.00
 2012  9 30  2.00   149  560599.0 7626795.2    91.0     2.29    95.00     1.79    39.55     0.00
 2012  9 30  3.00   149  560599.0 7626795.2    91.0     2.32    95.00     1.89    25.99     0.00
 2012  9 30  4.00   149  560599.0 7626795.2    91.0     1.74    95.00     2.38   181.84     0.00
 2012  9 30  5.00   149  560599.0 7626795.2    91.0     1.41    95.00     2.54   349.65     0.00
 2012  9 30  6.00   149  560599.0 7626795.2    91.0     1.64    95.00     2.82   354.10     0.00
 2012  9 30  7.00   149  560599.0 7626795.2    91.0     1.58    95.00     2.54   356.95     0.00
 2012  9 30  8.00   149  560599.0 7626795.2    91.0     1.46    95.00     2.58   347.25     0.00
 2012  9 30  9.00   149  560599.0 7626795.2    91.0     0.84    95.00     2.35   339.55     0.00
 2012  9 30 10.00   149  560599.0 7626795.2    91.0     1.31    95.00     2.92   181.58     0.00
 2012  9 30 11.00   149  560599.0 7626795.2    91.0     1.79    95.00     3.38    12.20     0.00
 2012  9 30 12.00   149  560599.0 7626795.2    91.0     2.22    95.00     3.28    18.84     0.00
 2012  9 30 13.00   149  560599.0 7626795.2    91.0     2.77    95.00     3.02    22.81     0.00
 2012  9 30 14.00   149  560599.0 7626795.2    91.0     3.21    95.00     3.46    15.41     0.00
 2012  9 30 15.00   149  560599.0 7626795.2    91.0     3.41    95.00     2.94    25.70     0.00
 2012  9 30 16.00   149  560599.0 7626795.2    91.0     3.25    95.00     2.53    34.39     0.00
 2012  9 30 17.00   149  560599.0 7626795.2    91.0     2.94    95.00     3.46    36.46     0.00
 2012  9 30 18.00   149  560599.0 7626795.2    91.0     2.43    95.00     3.29    33.13     0.00
 2012  9 30 19.00   149  560599.0 7626795.2    91.0     1.99    95.00     2.77    23.66     0.00
 2012  9 30 20.00   149  560599.0 7626795.2    91.0     1.38    95.00     1.97   191.08     0.00
 2012  9 30 21.00   149  560599.0 7626795.2    91.0     1.10    95.00     2.28     1.85     0.00
 2012  9 30 22.00   149  560599.0 7626795.2    91.0     0.33    95.00     1.97   343.85     0.00
 2012  9 30 23.00   149  560599.0 7626795.2    91.0     0.08    95.00     2.08   336.00     0.00
 2012 10  1  0.00   149  560599.0 7626795.2    91.0    -1.22    95.00     2.27   327.80     0.00
 2012 10  1  1.00   149  560599.0 7626795.2    91.0    -1.50    95.00     2.34   315.55     0.00
 2012 10  1  2.00   149  560599.0 7626795.2    91.0    -0.24    95.00     2.10   311.65     0.00
 2012 10  1  3.00   149  560599.0 7626795.2    91.0     0.12    95.00     1.92   320.20     0.00
 2012 10  1  4.00   149  560599.0 7626795.2    91.0     0.39    95.00     2.56   177.81     0.00
 2012 10  1  5.00   149  560599.0 7626795.2    91.0     0.12    95.00     2.15   345.65     0.00
 2012 10  1  6.00   149  560599.0 7626795.2    91.0    -0.81    95.00     2.66   339.60     0.00
 2012 10  1  7.00   149  560599.0 7626795.2    91.0     0.15    95.00     2.67   178.14     0.00
 2012 10  1  8.00   149  560599.0 7626795.2    91.0     0.48    95.00     2.73    16.40     0.00
 2012 10  1  9.00   149  560599.0 7626795.2    91.0     0.64    95.00     2.85   187.02     0.00
 2012 10  1 10.00   149  560599.0 7626795.2    91.0     0.52    95.00     3.76    56.09     0.00
 2012 10  1 11.00   149  560599.0 7626795.2    91.0     0.66    95.00     3.54    76.52     0.00
 2012 10  1 12.00   149  560599.0 7626795.2    91.0     0.85    95.00     2.32    83.30     0.00
 2012 10  1 13.00   149  560599.0 7626795.2    91.0     1.17    95.00     1.39   100.55     0.00
 2012 10  1 14.00   149  560599.0 7626795.2    91.0     1.56    94.15     2.45    87.65     0.00
 2012 10  1 15.00   149  560599.0 7626795.2    91.0     1.98    89.40     2.33    83.15     0.00
 2012 10  1 16.00   149  560599.0 7626795.2    91.0     2.02    90.55     2.12    66.55     0.20
 2012 10  1 17.00   149  560599.0 7626795.2    91.0     1.92    89.45     1.92    60.57     0.00
 2012 10  1 18.00   149  560599.0 7626795.2    91.0     1.60    86.50     1.31    65.89     0.00
 2012 10  1 19.00   149  560599.0 7626795.2    91.0     0.92    90.70     0.71   111.77     0.00
 2012 10  1 20.00   149  560599.0 7626795.2    91.0     0.59    93.70     1.03   136.95     0.00
 2012 10  1 21.00   149  560599.0 7626795.2    91.0    -0.06    95.00     1.08   133.60     0.00
 2012 10  1 22.00   149  560599.0 7626795.2    91.0    -0.22    95.00     0.85   149.85     0.00
 2012 10  1 23.00   149  560599.0 7626795.2    91.0    -0.32    95.00     0.52   162.80     0.00
 2012 10  2  0.00   149  560599.0 7626795.2    91.0    -0.41    95.00     0.29   163.10     0.00
 2012 10  2  1.00   149  560599.0 7626795.2    91.0    -0.27    95.00     0.69    75.11     0.00
 2012 10  2  2.00   149  560599.0 7626795.2    91.0    -0.14    95.00     0.97   166.85     0.00
 2012 10  2  3.00   149  560599.0 7626795.2    91.0     0.02    95.00     1.33   176.25     0.00
 2012 10  2  4.00   149  560599.0 7626795.2    91.0     0.48    95.00     1.28   269.95     0.00
 2012 10  2  5.00   149  560599.0 7626795.2    91.0     0.93    95.00     3.60   198.60     0.00
 2012 10  2  6.00   149  560599.0 7626795.2    91.0     0.93    95.00     3.60   189.90     0.00
 2012 10  2  7.00   149  560599.0 7626795.2    91.0    -0.19    95.00     3.51   182.25     0.00
 2012 10  2  8.00   149  560599.0 7626795.2    91.0    -0.59    95.00     4.37   186.60     0.00
 2012 10  2  9.00   149  560599.0 7626795.2    91.0    -0.30    95.00     4.90   190.00     0.00
 2012 10  2 10.00   149  560599.0 7626795.2    91.0     0.89    95.00     5.47   192.30     0.00
 2012 10  2 11.00   149  560599.0 7626795.2    91.0     1.77    95.00     6.07   199.10     0.00
 2012 10  2 12.00   149  560599.0 7626795.2    91.0     3.27    92.35     5.97   197.80     0.00
 2012 10  2 13.00   149  560599.0 7626795.2    91.0     3.83    88.35     4.46   194.65     0.00
 2012 10  2 14.00   149  560599.0 7626795.2    91.0     5.80    78.20     4.80   210.15     0.00
 2012 10  2 15.00   149  560599.0 7626795.2    91.0     6.33    73.05     5.71   217.25     0.00
 2012 10  2 16.00   149  560599.0 7626795.2    91.0     6.09    74.95     5.29   211.30     0.00
 2012 10  2 17.00   149  560599.0 7626795.2    91.0     6.10    74.05     4.31   213.75     0.00
 2012 10  2 18.00   149  560599.0 7626795.2    91.0     5.08    77.75     3.25   206.35     0.00
 2012 10  2 19.00   149  560599.0 7626795.2    91.0     2.75    91.00     3.23   191.55     0.00
 2012 10  2 20.00   149  560599.0 7626795.2    91.0     1.62    94.70     3.17   197.80     0.00
 2012 10  2 21.00   149  560599.0 7626795.2    91.0     1.81    90.45     3.26   206.05     0.00
 2012 10  2 22.00   149  560599.0 7626795.2    91.0     1.50    88.95     2.62   233.50     0.00
 2012 10  2 23.00   149  560599.0 7626795.2    91.0     1.18    89.30     2.02   290.35     0.00
 2012 10  3  0.00   149  560599.0 7626795.2    91.0     1.87    80.80     3.15   242.75     0.00
 2012 10  3  1.00   149  560599.0 7626795.2    91.0     1.90    77.45     3.79   235.45     0.00
 2012 10  3  2.00   149  560599.0 7626795.2    91.0     2.28    74.05     5.06   227.05     0.00
 2012 10  3  3.00   149  560599.0 7626795.2    91.0     2.61    72.45     3.67   240.00     0.00
 2012 10  3  4.00   149  560599.0 7626795.2    91.0     2.17    74.80     2.65   286.60     0.00
 2012 10  3  5.00   149  560599.0 7626795.2    91.0     2.08    75.95     2.76   264.80     0.00
 2012 10  3  6.00   149  560599.0 7626795.2    91.0     1.35    79.50     3.33   247.50     0.00
 2012 10  3  7.00   149  560599.0 7626795.2    91.0     0.77    82.50     3.60   241.65     0.00
 2012 10  3  8.00   149  560599.0 7626795.2    91.0     0.23    85.25     3.79   238.70     0.00
 2012 10  3  9.00   149  560599.0 7626795.2    91.0     0.64    84.00     3.58   241.90     0.00
 2012 10  3 10.00   149  560599.0 7626795.2    91.0     2.27    77.15     3.68   244.15     0.00
 2012 10  3 11.00   149  560599.0 7626795.2    91.0     3.38    72.70     3.38   238.55     0.00
 2012 10  3 12.00   149  560599.0 7626795.2    91.0     5.92    64.92     2.70   227.20     0.00
 2012 10  3 13.00   149  560599.0 7626795.2    91.0     7.74    59.26     3.04   247.70     0.00
 2012 10  3 14.00   149  560599.0 7626795.2    91.0     8.07    59.19     3.14   234.70     0.00
 2012 10  3 15.00   149  560599.0 7626795.2    91.0     8.53    56.40     3.71   212.00     0.00
 2012 10  3 16.00   149  560599.0 7626795.2    91.0     8.34    57.67     4.28   199.80     0.00
 2012 10  3 17.00   149  560599.0 7626795.2    91.0     8.75    56.57     4.00   203.05     0.00
 2012 10  3 18.00   149  560599.0 7626795.2    91.0     7.50    60.29     3.19   228.10     0.00
 2012 10  3 19.00   149  560599.0 7626795.2    91.0     5.83    66.17     1.74   241.50     0.00
 2012 10  3 20.00   149  560599.0 7626795.2    91.0     3.62    79.80     3.22   216.90     0.00
 2012 10  3 21.00   149  560599.0 7626795.2    91.0     2.94    80.55     2.50   243.10     0.00
 2012 10  3 22.00   149  560599.0 7626795.2    91.0     3.12    80.30     2.62   261.05     0.00
 2012 10  3 23.00   149  560599.0 7626795.2    91.0     2.89    82.95     3.38   252.00     0.00
 2012 10  4  0.00   149  560599.0 7626795.2    91.0     2.21    86.35     2.69   255.25     0.00
 2012 10  4  1.00   149  560599.0 7626795.2    91.0     1.42    89.30     2.06   251.05     0.00
 2012 10  4  2.00   149  560599.0 7626795.2    91.0     1.08    90.85     2.28   245.35     0.00
 2012 10  4  3.00   149  560599.0 7626795.2    91.0     1.81    87.60     2.44   236.40     0.00
 2012 10  4  4.00   149  560599.0 7626795.2    91.0     1.08    91.45     3.36   226.30     0.00
 2012 10  4  5.00   149  560599.0 7626795.2    91.0     1.94    88.25     3.08   238.75     0.00
 2012 10  4  6.00   149  560599.0 7626795.2    91.0     2.25    86.50     2.50   279.30     0.00
 2012 10  4  7.00   149  560599.0 7626795.2    91.0     1.61    87.90     2.61   279.05     0.00
 2012 10  4  8.00   149  560599.0 7626795.2    91.0     1.75    87.60     2.93   242.50     0.00
 2012 10  4  9.00   149  560599.0 7626795.2    91.0     2.69    82.60     5.55   207.90     0.00
 2012 10  4 10.00   149  560599.0 7626795.2    91.0     3.34    78.70     4.48   213.55     0.00
 2012 10  4 11.00   149  560599.0 7626795.2    91.0     4.36    74.60     2.33   272.60     0.00
 2012 10  4 12.00   149  560599.0 7626795.2    91.0     4.33    76.35     3.83   220.55     0.00
 2012 10  4 13.00   149  560599.0 7626795.2    91.0     5.48    72.85     3.51   237.75     0.00
 2012 10  4 14.00   149  560599.0 7626795.2    91.0     7.25    65.27     3.06   261.35     0.00
 2012 10  4 15.00   149  560599.0 7626795.2    91.0     7.39    65.62     2.31   252.30     0.00
 2012 10  4 16.00   149  560599.0 7626795.2    91.0     7.43    64.72     2.54   265.00     0.00
 2012 10  4 17.00   149  560599.0 7626795.2    91.0     4.36    77.00     2.22   264.20     0.00
 2012 10  4 18.00   149  560599.0 7626795.2    91.0     3.13    84.65     2.72   254.55     0.00
 2012 10  4 19.00   149  560599.0 7626795.2    91.0     2.71    88.50     2.59   249.90     0.00
 2012 10  4 20.00   149  560599.0 7626795.2    91.0     2.92    90.10     2.08   256.15     0.91
 2012 10  4 21.00   149  560599.0 7626795.2    91.0     3.31    87.20     2.90   263.90     0.69
 2012 10  4 22.00   149  560599.0 7626795.2    91.0     2.70    89.85     2.45   269.90     0.00
 2012 10  4 23.00   149  560599.0 7626795.2    91.0     2.46    90.95     2.61   266.45     0.00
 2012 10  5  0.00   149  560599.0 7626795.2    91.0     0.88    95.00     1.97   258.05     1.75
 2012 10  5  1.00   149  560599.0 7626795.2    91.0     1.81    94.55     1.88   269.85     0.00
 2012 10  5  2.00   149  560599.0 7626795.2    91.0     1.52    95.00     0.81   136.54     0.00
 2012 10  5  3.00   149  560599.0 7626795.2    91.0     1.52    95.00     1.29   271.90     0.94
 2012 10  5  4.00   149  560599.0 7626795.2    91.0     1.67    95.00     1.08   260.45     0.00
 2012 10  5  5.00   149  560599.0 7626795.2    91.0     1.69    95.00     1.21   166.23     0.00
 2012 10  5  6.00   149  560599.0 7626795.2    91.0     0.90    95.00     0.91     9.08     0.00
 2012 10  5  7.00   149  560599.0 7626795.2    91.0     0.88    95.00     1.08   270.55     0.00
 2012 10  5  8.00   149  560599.0 7626795.2    91.0     0.30    95.00     0.65   264.65     0.00
 2012 10  5  9.00   149  560599.0 7626795.2    91.0     0.47    95.00     0.21   276.05     0.00
 2012 10  5 10.00   149  560599.0 7626795.2    91.0     3.31    94.90     0.37   126.15     0.00
 2012 10  5 11.00   149  560599.0 7626795.2    91.0     4.77    88.35     1.30   141.60     0.00
 2012 10  5 12.00   149  560599.0 7626795.2    91.0     6.39    79.70     1.41   127.25     0.00
 2012 10  5 13.00   149  560599.0 7626795.2    91.0     8.43    64.85     1.57   171.05     0.00
 2012 10  5 14.00   149  560599.0 7626795.2    91.0     9.02    59.41     2.67   154.15     0.00
 2012 10  5 15.00   149  560599.0 7626795.2    91.0     9.07    58.92     2.54   154.75     0.00
 2012 10  5 16.00   149  560599.0 7626795.2    91.0     8.43    64.65     1.87   170.65     0.00
 2012 10  5 17.00   149  560599.0 7626795.2    91.0     7.60    70.94     2.43   185.70     0.00
 2012 10  5 18.00   149  560599.0 7626795.2    91.0     6.92    75.15     3.15   200.50     0.00
 2012 10  5 19.00   149  560599.0 7626795.2    91.0     7.04    76.95     5.04   212.00     0.00
 2012 10  5 20.00   149  560599.0 7626795.2    91.0     6.82    80.40     4.26   221.55     0.00
 2012 10  5 21.00   149  560599.0 7626795.2    91.0     7.07    80.75     3.72   247.75     0.00
 2012 10  5 22.00   149  560599.0 7626795.2    91.0     6.10    85.00     3.41   260.15     0.00
 2012 10  5 23.00   149  560599.0 7626795.2    91.0     4.55    90.30     3.17   267.30     0.00
 2012 10  6  0.00   149  560599.0 7626795.2    91.0     4.31    93.05     4.30   272.15     0.00
 2012 10  6  1.00   149  560599.0 7626795.2    91.0     4.45    93.75     3.85   261.00     0.00
 2012 10  6  2.00   149  560599.0 7626795.2    91.0     5.29    89.50     4.69   284.20     0.00
 2012 10  6  3.00   149  560599.0 7626795.2    91.0     5.17    85.65     3.49   271.40     0.00
 2012 10  6  4.00   149  560599.0 7626795.2    91.0     4.95    84.40     4.67   280.85     0.00
 2012 10  6  5.00   149  560599.0 7626795.2    91.0     4.41    84.65     3.71   286.15     0.00
 2012 10  6  6.00   149  560599.0 7626795.2    91.0     4.05    85.70     4.86   282.90     0.00
 2012 10  6  7.00   149  560599.0 7626795.2    91.0     4.51    83.30     5.26   280.55     0.00
 2012 10  6  8.00   149  560599.0 7626795.2    91.0     4.36    83.60     4.07   262.15     0.00
 2012 10  6  9.00   149  560599.0 7626795.2    91.0     3.64    87.90     3.43   263.90     0.00
 2012 10  6 10.00   149  560599.0 7626795.2    91.0     3.76    87.45     2.42   267.35     0.00
 2012 10  6 11.00   149  560599.0 7626795.2    91.0     4.37    86.15     2.04   273.85     0.00
 2012 10  6 12.00   149  560599.0 7626795.2    91.0     5.78    79.40     3.04   294.70     0.00
 2012 10  6 13.00   149  560599.0 7626795.2    91.0     6.80    72.00     3.85   300.15     0.00
 2012 10  6 14.00   149  560599.0 7626795.2    91.0     7.33    71.86     5.47   298.55     0.00
 2012 10  6 15.00   149  560599.0 7626795.2    91.0     6.55    71.95     4.86   286.35     0.00
 2012 10  6 16.00   149  560599.0 7626795.2    91.0     6.76    70.53     4.27   285.40     0.00
 2012 10  6 17.00   149  560599.0 7626795.2    91.0     6.38    73.05     3.70   293.05     0.00
 2012 10  6 18.00   149  560599.0 7626795.2    91.0     3.86    82.75     2.29   291.35     0.00
 2012 10  6 19.00   149  560599.0 7626795.2    91.0     1.90    91.40     2.10   261.40     0.00
 2012 10  6 20.00   149  560599.0 7626795.2    91.0     0.10    95.00     2.45   260.15     0.00
 2012 10  6 21.00   149  560599.0 7626795.2    91.0     0.60    95.00     1.69   257.75     0.00
 2012 10  6 22.00   149  560599.0 7626795.2    91.0     0.20    95.00     2.16   278.90     0.00
 2012 10  6 23.00   149  560599.0 7626795.2    91.0     0.07    95.00     1.24   260.95     0.00
 2012 10  7  0.00   149  560599.0 7626795.2    91.0    -0.69    95.00     2.41   264.70     0.00
 2012 10  7  1.00   149  560599.0 7626795.2    91.0    -0.43    95.00     2.78   262.15     0.00
 2012 10  7  2.00   149  560599.0 7626795.2    91.0     0.60    95.00     3.00   268.65     0.00
 2012 10  7  3.00   149  560599.0 7626795.2    91.0    -0.23    95.00     2.29   249.10     0.00
 2012 10  7  4.00   149  560599.0 7626795.2    91.0    -0.21    95.00     2.46   259.80     0.00
 2012 10  7  5.00   149  560599.0 7626795.2    91.0    -0.39    95.00     2.66   266.00     0.00
 2012 10  7  6.00   149  560599.0 7626795.2    91.0     0.12    95.00     2.26   264.10     0.00
 2012 10  7  7.00   149  560599.0 7626795.2    91.0     0.85    95.00     2.62   253.20     0.00
 2012 10  7  8.00   149  560599.0 7626795.2    91.0     1.44    95.00     3.17   261.05     0.00
 2012 10  7  9.00   149  560599.0 7626795.2    91.0     2.17    95.00     4.04   272.35     0.00
 2012 10  7 10.00   149  560599.0 7626795.2    91.0     2.64    95.00     3.98   272.30     0.00
 2012 10  7 11.00   149  560599.0 7626795.2    91.0     3.09    95.00     3.55   286.05     0.00
 2012 10  7 12.00   149  560599.0 7626795.2    91.0     3.54    95.00     3.92   297.20     0.00
 2012 10  7 13.00   149  560599.0 7626795.2    91.0     4.54    95.00     4.92   307.55     0.00
 2012 10  7 14.00   149  560599.0 7626795.2    91.0     4.78    93.60     4.90   313.35     0.00
 2012 10  7 15.00   149  560599.0 7626795.2    91.0     5.07    91.95     3.66   313.40     0.00
 2012 10  7 16.00   149  560599.0 7626795.2    91.0     4.80    90.10     2.70   297.70     0.00
 2012 10  7 17.00   149  560599.0 7626795.2    91.0     4.92    89.25     2.33   314.70     0.00
 2012 10  7 18.00   149  560599.0 7626795.2    91.0     2.55    93.80     2.46   294.25     0.00
 2012 10  7 19.00   149  560599.0 7626795.2    91.0     1.83    95.00     2.09   257.05     0.00
 2012 10  7 20.00   149  560599.0 7626795.2    91.0     0.91    95.00     2.23   257.15     0.00
 2012 10  7 21.00   149  560599.0 7626795.2    91.0    -0.28    95.00     2.58   257.85     0.00
 2012 10  7 22.00   149  560599.0 7626795.2    91.0    -0.11    95.00     2.68   263.80     0.00
 2012 10  7 23.00   149  560599.0 7626795.2    91.0    -0.15    95.00     2.65   262.45     0.00
 2012 10  8  0.00   149  560599.0 7626795.2    91.0     0.53    95.00     2.48   263.65     0.00
 2012 10  8  1.00   149  560599.0 7626795.2    91.0     1.09    95.00     2.05   266.10     0.00
 2012 10  8  2.00   149  560599.0 7626795.2    91.0     1.52    95.00     2.24   265.35     0.00
 2012 10  8  3.00   149  560599.0 7626795.2    91.0     1.48    95.00     2.29   259.20     0.00
 2012 10  8  4.00   149  560599.0 7626795.2    91.0     0.81    95.00     2.67   262.10     0.00
 2012 10  8  5.00   149  560599.0 7626795.2    91.0    -0.12    95.00     2.88   265.15     0.00
 2012 10  8  6.00   149  560599.0 7626795.2    91.0     0.14    95.00     3.70   272.60     0.00
 2012 10  8  7.00   149  560599.0 7626795.2    91.0    -0.51    95.00     3.78   288.40     0.00
 2012 10  8  8.00   149  560599.0 7626795.2    91.0    -0.29    95.00     3.79   287.00     0.00
 2012 10  8  9.00   149  560599.0 7626795.2    91.0     0.89    95.00     3.58   285.70     0.00
 2012 10  8 10.00   149  560599.0 7626795.2    91.0     1.52    95.00     3.64   286.05     0.00
 2012 10  8 11.00   149  560599.0 7626795.2    91.0     1.94    95.00     4.82   302.35     0.00
 2012 10  8 12.00   149  560599.0 7626795.2    91.0     1.90    95.00     5.58   300.10     0.00
 2012 10  8 13.00   149  560599.0 7626795.2    91.0     2.51    95.00     5.60   308.95     0.00
 2012 10  8 14.00   149  560599.0 7626795.2    91.0     2.60    94.95     5.33   321.45     0.00
 2012 10  8 15.00   149  560599.0 7626795.2    91.0     1.90    95.00     4.58   313.95     0.00
 2012 10  8 16.00   149  560599.0 7626795.2    91.0     1.64    95.00     4.20   303.50     0.00
 2012 10  8 17.00   149  560599.0 7626795.2    91.0     0.72    95.00     4.14   320.75     0.00
 2012 10  8 18.00   149  560599.0 7626795.2    91.0     0.29    95.00     4.51   330.90     0.00
 2012 10  8 19.00   149  560599.0 7626795.2    91.0    -0.44    95.00     4.07   327.35     0.00
 2012 10  8 20.00   149  560599.0 7626795.2    91.0    -0.93    95.00     3.79   334.85     0.00
 2012 10  8 21.00   149  560599.0 7626795.2    91.0    -1.12    95.00     3.97   333.50     0.00
 2012 10  8 22.00   149  560599.0 7626795.2    91.0    -1.56    95.00     3.28   324.90     0.00
 2012 10  8 23.00   149  560599.0 7626795.2    91.0    -1.94    95.00     3.95   328.50     0.00
 2012 10  9  0.00   149  560599.0 7626795.2    91.0    -2.38    95.00     4.04   321.70     0.00
 2012 10  9  1.00   149  560599.0 7626795.2    91.0    -2.58    95.00     3.40   317.60     0.00
 2012 10  9  2.00   149  560599.0 7626795.2    91.0    -2.63    95.00     3.75   316.85     0.00
 2012 10  9  3.00   149  560599.0 7626795.2    91.0    -2.51    95.00     4.17   318.45     0.00
 2012 10  9  4.00   149  560599.0 7626795.2    91.0    -2.60    95.00     3.25   311.95     0.00
 2012 10  9  5.00   149  560599.0 7626795.2    91.0    -3.40    95.00     3.07   294.90     0.00
 2012 10  9  6.00   149  560599.0 7626795.2    91.0    -4.07    95.00     3.22   291.55     0.00
 2012 10  9  7.00   149  560599.0 7626795.2    91.0    -3.51    95.00     3.55   289.55     0.00
 2012 10  9  8.00   149  560599.0 7626795.2    91.0    -3.86    95.00     3.54   283.40     0.00
 2012 10  9  9.00   149  560599.0 7626795.2    91.0    -2.98    95.00     4.17   278.75     0.00
 2012 10  9 10.00   149  560599.0 7626795.2    91.0    -2.65    95.00     4.13   292.20     0.00
 2012 10  9 11.00   149  560599.0 7626795.2    91.0    -2.07    95.00     4.00   290.65     0.00
 2012 10  9 12.00   149  560599.0 7626795.2    91.0    -0.84    94.00     5.81   299.05     0.00
 2012 10  9 13.00   149  560599.0 7626795.2    91.0    -0.41    95.00     6.54   298.05     0.00
 2012 10  9 14.00   149  560599.0 7626795.2    91.0    -0.86    95.00     6.48   282.45     0.00
 2012 10  9 15.00   149  560599.0 7626795.2    91.0    -0.60    95.00     8.52   283.50     0.00
 2012 10  9 16.00   149  560599.0 7626795.2    91.0    -0.94    95.00     7.65   291.60     0.00
 2012 10  9 17.00   149  560599.0 7626795.2    91.0    -1.06    95.00     5.89   297.75     0.00
 2012 10  9 18.00   149  560599.0 7626795.2    91.0    -1.42    95.00     5.07   301.60     0.00
 2012 10  9 19.00   149  560599.0 7626795.2    91.0    -1.63    95.00     5.43   294.80     0.00
 2012 10  9 20.00   149  560599.0 7626795.2    91.0    -0.76    95.00     7.94   299.60     0.00
 2012 10  9 21.00   149  560599.0 7626795.2    91.0    -0.97    95.00     7.29   291.30     0.00
 2012 10  9 22.00   149  560599.0 7626795.2    91.0    -0.85    95.00     7.22   286.10     0.00
 2012 10  9 23.00   149  560599.0 7626795.2    91.0    -0.78    95.00     7.17   290.35     0.00
 2012 10 10  0.00   149  560599.0 7626795.2    91.0    -0.79    95.00     7.92   296.00     0.00
 2012 10 10  1.00   149  560599.0 7626795.2    91.0    -0.66    95.00     8.21   292.65     0.00
 2012 10 10  2.00   149  560599.0 7626795.2    91.0    -0.69    95.00     8.04   290.00     0.00
 2012 10 10  3.00   149  560599.0 7626795.2    91.0    -0.71    93.50     7.98   289.95     0.00
 2012 10 10  4.00   149  560599.0 7626795.2    91.0    -1.08    94.05     7.32   286.60     0.00
 2012 10 10  5.00   149  560599.0 7626795.2    91.0    -1.01    94.35     7.52   292.65     0.00
 2012 10 10  6.00   149  560599.0 7626795.2    91.0    -1.02    95.00     6.75   285.95     0.00
 2012 10 10  7.00   149  560599.0 7626795.2    91.0    -1.41    95.00     5.78   277.75     0.00
 2012 10 10  8.00   149  560599.0 7626795.2    91.0    -1.11    95.00     5.96   282.35     0.00
 2012 10 10  9.00   149  560599.0 7626795.2    91.0    -1.14    95.00     6.52   282.35     0.00
 2012 10 10 10.00   149  560599.0 7626795.2    91.0    -0.76    94.75     6.96   285.05     0.00
 2012 10 10 11.00   149  560599.0 7626795.2    91.0    -0.41    92.60     8.40   290.80     0.00
 2012 10 10 12.00   149  560599.0 7626795.2    91.0    -0.33    91.65     8.93   289.70     0.00
 2012 10 10 13.00   149  560599.0 7626795.2    91.0    -0.66    93.45     8.46   281.45     0.00
 2012 10 10 14.00   149  560599.0 7626795.2    91.0    -0.56    95.00     7.36   285.10     0.00
 2012 10 10 15.00   149  560599.0 7626795.2    91.0    -0.07    94.55     6.58   289.55     0.00
 2012 10 10 16.00   149  560599.0 7626795.2    91.0    -0.35    95.00     5.88   288.55     0.00
 2012 10 10 17.00   149  560599.0 7626795.2    91.0    -1.06    95.00     4.50   283.15     0.00
 2012 10 10 18.00   149  560599.0 7626795.2    91.0    -1.99    95.00     3.84   290.90     0.00
 2012 10 10 19.00   149  560599.0 7626795.2    91.0    -2.78    95.00     3.77   283.30     0.00
 2012 10 10 20.00   149  560599.0 7626795.2    91.0    -3.33    95.00     4.46   278.60     0.00
 2012 10 10 21.00   149  560599.0 7626795.2    91.0    -2.98    95.00     4.64   283.50     0.00
 2012 10 10 22.00   149  560599.0 7626795.2    91.0    -3.99    95.00     4.15   273.95     0.00
 2012 10 10 23.00   149  560599.0 7626795.2    91.0    -3.51    95.00     4.23   274.80     0.00
 2012 10 11  0.00   149  560599.0 7626795.2    91.0    -3.49    95.00     3.81   271.15     0.00
 2012 10 11  1.00   149  560599.0 7626795.2    91.0    -2.75    95.00     4.79   288.00     0.00
 2012 10 11  2.00   149  560599.0 7626795.2    91.0    -2.36    95.00     5.29   293.65     0.00
 2012 10 11  3.00   149  560599.0 7626795.2    91.0    -1.79    95.00     5.88   292.25     0.00
 2012 10 11  4.00   149  560599.0 7626795.2    91.0    -1.81    95.00     6.25   295.65     0.00
 2012 10 11  5.00   149  560599.0 7626795.2    91.0    -2.01    94.15     5.92   285.50     0.00
 2012 10 11  6.00   149  560599.0 7626795.2    91.0    -2.15    90.70     5.25   282.80     0.00
 2012 10 11  7.00   149  560599.0 7626795.2    91.0    -2.45    95.00     4.72   275.05     0.00
 2012 10 11  8.00   149  560599.0 7626795.2    91.0    -2.96    94.25     4.75   271.15     0.00
 2012 10 11  9.00   149  560599.0 7626795.2    91.0    -4.26    89.90     4.96   270.55     0.00
 2012 10 11 10.00   149  560599.0 7626795.2    91.0    -5.08    90.40     4.10   267.25     0.00
 2012 10 11 11.00   149  560599.0 7626795.2    91.0    -4.40    86.65     4.13   264.40     0.00
 2012 10 11 12.00   149  560599.0 7626795.2    91.0    -3.62    82.75     4.24   265.10     0.00
 2012 10 11 13.00   149  560599.0 7626795.2    91.0    -2.50    79.30     4.22   252.70     0.00
 2012 10 11 14.00   149  560599.0 7626795.2    91.0    -1.75    74.15     4.27   255.85     0.00
 2012 10 11 15.00   149  560599.0 7626795.2    91.0    -1.39    69.06     3.91   257.80     0.00
 2012 10 11 16.00   149  560599.0 7626795.2    91.0    -1.36    68.24     3.21   245.95     0.00
 2012 10 11 17.00   149  560599.0 7626795.2    91.0    -2.31    70.06     1.69   237.70     0.00
 2012 10 11 18.00   149  560599.0 7626795.2    91.0    -4.19    77.90     1.43   259.95     0.00
 2012 10 11 19.00   149  560599.0 7626795.2    91.0    -5.12    83.40     2.42   242.75     0.00
 2012 10 11 20.00   149  560599.0 7626795.2    91.0    -6.50    89.80     1.91   252.65     0.00
 2012 10 11 21.00   149  560599.0 7626795.2    91.0    -6.95    94.80     1.57   252.30     0.00
 2012 10 11 22.00   149  560599.0 7626795.2    91.0    -6.58    93.00     2.43   257.60     0.00
 2012 10 11 23.00   149  560599.0 7626795.2    91.0    -6.87    94.05     2.80   253.70     0.00
 2012 10 12  0.00   149  560599.0 7626795.2    91.0    -6.53    93.00     2.86   258.25     0.00
 2012 10 12  1.00   149  560599.0 7626795.2    91.0    -6.61    94.25     2.81   253.85     0.00
 2012 10 12  2.00   149  560599.0 7626795.2    91.0    -7.13    95.00     2.52   251.25     0.00
 2012 10 12  3.00   149  560599.0 7626795.2    91.0    -7.96    95.00     2.10   249.80     0.00
 2012 10 12  4.00   149  560599.0 7626795.2    91.0    -7.55    95.00     2.21   259.55     0.00
 2012 10 12  5.00   149  560599.0 7626795.2    91.0    -7.53    95.00     2.92   253.10     0.00
 2012 10 12  6.00   149  560599.0 7626795.2    91.0    -8.03    95.00     3.28   257.60     0.00
 2012 10 12  7.00   149  560599.0 7626795.2    91.0    -8.94    95.00     2.74   260.40     0.00
 2012 10 12  8.00   149  560599.0 7626795.2    91.0    -8.59    95.00     2.50   257.15     0.00
 2012 10 12  9.00   149  560599.0 7626795.2    91.0    -7.92    94.45     2.34   236.05     0.00
 2012 10 12 10.00   149  560599.0 7626795.2    91.0    -7.67    95.00     2.62   238.95     0.00
 2012 10 12 11.00   149  560599.0 7626795.2    91.0    -6.92    95.00     2.69   238.35     0.00
 2012 10 12 12.00   149  560599.0 7626795.2    91.0    -5.24    93.70     2.21   226.30     0.00
 2012 10 12 13.00   149  560599.0 7626795.2    91.0    -4.19    89.35     3.04   238.05     0.00
 2012 10 12 14.00   149  560599.0 7626795.2    91.0    -3.64    88.35     3.72   235.70     0.00
 2012 10 12 15.00   149  560599.0 7626795.2    91.0    -3.41    90.25     4.03   233.95     0.00
 2012 10 12 16.00   149  560599.0 7626795.2    91.0    -3.49    92.25     3.47   242.85     0.00
 2012 10 12 17.00   149  560599.0 7626795.2    91.0    -4.11    92.25     2.33   245.10     0.00
 2012 10 12 18.00   149  560599.0 7626795.2    91.0    -5.71    95.00     2.25   255.60     0.00
 2012 10 12 19.00   149  560599.0 7626795.2    91.0    -6.53    95.00     2.08   260.35     0.00
 2012 10 12 20.00   149  560599.0 7626795.2    91.0    -6.09    95.00     1.52   252.70     0.00
 2012 10 12 21.00   149  560599.0 7626795.2    91.0    -4.93    95.00     2.54   236.75     0.00
 2012 10 12 22.00   149  560599.0 7626795.2    91.0    -4.85    95.00     2.23   250.35     0.00
 2012 10 12 23.00   149  560599.0 7626795.2    91.0    -5.00    95.00     2.87   253.55     0.00
 2012 10 13  0.00   149  560599.0 7626795.2    91.0    -5.80    95.00     1.32   237.85     0.00
 2012 10 13  1.00   149  560599.0 7626795.2    91.0    -5.69    95.00     2.30   247.40     0.00
 2012 10 13  2.00   149  560599.0 7626795.2    91.0    -5.08    95.00     2.29   261.05     0.00
 2012 10 13  3.00   149  560599.0 7626795.2    91.0    -5.96    95.00     1.52   250.20     0.00
 2012 10 13  4.00   149  560599.0 7626795.2    91.0    -6.81    95.00     2.26   251.20     0.00
 2012 10 13  5.00   149  560599.0 7626795.2    91.0    -6.80    95.00     2.06   260.85     0.00
 2012 10 13  6.00   149  560599.0 7626795.2    91.0    -6.01    95.00     2.32   243.90     0.00
 2012 10 13  7.00   149  560599.0 7626795.2    91.0    -5.64    95.00     1.90   231.80     0.00
 2012 10 13  8.00   149  560599.0 7626795.2    91.0    -5.38    95.00     2.46   225.40     0.00
 2012 10 13  9.00   149  560599.0 7626795.2    91.0    -5.67    95.00     1.81   263.70     0.00
 2012 10 13 10.00   149  560599.0 7626795.2    91.0    -5.56    91.95     1.18   240.00     0.00
 2012 10 13 11.00   149  560599.0 7626795.2    91.0    -5.17    85.60     1.45   188.75     0.00
 2012 10 13 12.00   149  560599.0 7626795.2    91.0    -3.84    76.80     1.45   239.10     0.00
 2012 10 13 13.00   149  560599.0 7626795.2    91.0    -2.77    68.46     1.88   209.60     0.00
 2012 10 13 14.00   149  560599.0 7626795.2    91.0    -2.41    68.92     2.20   211.50     0.00
 2012 10 13 15.00   149  560599.0 7626795.2    91.0    -2.49    64.84     2.15   214.75     0.00
 2012 10 13 16.00   149  560599.0 7626795.2    91.0    -2.44    60.84     1.72   229.30     0.00
 2012 10 13 17.00   149  560599.0 7626795.2    91.0    -3.59    62.36     1.17   247.80     0.00
 2012 10 13 18.00   149  560599.0 7626795.2    91.0    -6.44    75.60     1.34   257.15     0.00
 2012 10 13 19.00   149  560599.0 7626795.2    91.0    -9.82    89.00     1.68   262.65     0.00
 2012 10 13 20.00   149  560599.0 7626795.2    91.0   -11.14    93.90     1.87   264.45     0.00
 2012 10 13 21.00   149  560599.0 7626795.2    91.0   -11.29    92.10     1.32   270.20     0.00
 2012 10 13 22.00   149  560599.0 7626795.2    91.0   -11.52    91.60     0.76   263.35     0.00
 2012 10 13 23.00   149  560599.0 7626795.2    91.0    -9.89    90.00     0.83   270.25     0.00
 2012 10 14  0.00   149  560599.0 7626795.2    91.0    -8.51    90.20     0.47   285.20     0.00
 2012 10 14  1.00   149  560599.0 7626795.2    91.0    -8.22    90.70     0.14   154.04     0.00
 2012 10 14  2.00   149  560599.0 7626795.2    91.0    -8.62    94.95     0.49   259.55     0.00
 2012 10 14  3.00   149  560599.0 7626795.2    91.0    -6.62    89.75     0.65   165.80     0.00
 2012 10 14  4.00   149  560599.0 7626795.2    91.0    -6.22    90.15     0.99   183.85     0.00
 2012 10 14  5.00   149  560599.0 7626795.2    91.0    -5.96    89.15     0.38   261.50     0.00
 2012 10 14  6.00   149  560599.0 7626795.2    91.0    -6.04    87.20     0.24   198.70     0.00
 2012 10 14  7.00   149  560599.0 7626795.2    91.0    -5.96    85.15     0.14   198.80     0.00
 2012 10 14  8.00   149  560599.0 7626795.2    91.0    -6.00    81.30     0.20   198.95     0.00
 2012 10 14  9.00   149  560599.0 7626795.2    91.0    -6.40    84.25     0.24   167.15     0.00
 2012 10 14 10.00   149  560599.0 7626795.2    91.0    -5.51    85.70     1.25    95.20     0.00
 2012 10 14 11.00   149  560599.0 7626795.2    91.0    -4.80    91.35     1.65   115.65     0.00
 2012 10 14 12.00   149  560599.0 7626795.2    91.0    -4.34    94.45     2.90   149.95     0.00
 2012 10 14 13.00   149  560599.0 7626795.2    91.0    -4.12    94.40     2.58   169.60     0.00
 2012 10 14 14.00   149  560599.0 7626795.2    91.0    -3.79    90.85     2.17   154.65     0.00
 2012 10 14 15.00   149  560599.0 7626795.2    91.0    -3.45    89.05     1.75   144.35     0.00
 2012 10 14 16.00   149  560599.0 7626795.2    91.0    -3.35    89.85     1.79   134.25     0.00
 2012 10 14 17.00   149  560599.0 7626795.2    91.0    -2.90    90.10     2.12   132.70     0.00
 2012 10 14 18.00   149  560599.0 7626795.2    91.0    -3.79    94.00     2.16   108.55     0.00
 2012 10 14 19.00   149  560599.0 7626795.2    91.0    -4.69    95.00     2.63    97.20     0.00
 2012 10 14 20.00   149  560599.0 7626795.2    91.0    -6.27    95.00     2.61    87.20     0.00
 2012 10 14 21.00   149  560599.0 7626795.2    91.0    -5.54    95.00     1.27   113.00     0.00
 2012 10 14 22.00   149  560599.0 7626795.2    91.0    -5.18    95.00     0.52   202.15     0.00
 2012 10 14 23.00   149  560599.0 7626795.2    91.0    -5.00    95.00     0.20   151.10     0.00
 2012 10 15  0.00   149  560599.0 7626795.2    91.0    -5.02    95.00     0.17   226.35     0.00
 2012 10 15  1.00   149  560599.0 7626795.2    91.0    -4.84    95.00     0.45   209.35     0.00
 2012 10 15  2.00   149  560599.0 7626795.2    91.0    -5.00    95.00     0.27   150.14     0.00
 2012 10 15  3.00   149  560599.0 7626795.2    91.0    -5.89    95.00     1.04   131.50     0.00
 2012 10 15  4.00   149  560599.0 7626795.2    91.0    -6.34    95.00     0.57   113.50     0.00
 2012 10 15  5.00   149  560599.0 7626795.2    91.0    -6.34    95.00     0.48   215.35     0.00
 2012 10 15  6.00   149  560599.0 7626795.2    91.0    -5.79    95.00     0.71   130.50     0.00
 2012 10 15  7.00   149  560599.0 7626795.2    91.0    -5.79    95.00     0.30    94.23     0.00
 2012 10 15  8.00   149  560599.0 7626795.2    91.0    -5.38    95.00     0.26   239.40     0.00
 2012 10 15  9.00   149  560599.0 7626795.2    91.0    -4.93    95.00     0.35   295.20     0.00
 2012 10 15 10.00   149  560599.0 7626795.2    91.0    -4.35    95.00     0.30   325.90     0.00
 2012 10 15 11.00   149  560599.0 7626795.2    91.0    -3.75    95.00     0.66   338.45     0.00
 2012 10 15 12.00   149  560599.0 7626795.2    91.0    -3.58    95.00     1.42   333.75     0.00
 2012 10 15 13.00   149  560599.0 7626795.2    91.0    -2.94    95.00     1.68   340.85     0.00
 2012 10 15 14.00   149  560599.0 7626795.2    91.0    -2.53    95.00     2.24   164.56     0.00
 2012 10 15 15.00   149  560599.0 7626795.2    91.0    -1.69    95.00     2.63    72.81     0.00
 2012 10 15 16.00   149  560599.0 7626795.2    91.0    -1.40    95.00     2.76    62.95     0.00
 2012 10 15 17.00   149  560599.0 7626795.2    91.0    -1.19    95.00     3.42    54.98     0.00
 2012 10 15 18.00   149  560599.0 7626795.2    91.0    -1.11    95.00     3.60    73.50     0.00
 2012 10 15 19.00   149  560599.0 7626795.2    91.0    -1.02    95.00     3.56    67.78     0.00
 2012 10 15 20.00   149  560599.0 7626795.2    91.0    -1.04    95.00     3.92    74.70     0.00
 2012 10 15 21.00   149  560599.0 7626795.2    91.0    -1.07    95.00     3.42    78.10     0.00
 2012 10 15 22.00   149  560599.0 7626795.2    91.0    -1.13    95.00     3.62    63.77     0.00
 2012 10 15 23.00   149  560599.0 7626795.2    91.0    -1.28    95.00     3.75    64.59     0.00
 2012 10 16  0.00   149  560599.0 7626795.2    91.0    -1.53    95.00     3.86    62.64     0.00
 2012 10 16  1.00   149  560599.0 7626795.2    91.0    -1.83    95.00     4.79    63.41     0.00
 2012 10 16  2.00   149  560599.0 7626795.2    91.0    -2.07    95.00     5.38    64.97     0.00
 2012 10 16  3.00   149  560599.0 7626795.2    91.0    -2.21    95.00     4.72    66.82     0.00
 2012 10 16  4.00   149  560599.0 7626795.2    91.0    -2.24    95.00     4.06    77.80     0.00
 2012 10 16  5.00   149  560599.0 7626795.2    91.0    -2.10    95.00     3.75    77.20     0.00
 2012 10 16  6.00   149  560599.0 7626795.2    91.0    -2.21    95.00     3.66    76.70     0.00
 2012 10 16  7.00   149  560599.0 7626795.2    91.0    -2.00    95.00     3.73    73.15     0.00
 2012 10 16  8.00   149  560599.0 7626795.2    91.0    -1.67    95.00     3.84    80.90     0.00
 2012 10 16  9.00   149  560599.0 7626795.2    91.0    -1.52    95.00     3.58    85.30     0.00
 2012 10 16 10.00   149  560599.0 7626795.2    91.0    -1.18    95.00     3.66    83.65     0.00
 2012 10 16 11.00   149  560599.0 7626795.2    91.0    -0.87    95.00     3.75    84.85     0.00
 2012 10 16 12.00   149  560599.0 7626795.2    91.0    -0.69    95.00     3.34    76.75     0.00
 2012 10 16 13.00   149  560599.0 7626795.2    91.0    -0.48    95.00     3.78    80.40     0.00
 2012 10 16 14.00   149  560599.0 7626795.2    91.0    -0.05    95.00     4.14    89.75     0.00
 2012 10 16 15.00   149  560599.0 7626795.2    91.0     0.06    95.00     4.17    86.90     0.00
 2012 10 16 16.00   149  560599.0 7626795.2    91.0     0.12    95.00     3.88    89.00     0.00
 2012 10 16 17.00   149  560599.0 7626795.2    91.0    -0.11    95.00     3.91    84.60     0.00
 2012 10 16 18.00   149  560599.0 7626795.2    91.0    -0.27    95.00     3.38    82.40     0.00
 2012 10 16 19.00   149  560599.0 7626795.2    91.0    -0.29    95.00     3.30    77.55     0.00
 2012 10 16 20.00   149  560599.0 7626795.2    91.0    -0.21    95.00     3.84    81.15     0.00
 2012 10 16 21.00   149  560599.0 7626795.2    91.0    -0.31    95.00     3.15    90.20     0.00
 2012 10 16 22.00   149  560599.0 7626795.2    91.0    -0.37    95.00     2.74    88.65     0.00
 2012 10 16 23.00   149  560599.0 7626795.2    91.0    -0.32    95.00     2.57    84.65     0.00
 2012 10 17  0.00   149  560599.0 7626795.2    91.0    -0.37    95.00     2.22    79.45     0.00
 2012 10 17  1.00   149  560599.0 7626795.2    91.0    -0.42    95.00     2.74    81.95     0.00
 2012 10 17  2.00   149  560599.0 7626795.2    91.0    -0.50    95.00     3.23    83.50     0.00
 2012 10 17  3.00   149  560599.0 7626795.2    91.0    -0.53    95.00     3.20    91.35     0.00
 2012 10 17  4.00   149  560599.0 7626795.2    91.0    -0.67    95.00     2.31    92.95     0.00
 2012 10 17  5.00   149  560599.0 7626795.2    91.0    -0.64    95.00     2.14    88.60     0.00
 2012 10 17  6.00   149  560599.0 7626795.2    91.0    -0.55    95.00     1.99    94.55     0.00
 2012 10 17  7.00   149  560599.0 7626795.2    91.0    -0.63    95.00     1.82    97.40     0.00
 2012 10 17  8.00   149  560599.0 7626795.2    91.0    -0.52    95.00     2.19    93.55     0.00
 2012 10 17  9.00   149  560599.0 7626795.2    91.0    -0.61    95.00     2.49   104.35     0.00
 2012 10 17 10.00   149  560599.0 7626795.2    91.0    -0.52    95.00     2.54   109.65     0.19
 2012 10 17 11.00   149  560599.0 7626795.2    91.0    -0.52    95.00     2.71   112.50     0.33
 2012 10 17 12.00   149  560599.0 7626795.2    91.0    -0.43    95.00     2.21   110.40     0.21
 2012 10 17 13.00   149  560599.0 7626795.2    91.0    -0.23    95.00     2.67   112.80     0.12
 2012 10 17 14.00   149  560599.0 7626795.2    91.0    -0.16    95.00     2.63   116.55     0.20
 2012 10 17 15.00   149  560599.0 7626795.2    91.0    -0.17    95.00     2.48   115.25     0.00
 2012 10 17 16.00   149  560599.0 7626795.2    91.0    -0.35    95.00     2.73   114.85     0.00
 2012 10 17 17.00   149  560599.0 7626795.2    91.0    -0.64    95.00     2.78   103.40     0.00
 2012 10 17 18.00   149  560599.0 7626795.2    91.0    -0.99    95.00     2.79    96.65     0.17
 2012 10 17 19.00   149  560599.0 7626795.2    91.0    -1.26    95.00     3.12    92.10     0.00
 2012 10 17 20.00   149  560599.0 7626795.2    91.0    -1.45    95.00     3.46    90.75     0.00
 2012 10 17 21.00   149  560599.0 7626795.2    91.0    -1.62    95.00     3.17    96.00     0.00
 2012 10 17 22.00   149  560599.0 7626795.2    91.0    -1.71    95.00     3.21    95.25     0.25
 2012 10 17 23.00   149  560599.0 7626795.2    91.0    -1.74    95.00     2.83    97.25     0.00
 2012 10 18  0.00   149  560599.0 7626795.2    91.0    -1.79    95.00     2.05    88.75     0.00
 2012 10 18  1.00   149  560599.0 7626795.2    91.0    -1.84    95.00     1.69    72.44     0.00
 2012 10 18  2.00   149  560599.0 7626795.2    91.0    -1.73    95.00     2.00    78.80     0.00
 2012 10 18  3.00   149  560599.0 7626795.2    91.0    -1.71    95.00     2.37    79.05     0.00
 2012 10 18  4.00   149  560599.0 7626795.2    91.0    -1.92    95.00     2.79    66.13     0.00
 2012 10 18  5.00   149  560599.0 7626795.2    91.0    -2.14    95.00     2.37    55.11     0.00
 2012 10 18  6.00   149  560599.0 7626795.2    91.0    -2.50    95.00     3.71    50.12     0.00
 2012 10 18  7.00   149  560599.0 7626795.2    91.0    -3.19    95.00     4.72    49.80     0.00
 2012 10 18  8.00   149  560599.0 7626795.2    91.0    -3.59    95.00     3.97    54.38     0.00
 2012 10 18  9.00   149  560599.0 7626795.2    91.0    -4.04    95.00     4.32    52.71     0.00
 2012 10 18 10.00   149  560599.0 7626795.2    91.0    -4.35    95.00     3.92    55.10     0.00
 2012 10 18 11.00   149  560599.0 7626795.2    91.0    -4.37    95.00     4.96    59.78     0.00
 2012 10 18 12.00   149  560599.0 7626795.2    91.0    -4.38    95.00     5.69    69.06     0.00
 2012 10 18 13.00   149  560599.0 7626795.2    91.0    -4.11    95.00     5.73    72.80     0.00
 2012 10 18 14.00   149  560599.0 7626795.2    91.0    -3.57    95.00     5.88    73.30     0.00
 2012 10 18 15.00   149  560599.0 7626795.2    91.0    -3.26    95.00     5.56    69.15     0.00
 2012 10 18 16.00   149  560599.0 7626795.2    91.0    -4.35    95.00     4.75    61.31     0.00
 2012 10 18 17.00   149  560599.0 7626795.2    91.0    -5.00    95.00     4.46    49.89     0.00
 2012 10 18 18.00   149  560599.0 7626795.2    91.0    -4.17    95.00     3.83    35.75     0.00
 2012 10 18 19.00   149  560599.0 7626795.2    91.0    -3.42    92.55     5.39    26.82     0.00
 2012 10 18 20.00   149  560599.0 7626795.2    91.0    -4.16    92.00     4.05   182.61     0.00
 2012 10 18 21.00   149  560599.0 7626795.2    91.0    -5.11    95.00     3.17   323.65     0.00
 2012 10 18 22.00   149  560599.0 7626795.2    91.0    -5.39    95.00     3.12   303.55     0.00
 2012 10 18 23.00   149  560599.0 7626795.2    91.0    -4.80    95.00     3.46   315.75     0.00
 2012 10 19  0.00   149  560599.0 7626795.2    91.0    -3.74    95.00     4.50   341.90     0.00
 2012 10 19  1.00   149  560599.0 7626795.2    91.0    -3.92    95.00     5.46   341.60     0.00
 2012 10 19  2.00   149  560599.0 7626795.2    91.0    -4.00    95.00     5.54   330.35     0.00
 2012 10 19  3.00   149  560599.0 7626795.2    91.0    -3.81    95.00     6.24   339.15     0.00
 2012 10 19  4.00   149  560599.0 7626795.2    91.0    -4.06    95.00     5.80   338.75     0.00
 2012 10 19  5.00   149  560599.0 7626795.2    91.0    -4.25    95.00     4.62   330.90     0.00
 2012 10 19  6.00   149  560599.0 7626795.2    91.0    -4.37    95.00     4.68   329.25     0.00
 2012 10 19  7.00   149  560599.0 7626795.2    91.0    -4.71    95.00     4.18   315.95     0.00
 2012 10 19  8.00   149  560599.0 7626795.2    91.0    -4.70    95.00     4.08   322.55     0.00
 2012 10 19  9.00   149  560599.0 7626795.2    91.0    -4.47    95.00     4.01   328.30     0.00
 2012 10 19 10.00   149  560599.0 7626795.2    91.0    -4.71    95.00     3.66   318.80     0.00
 2012 10 19 11.00   149  560599.0 7626795.2    91.0    -4.49    95.00     4.34   320.75     0.00
 2012 10 19 12.00   149  560599.0 7626795.2    91.0    -4.45    95.00     4.67   324.20     0.00
 2012 10 19 13.00   149  560599.0 7626795.2    91.0    -4.20    95.00     4.33   323.90     0.00
 2012 10 19 14.00   149  560599.0 7626795.2    91.0    -3.98    95.00     3.94   318.80     0.00
 2012 10 19 15.00   149  560599.0 7626795.2    91.0    -4.07    95.00     3.39   308.65     0.00
 2012 10 19 16.00   149  560599.0 7626795.2    91.0    -3.89    95.00     3.70   313.40     0.00
 2012 10 19 17.00   149  560599.0 7626795.2    91.0    -3.95    95.00     3.58   311.65     0.00
 2012 10 19 18.00   149  560599.0 7626795.2    91.0    -4.04    95.00     3.58   311.70     0.00
 2012 10 19 19.00   149  560599.0 7626795.2    91.0    -4.38    95.00     3.29   300.50     0.00
 2012 10 19 20.00   149  560599.0 7626795.2    91.0    -3.85    95.00     3.68   305.00     0.00
 2012 10 19 21.00   149  560599.0 7626795.2    91.0    -3.41    95.00     4.07   308.50     0.00
 2012 10 19 22.00   149  560599.0 7626795.2    91.0    -3.01    95.00     4.83   326.85     0.00
 2012 10 19 23.00   149  560599.0 7626795.2    91.0    -3.19    95.00     4.75   355.75     0.00
 2012 10 20  0.00   149  560599.0 7626795.2    91.0    -3.63    95.00     3.46   349.00     0.00
 2012 10 20  1.00   149  560599.0 7626795.2    91.0    -3.60    95.00     3.38   340.10     0.00
 2012 10 20  2.00   149  560599.0 7626795.2    91.0    -4.08    95.00     3.08   336.00     0.00
 2012 10 20  3.00   149  560599.0 7626795.2    91.0    -3.71    95.00     3.54   335.75     0.00
 2012 10 20  4.00   149  560599.0 7626795.2    91.0    -3.54    95.00     4.83   336.95     0.00
 2012 10 20  5.00   149  560599.0 7626795.2    91.0    -3.80    95.00     6.19   342.95     0.00
 2012 10 20  6.00   149  560599.0 7626795.2    91.0    -3.98    95.00     6.06   349.30     0.00
 2012 10 20  7.00   149  560599.0 7626795.2    91.0    -4.20    95.00     6.19   348.60     0.00
 2012 10 20  8.00   149  560599.0 7626795.2    91.0    -4.31    95.00     5.93   343.70     0.00
 2012 10 20  9.00   149  560599.0 7626795.2    91.0    -4.38    95.00     5.88   347.20     0.00
 2012 10 20 10.00   149  560599.0 7626795.2    91.0    -4.39    95.00     5.11   346.30     0.00
 2012 10 20 11.00   149  560599.0 7626795.2    91.0    -4.29    95.00     3.59   337.90     0.00
 2012 10 20 12.00   149  560599.0 7626795.2    91.0    -3.96    94.55     3.81   332.55     0.00
 2012 10 20 13.00   149  560599.0 7626795.2    91.0    -3.93    94.65     3.23   319.90     0.00
 2012 10 20 14.00   149  560599.0 7626795.2    91.0    -3.68    95.00     2.92   319.95     0.00
 2012 10 20 15.00   149  560599.0 7626795.2    91.0    -3.61    94.20     3.03   320.85     0.00
 2012 10 20 16.00   149  560599.0 7626795.2    91.0    -3.71    95.00     3.07   314.35     0.00
 2012 10 20 17.00   149  560599.0 7626795.2    91.0    -3.87    95.00     2.79   311.95     0.00
 2012 10 20 18.00   149  560599.0 7626795.2    91.0    -3.99    95.00     2.39   312.60     0.00
 2012 10 20 19.00   149  560599.0 7626795.2    91.0    -4.08    95.00     2.20   313.20     0.00
 2012 10 20 20.00   149  560599.0 7626795.2    91.0    -4.22    95.00     2.32   321.35     0.00
 2012 10 20 21.00   149  560599.0 7626795.2    91.0    -4.31    95.00     1.95   333.05     0.00
 2012 10 20 22.00   149  560599.0 7626795.2    91.0    -4.49    95.00     1.74   328.30     0.00
 2012 10 20 23.00   149  560599.0 7626795.2    91.0    -4.61    95.00     1.41   324.85     0.00
 2012 10 21  0.00   149  560599.0 7626795.2    91.0    -4.67    95.00     1.50   308.70     0.00
 2012 10 21  1.00   149  560599.0 7626795.2    91.0    -4.48    94.00     1.64   307.65     0.00
 2012 10 21  2.00   149  560599.0 7626795.2    91.0    -4.46    93.30     1.86   330.85     0.00
 2012 10 21  3.00   149  560599.0 7626795.2    91.0    -4.47    91.60     1.23   319.15     0.00
 2012 10 21  4.00   149  560599.0 7626795.2    91.0    -4.23    86.45     0.93   301.05     0.00
 2012 10 21  5.00   149  560599.0 7626795.2    91.0    -4.64    88.65     0.12   318.35     0.00
 2012 10 21  6.00   149  560599.0 7626795.2    91.0    -4.65    88.20     0.29   286.20     0.00
 2012 10 21  7.00   149  560599.0 7626795.2    91.0    -4.18    83.85     0.45   263.15     0.00
 2012 10 21  8.00   149  560599.0 7626795.2    91.0    -4.71    87.85     1.28   163.20     0.00
 2012 10 21  9.00   149  560599.0 7626795.2    91.0    -5.11    89.15     1.46   142.85     0.00
 2012 10 21 10.00   149  560599.0 7626795.2    91.0    -5.75    89.25     0.86   150.40     0.00
 2012 10 21 11.00   149  560599.0 7626795.2    91.0    -5.64    89.75     0.91   152.35     0.00
 2012 10 21 12.00   149  560599.0 7626795.2    91.0    -5.04    93.45     1.71   175.80     0.00
 2012 10 21 13.00   149  560599.0 7626795.2    91.0    -4.69    83.90     1.41   170.90     0.00
 2012 10 21 14.00   149  560599.0 7626795.2    91.0    -4.69    82.40     1.43   178.20     0.00
 2012 10 21 15.00   149  560599.0 7626795.2    91.0    -5.20    90.50     1.96   177.20     0.00
 2012 10 21 16.00   149  560599.0 7626795.2    91.0    -6.65    93.65     1.67   179.75     0.00
 2012 10 21 17.00   149  560599.0 7626795.2    91.0    -8.29    95.00     2.53   169.80     0.00
 2012 10 21 18.00   149  560599.0 7626795.2    91.0    -9.27    95.00     2.53   164.95     0.00
 2012 10 21 19.00   149  560599.0 7626795.2    91.0    -9.25    95.00     2.46   177.35     0.00
 2012 10 21 20.00   149  560599.0 7626795.2    91.0    -8.88    95.00     4.03   182.75     0.00
 2012 10 21 21.00   149  560599.0 7626795.2    91.0    -9.61    95.00     3.15   172.65     0.00
 2012 10 21 22.00   149  560599.0 7626795.2    91.0    -9.95    95.00     3.48   185.05     0.00
 2012 10 21 23.00   149  560599.0 7626795.2    91.0    -9.05    95.00     4.56   177.45     0.00
 2012 10 22  0.00   149  560599.0 7626795.2    91.0    -9.44    95.00     4.00   168.15     0.00
 2012 10 22  1.00   149  560599.0 7626795.2    91.0    -9.71    95.00     4.01   175.35     0.00
 2012 10 22  2.00   149  560599.0 7626795.2    91.0    -9.93    95.00     4.21   176.70     0.00
 2012 10 22  3.00   149  560599.0 7626795.2    91.0   -10.23    95.00     4.10   162.85     0.00
 2012 10 22  4.00   149  560599.0 7626795.2    91.0   -10.38    95.00     3.94   161.05     0.00
 2012 10 22  5.00   149  560599.0 7626795.2    91.0    -9.87    95.00     4.00   164.60     0.00
 2012 10 22  6.00   149  560599.0 7626795.2    91.0    -9.60    95.00     3.90   159.50     0.00
 2012 10 22  7.00   149  560599.0 7626795.2    91.0    -9.39    95.00     4.68   160.40     0.00
 2012 10 22  8.00   149  560599.0 7626795.2    91.0    -9.58    95.00     4.95   163.25     0.00
 2012 10 22  9.00   149  560599.0 7626795.2    91.0   -10.21    95.00     5.53   169.50     0.00
 2012 10 22 10.00   149  560599.0 7626795.2    91.0   -10.75    95.00     3.98   170.65     0.16
 2012 10 22 11.00   149  560599.0 7626795.2    91.0    -9.49    95.00     5.12   174.25     0.00
 2012 10 22 12.00   149  560599.0 7626795.2    91.0    -8.97    95.00     5.60   183.05     0.00
 2012 10 22 13.00   149  560599.0 7626795.2    91.0    -8.62    94.70     4.92   188.75     0.00
 2012 10 22 14.00   149  560599.0 7626795.2    91.0    -8.16    92.15     3.10   192.50     0.00
 2012 10 22 15.00   149  560599.0 7626795.2    91.0    -8.07    89.70     2.04   183.50     0.00
 2012 10 22 16.00   149  560599.0 7626795.2    91.0    -8.96    93.35     2.33   152.40     0.00
 2012 10 22 17.00   149  560599.0 7626795.2    91.0    -9.59    94.05     0.83    48.75     0.00
 2012 10 22 18.00   149  560599.0 7626795.2    91.0   -10.89    95.00     0.83   117.25     0.00
 2012 10 22 19.00   149  560599.0 7626795.2    91.0   -11.39    95.00     1.85   176.15     0.00
 2012 10 22 20.00   149  560599.0 7626795.2    91.0   -12.01    95.00     3.42   173.20     0.00
 2012 10 22 21.00   149  560599.0 7626795.2    91.0    -9.95    95.00     4.62   168.25     0.00
 2012 10 22 22.00   149  560599.0 7626795.2    91.0    -8.89    95.00     4.69   170.70     0.00
 2012 10 22 23.00   149  560599.0 7626795.2    91.0    -8.38    95.00     4.51   177.00     0.00
 2012 10 23  0.00   149  560599.0 7626795.2    91.0    -8.02    95.00     4.19   173.25     0.00
 2012 10 23  1.00   149  560599.0 7626795.2    91.0    -7.86    95.00     4.25   178.00     0.00
 2012 10 23  2.00   149  560599.0 7626795.2    91.0    -7.76    95.00     4.29   175.40     0.00
 2012 10 23  3.00   149  560599.0 7626795.2    91.0    -7.93    95.00     3.57   171.25     0.00
 2012 10 23  4.00   149  560599.0 7626795.2    91.0    -8.19    95.00     3.29   170.20     0.00
 2012 10 23  5.00   149  560599.0 7626795.2    91.0    -8.34    95.00     2.68   160.25     0.00
 2012 10 23  6.00   149  560599.0 7626795.2    91.0    -8.66    95.00     2.17   165.90     0.00
 2012 10 23  7.00   149  560599.0 7626795.2    91.0    -9.16    95.00     1.98   175.10     0.00
 2012 10 23  8.00   149  560599.0 7626795.2    91.0   -11.07    95.00     1.15   217.10     0.00
 2012 10 23  9.00   149  560599.0 7626795.2    91.0   -12.59    95.00     0.71   219.75     0.00
 2012 10 23 10.00   149  560599.0 7626795.2    91.0   -12.66    95.00     0.69   276.95     0.00
 2012 10 23 11.00   149  560599.0 7626795.2    91.0   -10.94    95.00     0.74   251.30     0.00
 2012 10 23 12.00   149  560599.0 7626795.2    91.0    -9.79    95.00     0.36   169.05     0.00
 2012 10 23 13.00   149  560599.0 7626795.2    91.0    -8.95    95.00     0.36   211.35     0.00
 2012 10 23 14.00   149  560599.0 7626795.2    91.0    -8.57    95.00     0.62   238.60     0.00
 2012 10 23 15.00   149  560599.0 7626795.2    91.0    -8.17    95.00     0.55   212.85     0.00
 2012 10 23 16.00   149  560599.0 7626795.2    91.0    -8.07    95.00     1.04   199.10     0.00
 2012 10 23 17.00   149  560599.0 7626795.2    91.0    -8.06    95.00     1.08   251.50     0.00
 2012 10 23 18.00   149  560599.0 7626795.2    91.0    -8.11    95.00     0.51   235.95     0.00
 2012 10 23 19.00   149  560599.0 7626795.2    91.0    -8.09    95.00     0.34   227.20     0.00
 2012 10 23 20.00   149  560599.0 7626795.2    91.0    -8.03    95.00     0.54   187.10     0.00
 2012 10 23 21.00   149  560599.0 7626795.2    91.0    -7.87    95.00     0.75   203.15     0.00
 2012 10 23 22.00   149  560599.0 7626795.2    91.0    -7.60    95.00     0.99   236.10     0.00
 2012 10 23 23.00   149  560599.0 7626795.2    91.0    -7.57    95.00     1.97   273.40     0.00
 2012 10 24  0.00   149  560599.0 7626795.2    91.0    -7.35    95.00     1.51   270.75     0.00
 2012 10 24  1.00   149  560599.0 7626795.2    91.0    -7.69    95.00     1.35   275.40     0.00
 2012 10 24  2.00   149  560599.0 7626795.2    91.0    -8.74    95.00     0.74   266.65     0.00
 2012 10 24  3.00   149  560599.0 7626795.2    91.0    -8.83    95.00     0.36   256.05     0.00
 2012 10 24  4.00   149  560599.0 7626795.2    91.0    -9.10    95.00     1.09   264.15     0.00
 2012 10 24  5.00   149  560599.0 7626795.2    91.0    -9.32    95.00     1.14   276.65     0.00
 2012 10 24  6.00   149  560599.0 7626795.2    91.0    -9.69    95.00     1.48   258.15     0.00
 2012 10 24  7.00   149  560599.0 7626795.2    91.0   -10.33    95.00     1.43   262.95     0.00
 2012 10 24  8.00   149  560599.0 7626795.2    91.0   -10.70    95.00     1.64   261.75     0.00
 2012 10 24  9.00   149  560599.0 7626795.2    91.0   -10.07    94.45     2.47   252.75     0.00
 2012 10 24 10.00   149  560599.0 7626795.2    91.0   -11.04    93.75     3.03   251.60     0.00
 2012 10 24 11.00   149  560599.0 7626795.2    91.0   -10.84    92.65     2.83   249.30     0.00
 2012 10 24 12.00   149  560599.0 7626795.2    91.0    -8.57    87.95     2.95   241.90     0.00
 2012 10 24 13.00   149  560599.0 7626795.2    91.0    -7.23    81.30     2.66   245.40     0.00
 2012 10 24 14.00   149  560599.0 7626795.2    91.0    -6.95    86.90     2.58   249.75     0.00
 2012 10 24 15.00   149  560599.0 7626795.2    91.0    -6.00    92.50     3.29   235.35     0.00
 2012 10 24 16.00   149  560599.0 7626795.2    91.0    -5.49    94.95     2.62   242.00     0.00
 2012 10 24 17.00   149  560599.0 7626795.2    91.0    -5.53    95.00     3.17   243.00     0.00
 2012 10 24 18.00   149  560599.0 7626795.2    91.0    -5.27    95.00     3.35   249.55     0.00
 2012 10 24 19.00   149  560599.0 7626795.2    91.0    -5.73    95.00     3.62   258.40     0.00
 2012 10 24 20.00   149  560599.0 7626795.2    91.0    -5.37    95.00     3.04   246.35     0.00
 2012 10 24 21.00   149  560599.0 7626795.2    91.0    -5.22    95.00     3.50   238.85     0.00
 2012 10 24 22.00   149  560599.0 7626795.2    91.0    -4.97    95.00     3.08   249.40     0.00
 2012 10 24 23.00   149  560599.0 7626795.2    91.0    -5.21    95.00     3.25   239.70     0.00
 2012 10 25  0.00   149  560599.0 7626795.2    91.0    -5.37    95.00     3.05   232.65     0.00
 2012 10 25  1.00   149  560599.0 7626795.2    91.0    -4.84    95.00     3.48   252.20     0.00
 2012 10 25  2.00   149  560599.0 7626795.2    91.0    -4.70    95.00     3.08   251.45     0.00
 2012 10 25  3.00   149  560599.0 7626795.2    91.0    -4.59    95.00     3.05   253.35     0.00
 2012 10 25  4.00   149  560599.0 7626795.2    91.0    -5.14    95.00     2.38   242.30     0.00
 2012 10 25  5.00   149  560599.0 7626795.2    91.0    -5.11    95.00     2.72   252.30     0.00
 2012 10 25  6.00   149  560599.0 7626795.2    91.0    -5.20    95.00     2.62   233.55     0.00
 2012 10 25  7.00   149  560599.0 7626795.2    91.0    -5.42    95.00     2.62   253.85     0.00
 2012 10 25  8.00   149  560599.0 7626795.2    91.0    -5.17    95.00     2.65   243.50     0.00
 2012 10 25  9.00   149  560599.0 7626795.2    91.0    -5.47    95.00     3.73   218.25     0.00
 2012 10 25 10.00   149  560599.0 7626795.2    91.0    -5.35    95.00     4.29   210.55     0.00
 2012 10 25 11.00   149  560599.0 7626795.2    91.0    -5.31    95.00     3.54   229.45     0.00
 2012 10 25 12.00   149  560599.0 7626795.2    91.0    -5.44    95.00     5.21   198.30     0.00
 2012 10 25 13.00   149  560599.0 7626795.2    91.0    -5.30    93.65     5.46   203.90     0.00
 2012 10 25 14.00   149  560599.0 7626795.2    91.0    -5.53    91.35     4.57   197.10     0.00
 2012 10 25 15.00   149  560599.0 7626795.2    91.0    -5.75    90.45     3.69   193.60     0.00
 2012 10 25 16.00   149  560599.0 7626795.2    91.0    -5.88    84.65     4.24   197.60     0.00
 2012 10 25 17.00   149  560599.0 7626795.2    91.0    -7.57    88.00     4.43   191.40     0.00
 2012 10 25 18.00   149  560599.0 7626795.2    91.0    -8.64    92.75     4.75   186.15     0.00
 2012 10 25 19.00   149  560599.0 7626795.2    91.0    -9.30    94.35     4.42   188.25     0.00
 2012 10 25 20.00   149  560599.0 7626795.2    91.0   -10.90    95.00     4.02   193.05     0.00
 2012 10 25 21.00   149  560599.0 7626795.2    91.0   -10.42    95.00     4.65   200.10     0.00
 2012 10 25 22.00   149  560599.0 7626795.2    91.0   -11.39    95.00     3.34   192.90     0.00
 2012 10 25 23.00   149  560599.0 7626795.2    91.0   -11.52    95.00     4.35   188.85     0.00
 2012 10 26  0.00   149  560599.0 7626795.2    91.0   -11.52    95.00     4.63   200.95     0.00
 2012 10 26  1.00   149  560599.0 7626795.2    91.0   -11.57    95.00     5.86   208.30     0.00
 2012 10 26  2.00   149  560599.0 7626795.2    91.0   -11.64    94.70     6.40   199.40     0.00
 2012 10 26  3.00   149  560599.0 7626795.2    91.0   -11.49    93.85     6.58   196.80     0.00
 2012 10 26  4.00   149  560599.0 7626795.2    91.0   -11.39    94.25     7.00   203.60     0.00
 2012 10 26  5.00   149  560599.0 7626795.2    91.0   -10.93    92.75     6.96   204.95     0.00
 2012 10 26  6.00   149  560599.0 7626795.2    91.0   -11.35    93.05     6.31   208.85     0.00
 2012 10 26  7.00   149  560599.0 7626795.2    91.0   -10.41    91.55     6.57   209.90     0.00
 2012 10 26  8.00   149  560599.0 7626795.2    91.0    -9.82    89.05     6.73   205.75     0.00
 2012 10 26  9.00   149  560599.0 7626795.2    91.0    -9.53    92.75     6.40   212.85     0.00
 2012 10 26 10.00   149  560599.0 7626795.2    91.0    -9.78    95.00     6.56   214.25     0.00
 2012 10 26 11.00   149  560599.0 7626795.2    91.0    -9.52    95.00     6.02   218.65     0.00
 2012 10 26 12.00   149  560599.0 7626795.2    91.0    -9.43    95.00     5.55   222.75     0.00
 2012 10 26 13.00   149  560599.0 7626795.2    91.0    -9.33    95.00     5.38   225.25     0.00
 2012 10 26 14.00   149  560599.0 7626795.2    91.0    -9.34    95.00     5.45   230.50     0.00
 2012 10 26 15.00   149  560599.0 7626795.2    91.0    -9.41    95.00     6.96   212.90     0.00
 2012 10 26 16.00   149  560599.0 7626795.2    91.0    -9.66    95.00     7.10   222.65     0.00
 2012 10 26 17.00   149  560599.0 7626795.2    91.0    -9.78    95.00     6.79   226.65     0.00
 2012 10 26 18.00   149  560599.0 7626795.2    91.0    -9.58    95.00     6.45   218.50     0.00
 2012 10 26 19.00   149  560599.0 7626795.2    91.0    -9.40    95.00     5.51   227.85     0.00
 2012 10 26 20.00   149  560599.0 7626795.2    91.0    -8.75    95.00     5.45   241.75     0.00
 2012 10 26 21.00   149  560599.0 7626795.2    91.0    -7.63    95.00     5.82   248.25     0.00
 2012 10 26 22.00   149  560599.0 7626795.2    91.0    -7.85    95.00     5.59   243.75     0.00
 2012 10 26 23.00   149  560599.0 7626795.2    91.0    -7.10    95.00     6.08   257.95     0.00
 2012 10 27  0.00   149  560599.0 7626795.2    91.0    -7.71    95.00     5.35   248.80     0.00
 2012 10 27  1.00   149  560599.0 7626795.2    91.0    -6.92    95.00     5.36   253.25     0.00
 2012 10 27  2.00   149  560599.0 7626795.2    91.0    -6.83    95.00     5.71   258.00     0.00
 2012 10 27  3.00   149  560599.0 7626795.2    91.0    -6.46    95.00     5.33   255.40     0.00
 2012 10 27  4.00   149  560599.0 7626795.2    91.0    -6.01    95.00     4.58   254.05     0.00
 2012 10 27  5.00   149  560599.0 7626795.2    91.0    -5.33    95.00     4.72   258.90     0.00
 2012 10 27  6.00   149  560599.0 7626795.2    91.0    -5.61    95.00     4.35   249.70     0.00
 2012 10 27  7.00   149  560599.0 7626795.2    91.0    -5.40    95.00     4.48   263.85     0.16
 2012 10 27  8.00   149  560599.0 7626795.2    91.0    -5.40    95.00     5.15   271.00     0.00
 2012 10 27  9.00   149  560599.0 7626795.2    91.0    -5.50    95.00     4.91   273.10     0.00
 2012 10 27 10.00   149  560599.0 7626795.2    91.0    -5.17    95.00     4.57   284.25     0.00
 2012 10 27 11.00   149  560599.0 7626795.2    91.0    -5.26    95.00     2.39   249.70     0.00
 2012 10 27 12.00   149  560599.0 7626795.2    91.0    -5.91    95.00     3.51   258.90     0.00
 2012 10 27 13.00   149  560599.0 7626795.2    91.0    -5.57    95.00     3.87   264.30     0.00
 2012 10 27 14.00   149  560599.0 7626795.2    91.0    -5.27    95.00     3.75   255.05     0.00
 2012 10 27 15.00   149  560599.0 7626795.2    91.0    -4.97    95.00     3.82   245.25     0.00
 2012 10 27 16.00   149  560599.0 7626795.2    91.0    -5.12    95.00     3.62   232.30     0.00
 2012 10 27 17.00   149  560599.0 7626795.2    91.0    -5.68    95.00     3.20   229.65     0.00
 2012 10 27 18.00   149  560599.0 7626795.2    91.0    -5.77    95.00     2.22   256.65     0.00
 2012 10 27 19.00   149  560599.0 7626795.2    91.0    -5.92    95.00     2.64   239.55     0.00
 2012 10 27 20.00   149  560599.0 7626795.2    91.0    -6.11    95.00     3.86   234.20     0.00
 2012 10 27 21.00   149  560599.0 7626795.2    91.0    -6.44    95.00     4.19   233.85     0.00
 2012 10 27 22.00   149  560599.0 7626795.2    91.0    -6.56    95.00     4.79   228.50     0.00
 2012 10 27 23.00   149  560599.0 7626795.2    91.0    -6.61    95.00     4.69   223.10     0.00
 2012 10 28  0.00   149  560599.0 7626795.2    91.0    -6.61    95.00     5.08   207.95     0.00
 2012 10 28  1.00   149  560599.0 7626795.2    91.0    -6.51    95.00     5.85   206.70     0.00
 2012 10 28  2.00   149  560599.0 7626795.2    91.0    -6.52    95.00     6.50   214.85     0.00
 2012 10 28  3.00   149  560599.0 7626795.2    91.0    -6.45    95.00     5.99   214.20     0.00
 2012 10 28  4.00   149  560599.0 7626795.2    91.0    -6.39    95.00     7.30   211.95     0.00
 2012 10 28  5.00   149  560599.0 7626795.2    91.0    -6.34    95.00     7.13   213.40     0.00
 2012 10 28  6.00   149  560599.0 7626795.2    91.0    -6.06    95.00     6.83   214.35     0.00
 2012 10 28  7.00   149  560599.0 7626795.2    91.0    -4.49    95.00     5.56   246.30     0.38
 2012 10 28  8.00   149  560599.0 7626795.2    91.0    -1.70    95.00     7.28   300.35     0.00
 2012 10 28  9.00   149  560599.0 7626795.2    91.0    -1.50    95.00     9.98   318.40     0.00
 2012 10 28 10.00   149  560599.0 7626795.2    91.0    -1.77    95.00     8.64   311.65     0.00
 2012 10 28 11.00   149  560599.0 7626795.2    91.0    -1.77    95.00     8.17   304.70     0.00
 2012 10 28 12.00   149  560599.0 7626795.2    91.0    -1.83    95.00     8.79   309.05     0.00
 2012 10 28 13.00   149  560599.0 7626795.2    91.0    -1.73    95.00     7.99   305.65     0.00
 2012 10 28 14.00   149  560599.0 7626795.2    91.0    -2.13    95.00     9.82   299.50     0.00
 2012 10 28 15.00   149  560599.0 7626795.2    91.0    -2.60    95.00    10.54   299.45     0.00
 2012 10 28 16.00   149  560599.0 7626795.2    91.0    -3.10    95.00    11.14   294.65     0.00
 2012 10 28 17.00   149  560599.0 7626795.2    91.0    -3.49    95.00    11.40   292.55     0.31
 2012 10 28 18.00   149  560599.0 7626795.2    91.0    -3.62    95.00    10.44   294.60     0.00
 2012 10 28 19.00   149  560599.0 7626795.2    91.0    -3.74    95.00     9.75   293.10     0.00
 2012 10 28 20.00   149  560599.0 7626795.2    91.0    -3.83    95.00     8.02   285.90     0.00
 2012 10 28 21.00   149  560599.0 7626795.2    91.0    -3.84    95.00     7.78   286.80     0.00
 2012 10 28 22.00   149  560599.0 7626795.2    91.0    -4.33    95.00     8.16   281.55     0.00
 2012 10 28 23.00   149  560599.0 7626795.2    91.0    -5.72    95.00     8.29   282.20     0.00
 2012 10 29  0.00   149  560599.0 7626795.2    91.0    -5.62    95.00     8.21   282.85     0.00
 2012 10 29  1.00   149  560599.0 7626795.2    91.0    -5.57    95.00     7.61   284.35     0.00
 2012 10 29  2.00   149  560599.0 7626795.2    91.0    -6.42    92.60     5.58   275.35     0.00
 2012 10 29  3.00   149  560599.0 7626795.2    91.0    -7.04    90.40     4.96   263.50     0.00
 2012 10 29  4.00   149  560599.0 7626795.2    91.0    -6.61    87.70     4.88   263.35     0.00
 2012 10 29  5.00   149  560599.0 7626795.2    91.0    -6.40    88.40     4.29   262.35     0.25
 2012 10 29  6.00   149  560599.0 7626795.2    91.0    -5.92    86.45     5.45   250.60     0.00
 2012 10 29  7.00   149  560599.0 7626795.2    91.0    -6.00    87.90     4.20   258.55     0.00
 2012 10 29  8.00   149  560599.0 7626795.2    91.0    -6.17    89.40     3.34   254.65     0.00
 2012 10 29  9.00   149  560599.0 7626795.2    91.0    -6.38    93.65     3.25   249.20     0.00
 2012 10 29 10.00   149  560599.0 7626795.2    91.0    -6.60    95.00     2.96   257.80     0.00
 2012 10 29 11.00   149  560599.0 7626795.2    91.0    -6.42    95.00     2.34   247.80     0.00
 2012 10 29 12.00   149  560599.0 7626795.2    91.0    -6.58    95.00     2.17   244.00     0.00
 2012 10 29 13.00   149  560599.0 7626795.2    91.0    -5.92    95.00     2.53   257.65     0.00
 2012 10 29 14.00   149  560599.0 7626795.2    91.0    -5.98    95.00     2.12   263.25     0.00
 2012 10 29 15.00   149  560599.0 7626795.2    91.0    -6.33    95.00     1.18   262.20     0.00
 2012 10 29 16.00   149  560599.0 7626795.2    91.0    -6.48    95.00     1.23   230.40     0.00
 2012 10 29 17.00   149  560599.0 7626795.2    91.0    -6.92    95.00     1.49   232.80     0.00
 2012 10 29 18.00   149  560599.0 7626795.2    91.0    -8.13    95.00     2.02   251.15     0.00
 2012 10 29 19.00   149  560599.0 7626795.2    91.0    -8.53    95.00     2.54   261.25     0.00
 2012 10 29 20.00   149  560599.0 7626795.2    91.0    -8.30    95.00     2.29   264.85     0.00
 2012 10 29 21.00   149  560599.0 7626795.2    91.0    -8.10    95.00     1.77   262.25     0.00
 2012 10 29 22.00   149  560599.0 7626795.2    91.0    -7.88    95.00     1.56   260.30     0.00
 2012 10 29 23.00   149  560599.0 7626795.2    91.0    -7.46    95.00     1.71   267.75     0.00
 2012 10 30  0.00   149  560599.0 7626795.2    91.0    -7.58    95.00     2.03   277.30     0.00
 2012 10 30  1.00   149  560599.0 7626795.2    91.0    -7.56    95.00     1.99   271.15     0.00
 2012 10 30  2.00   149  560599.0 7626795.2    91.0    -7.55    95.00     2.71   300.15     0.00
 2012 10 30  3.00   149  560599.0 7626795.2    91.0    -7.21    95.00     3.22   315.70     0.00
 2012 10 30  4.00   149  560599.0 7626795.2    91.0    -6.76    95.00     3.83   312.65     0.00
 2012 10 30  5.00   149  560599.0 7626795.2    91.0    -7.26    95.00     4.18   314.70     0.00
 2012 10 30  6.00   149  560599.0 7626795.2    91.0    -6.85    95.00     4.69   312.85     0.00
 2012 10 30  7.00   149  560599.0 7626795.2    91.0    -8.38    95.00     4.25   302.00     0.00
 2012 10 30  8.00   149  560599.0 7626795.2    91.0    -8.36    95.00     4.12   291.95     0.00
 2012 10 30  9.00   149  560599.0 7626795.2    91.0    -8.44    95.00     3.13   282.45     0.00
 2012 10 30 10.00   149  560599.0 7626795.2    91.0    -7.77    95.00     2.41   282.05     0.00
 2012 10 30 11.00   149  560599.0 7626795.2    91.0    -7.94    95.00     2.58   290.35     0.00
 2012 10 30 12.00   149  560599.0 7626795.2    91.0    -6.47    95.00     2.43   291.35     0.00
 2012 10 30 13.00   149  560599.0 7626795.2    91.0    -6.79    95.00     2.75   281.40     0.00
 2012 10 30 14.00   149  560599.0 7626795.2    91.0    -5.85    95.00     2.78   291.20     0.00
 2012 10 30 15.00   149  560599.0 7626795.2    91.0    -5.88    95.00     2.61   294.90     0.00
 2012 10 30 16.00   149  560599.0 7626795.2    91.0    -5.33    95.00     3.27   301.35     0.00
 2012 10 30 17.00   149  560599.0 7626795.2    91.0    -5.06    95.00     3.95   295.85     0.00
 2012 10 30 18.00   149  560599.0 7626795.2    91.0    -5.06    95.00     3.44   292.75     0.00
 2012 10 30 19.00   149  560599.0 7626795.2    91.0    -4.77    95.00     3.85   300.10     0.00
 2012 10 30 20.00   149  560599.0 7626795.2    91.0    -4.71    95.00     4.04   299.50     0.00
 2012 10 30 21.00   149  560599.0 7626795.2    91.0    -5.16    95.00     3.42   306.95     0.00
 2012 10 30 22.00   149  560599.0 7626795.2    91.0    -7.27    95.00     2.29   288.90     0.00
 2012 10 30 23.00   149  560599.0 7626795.2    91.0    -7.77    95.00     2.00   290.75     0.00
 2012 10 31  0.00   149  560599.0 7626795.2    91.0    -8.11    95.00     1.31   268.95     0.00
 2012 10 31  1.00   149  560599.0 7626795.2    91.0    -7.30    95.00     0.76   258.05     0.00
 2012 10 31  2.00   149  560599.0 7626795.2    91.0    -7.12    95.00     0.28   157.80     0.00
 2012 10 31  3.00   149  560599.0 7626795.2    91.0    -7.33    95.00     0.23   137.40     0.00
 2012 10 31  4.00   149  560599.0 7626795.2    91.0    -7.32    95.00     0.67   277.60     0.00
 2012 10 31  5.00   149  560599.0 7626795.2    91.0    -7.09    95.00     0.14   148.56     0.00
 2012 10 31  6.00   149  560599.0 7626795.2    91.0    -6.92    95.00     0.57    63.31     0.00
 2012 10 31  7.00   149  560599.0 7626795.2    91.0    -7.34    95.00     1.15    89.15     0.00
 2012 10 31  8.00   149  560599.0 7626795.2    91.0    -8.11    95.00     1.06    68.95     0.00
 2012 10 31  9.00   149  560599.0 7626795.2    91.0    -9.58    95.00     0.60    40.94     0.00
 2012 10 31 10.00   149  560599.0 7626795.2    91.0   -11.67    95.00     0.56   185.82     0.00
 2012 10 31 11.00   149  560599.0 7626795.2    91.0   -10.69    95.00     0.66   201.88     0.00
 2012 10 31 12.00   149  560599.0 7626795.2    91.0   -10.61    95.00     0.40    70.19     0.00
 2012 10 31 13.00   149  560599.0 7626795.2    91.0   -11.40    95.00     0.44   189.84     0.00
 2012 10 31 14.00   149  560599.0 7626795.2    91.0   -11.83    95.00     0.84   333.20     0.00
 2012 10 31 15.00   149  560599.0 7626795.2    91.0   -11.82    95.00     0.26   169.30     0.00
 2012 10 31 16.00   149  560599.0 7626795.2    91.0   -12.10    95.00     0.00     0.00     0.00
 2012 10 31 17.00   149  560599.0 7626795.2    91.0   -12.83    95.00     0.00   167.95     0.00
 2012 10 31 18.00   149  560599.0 7626795.2    91.0   -12.71    95.00     0.00   165.85     0.00
 2012 10 31 19.00   149  560599.0 7626795.2    91.0   -12.33    95.00     0.00     0.00     0.00
 2012 10 31 20.00   149  560599.0 7626795.2    91.0   -11.71    95.00     0.00     0.00     0.00
 2012 10 31 21.00   149  560599.0 7626795.2    91.0   -11.22    95.00     0.00     0.00     0.00
 2012 10 31 22.00   149  560599.0 7626795.2    91.0   -10.68    95.00     0.00     0.00     0.00
 2012 10 31 23.00   149  560599.0 7626795.2    91.0   -10.30    95.00     0.00     0.00     0.00
 2012 11  1  0.00   149  560599.0 7626795.2    91.0   -10.26    95.00     0.00     0.00     0.00
 2012 11  1  1.00   149  560599.0 7626795.2    91.0    -9.75    95.00     0.00     0.00     0.00
 2012 11  1  2.00   149  560599.0 7626795.2    91.0    -9.16    95.00     0.01   249.30     0.00
 2012 11  1  3.00   149  560599.0 7626795.2    91.0    -8.89    95.00     0.00   250.20     0.00
 2012 11  1  4.00   149  560599.0 7626795.2    91.0    -8.95    95.00     0.00   248.05     0.00
 2012 11  1  5.00   149  560599.0 7626795.2    91.0    -8.82    95.00     0.00   260.15     0.00
 2012 11  1  6.00   149  560599.0 7626795.2    91.0    -8.15    95.00     0.00   165.45     0.00
 2012 11  1  7.00   149  560599.0 7626795.2    91.0    -6.77    95.00     0.01   353.40     0.00
 2012 11  1  8.00   149  560599.0 7626795.2    91.0    -6.82    95.00     0.01   340.30     0.00
 2012 11  1  9.00   149  560599.0 7626795.2    91.0    -7.42    95.00     0.01   339.05     0.00
 2012 11  1 10.00   149  560599.0 7626795.2    91.0    -7.70    95.00     0.01   350.80     0.00
 2012 11  1 11.00   149  560599.0 7626795.2    91.0    -8.64    95.00     0.00   156.00     0.00
 2012 11  1 12.00   149  560599.0 7626795.2    91.0    -9.04    95.00     0.00   311.90     0.00
 2012 11  1 13.00   149  560599.0 7626795.2    91.0   -10.20    95.00     0.00     0.00     0.00
 2012 11  1 14.00   149  560599.0 7626795.2    91.0   -12.45    95.00     0.00     0.00     0.00
 2012 11  1 15.00   149  560599.0 7626795.2    91.0   -12.89    95.00     0.00     0.00     0.00
 2012 11  1 16.00   149  560599.0 7626795.2    91.0   -13.31    95.00     0.32   263.95     0.00
 2012 11  1 17.00   149  560599.0 7626795.2    91.0   -12.98    95.00     0.80   267.70     0.00
 2012 11  1 18.00   149  560599.0 7626795.2    91.0   -12.99    95.00     0.73   265.00     0.00
 2012 11  1 19.00   149  560599.0 7626795.2    91.0   -14.57    95.00     0.69   243.25     0.00
 2012 11  1 20.00   149  560599.0 7626795.2    91.0   -14.03    95.00     0.58   243.50     0.00
 2012 11  1 21.00   149  560599.0 7626795.2    91.0   -12.91    95.00     0.29   239.70     0.00
 2012 11  1 22.00   149  560599.0 7626795.2    91.0   -13.75    95.00     0.34   216.90     0.00
 2012 11  1 23.00   149  560599.0 7626795.2    91.0   -11.59    95.00     4.42   210.10     0.00
 2012 11  2  0.00   149  560599.0 7626795.2    91.0   -11.93    95.00     5.17   211.60     0.00
 2012 11  2  1.00   149  560599.0 7626795.2    91.0   -12.68    95.00     4.31   205.80     0.00
 2012 11  2  2.00   149  560599.0 7626795.2    91.0   -14.09    95.00     3.35   203.80     0.00
 2012 11  2  3.00   149  560599.0 7626795.2    91.0   -15.21    95.00     3.61   212.45     0.00
 2012 11  2  4.00   149  560599.0 7626795.2    91.0   -16.10    95.00     2.99   236.15     0.00
 2012 11  2  5.00   149  560599.0 7626795.2    91.0   -16.13    95.00     3.52   228.20     0.00
 2012 11  2  6.00   149  560599.0 7626795.2    91.0   -15.95    95.00     4.65   215.65     0.00
 2012 11  2  7.00   149  560599.0 7626795.2    91.0   -15.85    95.00     3.79   243.30     0.00
 2012 11  2  8.00   149  560599.0 7626795.2    91.0   -16.44    95.00     2.55   265.25     0.00
 2012 11  2  9.00   149  560599.0 7626795.2    91.0   -16.18    95.00     3.00   247.75     0.00
 2012 11  2 10.00   149  560599.0 7626795.2    91.0   -16.57    95.00     3.80   236.75     0.00
 2012 11  2 11.00   149  560599.0 7626795.2    91.0   -16.16    95.00     4.28   240.10     0.00
 2012 11  2 12.00   149  560599.0 7626795.2    91.0   -16.04    95.00     3.71   264.80     0.00
 2012 11  2 13.00   149  560599.0 7626795.2    91.0   -16.17    95.00     3.73   249.35     0.00
 2012 11  2 14.00   149  560599.0 7626795.2    91.0   -15.83    95.00     3.62   243.80     0.00
 2012 11  2 15.00   149  560599.0 7626795.2    91.0   -16.07    95.00     3.24   253.60     0.00
 2012 11  2 16.00   149  560599.0 7626795.2    91.0   -16.30    95.00     4.11   251.15     0.00
 2012 11  2 17.00   149  560599.0 7626795.2    91.0   -15.98    95.00     4.02   247.15     0.00
 2012 11  2 18.00   149  560599.0 7626795.2    91.0   -15.92    95.00     4.44   238.75     0.00
 2012 11  2 19.00   149  560599.0 7626795.2    91.0   -15.62    95.00     4.00   243.55     0.00
 2012 11  2 20.00   149  560599.0 7626795.2    91.0   -14.77    95.00     3.50   248.50     0.00
 2012 11  2 21.00   149  560599.0 7626795.2    91.0   -14.00    95.00     2.55   253.95     0.00
 2012 11  2 22.00   149  560599.0 7626795.2    91.0   -13.88    95.00     1.21   244.45     0.00
 2012 11  2 23.00   149  560599.0 7626795.2    91.0   -13.45    95.00     0.70   224.85     0.00
 2012 11  3  0.00   149  560599.0 7626795.2    91.0   -14.50    95.00     1.17   264.10     0.00
 2012 11  3  1.00   149  560599.0 7626795.2    91.0   -15.72    95.00     1.61   292.55     0.00
 2012 11  3  2.00   149  560599.0 7626795.2    91.0   -15.79    95.00     2.84   265.45     0.00
 2012 11  3  3.00   149  560599.0 7626795.2    91.0   -13.58    95.00     2.18   287.10     0.00
 2012 11  3  4.00   149  560599.0 7626795.2    91.0   -11.34    95.00     2.15   306.75     0.00
 2012 11  3  5.00   149  560599.0 7626795.2    91.0   -11.04    95.00     2.65   345.85     0.00
 2012 11  3  6.00   149  560599.0 7626795.2    91.0   -11.71    95.00     3.22   343.90     0.00
 2012 11  3  7.00   149  560599.0 7626795.2    91.0   -10.03    95.00     3.53     1.30     0.00
 2012 11  3  8.00   149  560599.0 7626795.2    91.0   -10.89    95.00     2.50   348.55     0.00
 2012 11  3  9.00   149  560599.0 7626795.2    91.0   -11.09    95.00     2.09   340.45     0.00
 2012 11  3 10.00   149  560599.0 7626795.2    91.0   -11.61    95.00     3.12   324.75     0.00
 2012 11  3 11.00   149  560599.0 7626795.2    91.0   -13.79    95.00     2.97   314.75     0.00
 2012 11  3 12.00   149  560599.0 7626795.2    91.0   -11.67    95.00     3.50   325.65     0.00
 2012 11  3 13.00   149  560599.0 7626795.2    91.0   -10.50    95.00     3.17   351.25     0.00
 2012 11  3 14.00   149  560599.0 7626795.2    91.0   -10.72    95.00     2.46   327.80     0.00
 2012 11  3 15.00   149  560599.0 7626795.2    91.0   -11.49    95.00     3.21   328.40     0.00
 2012 11  3 16.00   149  560599.0 7626795.2    91.0   -12.39    95.00     3.38   328.05     0.00
 2012 11  3 17.00   149  560599.0 7626795.2    91.0   -11.60    95.00     2.98   329.15     0.00
 2012 11  3 18.00   149  560599.0 7626795.2    91.0   -12.02    95.00     3.17   326.85     0.00
 2012 11  3 19.00   149  560599.0 7626795.2    91.0   -11.34    95.00     2.81   326.25     0.00
 2012 11  3 20.00   149  560599.0 7626795.2    91.0   -11.86    95.00     2.25   307.15     0.00
 2012 11  3 21.00   149  560599.0 7626795.2    91.0   -12.09    95.00     1.93   274.70     0.00
 2012 11  3 22.00   149  560599.0 7626795.2    91.0   -12.28    95.00     2.12   274.30     0.00
 2012 11  3 23.00   149  560599.0 7626795.2    91.0   -12.52    95.00     2.15   268.30     0.00
 2012 11  4  0.00   149  560599.0 7626795.2    91.0   -12.86    95.00     2.20   262.05     0.00
 2012 11  4  1.00   149  560599.0 7626795.2    91.0   -12.41    95.00     2.37   267.10     0.00
 2012 11  4  2.00   149  560599.0 7626795.2    91.0   -13.06    95.00     2.58   271.65     0.00
 2012 11  4  3.00   149  560599.0 7626795.2    91.0   -13.04    95.00     1.70   269.40     0.00
 2012 11  4  4.00   149  560599.0 7626795.2    91.0   -13.38    95.00     1.52   254.40     0.00
 2012 11  4  5.00   149  560599.0 7626795.2    91.0   -13.75    95.00     1.21   267.55     0.00
 2012 11  4  6.00   149  560599.0 7626795.2    91.0   -13.57    95.00     1.14   259.35     0.00
 2012 11  4  7.00   149  560599.0 7626795.2    91.0   -13.84    95.00     1.32   259.00     0.00
 2012 11  4  8.00   149  560599.0 7626795.2    91.0   -13.68    95.00     1.68   261.40     0.00
 2012 11  4  9.00   149  560599.0 7626795.2    91.0   -13.37    95.00     1.58   261.50     0.00
 2012 11  4 10.00   149  560599.0 7626795.2    91.0   -13.55    95.00     0.71   293.00     0.00
 2012 11  4 11.00   149  560599.0 7626795.2    91.0   -13.16    95.00     1.15   269.45     0.00
 2012 11  4 12.00   149  560599.0 7626795.2    91.0   -13.23    95.00     1.69   336.70     0.00
 2012 11  4 13.00   149  560599.0 7626795.2    91.0   -12.91    95.00     1.02    72.94     0.00
 2012 11  4 14.00   149  560599.0 7626795.2    91.0   -13.31    95.00     0.65   262.50     0.00
 2012 11  4 15.00   149  560599.0 7626795.2    91.0   -13.58    95.00     0.11   310.45     0.00
 2012 11  4 16.00   149  560599.0 7626795.2    91.0   -13.46    95.00     0.42    25.51     7.58
 2012 11  4 17.00   149  560599.0 7626795.2    91.0   -13.69    95.00     1.69   174.61     0.00
 2012 11  4 18.00   149  560599.0 7626795.2    91.0   -13.14    95.00     1.93     6.50     0.00
 2012 11  4 19.00   149  560599.0 7626795.2    91.0   -13.37    95.00     1.02    21.18     0.00
 2012 11  4 20.00   149  560599.0 7626795.2    91.0   -12.16    95.00     3.67    69.94     0.00
 2012 11  4 21.00   149  560599.0 7626795.2    91.0   -12.48    95.00     4.29    67.56     0.00
 2012 11  4 22.00   149  560599.0 7626795.2    91.0   -12.46    95.00     4.27    55.42     0.00
 2012 11  4 23.00   149  560599.0 7626795.2    91.0   -12.34    95.00     5.37    48.47     0.00
 2012 11  5  0.00   149  560599.0 7626795.2    91.0   -12.27    95.00     5.74    47.47     0.00
 2012 11  5  1.00   149  560599.0 7626795.2    91.0   -12.04    95.00     5.39    33.53     0.00
 2012 11  5  2.00   149  560599.0 7626795.2    91.0   -11.80    95.00     5.73    38.94     0.00
 2012 11  5  3.00   149  560599.0 7626795.2    91.0   -11.55    95.00     6.06    44.08     0.00
 2012 11  5  4.00   149  560599.0 7626795.2    91.0   -11.41    95.00     5.88    44.12     0.00
 2012 11  5  5.00   149  560599.0 7626795.2    91.0   -11.31    95.00     6.47    44.67     0.00
 2012 11  5  6.00   149  560599.0 7626795.2    91.0   -11.36    95.00     5.73    33.03     0.00
 2012 11  5  7.00   149  560599.0 7626795.2    91.0   -11.35    95.00     5.51    27.38     0.00
 2012 11  5  8.00   149  560599.0 7626795.2    91.0   -11.49    95.00     5.43    19.10     0.00
 2012 11  5  9.00   149  560599.0 7626795.2    91.0   -11.44    95.00     5.24    18.45     0.00
 2012 11  5 10.00   149  560599.0 7626795.2    91.0   -11.39    95.00     5.00    20.02     0.00
 2012 11  5 11.00   149  560599.0 7626795.2    91.0   -11.34    95.00     5.69    17.54     0.00
 2012 11  5 12.00   149  560599.0 7626795.2    91.0   -11.27    95.00     5.52    15.65     0.00
 2012 11  5 13.00   149  560599.0 7626795.2    91.0   -11.07    95.00     5.28    17.67     0.00
 2012 11  5 14.00   149  560599.0 7626795.2    91.0   -11.05    95.00     4.39    23.85     0.00
 2012 11  5 15.00   149  560599.0 7626795.2    91.0   -11.27    95.00     4.13    18.14     0.00
 2012 11  5 16.00   149  560599.0 7626795.2    91.0   -11.47    95.00     3.42    18.32     0.00
 2012 11  5 17.00   149  560599.0 7626795.2    91.0   -11.63    95.00     3.05    18.01     0.00
 2012 11  5 18.00   149  560599.0 7626795.2    91.0   -11.34    95.00     3.58    23.23     0.00
 2012 11  5 19.00   149  560599.0 7626795.2    91.0   -11.77    95.00     3.91    18.18     0.00
 2012 11  5 20.00   149  560599.0 7626795.2    91.0   -12.50    95.00     2.87   174.75     0.00
 2012 11  5 21.00   149  560599.0 7626795.2    91.0   -13.82    95.00     3.46   332.10     0.00
 2012 11  5 22.00   149  560599.0 7626795.2    91.0   -15.96    95.00     3.46   318.65     0.00
 2012 11  5 23.00   149  560599.0 7626795.2    91.0   -16.50    95.00     3.11   311.35     0.00
 2012 11  6  0.00   149  560599.0 7626795.2    91.0   -16.68    95.00     2.08   285.60     0.00
 2012 11  6  1.00   149  560599.0 7626795.2    91.0   -16.09    95.00     1.62   270.55     0.00
 2012 11  6  2.00   149  560599.0 7626795.2    91.0   -16.88    95.00     1.28   280.35     0.00
 2012 11  6  3.00   149  560599.0 7626795.2    91.0   -17.75    95.00     0.83   267.35     0.00
 2012 11  6  4.00   149  560599.0 7626795.2    91.0   -17.69    95.00     0.86   264.40     0.00
 2012 11  6  5.00   149  560599.0 7626795.2    91.0   -17.36    95.00     0.83   258.00     0.00
 2012 11  6  6.00   149  560599.0 7626795.2    91.0   -12.02    95.00     2.38   289.30     0.00
 2012 11  6  7.00   149  560599.0 7626795.2    91.0   -13.78    95.00     4.57   286.80     0.00
 2012 11  6  8.00   149  560599.0 7626795.2    91.0   -14.52    95.00     4.92   288.80     0.00
 2012 11  6  9.00   149  560599.0 7626795.2    91.0   -15.23    95.00     5.37   282.90     0.00
 2012 11  6 10.00   149  560599.0 7626795.2    91.0   -15.57    95.00     5.27   280.20     0.00
 2012 11  6 11.00   149  560599.0 7626795.2    91.0   -16.54    95.00     4.98   267.00     0.00
 2012 11  6 12.00   149  560599.0 7626795.2    91.0   -17.77    95.00     4.46   256.60     0.00
 2012 11  6 13.00   149  560599.0 7626795.2    91.0   -16.98    95.00     4.02   258.35     0.00
 2012 11  6 14.00   149  560599.0 7626795.2    91.0   -16.62    95.00     4.44   255.35     0.00
 2012 11  6 15.00   149  560599.0 7626795.2    91.0   -16.53    95.00     5.63   250.40     0.00
 2012 11  6 16.00   149  560599.0 7626795.2    91.0   -16.71    95.00     5.04   256.00     0.00
 2012 11  6 17.00   149  560599.0 7626795.2    91.0   -16.86    95.00     4.38   265.85     0.00
 2012 11  6 18.00   149  560599.0 7626795.2    91.0   -16.45    95.00     5.30   262.45     0.00
 2012 11  6 19.00   149  560599.0 7626795.2    91.0   -14.96    95.00     6.34   230.60     0.00
 2012 11  6 20.00   149  560599.0 7626795.2    91.0   -15.31    95.00     5.93   218.90     0.00
 2012 11  6 21.00   149  560599.0 7626795.2    91.0   -16.95    95.00     4.35   222.45     0.00
 2012 11  6 22.00   149  560599.0 7626795.2    91.0   -16.62    95.00     4.67   248.20     0.00
 2012 11  6 23.00   149  560599.0 7626795.2    91.0   -16.91    95.00     3.79   279.65     0.00
 2012 11  7  0.00   149  560599.0 7626795.2    91.0   -16.32    95.00     5.10   283.25     0.00
 2012 11  7  1.00   149  560599.0 7626795.2    91.0   -17.24    95.00     4.33   256.60     0.00
 2012 11  7  2.00   149  560599.0 7626795.2    91.0   -16.77    95.00     5.61   249.95     0.00
 2012 11  7  3.00   149  560599.0 7626795.2    91.0   -16.72    95.00     4.59   268.10     0.00
 2012 11  7  4.00   149  560599.0 7626795.2    91.0   -17.13    94.85     3.97   273.20     0.00
 2012 11  7  5.00   149  560599.0 7626795.2    91.0   -16.76    94.10     4.21   271.80     0.00
 2012 11  7  6.00   149  560599.0 7626795.2    91.0   -16.81    94.45     4.53   269.55     0.00
 2012 11  7  7.00   149  560599.0 7626795.2    91.0   -16.59    93.90     6.50   230.75     0.00
 2012 11  7  8.00   149  560599.0 7626795.2    91.0   -17.05    92.75     5.78   231.50     0.00
 2012 11  7  9.00   149  560599.0 7626795.2    91.0   -18.07    93.70     5.49   240.25     0.00
 2012 11  7 10.00   149  560599.0 7626795.2    91.0   -17.86    92.35     6.58   232.25     0.00
 2012 11  7 11.00   149  560599.0 7626795.2    91.0   -18.19    92.00     5.29   252.65     0.00
 2012 11  7 12.00   149  560599.0 7626795.2    91.0   -18.41    90.75     6.06   239.05     0.00
 2012 11  7 13.00   149  560599.0 7626795.2    91.0   -18.54    88.95     5.12   239.20     0.00
 2012 11  7 14.00   149  560599.0 7626795.2    91.0   -18.37    88.65     5.24   237.20     0.00
 2012 11  7 15.00   149  560599.0 7626795.2    91.0   -18.20    88.20     4.42   242.45     0.00
 2012 11  7 16.00   149  560599.0 7626795.2    91.0   -19.01    89.80     5.23   233.80     0.00
 2012 11  7 17.00   149  560599.0 7626795.2    91.0   -19.15    89.95     4.67   236.70     0.00
 2012 11  7 18.00   149  560599.0 7626795.2    91.0   -18.62    90.25     4.69   238.55     0.00
 2012 11  7 19.00   149  560599.0 7626795.2    91.0   -18.20    89.75     4.76   245.80     0.00
 2012 11  7 20.00   149  560599.0 7626795.2    91.0   -18.23    90.15     5.18   241.30     0.00
 2012 11  7 21.00   149  560599.0 7626795.2    91.0   -18.45    90.65     5.04   232.70     0.00
 2012 11  7 22.00   149  560599.0 7626795.2    91.0   -17.86    90.60     4.74   254.10     0.00
 2012 11  7 23.00   149  560599.0 7626795.2    91.0   -17.04    89.65     5.22   243.85     0.00
 2012 11  8  0.00   149  560599.0 7626795.2    91.0   -16.16    90.20     4.54   240.15     0.00
 2012 11  8  1.00   149  560599.0 7626795.2    91.0   -16.34    90.65     5.39   226.30     0.00
 2012 11  8  2.00   149  560599.0 7626795.2    91.0   -15.53    88.45     4.54   251.65     0.00
 2012 11  8  3.00   149  560599.0 7626795.2    91.0   -15.96    86.70     5.61   257.45     0.00
 2012 11  8  4.00   149  560599.0 7626795.2    91.0   -15.39    84.80     6.33   256.50     0.00
 2012 11  8  5.00   149  560599.0 7626795.2    91.0   -14.99    86.60     5.83   250.30     0.00
 2012 11  8  6.00   149  560599.0 7626795.2    91.0   -16.99    86.55     6.23   252.00     0.00
 2012 11  8  7.00   149  560599.0 7626795.2    91.0   -15.46    85.15     7.66   261.10     0.00
 2012 11  8  8.00   149  560599.0 7626795.2    91.0   -14.71    87.75     7.25   258.90     0.00
 2012 11  8  9.00   149  560599.0 7626795.2    91.0   -12.76    92.75     7.65   264.55     0.00
 2012 11  8 10.00   149  560599.0 7626795.2    91.0   -11.73    93.75     8.50   281.20     0.00
 2012 11  8 11.00   149  560599.0 7626795.2    91.0   -11.99    94.15     7.78   283.45     0.00
 2012 11  8 12.00   149  560599.0 7626795.2    91.0   -12.22    92.85     6.96   278.75     0.00
 2012 11  8 13.00   149  560599.0 7626795.2    91.0   -11.11    90.60     5.94   260.25     0.00
 2012 11  8 14.00   149  560599.0 7626795.2    91.0   -10.53    89.05     5.94   275.90     0.00
 2012 11  8 15.00   149  560599.0 7626795.2    91.0   -11.59    86.65     5.21   264.65     0.00
 2012 11  8 16.00   149  560599.0 7626795.2    91.0   -13.93    88.65     3.71   243.55     0.00
 2012 11  8 17.00   149  560599.0 7626795.2    91.0   -15.02    94.10     3.56   234.20     0.00
 2012 11  8 18.00   149  560599.0 7626795.2    91.0   -14.41    91.35     7.29   214.30     0.00
 2012 11  8 19.00   149  560599.0 7626795.2    91.0   -14.87    91.15     7.96   210.95     0.00
 2012 11  8 20.00   149  560599.0 7626795.2    91.0   -14.60    91.95     8.27   213.40     0.00
 2012 11  8 21.00   149  560599.0 7626795.2    91.0   -13.98    90.90     8.70   209.05     0.00
 2012 11  8 22.00   149  560599.0 7626795.2    91.0   -14.73    89.30     8.25   203.60     0.00
 2012 11  8 23.00   149  560599.0 7626795.2    91.0   -14.95    87.40     8.52   207.25     0.00
 2012 11  9  0.00   149  560599.0 7626795.2    91.0   -14.54    84.90     8.56   202.55     0.00
 2012 11  9  1.00   149  560599.0 7626795.2    91.0   -15.50    84.90     7.21   216.35     0.00
 2012 11  9  2.00   149  560599.0 7626795.2    91.0   -16.33    85.95     2.71   262.30     0.00
 2012 11  9  3.00   149  560599.0 7626795.2    91.0   -16.55    85.05     3.32   246.35     0.00
 2012 11  9  4.00   149  560599.0 7626795.2    91.0   -16.56    85.25     7.78   221.50     0.00
 2012 11  9  5.00   149  560599.0 7626795.2    91.0   -16.62    85.40     8.37   210.90     0.00
 2012 11  9  6.00   149  560599.0 7626795.2    91.0   -16.81    84.45     9.32   212.85     0.00
 2012 11  9  7.00   149  560599.0 7626795.2    91.0   -16.90    83.25     8.71   225.80     0.00
 2012 11  9  8.00   149  560599.0 7626795.2    91.0   -16.84    81.20     6.43   245.35     0.00
 2012 11  9  9.00   149  560599.0 7626795.2    91.0   -17.16    81.35     5.98   238.15     0.00
 2012 11  9 10.00   149  560599.0 7626795.2    91.0   -17.55    81.10     5.79   254.40     0.00
 2012 11  9 11.00   149  560599.0 7626795.2    91.0   -17.81    81.45     5.13   246.40     0.00
 2012 11  9 12.00   149  560599.0 7626795.2    91.0   -18.25    82.15     4.70   242.65     0.00
 2012 11  9 13.00   149  560599.0 7626795.2    91.0   -18.15    80.75     4.42   251.50     0.00
 2012 11  9 14.00   149  560599.0 7626795.2    91.0   -17.77    79.00     3.83   245.15     0.00
 2012 11  9 15.00   149  560599.0 7626795.2    91.0   -18.66    80.25     3.78   236.20     0.00
 2012 11  9 16.00   149  560599.0 7626795.2    91.0   -18.79    82.40     4.49   257.70     0.00
 2012 11  9 17.00   149  560599.0 7626795.2    91.0   -17.15    82.55     4.60   246.00     0.00
 2012 11  9 18.00   149  560599.0 7626795.2    91.0   -17.23    85.25     4.66   225.35     0.00
 2012 11  9 19.00   149  560599.0 7626795.2    91.0   -14.27    80.90     4.87   250.00     0.00
 2012 11  9 20.00   149  560599.0 7626795.2    91.0   -13.55    81.70     4.87   245.45     0.00
 2012 11  9 21.00   149  560599.0 7626795.2    91.0   -12.98    85.80     4.66   238.60     0.00
 2012 11  9 22.00   149  560599.0 7626795.2    91.0   -11.80    90.00     5.51   258.95     0.00
 2012 11  9 23.00   149  560599.0 7626795.2    91.0   -11.16    91.10     6.15   251.10     0.00
 2012 11 10  0.00   149  560599.0 7626795.2    91.0   -10.61    93.35     5.63   260.80     0.00
 2012 11 10  1.00   149  560599.0 7626795.2    91.0   -10.25    94.65     5.89   261.95     0.00
 2012 11 10  2.00   149  560599.0 7626795.2    91.0   -10.68    94.30     6.07   262.10     0.00
 2012 11 10  3.00   149  560599.0 7626795.2    91.0   -10.52    92.90     6.24   264.75     0.00
 2012 11 10  4.00   149  560599.0 7626795.2    91.0   -10.05    93.10     5.70   261.10     0.00
 2012 11 10  5.00   149  560599.0 7626795.2    91.0   -10.52    93.05     5.95   258.45     0.00
 2012 11 10  6.00   149  560599.0 7626795.2    91.0   -11.46    90.30     6.16   257.15     0.00
 2012 11 10  7.00   149  560599.0 7626795.2    91.0   -12.02    91.55     6.86   245.75     0.00
 2012 11 10  8.00   149  560599.0 7626795.2    91.0   -12.68    92.05     7.13   247.50     0.00
 2012 11 10  9.00   149  560599.0 7626795.2    91.0   -11.45    90.20     6.96   251.50     0.00
 2012 11 10 10.00   149  560599.0 7626795.2    91.0   -13.43    91.35     7.20   236.30     0.00
 2012 11 10 11.00   149  560599.0 7626795.2    91.0   -12.64    88.65     7.06   244.70     0.00
 2012 11 10 12.00   149  560599.0 7626795.2    91.0   -11.32    88.85     5.90   254.45     0.00
 2012 11 10 13.00   149  560599.0 7626795.2    91.0   -11.37    87.20     6.56   255.75     0.00
 2012 11 10 14.00   149  560599.0 7626795.2    91.0   -10.99    95.00     7.16   254.75     0.00
 2012 11 10 15.00   149  560599.0 7626795.2    91.0    -9.85    95.00     9.00   263.10     0.00
 2012 11 10 16.00   149  560599.0 7626795.2    91.0    -9.53    95.00     8.85   267.95     0.00
 2012 11 10 17.00   149  560599.0 7626795.2    91.0    -8.90    95.00     9.71   275.55     0.00
 2012 11 10 18.00   149  560599.0 7626795.2    91.0    -8.46    95.00     9.19   263.30     0.00
 2012 11 10 19.00   149  560599.0 7626795.2    91.0    -8.71    95.00     8.93   263.25     0.00
 2012 11 10 20.00   149  560599.0 7626795.2    91.0    -8.06    95.00     8.44   275.65     0.00
 2012 11 10 21.00   149  560599.0 7626795.2    91.0    -6.84    95.00     5.99   302.15     0.00
 2012 11 10 22.00   149  560599.0 7626795.2    91.0    -6.77    95.00     6.03   321.70     0.00
 2012 11 10 23.00   149  560599.0 7626795.2    91.0    -7.30    95.00     5.52   308.85     0.00
 2012 11 11  0.00   149  560599.0 7626795.2    91.0    -7.74    95.00     5.32   299.70     0.00
 2012 11 11  1.00   149  560599.0 7626795.2    91.0    -7.72    95.00     6.29   321.65     0.00
 2012 11 11  2.00   149  560599.0 7626795.2    91.0    -8.59    95.00     5.37   351.85     0.00
 2012 11 11  3.00   149  560599.0 7626795.2    91.0    -9.66    93.70     5.91   351.70     0.00
 2012 11 11  4.00   149  560599.0 7626795.2    91.0   -10.35    89.55     6.03   357.10     0.00
 2012 11 11  5.00   149  560599.0 7626795.2    91.0   -10.91    87.15     6.05   179.54     0.00
 2012 11 11  6.00   149  560599.0 7626795.2    91.0   -11.35    86.90     5.81   351.60     0.00
 2012 11 11  7.00   149  560599.0 7626795.2    91.0   -11.52    88.25     6.08   343.90     0.00
 2012 11 11  8.00   149  560599.0 7626795.2    91.0   -11.78    88.35     6.04   343.05     0.00
 2012 11 11  9.00   149  560599.0 7626795.2    91.0   -12.00    88.15     5.35   344.95     0.00
 2012 11 11 10.00   149  560599.0 7626795.2    91.0   -12.16    87.80     5.14   340.40     0.00
 2012 11 11 11.00   149  560599.0 7626795.2    91.0   -12.41    85.85     4.71   342.65     0.00
 2012 11 11 12.00   149  560599.0 7626795.2    91.0   -12.62    86.00     4.54   339.50     0.00
 2012 11 11 13.00   149  560599.0 7626795.2    91.0   -13.09    87.00     4.54   332.35     0.00
 2012 11 11 14.00   149  560599.0 7626795.2    91.0   -13.49    85.10     4.88   347.90     0.00
 2012 11 11 15.00   149  560599.0 7626795.2    91.0   -13.70    87.10     5.45   351.80     0.00
 2012 11 11 16.00   149  560599.0 7626795.2    91.0   -14.18    85.70     5.22   344.65     0.00
 2012 11 11 17.00   149  560599.0 7626795.2    91.0   -14.17    86.10     4.78   337.60     0.00
 2012 11 11 18.00   149  560599.0 7626795.2    91.0   -14.28    85.65     4.65   339.70     0.00
 2012 11 11 19.00   149  560599.0 7626795.2    91.0   -14.35    85.90     3.83   340.20     0.00
 2012 11 11 20.00   149  560599.0 7626795.2    91.0   -14.32    86.15     3.35   340.40     0.00
 2012 11 11 21.00   149  560599.0 7626795.2    91.0   -14.41    84.50     3.54   334.90     0.00
 2012 11 11 22.00   149  560599.0 7626795.2    91.0   -14.54    83.05     3.40   338.25     0.00
 2012 11 11 23.00   149  560599.0 7626795.2    91.0   -14.45    83.90     2.70   332.25     0.00
 2012 11 12  0.00   149  560599.0 7626795.2    91.0   -14.53    85.85     1.89   313.45     0.00
 2012 11 12  1.00   149  560599.0 7626795.2    91.0   -14.47    82.70     2.01   299.90     0.00
 2012 11 12  2.00   149  560599.0 7626795.2    91.0   -14.71    82.20     2.25   284.15     0.00
 2012 11 12  3.00   149  560599.0 7626795.2    91.0   -15.00    82.70     1.42   247.40     0.00
 2012 11 12  4.00   149  560599.0 7626795.2    91.0   -15.52    86.05     1.60   232.75     0.00
 2012 11 12  5.00   149  560599.0 7626795.2    91.0   -15.14    85.70     2.16   227.60     0.00
 2012 11 12  6.00   149  560599.0 7626795.2    91.0   -15.05    86.15     3.26   218.10     0.00
 2012 11 12  7.00   149  560599.0 7626795.2    91.0   -14.96    84.80     3.10   220.85     0.00
 2012 11 12  8.00   149  560599.0 7626795.2    91.0   -15.93    85.60     3.13   212.00     0.00
 2012 11 12  9.00   149  560599.0 7626795.2    91.0   -19.24    89.20     2.96   202.50     0.00
 2012 11 12 10.00   149  560599.0 7626795.2    91.0   -20.08    93.00     3.49   209.75     0.00
 2012 11 12 11.00   149  560599.0 7626795.2    91.0   -19.39    92.90     5.88   214.90     0.00
 2012 11 12 12.00   149  560599.0 7626795.2    91.0   -19.34    91.35     7.42   207.90     0.00
 2012 11 12 13.00   149  560599.0 7626795.2    91.0   -19.00    89.60     7.60   206.55     0.00
 2012 11 12 14.00   149  560599.0 7626795.2    91.0   -18.65    88.45     7.67   205.95     0.00
 2012 11 12 15.00   149  560599.0 7626795.2    91.0   -18.36    88.25     7.96   205.45     0.00
 2012 11 12 16.00   149  560599.0 7626795.2    91.0   -18.49    90.35     8.84   206.80     0.00
 2012 11 12 17.00   149  560599.0 7626795.2    91.0   -18.66    90.40     8.29   211.80     0.00
 2012 11 12 18.00   149  560599.0 7626795.2    91.0   -19.13    89.85     6.81   227.30     0.00
 2012 11 12 19.00   149  560599.0 7626795.2    91.0   -19.42    90.75     8.29   217.55     0.00
 2012 11 12 20.00   149  560599.0 7626795.2    91.0   -20.02    90.50     6.91   215.70     0.00
 2012 11 12 21.00   149  560599.0 7626795.2    91.0   -20.21    90.30     7.92   211.80     0.00
 2012 11 12 22.00   149  560599.0 7626795.2    91.0   -20.63    90.20     8.37   217.05     0.00
 2012 11 12 23.00   149  560599.0 7626795.2    91.0   -20.46    89.70     8.28   222.00     0.00
 2012 11 13  0.00   149  560599.0 7626795.2    91.0   -20.56    89.50     8.09   217.30     0.00
 2012 11 13  1.00   149  560599.0 7626795.2    91.0   -20.22    88.80     8.59   223.95     0.00
 2012 11 13  2.00   149  560599.0 7626795.2    91.0   -19.73    88.00     7.29   253.15     0.00
 2012 11 13  3.00   149  560599.0 7626795.2    91.0   -18.89    84.55     7.25   251.35     0.00
 2012 11 13  4.00   149  560599.0 7626795.2    91.0   -18.05    84.80     6.83   238.65     0.00
 2012 11 13  5.00   149  560599.0 7626795.2    91.0   -16.63    88.40     7.92   253.05     0.00
 2012 11 13  6.00   149  560599.0 7626795.2    91.0   -16.64    94.00     9.16   253.70     0.00
 2012 11 13  7.00   149  560599.0 7626795.2    91.0   -16.07    94.55     8.66   256.35     0.00
 2012 11 13  8.00   149  560599.0 7626795.2    91.0   -15.20    95.00     8.25   250.50     0.00
 2012 11 13  9.00   149  560599.0 7626795.2    91.0   -13.71    95.00     9.27   279.45     0.00
 2012 11 13 10.00   149  560599.0 7626795.2    91.0   -12.50    95.00     9.48   288.55     0.00
 2012 11 13 11.00   149  560599.0 7626795.2    91.0   -12.43    95.00     9.24   277.15     0.00
 2012 11 13 12.00   149  560599.0 7626795.2    91.0   -12.57    95.00     9.65   277.10     0.00
 2012 11 13 13.00   149  560599.0 7626795.2    91.0   -12.09    95.00    10.08   273.65     0.00
 2012 11 13 14.00   149  560599.0 7626795.2    91.0   -11.62    95.00    11.22   273.75     0.00
 2012 11 13 15.00   149  560599.0 7626795.2    91.0   -11.36    95.00    12.28   276.50     0.00
 2012 11 13 16.00   149  560599.0 7626795.2    91.0   -11.61    95.00    12.89   276.85     0.00
 2012 11 13 17.00   149  560599.0 7626795.2    91.0   -11.68    95.00    13.37   278.45     0.00
 2012 11 13 18.00   149  560599.0 7626795.2    91.0   -11.37    95.00    13.71   278.00     0.00
 2012 11 13 19.00   149  560599.0 7626795.2    91.0   -11.48    95.00    15.37   279.00     0.00
 2012 11 13 20.00   149  560599.0 7626795.2    91.0   -11.71    95.00    15.37   280.50     0.00
 2012 11 13 21.00   149  560599.0 7626795.2    91.0   -11.95    95.00    14.67   285.15     0.00
 2012 11 13 22.00   149  560599.0 7626795.2    91.0   -12.20    95.00    13.34   283.10     0.00
 2012 11 13 23.00   149  560599.0 7626795.2    91.0   -12.25    95.00    11.65   283.40     0.00
 2012 11 14  0.00   149  560599.0 7626795.2    91.0   -12.23    95.00    11.03   289.70     0.00
 2012 11 14  1.00   149  560599.0 7626795.2    91.0   -12.70    95.00     9.08   298.45     0.00
 2012 11 14  2.00   149  560599.0 7626795.2    91.0   -13.11    95.00     8.12   289.75     0.00
 2012 11 14  3.00   149  560599.0 7626795.2    91.0   -13.68    95.00     8.36   288.10     0.00
 2012 11 14  4.00   149  560599.0 7626795.2    91.0   -14.32    95.00     7.55   315.05     0.00
 2012 11 14  5.00   149  560599.0 7626795.2    91.0   -15.29    95.00     6.30   317.95     0.00
 2012 11 14  6.00   149  560599.0 7626795.2    91.0   -16.08    95.00     6.28   296.50     0.00
 2012 11 14  7.00   149  560599.0 7626795.2    91.0   -16.08    94.70     6.39   298.95     0.00
 2012 11 14  8.00   149  560599.0 7626795.2    91.0   -15.43    94.60     6.84   308.25     0.00
 2012 11 14  9.00   149  560599.0 7626795.2    91.0   -15.63    93.80     8.06   304.95     0.00
 2012 11 14 10.00   149  560599.0 7626795.2    91.0   -16.11    93.95     8.34   304.30     0.00
 2012 11 14 11.00   149  560599.0 7626795.2    91.0   -16.19    94.65     8.02   302.70     0.00
 2012 11 14 12.00   149  560599.0 7626795.2    91.0   -16.41    94.60     7.63   299.60     0.00
 2012 11 14 13.00   149  560599.0 7626795.2    91.0   -16.27    94.70     7.62   290.80     0.00
 2012 11 14 14.00   149  560599.0 7626795.2    91.0   -16.23    94.80     7.52   294.10     0.00
 2012 11 14 15.00   149  560599.0 7626795.2    91.0   -15.77    94.95     7.35   309.20     0.00
 2012 11 14 16.00   149  560599.0 7626795.2    91.0   -16.21    94.70     7.22   303.10     0.00
 2012 11 14 17.00   149  560599.0 7626795.2    91.0   -16.43    94.65     7.25   301.70     0.00
 2012 11 14 18.00   149  560599.0 7626795.2    91.0   -16.35    94.95     6.22   299.00     0.00
 2012 11 14 19.00   149  560599.0 7626795.2    91.0   -17.19    94.30     4.88   283.70     0.00
 2012 11 14 20.00   149  560599.0 7626795.2    91.0   -16.81    94.85     6.22   296.60     0.00
 2012 11 14 21.00   149  560599.0 7626795.2    91.0   -16.12    94.75     5.19   291.25     0.00
 2012 11 14 22.00   149  560599.0 7626795.2    91.0   -15.88    95.00     4.30   289.95     0.00
 2012 11 14 23.00   149  560599.0 7626795.2    91.0   -15.76    95.00     5.01   291.30     0.00
 2012 11 15  0.00   149  560599.0 7626795.2    91.0   -16.14    95.00     7.42   301.15     0.00
 2012 11 15  1.00   149  560599.0 7626795.2    91.0   -17.14    95.00     6.87   294.30     0.00
 2012 11 15  2.00   149  560599.0 7626795.2    91.0   -16.79    95.00     7.80   299.65     0.00
 2012 11 15  3.00   149  560599.0 7626795.2    91.0   -16.35    95.00     8.41   293.50     0.00
 2012 11 15  4.00   149  560599.0 7626795.2    91.0   -16.16    95.00     7.90   282.95     0.00
 2012 11 15  5.00   149  560599.0 7626795.2    91.0   -16.38    95.00     9.09   293.30     0.00
 2012 11 15  6.00   149  560599.0 7626795.2    91.0   -16.65    95.00     8.75   291.70     0.00
 2012 11 15  7.00   149  560599.0 7626795.2    91.0   -17.36    94.60     9.32   280.95     0.00
 2012 11 15  8.00   149  560599.0 7626795.2    91.0   -17.88    94.15     8.48   265.90     0.00
 2012 11 15  9.00   149  560599.0 7626795.2    91.0   -17.35    94.95     9.71   274.40     0.00
 2012 11 15 10.00   149  560599.0 7626795.2    91.0   -16.45    95.00    10.38   285.35     0.00
 2012 11 15 11.00   149  560599.0 7626795.2    91.0   -15.88    95.00    10.38   287.75     0.00
 2012 11 15 12.00   149  560599.0 7626795.2    91.0   -15.71    95.00    10.71   278.85     0.00
 2012 11 15 13.00   149  560599.0 7626795.2    91.0   -15.34    95.00     9.88   278.40     0.00
 2012 11 15 14.00   149  560599.0 7626795.2    91.0   -14.90    95.00     9.11   276.90     0.00
 2012 11 15 15.00   149  560599.0 7626795.2    91.0   -14.55    95.00    10.08   287.35     0.00
 2012 11 15 16.00   149  560599.0 7626795.2    91.0   -14.03    95.00    10.94   287.00     0.00
 2012 11 15 17.00   149  560599.0 7626795.2    91.0   -14.17    95.00    10.48   283.90     0.00
 2012 11 15 18.00   149  560599.0 7626795.2    91.0   -13.73    95.00     9.82   283.40     0.00
 2012 11 15 19.00   149  560599.0 7626795.2    91.0   -13.42    95.00    10.81   283.45     0.00
 2012 11 15 20.00   149  560599.0 7626795.2    91.0   -13.11    95.00     9.97   281.65     0.00
 2012 11 15 21.00   149  560599.0 7626795.2    91.0   -12.89    95.00    10.03   288.10     0.00
 2012 11 15 22.00   149  560599.0 7626795.2    91.0   -12.59    95.00     9.89   291.85     0.00
 2012 11 15 23.00   149  560599.0 7626795.2    91.0   -12.88    95.00    10.19   297.65     0.00
 2012 11 16  0.00   149  560599.0 7626795.2    91.0   -12.82    95.00     8.21   308.15     0.00
 2012 11 16  1.00   149  560599.0 7626795.2    91.0   -14.12    95.00     5.25   333.60     0.00
 2012 11 16  2.00   149  560599.0 7626795.2    91.0   -15.69    95.00     4.87   345.15     0.00
 2012 11 16  3.00   149  560599.0 7626795.2    91.0   -17.41    95.00     4.58   339.30     0.00
 2012 11 16  4.00   149  560599.0 7626795.2    91.0   -19.52    93.75     3.98   322.10     0.00
 2012 11 16  5.00   149  560599.0 7626795.2    91.0   -20.66    93.85     4.09   307.35     0.00
 2012 11 16  6.00   149  560599.0 7626795.2    91.0   -21.02    93.25     4.28   311.50     0.00
 2012 11 16  7.00   149  560599.0 7626795.2    91.0   -20.23    93.85     2.72   297.55     0.00
 2012 11 16  8.00   149  560599.0 7626795.2    91.0   -17.70    93.75     4.89   334.95     0.00
 2012 11 16  9.00   149  560599.0 7626795.2    91.0   -17.52    93.45     5.88   340.90     0.00
 2012 11 16 10.00   149  560599.0 7626795.2    91.0   -17.77    93.80     6.00   326.50     0.00
 2012 11 16 11.00   149  560599.0 7626795.2    91.0   -18.15    93.50     5.99   341.85     0.00
 2012 11 16 12.00   149  560599.0 7626795.2    91.0   -19.12    93.60     6.72   346.35     0.00
 2012 11 16 13.00   149  560599.0 7626795.2    91.0   -19.84    92.95     5.97   338.75     0.00
 2012 11 16 14.00   149  560599.0 7626795.2    91.0   -19.73    93.10     5.70   337.45     0.00
 2012 11 16 15.00   149  560599.0 7626795.2    91.0   -19.55    92.75     5.42   336.75     0.00
 2012 11 16 16.00   149  560599.0 7626795.2    91.0   -19.41    92.50     5.40   340.45     0.00
 2012 11 16 17.00   149  560599.0 7626795.2    91.0   -19.34    92.55     5.74   343.90     0.00
 2012 11 16 18.00   149  560599.0 7626795.2    91.0   -19.59    92.70     5.41   341.85     0.00
 2012 11 16 19.00   149  560599.0 7626795.2    91.0   -19.73    93.00     4.33   342.20     0.00
 2012 11 16 20.00   149  560599.0 7626795.2    91.0   -19.77    93.15     4.17   347.80     0.00
 2012 11 16 21.00   149  560599.0 7626795.2    91.0   -19.76    93.50     3.48   332.80     0.00
 2012 11 16 22.00   149  560599.0 7626795.2    91.0   -19.65    94.10     3.44   335.75     0.00
 2012 11 16 23.00   149  560599.0 7626795.2    91.0   -19.81    94.40     3.31   345.95     0.00
 2012 11 17  0.00   149  560599.0 7626795.2    91.0   -19.43    94.70     2.76   339.60     0.00
 2012 11 17  1.00   149  560599.0 7626795.2    91.0   -19.02    94.85     2.95   339.35     0.00
 2012 11 17  2.00   149  560599.0 7626795.2    91.0   -18.64    95.00     3.21   337.80     0.00
 2012 11 17  3.00   149  560599.0 7626795.2    91.0   -18.91    94.70     2.62   321.60     0.00
 2012 11 17  4.00   149  560599.0 7626795.2    91.0   -19.37    94.40     1.75   314.85     0.00
 2012 11 17  5.00   149  560599.0 7626795.2    91.0   -19.40    94.50     2.48   319.15     0.00
 2012 11 17  6.00   149  560599.0 7626795.2    91.0   -19.50    94.50     2.65   312.55     0.00
 2012 11 17  7.00   149  560599.0 7626795.2    91.0   -19.46    94.30     2.40   304.65     0.00
 2012 11 17  8.00   149  560599.0 7626795.2    91.0   -19.34    94.30     2.17   302.10     0.00
 2012 11 17  9.00   149  560599.0 7626795.2    91.0   -19.52    94.10     1.75   302.40     0.00
 2012 11 17 10.00   149  560599.0 7626795.2    91.0   -19.61    94.00     2.22   299.85     0.00
 2012 11 17 11.00   149  560599.0 7626795.2    91.0   -19.59    94.00     2.23   305.20     0.00
 2012 11 17 12.00   149  560599.0 7626795.2    91.0   -19.54    94.00     2.00   308.10     0.00
 2012 11 17 13.00   149  560599.0 7626795.2    91.0   -19.52    93.95     1.96   316.75     0.00
 2012 11 17 14.00   149  560599.0 7626795.2    91.0   -19.40    94.05     1.62   318.00     0.00
 2012 11 17 15.00   149  560599.0 7626795.2    91.0   -19.16    94.30     0.41   295.45     0.00
 2012 11 17 16.00   149  560599.0 7626795.2    91.0   -19.08    94.35     0.51   143.65     0.00
 2012 11 17 17.00   149  560599.0 7626795.2    91.0   -18.80    94.80     0.96   354.10     0.00
 2012 11 17 18.00   149  560599.0 7626795.2    91.0   -18.57    94.95     0.90   317.35     0.00
 2012 11 17 19.00   149  560599.0 7626795.2    91.0   -18.54    95.00     1.30   312.10     0.00
 2012 11 17 20.00   149  560599.0 7626795.2    91.0   -18.73    94.75     1.60   297.10     0.00
 2012 11 17 21.00   149  560599.0 7626795.2    91.0   -19.27    94.15     1.81   291.45     0.14
 2012 11 17 22.00   149  560599.0 7626795.2    91.0   -19.66    93.80     1.58   280.10     0.00
 2012 11 17 23.00   149  560599.0 7626795.2    91.0   -20.33    93.25     1.20   272.35     0.14
 2012 11 18  0.00   149  560599.0 7626795.2    91.0   -19.96    93.65     1.04   326.15     0.20
 2012 11 18  1.00   149  560599.0 7626795.2    91.0   -19.73    93.85     1.12   176.19     0.00
 2012 11 18  2.00   149  560599.0 7626795.2    91.0   -19.96    93.60     0.67    30.99     0.00
 2012 11 18  3.00   149  560599.0 7626795.2    91.0   -21.44    92.40     0.05   201.70     0.00
 2012 11 18  4.00   149  560599.0 7626795.2    91.0   -22.01    91.80     0.36    44.50     0.00
 2012 11 18  5.00   149  560599.0 7626795.2    91.0   -23.21    90.70     0.22    83.27     0.22
 2012 11 18  6.00   149  560599.0 7626795.2    91.0   -23.68    90.15     0.40    77.91     0.00
 2012 11 18  7.00   149  560599.0 7626795.2    91.0   -24.52    89.00     0.45    60.24     0.00
 2012 11 18  8.00   149  560599.0 7626795.2    91.0   -26.37    86.80     0.67    45.39     0.38
 2012 11 18  9.00   149  560599.0 7626795.2    91.0   -27.04    86.20     1.12    26.55     0.26
 2012 11 18 10.00   149  560599.0 7626795.2    91.0   -26.94    86.20     1.19    34.86     0.24
 2012 11 18 11.00   149  560599.0 7626795.2    91.0   -27.91    85.05     1.18    38.34     0.00
 2012 11 18 12.00   149  560599.0 7626795.2    91.0   -27.97    84.90     1.61    44.27     0.25
 2012 11 18 13.00   149  560599.0 7626795.2    91.0   -28.42    84.20     1.77    32.21     0.00
 2012 11 18 14.00   149  560599.0 7626795.2    91.0   -27.76    84.80     1.20    21.94     0.00
 2012 11 18 15.00   149  560599.0 7626795.2    91.0   -27.98    84.70     1.09     8.37     0.00
 2012 11 18 16.00   149  560599.0 7626795.2    91.0   -29.26    83.10     1.72   340.10     0.00
 2012 11 18 17.00   149  560599.0 7626795.2    91.0   -29.40    83.30     1.90   349.40     0.00
 2012 11 18 18.00   149  560599.0 7626795.2    91.0   -29.10    83.65     1.59    15.79     0.00
 2012 11 18 19.00   149  560599.0 7626795.2    91.0   -28.27    84.25     1.73    23.12     0.00
 2012 11 18 20.00   149  560599.0 7626795.2    91.0   -28.59    84.05     1.26    26.39     0.00
 2012 11 18 21.00   149  560599.0 7626795.2    91.0   -28.34    84.30     2.29    20.05     0.00
 2012 11 18 22.00   149  560599.0 7626795.2    91.0   -28.67    83.80     1.79    14.17     0.00
 2012 11 18 23.00   149  560599.0 7626795.2    91.0   -28.69    84.05     1.03   160.03     0.00
 2012 11 19  0.00   149  560599.0 7626795.2    91.0   -29.08    83.35     1.20   343.35     0.00
 2012 11 19  1.00   149  560599.0 7626795.2    91.0   -30.12    82.35     1.38   290.45     0.00
 2012 11 19  2.00   149  560599.0 7626795.2    91.0   -29.05    83.80     1.81   273.05     0.45
 2012 11 19  3.00   149  560599.0 7626795.2    91.0   -26.95    86.10     1.47   282.60     0.00
 2012 11 19  4.00   149  560599.0 7626795.2    91.0   -25.04    88.00     1.46   279.40     0.00
 2012 11 19  5.00   149  560599.0 7626795.2    91.0   -23.87    89.20     1.63   298.00     0.00
 2012 11 19  6.00   149  560599.0 7626795.2    91.0   -22.77    90.55     1.56   289.60     0.00
 2012 11 19  7.00   149  560599.0 7626795.2    91.0   -21.69    91.60     1.45   288.55     0.16
 2012 11 19  8.00   149  560599.0 7626795.2    91.0   -20.81    92.40     1.92   319.75     0.00
 2012 11 19  9.00   149  560599.0 7626795.2    91.0   -20.26    93.10     1.88   319.75     0.00
 2012 11 19 10.00   149  560599.0 7626795.2    91.0   -18.91    94.60     2.29   342.95     0.00
 2012 11 19 11.00   149  560599.0 7626795.2    91.0   -18.09    95.00     2.27   354.65     0.00
 2012 11 19 12.00   149  560599.0 7626795.2    91.0   -18.06    95.00     2.21   349.45     0.00
 2012 11 19 13.00   149  560599.0 7626795.2    91.0   -17.84    95.00     2.59     5.85     0.00
 2012 11 19 14.00   149  560599.0 7626795.2    91.0   -17.89    95.00     2.70     8.11     0.00
 2012 11 19 15.00   149  560599.0 7626795.2    91.0   -17.21    95.00     2.78     7.87     0.00
 2012 11 19 16.00   149  560599.0 7626795.2    91.0   -17.09    95.00     2.51     9.22     0.00
 2012 11 19 17.00   149  560599.0 7626795.2    91.0   -17.02    95.00     2.21    12.86     0.00
 2012 11 19 18.00   149  560599.0 7626795.2    91.0   -16.57    95.00     2.65    42.72     0.00
 2012 11 19 19.00   149  560599.0 7626795.2    91.0   -16.67    95.00     2.69    57.03     0.00
 2012 11 19 20.00   149  560599.0 7626795.2    91.0   -16.88    95.00     2.92    50.75     0.00
 2012 11 19 21.00   149  560599.0 7626795.2    91.0   -17.07    95.00     3.13    46.96     0.00
 2012 11 19 22.00   149  560599.0 7626795.2    91.0   -17.18    95.00     3.42    47.09     0.00
 2012 11 19 23.00   149  560599.0 7626795.2    91.0   -17.58    95.00     3.19    42.98     0.00
 2012 11 20  0.00   149  560599.0 7626795.2    91.0   -17.55    95.00     2.04    25.92     0.00
 2012 11 20  1.00   149  560599.0 7626795.2    91.0   -17.55    95.00     1.65   175.06     0.00
 2012 11 20  2.00   149  560599.0 7626795.2    91.0   -17.30    95.00     2.05    17.43     0.00
 2012 11 20  3.00   149  560599.0 7626795.2    91.0   -17.21    95.00     2.19    29.16     0.00
 2012 11 20  4.00   149  560599.0 7626795.2    91.0   -17.20    95.00     2.27    31.70     0.00
 2012 11 20  5.00   149  560599.0 7626795.2    91.0   -17.68    95.00     2.60    70.39     0.00
 2012 11 20  6.00   149  560599.0 7626795.2    91.0   -17.60    95.00     2.19    61.96     0.00
 2012 11 20  7.00   149  560599.0 7626795.2    91.0   -17.25    95.00     2.28    65.18     0.00
 2012 11 20  8.00   149  560599.0 7626795.2    91.0   -17.30    95.00     2.35    78.25     0.00
 2012 11 20  9.00   149  560599.0 7626795.2    91.0   -17.27    95.00     2.69    76.75     0.37
 2012 11 20 10.00   149  560599.0 7626795.2    91.0   -17.60    95.00     2.14    82.85     0.00
 2012 11 20 11.00   149  560599.0 7626795.2    91.0   -18.19    95.00     1.97    91.95     0.00
 2012 11 20 12.00   149  560599.0 7626795.2    91.0   -19.04    94.25     1.93    82.85     0.00
 2012 11 20 13.00   149  560599.0 7626795.2    91.0   -20.04    93.40     1.64    71.54     0.00
 2012 11 20 14.00   149  560599.0 7626795.2    91.0   -21.61    91.90     1.72    63.12     0.00
 2012 11 20 15.00   149  560599.0 7626795.2    91.0   -21.53    92.00     1.64    49.16     0.00
 2012 11 20 16.00   149  560599.0 7626795.2    91.0   -21.77    91.90     1.23    37.44     0.00
 2012 11 20 17.00   149  560599.0 7626795.2    91.0   -21.48    92.10     0.82    47.16     0.00
 2012 11 20 18.00   149  560599.0 7626795.2    91.0   -21.07    92.55     0.99    58.25     0.00
 2012 11 20 19.00   149  560599.0 7626795.2    91.0   -20.66    92.80     0.93    53.40     0.00
 2012 11 20 20.00   149  560599.0 7626795.2    91.0   -20.20    93.15     1.41    52.52     0.00
 2012 11 20 21.00   149  560599.0 7626795.2    91.0   -20.02    93.40     1.33    59.55     0.19
 2012 11 20 22.00   149  560599.0 7626795.2    91.0   -19.95    93.40     1.50    77.67     0.00
 2012 11 20 23.00   149  560599.0 7626795.2    91.0   -20.70    92.55     0.88    79.10     0.00
 2012 11 21  0.00   149  560599.0 7626795.2    91.0   -21.11    92.25     0.76    60.91     0.00
 2012 11 21  1.00   149  560599.0 7626795.2    91.0   -20.55    92.95     0.45    27.22     0.00
 2012 11 21  2.00   149  560599.0 7626795.2    91.0   -20.07    93.35     0.43    27.28     0.00
 2012 11 21  3.00   149  560599.0 7626795.2    91.0   -19.92    93.55     0.71    23.05     0.21
 2012 11 21  4.00   149  560599.0 7626795.2    91.0   -19.23    94.25     1.12    33.70     0.00
 2012 11 21  5.00   149  560599.0 7626795.2    91.0   -18.96    94.40     1.23    36.95     0.00
 2012 11 21  6.00   149  560599.0 7626795.2    91.0   -19.16    94.35     1.41    42.86     0.00
 2012 11 21  7.00   149  560599.0 7626795.2    91.0   -18.77    94.70     1.35    52.14     0.00
 2012 11 21  8.00   149  560599.0 7626795.2    91.0   -18.64    94.85     1.44    51.56     0.00
 2012 11 21  9.00   149  560599.0 7626795.2    91.0   -18.90    94.35     1.26    50.22     0.00
 2012 11 21 10.00   149  560599.0 7626795.2    91.0   -19.24    94.40     0.83    46.89     0.00
 2012 11 21 11.00   149  560599.0 7626795.2    91.0   -19.06    94.45     1.00    47.86     0.00
 2012 11 21 12.00   149  560599.0 7626795.2    91.0   -18.90    94.55     0.84    50.92     0.00
 2012 11 21 13.00   149  560599.0 7626795.2    91.0   -19.28    93.95     0.93    57.38     0.00
 2012 11 21 14.00   149  560599.0 7626795.2    91.0   -19.63    93.75     0.45    62.14     0.00
 2012 11 21 15.00   149  560599.0 7626795.2    91.0   -19.74    93.80     0.57    51.95     0.00
 2012 11 21 16.00   149  560599.0 7626795.2    91.0   -20.21    93.15     0.36   178.29     0.00
 2012 11 21 17.00   149  560599.0 7626795.2    91.0   -21.21    92.20     0.38   288.15     0.00
 2012 11 21 18.00   149  560599.0 7626795.2    91.0   -21.53    91.90     0.50   318.00     0.00
 2012 11 21 19.00   149  560599.0 7626795.2    91.0   -21.55    91.95     0.61   278.65     0.00
 2012 11 21 20.00   149  560599.0 7626795.2    91.0   -20.98    92.40     0.56   311.50     0.00
 2012 11 21 21.00   149  560599.0 7626795.2    91.0   -21.52    91.85     0.80   288.75     0.00
 2012 11 21 22.00   149  560599.0 7626795.2    91.0   -21.63    91.70     1.02   296.10     0.00
 2012 11 21 23.00   149  560599.0 7626795.2    91.0   -22.17    91.30     1.00   147.69     0.00
 2012 11 22  0.00   149  560599.0 7626795.2    91.0   -22.84    90.40     1.09   340.30     0.00
 2012 11 22  1.00   149  560599.0 7626795.2    91.0   -23.21    90.15     1.08   322.05     0.00
 2012 11 22  2.00   149  560599.0 7626795.2    91.0   -22.68    90.85     0.74   297.35     0.00
 2012 11 22  3.00   149  560599.0 7626795.2    91.0   -22.02    91.20     0.87   308.30     0.00
 2012 11 22  4.00   149  560599.0 7626795.2    91.0   -22.12    91.15     1.01   301.40     0.00
 2012 11 22  5.00   149  560599.0 7626795.2    91.0   -22.54    90.80     1.25   316.90     0.00
 2012 11 22  6.00   149  560599.0 7626795.2    91.0   -22.31    90.95     1.45   323.70     0.00
 2012 11 22  7.00   149  560599.0 7626795.2    91.0   -22.55    90.65     1.31   315.90     0.00
 2012 11 22  8.00   149  560599.0 7626795.2    91.0   -22.63    90.80     1.52   319.20     0.00
 2012 11 22  9.00   149  560599.0 7626795.2    91.0   -22.01    91.35     1.11   305.10     0.00
 2012 11 22 10.00   149  560599.0 7626795.2    91.0   -22.24    90.90     1.14   327.10     0.00
 2012 11 22 11.00   149  560599.0 7626795.2    91.0   -21.84    91.50     0.90   318.35     0.00
 2012 11 22 12.00   149  560599.0 7626795.2    91.0   -21.27    92.00     0.86   277.95     0.00
 2012 11 22 13.00   149  560599.0 7626795.2    91.0   -20.52    92.70     1.20   313.55     0.00
 2012 11 22 14.00   149  560599.0 7626795.2    91.0   -20.35    92.70     1.44   323.75     0.00
 2012 11 22 15.00   149  560599.0 7626795.2    91.0   -20.81    92.25     1.65   324.40     0.00
 2012 11 22 16.00   149  560599.0 7626795.2    91.0   -21.66    91.60     1.52   331.70     0.00
 2012 11 22 17.00   149  560599.0 7626795.2    91.0   -22.39    90.45     1.37   336.35     0.00
 2012 11 22 18.00   149  560599.0 7626795.2    91.0   -25.86    87.00     1.44   319.55     0.00
 2012 11 22 19.00   149  560599.0 7626795.2    91.0   -23.90    89.55     1.31   321.40     0.00
 2012 11 22 20.00   149  560599.0 7626795.2    91.0   -22.61    90.95     1.38   175.60     0.00
 2012 11 22 21.00   149  560599.0 7626795.2    91.0   -21.09    92.25     1.66    36.77     0.00
 2012 11 22 22.00   149  560599.0 7626795.2    91.0   -21.98    90.95     1.02    42.95     0.00
 2012 11 22 23.00   149  560599.0 7626795.2    91.0   -21.73    91.80     0.72    48.24     0.00
 2012 11 23  0.00   149  560599.0 7626795.2    91.0   -20.45    92.90     1.18    52.32     0.00
 2012 11 23  1.00   149  560599.0 7626795.2    91.0   -20.52    92.75     1.27    72.45     0.00
 2012 11 23  2.00   149  560599.0 7626795.2    91.0   -20.51    92.85     1.47    64.23     0.00
 2012 11 23  3.00   149  560599.0 7626795.2    91.0   -20.31    92.90     0.98    76.03     0.00
 2012 11 23  4.00   149  560599.0 7626795.2    91.0   -20.92    92.30     0.53   122.25     0.00
 2012 11 23  5.00   149  560599.0 7626795.2    91.0   -21.17    91.95     1.01   110.65     0.00
 2012 11 23  6.00   149  560599.0 7626795.2    91.0   -22.06    91.10     0.92   114.55     0.00
 2012 11 23  7.00   149  560599.0 7626795.2    91.0   -23.45    89.80     0.24    49.75     0.00
 2012 11 23  8.00   149  560599.0 7626795.2    91.0   -24.20    89.20     0.04   135.46     0.00
 2012 11 23  9.00   149  560599.0 7626795.2    91.0   -25.11    88.10     0.60    92.35     0.00
 2012 11 23 10.00   149  560599.0 7626795.2    91.0   -25.36    87.80     0.24   117.60     0.00
 2012 11 23 11.00   149  560599.0 7626795.2    91.0   -24.95    88.45     0.32   103.50     0.00
 2012 11 23 12.00   149  560599.0 7626795.2    91.0   -24.04    89.20     0.61    93.40     0.00
 2012 11 23 13.00   149  560599.0 7626795.2    91.0   -24.16    88.55     0.78    81.10     0.00
 2012 11 23 14.00   149  560599.0 7626795.2    91.0   -24.58    88.35     0.76    95.95     0.00
 2012 11 23 15.00   149  560599.0 7626795.2    91.0   -25.02    87.80     0.48   110.25     0.00
 2012 11 23 16.00   149  560599.0 7626795.2    91.0   -25.38    87.75     0.14    56.26     0.00
 2012 11 23 17.00   149  560599.0 7626795.2    91.0   -26.46    86.40     0.08   153.78     0.00
 2012 11 23 18.00   149  560599.0 7626795.2    91.0   -26.49    86.40     0.47    26.25     0.00
 2012 11 23 19.00   149  560599.0 7626795.2    91.0   -27.45    85.45     0.23    40.97     0.00
 2012 11 23 20.00   149  560599.0 7626795.2    91.0   -28.89    83.50     0.21   232.90     0.00
 2012 11 23 21.00   149  560599.0 7626795.2    91.0   -29.89    82.40     0.50   272.65     0.00
 2012 11 23 22.00   149  560599.0 7626795.2    91.0   -29.50    83.20     0.12    48.02     0.00
 2012 11 23 23.00   149  560599.0 7626795.2    91.0   -31.26    80.50     0.45   270.05     0.00
 2012 11 24  0.00   149  560599.0 7626795.2    91.0   -30.46    82.45     0.81   249.60     0.00
 2012 11 24  1.00   149  560599.0 7626795.2    91.0   -27.20    85.90     3.41   233.10     0.00
 2012 11 24  2.00   149  560599.0 7626795.2    91.0   -26.27    86.55     5.76   214.65     0.00
 2012 11 24  3.00   149  560599.0 7626795.2    91.0   -26.00    86.90     6.37   216.55     0.00
 2012 11 24  4.00   149  560599.0 7626795.2    91.0   -24.98    88.05     7.08   221.25     0.00
 2012 11 24  5.00   149  560599.0 7626795.2    91.0   -25.20    87.45     5.55   231.75     0.00
 2012 11 24  6.00   149  560599.0 7626795.2    91.0   -25.39    87.55     5.91   228.20     0.00
 2012 11 24  7.00   149  560599.0 7626795.2    91.0   -24.73    88.35     6.04   227.50     0.00
 2012 11 24  8.00   149  560599.0 7626795.2    91.0   -24.46    88.40     5.72   236.70     0.00
 2012 11 24  9.00   149  560599.0 7626795.2    91.0   -24.80    88.10     8.02   225.15     0.00
 2012 11 24 10.00   149  560599.0 7626795.2    91.0   -24.21    88.70     5.60   262.00     0.00
 2012 11 24 11.00   149  560599.0 7626795.2    91.0   -23.56    89.60     4.43   286.10     0.00
 2012 11 24 12.00   149  560599.0 7626795.2    91.0   -22.21    91.00     5.03   257.90     0.00
 2012 11 24 13.00   149  560599.0 7626795.2    91.0   -21.34    91.75     5.74   242.75     0.00
 2012 11 24 14.00   149  560599.0 7626795.2    91.0   -21.12    91.95     6.39   228.75     0.00
 2012 11 24 15.00   149  560599.0 7626795.2    91.0   -20.95    92.20     5.46   238.00     0.00
 2012 11 24 16.00   149  560599.0 7626795.2    91.0   -20.92    92.25     5.50   235.20     0.00
 2012 11 24 17.00   149  560599.0 7626795.2    91.0   -20.90    92.30     5.52   227.05     0.00
 2012 11 24 18.00   149  560599.0 7626795.2    91.0   -21.09    92.15     5.20   243.70     0.00
 2012 11 24 19.00   149  560599.0 7626795.2    91.0   -21.38    91.80     4.57   244.55     0.00
 2012 11 24 20.00   149  560599.0 7626795.2    91.0   -21.09    92.15     5.64   255.20     0.00
 2012 11 24 21.00   149  560599.0 7626795.2    91.0   -20.48    92.80     5.46   251.95     0.00
 2012 11 24 22.00   149  560599.0 7626795.2    91.0   -20.91    92.25     5.46   247.55     0.00
 2012 11 24 23.00   149  560599.0 7626795.2    91.0   -20.43    92.95     5.52   244.55     0.00
 2012 11 25  0.00   149  560599.0 7626795.2    91.0   -20.26    93.05     6.14   246.75     0.00
 2012 11 25  1.00   149  560599.0 7626795.2    91.0   -19.71    93.55     5.72   254.50     0.00
 2012 11 25  2.00   149  560599.0 7626795.2    91.0   -20.77    92.25     4.62   237.20     0.00
 2012 11 25  3.00   149  560599.0 7626795.2    91.0   -19.98    93.60     5.13   250.95     0.00
 2012 11 25  4.00   149  560599.0 7626795.2    91.0   -19.16    94.35     5.25   255.90     0.00
 2012 11 25  5.00   149  560599.0 7626795.2    91.0   -18.43    94.95     5.72   262.80     0.00
 2012 11 25  6.00   149  560599.0 7626795.2    91.0   -17.46    95.00     5.22   255.30     0.00
 2012 11 25  7.00   149  560599.0 7626795.2    91.0   -15.73    95.00     5.28   271.10     0.00
 2012 11 25  8.00   149  560599.0 7626795.2    91.0   -14.91    95.00     6.46   283.70     0.00
 2012 11 25  9.00   149  560599.0 7626795.2    91.0   -14.93    95.00     6.50   282.25     0.00
 2012 11 25 10.00   149  560599.0 7626795.2    91.0   -14.61    95.00     6.11   283.30     0.00
 2012 11 25 11.00   149  560599.0 7626795.2    91.0   -13.88    95.00     6.87   297.15     0.00
 2012 11 25 12.00   149  560599.0 7626795.2    91.0   -13.79    95.00     5.97   296.05     0.00
 2012 11 25 13.00   149  560599.0 7626795.2    91.0   -13.76    95.00     5.10   282.55     0.00
 2012 11 25 14.00   149  560599.0 7626795.2    91.0   -13.72    95.00     5.36   283.60     0.00
 2012 11 25 15.00   149  560599.0 7626795.2    91.0   -13.84    95.00     6.39   285.35     0.00
 2012 11 25 16.00   149  560599.0 7626795.2    91.0   -14.27    95.00     6.72   290.40     0.21
 2012 11 25 17.00   149  560599.0 7626795.2    91.0   -14.41    95.00     7.28   303.05     0.22
 2012 11 25 18.00   149  560599.0 7626795.2    91.0   -14.39    95.00     8.30   299.95     0.00
 2012 11 25 19.00   149  560599.0 7626795.2    91.0   -14.32    95.00     7.23   301.95     0.20
 2012 11 25 20.00   149  560599.0 7626795.2    91.0   -14.09    95.00     6.96   305.65     0.15
 2012 11 25 21.00   149  560599.0 7626795.2    91.0   -14.19    95.00     6.67   304.55     0.00
 2012 11 25 22.00   149  560599.0 7626795.2    91.0   -14.21    95.00     6.12   299.40     0.00
 2012 11 25 23.00   149  560599.0 7626795.2    91.0   -14.12    95.00     5.72   295.30     0.00
 2012 11 26  0.00   149  560599.0 7626795.2    91.0   -14.54    95.00     6.21   283.05     0.28
 2012 11 26  1.00   149  560599.0 7626795.2    91.0   -15.03    95.00     5.90   283.05     0.00
 2012 11 26  2.00   149  560599.0 7626795.2    91.0   -15.05    95.00     5.47   277.45     0.00
 2012 11 26  3.00   149  560599.0 7626795.2    91.0   -14.98    95.00     4.69   276.85     0.00
 2012 11 26  4.00   149  560599.0 7626795.2    91.0   -15.02    95.00     3.51   275.05     0.22
 2012 11 26  5.00   149  560599.0 7626795.2    91.0   -15.12    95.00     3.02   266.65     0.00
 2012 11 26  6.00   149  560599.0 7626795.2    91.0   -15.33    95.00     3.17   249.50     0.00
 2012 11 26  7.00   149  560599.0 7626795.2    91.0   -15.83    95.00     3.29   252.50     0.00
 2012 11 26  8.00   149  560599.0 7626795.2    91.0   -17.30    95.00     2.85   252.25     0.00
 2012 11 26  9.00   149  560599.0 7626795.2    91.0   -17.18    95.00     3.22   269.55     0.00
 2012 11 26 10.00   149  560599.0 7626795.2    91.0   -17.62    95.00     2.70   254.45     0.00
 2012 11 26 11.00   149  560599.0 7626795.2    91.0   -17.32    95.00     4.21   223.75     0.00
 2012 11 26 12.00   149  560599.0 7626795.2    91.0   -16.63    95.00     3.47   227.10     0.00
 2012 11 26 13.00   149  560599.0 7626795.2    91.0   -16.41    95.00     4.33   220.40     0.00
 2012 11 26 14.00   149  560599.0 7626795.2    91.0   -15.93    95.00     3.42   232.25     0.00
 2012 11 26 15.00   149  560599.0 7626795.2    91.0   -15.43    95.00     1.86   222.80     0.00
 2012 11 26 16.00   149  560599.0 7626795.2    91.0   -14.75    95.00     3.20   239.40     0.00
 2012 11 26 17.00   149  560599.0 7626795.2    91.0   -14.29    95.00     3.74   258.30     0.00
 2012 11 26 18.00   149  560599.0 7626795.2    91.0   -14.52    95.00     3.67   248.30     0.23
 2012 11 26 19.00   149  560599.0 7626795.2    91.0   -13.63    95.00    11.20   300.00     0.00
 2012 11 26 20.00   149  560599.0 7626795.2    91.0   -13.96    95.00    12.25   299.65     0.00
 2012 11 26 21.00   149  560599.0 7626795.2    91.0   -14.11    95.00    12.14   301.00     0.23
 2012 11 26 22.00   149  560599.0 7626795.2    91.0   -15.19    95.00     8.61   322.20     0.20
 2012 11 26 23.00   149  560599.0 7626795.2    91.0   -15.53    95.00     9.34     8.10     0.00
 2012 11 27  0.00   149  560599.0 7626795.2    91.0   -16.20    95.00     9.04   353.30     0.00
 2012 11 27  1.00   149  560599.0 7626795.2    91.0   -17.78    95.00     9.36   342.75     0.00
 2012 11 27  2.00   149  560599.0 7626795.2    91.0   -19.42    94.15     8.65   335.30     0.00
 2012 11 27  3.00   149  560599.0 7626795.2    91.0   -20.62    92.95     8.04   327.95     0.00
 2012 11 27  4.00   149  560599.0 7626795.2    91.0   -21.21    92.40     7.44   320.45     0.00
 2012 11 27  5.00   149  560599.0 7626795.2    91.0   -22.06    91.40     8.07   322.85     0.00
 2012 11 27  6.00   149  560599.0 7626795.2    91.0   -22.36    91.25     7.13   320.65     0.00
 2012 11 27  7.00   149  560599.0 7626795.2    91.0   -22.43    91.10     7.67   327.00     0.00
 2012 11 27  8.00   149  560599.0 7626795.2    91.0   -22.66    90.65     7.42   333.20     0.00
 2012 11 27  9.00   149  560599.0 7626795.2    91.0   -23.19    90.10     7.16   332.00     0.00
 2012 11 27 10.00   149  560599.0 7626795.2    91.0   -23.58    89.75     5.77   320.95     0.00
 2012 11 27 11.00   149  560599.0 7626795.2    91.0   -23.70    89.60     4.61   311.40     0.00
 2012 11 27 12.00   149  560599.0 7626795.2    91.0   -23.99    89.25     4.94   306.65     0.00
 2012 11 27 13.00   149  560599.0 7626795.2    91.0   -24.15    89.10     5.32   298.15     0.00
 2012 11 27 14.00   149  560599.0 7626795.2    91.0   -24.41    88.75     5.54   296.10     0.00
 2012 11 27 15.00   149  560599.0 7626795.2    91.0   -25.00    88.25     4.93   292.80     0.00
 2012 11 27 16.00   149  560599.0 7626795.2    91.0   -24.95    88.25     5.12   288.95     0.00
 2012 11 27 17.00   149  560599.0 7626795.2    91.0   -25.59    87.50     5.62   287.20     0.00
 2012 11 27 18.00   149  560599.0 7626795.2    91.0   -25.70    87.45     5.09   276.50     0.00
 2012 11 27 19.00   149  560599.0 7626795.2    91.0   -25.65    87.60     3.62   255.40     0.00
 2012 11 27 20.00   149  560599.0 7626795.2    91.0   -23.93    89.55     6.33   280.20     0.00
 2012 11 27 21.00   149  560599.0 7626795.2    91.0   -22.58    90.85     8.28   296.70     0.00
 2012 11 27 22.00   149  560599.0 7626795.2    91.0   -22.57    90.65     7.25   285.15     0.00
 2012 11 27 23.00   149  560599.0 7626795.2    91.0   -23.19    90.00     5.30   259.90     0.00
 2012 11 28  0.00   149  560599.0 7626795.2    91.0   -22.71    90.80     6.30   269.00     0.00
 2012 11 28  1.00   149  560599.0 7626795.2    91.0   -23.19    90.00     6.29   254.40     0.00
 2012 11 28  2.00   149  560599.0 7626795.2    91.0   -23.38    89.90     5.96   259.60     0.00
 2012 11 28  3.00   149  560599.0 7626795.2    91.0   -23.26    90.15     6.51   262.45     0.00
 2012 11 28  4.00   149  560599.0 7626795.2    91.0   -22.53    90.95     6.00   258.50     0.00
 2012 11 28  5.00   149  560599.0 7626795.2    91.0   -22.00    91.45     6.09   257.75     0.00
 2012 11 28  6.00   149  560599.0 7626795.2    91.0   -21.21    92.25     6.89   257.55     0.00
 2012 11 28  7.00   149  560599.0 7626795.2    91.0   -21.68    91.60     7.86   262.60     0.00
 2012 11 28  8.00   149  560599.0 7626795.2    91.0   -20.04    93.60     7.72   265.50     0.00
 2012 11 28  9.00   149  560599.0 7626795.2    91.0   -19.12    94.50     6.51   261.10     0.00
 2012 11 28 10.00   149  560599.0 7626795.2    91.0   -18.26    95.00     8.09   269.20     0.00
 2012 11 28 11.00   149  560599.0 7626795.2    91.0   -18.04    95.00     7.83   260.20     0.00
 2012 11 28 12.00   149  560599.0 7626795.2    91.0   -17.75    95.00     7.20   258.05     0.00
 2012 11 28 13.00   149  560599.0 7626795.2    91.0   -17.45    95.00     6.73   259.15     0.00
 2012 11 28 14.00   149  560599.0 7626795.2    91.0   -17.50    95.00     5.04   249.60     0.00
 2012 11 28 15.00   149  560599.0 7626795.2    91.0   -17.20    95.00     6.91   270.25     0.00
 2012 11 28 16.00   149  560599.0 7626795.2    91.0   -15.95    95.00    11.69   294.50     0.00
 2012 11 28 17.00   149  560599.0 7626795.2    91.0   -15.93    95.00     9.05   289.85     0.00
 2012 11 28 18.00   149  560599.0 7626795.2    91.0   -15.93    95.00     9.12   288.40     0.00
 2012 11 28 19.00   149  560599.0 7626795.2    91.0   -16.34    95.00    11.32   294.50     0.00
 2012 11 28 20.00   149  560599.0 7626795.2    91.0   -16.29    95.00    11.34   292.00     0.00
 2012 11 28 21.00   149  560599.0 7626795.2    91.0   -16.29    95.00    10.73   291.30     0.00
 2012 11 28 22.00   149  560599.0 7626795.2    91.0   -16.25    95.00    10.35   292.25     0.00
 2012 11 28 23.00   149  560599.0 7626795.2    91.0   -15.98    95.00    11.84   293.60     0.00
 2012 11 29  0.00   149  560599.0 7626795.2    91.0   -16.11    95.00    10.82   291.90     0.00
 2012 11 29  1.00   149  560599.0 7626795.2    91.0   -15.89    95.00     9.92   288.15     0.00
 2012 11 29  2.00   149  560599.0 7626795.2    91.0   -15.66    95.00    10.38   291.15     0.00
 2012 11 29  3.00   149  560599.0 7626795.2    91.0   -15.59    95.00     9.21   297.65     0.00
 2012 11 29  4.00   149  560599.0 7626795.2    91.0   -15.36    95.00     8.45   299.75     0.00
 2012 11 29  5.00   149  560599.0 7626795.2    91.0   -14.78    95.00     9.04   303.60     0.00
 2012 11 29  6.00   149  560599.0 7626795.2    91.0   -14.51    95.00     9.88   309.70     0.00
 2012 11 29  7.00   149  560599.0 7626795.2    91.0   -14.40    95.00    10.78   309.10     0.00
 2012 11 29  8.00   149  560599.0 7626795.2    91.0   -15.07    95.00     8.21   331.00     0.00
 2012 11 29  9.00   149  560599.0 7626795.2    91.0   -15.30    95.00     8.80   329.15     0.00
 2012 11 29 10.00   149  560599.0 7626795.2    91.0   -15.18    95.00     8.34   326.20     0.00
 2012 11 29 11.00   149  560599.0 7626795.2    91.0   -14.55    95.00     7.77   336.25     0.00
 2012 11 29 12.00   149  560599.0 7626795.2    91.0   -15.16    95.00     6.21   355.90     0.00
 2012 11 29 13.00   149  560599.0 7626795.2    91.0   -15.60    95.00     5.84   354.45     0.00
 2012 11 29 14.00   149  560599.0 7626795.2    91.0   -16.62    95.00     5.05     5.25     0.00
 2012 11 29 15.00   149  560599.0 7626795.2    91.0   -18.52    94.90     4.63   354.20     0.00
 2012 11 29 16.00   149  560599.0 7626795.2    91.0   -20.08    93.70     4.05   338.80     0.00
 2012 11 29 17.00   149  560599.0 7626795.2    91.0   -21.17    92.65     3.80   321.00     0.00
 2012 11 29 18.00   149  560599.0 7626795.2    91.0   -21.91    91.80     2.78   306.05     0.00
 2012 11 29 19.00   149  560599.0 7626795.2    91.0   -22.81    91.00     2.36   284.60     0.00
 2012 11 29 20.00   149  560599.0 7626795.2    91.0   -21.24    92.65     2.95   295.95     0.00
 2012 11 29 21.00   149  560599.0 7626795.2    91.0   -19.80    93.95     1.90   259.05     0.00
 2012 11 29 22.00   149  560599.0 7626795.2    91.0   -18.30    95.00     1.39   275.70     0.25
 2012 11 29 23.00   149  560599.0 7626795.2    91.0   -17.46    95.00     1.65   266.25     0.00
 2012 11 30  0.00   149  560599.0 7626795.2    91.0   -17.19    95.00     1.74   250.65     0.00
 2012 11 30  1.00   149  560599.0 7626795.2    91.0   -16.80    95.00     2.59   228.35     0.43
 2012 11 30  2.00   149  560599.0 7626795.2    91.0   -16.87    95.00     3.35   225.90     0.33
 2012 11 30  3.00   149  560599.0 7626795.2    91.0   -17.19    95.00     4.85   224.10     0.24
 2012 11 30  4.00   149  560599.0 7626795.2    91.0   -16.87    95.00     4.71   221.40     0.00
 2012 11 30  5.00   149  560599.0 7626795.2    91.0   -16.72    95.00     4.84   218.15     0.00
 2012 11 30  6.00   149  560599.0 7626795.2    91.0   -16.32    95.00     3.90   224.90     0.00
 2012 11 30  7.00   149  560599.0 7626795.2    91.0   -15.38    95.00     6.03   248.80     0.38
 2012 11 30  8.00   149  560599.0 7626795.2    91.0   -14.86    95.00     5.84   251.20     0.00
 2012 11 30  9.00   149  560599.0 7626795.2    91.0   -14.76    95.00     4.25   246.10     0.00
 2012 11 30 10.00   149  560599.0 7626795.2    91.0   -14.72    95.00     5.12   246.15     0.00
 2012 11 30 11.00   149  560599.0 7626795.2    91.0   -14.96    95.00     5.28   248.80     0.00
 2012 11 30 12.00   149  560599.0 7626795.2    91.0   -14.62    95.00     5.80   249.90     0.00
 2012 11 30 13.00   149  560599.0 7626795.2    91.0   -14.06    95.00     6.13   252.95     0.00
 2012 11 30 14.00   149  560599.0 7626795.2    91.0   -14.33    95.00     6.05   252.40     0.00
 2012 11 30 15.00   149  560599.0 7626795.2    91.0   -14.82    95.00     6.50   257.10     0.00
 2012 11 30 16.00   149  560599.0 7626795.2    91.0   -14.30    95.00     4.86   262.05     0.00
 2012 11 30 17.00   149  560599.0 7626795.2    91.0   -14.05    95.00     4.26   260.00     0.00
 2012 11 30 18.00   149  560599.0 7626795.2    91.0   -14.06    95.00     4.28   259.70     0.00
 2012 11 30 19.00   149  560599.0 7626795.2    91.0   -14.70    95.00     3.79   230.45     0.00
 2012 11 30 20.00   149  560599.0 7626795.2    91.0   -15.21    95.00     5.44   218.05     0.00
 2012 11 30 21.00   149  560599.0 7626795.2    91.0   -14.76    95.00     5.50   231.20     0.00
 2012 11 30 22.00   149  560599.0 7626795.2    91.0   -14.58    95.00     5.39   246.70     0.00
 2012 11 30 23.00   149  560599.0 7626795.2    91.0   -15.12    95.00     5.05   224.65     0.00
 2012 12  1  0.00   149  560599.0 7626795.2    91.0   -15.30    95.00     4.81   232.15     0.37
 2012 12  1  1.00   149  560599.0 7626795.2    91.0   -15.36    95.00     5.46   239.65     0.00
 2012 12  1  2.00   149  560599.0 7626795.2    91.0   -15.68    95.00     5.10   245.65     0.28
 2012 12  1  3.00   149  560599.0 7626795.2    91.0   -16.04    95.00     5.07   231.10     0.00
 2012 12  1  4.00   149  560599.0 7626795.2    91.0   -16.16    95.00     4.96   227.00     0.00
 2012 12  1  5.00   149  560599.0 7626795.2    91.0   -16.21    95.00     5.24   233.75     0.00
 2012 12  1  6.00   149  560599.0 7626795.2    91.0   -17.11    95.00     4.29   235.60     0.00
 2012 12  1  7.00   149  560599.0 7626795.2    91.0   -17.87    95.00     5.04   221.80     0.00
 2012 12  1  8.00   149  560599.0 7626795.2    91.0   -18.06    95.00     5.49   218.30     0.00
 2012 12  1  9.00   149  560599.0 7626795.2    91.0   -17.71    95.00     5.08   244.95     0.00
 2012 12  1 10.00   149  560599.0 7626795.2    91.0   -17.91    95.00     4.77   241.15     0.00
 2012 12  1 11.00   149  560599.0 7626795.2    91.0   -17.57    95.00     3.81   247.95     0.00
 2012 12  1 12.00   149  560599.0 7626795.2    91.0   -17.70    95.00     2.09   265.70     0.00
 2012 12  1 13.00   149  560599.0 7626795.2    91.0   -18.17    95.00     1.25   213.00     0.00
 2012 12  1 14.00   149  560599.0 7626795.2    91.0   -18.99    94.70     1.58   186.15     0.00
 2012 12  1 15.00   149  560599.0 7626795.2    91.0   -19.59    94.35     2.32   221.30     0.00
 2012 12  1 16.00   149  560599.0 7626795.2    91.0   -20.52    93.35     2.13   244.60     0.00
 2012 12  1 17.00   149  560599.0 7626795.2    91.0   -20.95    93.15     1.81   227.85     0.00
 2012 12  1 18.00   149  560599.0 7626795.2    91.0   -21.03    93.00     1.91   218.10     0.00
 2012 12  1 19.00   149  560599.0 7626795.2    91.0   -21.23    92.75     1.76   217.60     0.00
 2012 12  1 20.00   149  560599.0 7626795.2    91.0   -21.58    92.55     1.50   207.10     0.00
 2012 12  1 21.00   149  560599.0 7626795.2    91.0   -22.16    91.70     2.52   212.25     0.25
 2012 12  1 22.00   149  560599.0 7626795.2    91.0   -22.36    91.55     1.63   235.75     0.00
 2012 12  1 23.00   149  560599.0 7626795.2    91.0   -24.11    89.20     1.75   266.80     0.00
 2012 12  2  0.00   149  560599.0 7626795.2    91.0   -26.05    87.45     1.09   319.75     0.00
 2012 12  2  1.00   149  560599.0 7626795.2    91.0   -26.23    87.20     0.10   350.55     0.00
 2012 12  2  2.00   149  560599.0 7626795.2    91.0   -26.81    86.15     1.60   299.00     0.00
 2012 12  2  3.00   149  560599.0 7626795.2    91.0   -27.55    85.85     2.17   280.30     0.00
 2012 12  2  4.00   149  560599.0 7626795.2    91.0   -26.44    86.95     3.68   329.70     0.00
 2012 12  2  5.00   149  560599.0 7626795.2    91.0   -26.51    86.70     2.17   325.25     0.00
 2012 12  2  6.00   149  560599.0 7626795.2    91.0   -26.34    86.95     2.65     8.81     0.00
 2012 12  2  7.00   149  560599.0 7626795.2    91.0   -26.16    87.15     1.54    22.24     0.00
 2012 12  2  8.00   149  560599.0 7626795.2    91.0   -27.67    85.40     0.58   301.70     0.00
 2012 12  2  9.00   149  560599.0 7626795.2    91.0   -28.23    84.75     0.90   309.50     0.31
 2012 12  2 10.00   149  560599.0 7626795.2    91.0   -28.39    84.50     0.99   279.75     0.00
 2012 12  2 11.00   149  560599.0 7626795.2    91.0   -28.14    84.75     1.10   289.45     0.00
 2012 12  2 12.00   149  560599.0 7626795.2    91.0   -27.78    85.20     1.30   285.50     0.00
 2012 12  2 13.00   149  560599.0 7626795.2    91.0   -28.64    84.15     1.50   269.65     0.00
 2012 12  2 14.00   149  560599.0 7626795.2    91.0   -28.76    84.15     1.33   267.50     0.00
 2012 12  2 15.00   149  560599.0 7626795.2    91.0   -28.71    84.05     1.02   277.15     0.00
 2012 12  2 16.00   149  560599.0 7626795.2    91.0   -29.95    82.75     1.44   271.85     0.00
 2012 12  2 17.00   149  560599.0 7626795.2    91.0   -29.42    83.35     1.19   284.70     0.00
 2012 12  2 18.00   149  560599.0 7626795.2    91.0   -28.46    84.50     0.32   310.35     0.57
 2012 12  2 19.00   149  560599.0 7626795.2    91.0   -29.64    82.90     0.60   288.95     0.00
 2012 12  2 20.00   149  560599.0 7626795.2    91.0   -30.01    82.50     0.42   306.15     0.00
 2012 12  2 21.00   149  560599.0 7626795.2    91.0   -30.84    81.50     1.21   295.40     0.00
 2012 12  2 22.00   149  560599.0 7626795.2    91.0   -30.71    81.50     0.65   153.97     0.00
 2012 12  2 23.00   149  560599.0 7626795.2    91.0   -30.84    81.35     0.81   291.35     0.00
 2012 12  3  0.00   149  560599.0 7626795.2    91.0   -30.18    82.10     0.48   318.85     0.00
 2012 12  3  1.00   149  560599.0 7626795.2    91.0   -30.08    82.20     0.28   270.15     0.00
 2012 12  3  2.00   149  560599.0 7626795.2    91.0   -29.25    83.05     0.79   302.70     0.00
 2012 12  3  3.00   149  560599.0 7626795.2    91.0   -29.38    83.15     1.13   269.10     0.00
 2012 12  3  4.00   149  560599.0 7626795.2    91.0   -29.04    83.50     0.25   131.44     0.00
 2012 12  3  5.00   149  560599.0 7626795.2    91.0   -29.54    82.95     0.83    13.03     0.00
 2012 12  3  6.00   149  560599.0 7626795.2    91.0   -30.22    82.05     1.06   135.49     0.00
 2012 12  3  7.00   149  560599.0 7626795.2    91.0   -30.82    81.45     1.35   271.10     0.00
 2012 12  3  8.00   149  560599.0 7626795.2    91.0   -29.47    82.95     1.22   282.95     0.00
 2012 12  3  9.00   149  560599.0 7626795.2    91.0   -29.23    83.20     1.29   275.60     0.00
 2012 12  3 10.00   149  560599.0 7626795.2    91.0   -27.91    84.70     0.43   264.80     0.00
 2012 12  3 11.00   149  560599.0 7626795.2    91.0   -27.18    85.45     0.09   185.78     0.00
 2012 12  3 12.00   149  560599.0 7626795.2    91.0   -27.02    85.70     0.71   179.13     0.00
 2012 12  3 13.00   149  560599.0 7626795.2    91.0   -27.18    85.60     0.51   158.06     0.00
 2012 12  3 14.00   149  560599.0 7626795.2    91.0   -28.61    84.00     0.83   307.65     0.00
 2012 12  3 15.00   149  560599.0 7626795.2    91.0   -29.20    83.35     1.05   279.20     0.00
 2012 12  3 16.00   149  560599.0 7626795.2    91.0   -29.84    82.65     1.08   272.95     0.00
 2012 12  3 17.00   149  560599.0 7626795.2    91.0   -30.06    82.35     1.12   278.25     0.00
 2012 12  3 18.00   149  560599.0 7626795.2    91.0   -29.79    82.85     1.21   280.15     0.00
 2012 12  3 19.00   149  560599.0 7626795.2    91.0   -29.69    82.70     1.18   297.75     0.11
 2012 12  3 20.00   149  560599.0 7626795.2    91.0   -29.29    83.25     0.28   325.10     0.00
 2012 12  3 21.00   149  560599.0 7626795.2    91.0   -29.94    82.45     0.71   339.85     0.00
 2012 12  3 22.00   149  560599.0 7626795.2    91.0   -30.29    82.10     0.63   323.30     0.00
 2012 12  3 23.00   149  560599.0 7626795.2    91.0   -30.70    81.45     1.15   276.50     0.00
 2012 12  4  0.00   149  560599.0 7626795.2    91.0   -30.25    82.10     1.06   271.55     0.00
 2012 12  4  1.00   149  560599.0 7626795.2    91.0   -30.44    81.85     1.14   289.75     0.00
 2012 12  4  2.00   149  560599.0 7626795.2    91.0   -30.25    82.00     0.90   291.35     0.00
 2012 12  4  3.00   149  560599.0 7626795.2    91.0   -29.84    82.50     0.91   275.60     0.00
 2012 12  4  4.00   149  560599.0 7626795.2    91.0   -28.90    83.55     0.34   273.50     0.00
 2012 12  4  5.00   149  560599.0 7626795.2    91.0   -28.84    83.55     0.24   284.05     0.00
 2012 12  4  6.00   149  560599.0 7626795.2    91.0   -29.93    82.40     0.55   278.40     0.00
 2012 12  4  7.00   149  560599.0 7626795.2    91.0   -29.80    82.60     0.49   304.85     0.00
 2012 12  4  8.00   149  560599.0 7626795.2    91.0   -30.68    81.50     0.69   285.95     0.00
 2012 12  4  9.00   149  560599.0 7626795.2    91.0   -30.77    81.40     0.68   270.10     0.00
 2012 12  4 10.00   149  560599.0 7626795.2    91.0   -30.33    81.85     0.57   277.55     0.00
 2012 12  4 11.00   149  560599.0 7626795.2    91.0   -30.47    81.90     0.54   273.70     0.00
 2012 12  4 12.00   149  560599.0 7626795.2    91.0   -28.86    83.70     0.07    30.88     0.00
 2012 12  4 13.00   149  560599.0 7626795.2    91.0   -29.78    82.50     0.03   128.85     0.00
 2012 12  4 14.00   149  560599.0 7626795.2    91.0   -29.93    82.30     0.00     0.00     0.00
 2012 12  4 15.00   149  560599.0 7626795.2    91.0   -30.33    81.85     0.30   262.50     0.00
 2012 12  4 16.00   149  560599.0 7626795.2    91.0   -30.32    82.00     0.29   317.05     0.00
 2012 12  4 17.00   149  560599.0 7626795.2    91.0   -29.16    83.40     0.15   339.10     0.00
 2012 12  4 18.00   149  560599.0 7626795.2    91.0   -29.89    82.45     0.07   151.00     0.00
 2012 12  4 19.00   149  560599.0 7626795.2    91.0   -29.19    83.15     0.00     0.00     0.00
 2012 12  4 20.00   149  560599.0 7626795.2    91.0   -30.55    81.60     0.53   271.95     0.00
 2012 12  4 21.00   149  560599.0 7626795.2    91.0   -30.73    81.40     0.46   275.95     0.00
 2012 12  4 22.00   149  560599.0 7626795.2    91.0   -30.63    81.40     0.41   275.10     0.00
 2012 12  4 23.00   149  560599.0 7626795.2    91.0   -29.77    82.50     0.14   148.75     0.00
 2012 12  5  0.00   149  560599.0 7626795.2    91.0   -30.38    81.85     0.07   156.35     0.00
 2012 12  5  1.00   149  560599.0 7626795.2    91.0   -30.77    81.30     0.07   133.95     0.00
 2012 12  5  2.00   149  560599.0 7626795.2    91.0   -30.74    81.35     0.05   144.20     0.00
 2012 12  5  3.00   149  560599.0 7626795.2    91.0   -30.36    81.65     0.00     0.00     0.00
 2012 12  5  4.00   149  560599.0 7626795.2    91.0   -30.41    81.55     0.21   276.45     0.00
 2012 12  5  5.00   149  560599.0 7626795.2    91.0   -30.59    81.45     0.25   276.40     0.00
 2012 12  5  6.00   149  560599.0 7626795.2    91.0   -30.28    81.80     0.07   135.20     0.00
 2012 12  5  7.00   149  560599.0 7626795.2    91.0   -30.59    81.40     0.00     0.00     0.00
 2012 12  5  8.00   149  560599.0 7626795.2    91.0   -30.39    81.70     0.00     0.00     0.00
 2012 12  5  9.00   149  560599.0 7626795.2    91.0   -31.44    80.50     0.00     0.00     0.00
 2012 12  5 10.00   149  560599.0 7626795.2    91.0   -31.35    80.60     0.00     0.00     0.00
 2012 12  5 11.00   149  560599.0 7626795.2    91.0   -30.27    81.75     0.00     0.00     0.00
 2012 12  5 12.00   149  560599.0 7626795.2    91.0   -30.08    81.95     0.00     0.00     0.00
 2012 12  5 13.00   149  560599.0 7626795.2    91.0   -29.30    82.85     0.00   352.55     0.00
 2012 12  5 14.00   149  560599.0 7626795.2    91.0   -29.30    82.90     0.00     0.00     0.00
 2012 12  5 15.00   149  560599.0 7626795.2    91.0   -29.84    82.35     0.00   180.00     0.00
 2012 12  5 16.00   149  560599.0 7626795.2    91.0   -30.30    81.70     0.00     0.00     0.00
 2012 12  5 17.00   149  560599.0 7626795.2    91.0   -29.41    82.65     0.00   348.45     0.00
 2012 12  5 18.00   149  560599.0 7626795.2    91.0   -28.50    83.75     0.00   177.25     0.00
 2012 12  5 19.00   149  560599.0 7626795.2    91.0   -28.16    84.20     0.00     0.00     0.00
 2012 12  5 20.00   149  560599.0 7626795.2    91.0   -28.18    84.20     0.00   336.45     0.00
 2012 12  5 21.00   149  560599.0 7626795.2    91.0   -27.69    84.80     0.01   348.40     0.00
 2012 12  5 22.00   149  560599.0 7626795.2    91.0   -26.99    85.55     0.01   352.25     0.00
 2012 12  5 23.00   149  560599.0 7626795.2    91.0   -27.01    85.55     0.00   175.90     0.00
 2012 12  6  0.00   149  560599.0 7626795.2    91.0   -27.71    84.70     0.01   355.50     0.00
 2012 12  6  1.00   149  560599.0 7626795.2    91.0   -28.07    84.35     0.00   351.50     0.00
 2012 12  6  2.00   149  560599.0 7626795.2    91.0   -27.66    84.75     0.00   327.00     0.00
 2012 12  6  3.00   149  560599.0 7626795.2    91.0   -27.31    85.20     0.00   327.15     0.00
 2012 12  6  4.00   149  560599.0 7626795.2    91.0   -26.76    85.85     0.00   164.70     0.00
 2012 12  6  5.00   149  560599.0 7626795.2    91.0   -26.43    86.20     0.00   158.70     0.00
 2012 12  6  6.00   149  560599.0 7626795.2    91.0   -26.30    86.35     0.00   327.80     0.00
 2012 12  6  7.00   149  560599.0 7626795.2    91.0   -26.73    85.90     0.00     0.00     0.00
 2012 12  6  8.00   149  560599.0 7626795.2    91.0   -26.29    86.25     0.00     0.00     0.00
 2012 12  6  9.00   149  560599.0 7626795.2    91.0   -25.53    87.15     0.00   167.95     0.00
 2012 12  6 10.00   149  560599.0 7626795.2    91.0   -25.05    87.75     0.00   159.60     0.00
 2012 12  6 11.00   149  560599.0 7626795.2    91.0   -24.13    88.75     0.00   160.60     0.00
 2012 12  6 12.00   149  560599.0 7626795.2    91.0   -24.43    88.45     0.00     0.00     0.00
 2012 12  6 13.00   149  560599.0 7626795.2    91.0   -24.36    88.50     0.00     0.00     0.00
 2012 12  6 14.00   149  560599.0 7626795.2    91.0   -24.29    88.50     0.00     0.00     0.00
 2012 12  6 15.00   149  560599.0 7626795.2    91.0   -24.03    88.85     0.00     0.00     0.00
 2012 12  6 16.00   149  560599.0 7626795.2    91.0   -24.12    88.70     0.01   143.70     0.00
 2012 12  6 17.00   149  560599.0 7626795.2    91.0   -24.87    87.95     0.01   285.70     0.00
 2012 12  6 18.00   149  560599.0 7626795.2    91.0   -24.78    88.10     0.01   272.55     0.00
 2012 12  6 19.00   149  560599.0 7626795.2    91.0   -24.02    88.90     0.01   272.75     0.00
 2012 12  6 20.00   149  560599.0 7626795.2    91.0   -23.13    89.90     0.00   284.15     0.00
 2012 12  6 21.00   149  560599.0 7626795.2    91.0   -22.30    90.80     0.01   274.95     0.00
 2012 12  6 22.00   149  560599.0 7626795.2    91.0   -21.74    91.30     0.01   273.00     0.00
 2012 12  6 23.00   149  560599.0 7626795.2    91.0   -21.21    91.95     0.01   280.10     0.00
 2012 12  7  0.00   149  560599.0 7626795.2    91.0   -20.39    92.90     0.01   280.75     0.00
 2012 12  7  1.00   149  560599.0 7626795.2    91.0   -19.76    93.50     0.01   289.00     0.00
 2012 12  7  2.00   149  560599.0 7626795.2    91.0   -19.49    93.80     0.01   288.55     0.00
 2012 12  7  3.00   149  560599.0 7626795.2    91.0   -20.02    93.25     0.01   285.70     0.00
 2012 12  7  4.00   149  560599.0 7626795.2    91.0   -20.70    92.60     0.01   278.45     0.00
 2012 12  7  5.00   149  560599.0 7626795.2    91.0   -20.68    92.65     0.01   291.75     0.00
 2012 12  7  6.00   149  560599.0 7626795.2    91.0   -21.66    91.50     0.01   331.45     0.00
 2012 12  7  7.00   149  560599.0 7626795.2    91.0   -22.52    90.60     0.01   334.30     0.00
 2012 12  7  8.00   149  560599.0 7626795.2    91.0   -23.93    89.15     0.01   304.50     0.00
 2012 12  7  9.00   149  560599.0 7626795.2    91.0   -23.52    89.55     0.01   315.50     0.00
 2012 12  7 10.00   149  560599.0 7626795.2    91.0   -23.34    89.75     0.01   319.90     0.00
 2012 12  7 11.00   149  560599.0 7626795.2    91.0   -22.88    90.25     0.01   306.85     0.00
 2012 12  7 12.00   149  560599.0 7626795.2    91.0   -22.77    90.30     0.00   293.25     0.00
 2012 12  7 13.00   149  560599.0 7626795.2    91.0   -23.38    89.65     0.00   299.80     0.00
 2012 12  7 14.00   149  560599.0 7626795.2    91.0   -24.29    88.70     0.00   309.20     0.00
 2012 12  7 15.00   149  560599.0 7626795.2    91.0   -24.11    88.95     0.01   316.45     0.00
 2012 12  7 16.00   149  560599.0 7626795.2    91.0   -23.55    89.45     0.01   313.15     0.00
 2012 12  7 17.00   149  560599.0 7626795.2    91.0   -24.69    88.25     0.00   153.70     0.00
 2012 12  7 18.00   149  560599.0 7626795.2    91.0   -24.59    88.35     0.00   152.35     0.00
 2012 12  7 19.00   149  560599.0 7626795.2    91.0   -24.03    88.95     0.00     0.00     0.00
 2012 12  7 20.00   149  560599.0 7626795.2    91.0   -24.01    88.90     0.00     0.00     0.00
 2012 12  7 21.00   149  560599.0 7626795.2    91.0   -23.78    89.15     0.00     0.00     0.00
 2012 12  7 22.00   149  560599.0 7626795.2    91.0   -23.55    89.40     0.00     0.00     0.00
 2012 12  7 23.00   149  560599.0 7626795.2    91.0   -23.07    89.95     0.00     0.00     0.00
 2012 12  8  0.00   149  560599.0 7626795.2    91.0   -22.71    90.30     0.00   152.00     0.00
 2012 12  8  1.00   149  560599.0 7626795.2    91.0   -22.89    90.15     0.00     0.00     0.00
 2012 12  8  2.00   149  560599.0 7626795.2    91.0   -23.36    89.65     0.00     0.00     0.00
 2012 12  8  3.00   149  560599.0 7626795.2    91.0   -23.68    89.30     0.00     0.00     0.00
 2012 12  8  4.00   149  560599.0 7626795.2    91.0   -23.95    88.95     0.00     0.00     0.00
 2012 12  8  5.00   149  560599.0 7626795.2    91.0   -23.48    89.45     0.00     0.00     0.00
 2012 12  8  6.00   149  560599.0 7626795.2    91.0   -23.34    89.55     0.00     0.00     0.00
 2012 12  8  7.00   149  560599.0 7626795.2    91.0   -23.30    89.60     0.00     0.00     0.00
 2012 12  8  8.00   149  560599.0 7626795.2    91.0   -23.27    89.65     0.00     0.00     0.00
 2012 12  8  9.00   149  560599.0 7626795.2    91.0   -23.14    89.80     0.00     0.00     0.00
 2012 12  8 10.00   149  560599.0 7626795.2    91.0   -23.19    89.75     0.00     0.00     0.00
 2012 12  8 11.00   149  560599.0 7626795.2    91.0   -23.13    89.80     0.00     0.00     0.00
 2012 12  8 12.00   149  560599.0 7626795.2    91.0   -22.96    90.00     0.00     0.00     0.00
 2012 12  8 13.00   149  560599.0 7626795.2    91.0   -23.08    89.90     0.00     0.00     0.00
 2012 12  8 14.00   149  560599.0 7626795.2    91.0   -23.18    89.75     0.00     0.00     0.00
 2012 12  8 15.00   149  560599.0 7626795.2    91.0   -23.17    89.85     0.00     0.00     0.00
 2012 12  8 16.00   149  560599.0 7626795.2    91.0   -23.66    89.35     0.00     0.00     0.00
 2012 12  8 17.00   149  560599.0 7626795.2    91.0   -24.36    88.65     0.00     0.00     0.00
 2012 12  8 18.00   149  560599.0 7626795.2    91.0   -24.97    87.90     0.00     0.00     0.00
 2012 12  8 19.00   149  560599.0 7626795.2    91.0   -25.04    87.80     0.00     0.00     0.00
 2012 12  8 20.00   149  560599.0 7626795.2    91.0   -25.23    87.60     0.00     0.00     0.00
 2012 12  8 21.00   149  560599.0 7626795.2    91.0   -25.31    87.60     0.00     0.00     0.00
 2012 12  8 22.00   149  560599.0 7626795.2    91.0   -25.78    87.00     0.00     0.00     0.38
 2012 12  8 23.00   149  560599.0 7626795.2    91.0   -25.94    87.05     0.00     0.00     0.24
 2012 12  9  0.00   149  560599.0 7626795.2    91.0   -26.27    86.65     0.00     0.00     0.00
 2012 12  9  1.00   149  560599.0 7626795.2    91.0   -26.98    86.15     0.00     0.00     0.38
 2012 12  9  2.00   149  560599.0 7626795.2    91.0   -27.30    85.45     0.00     0.00     0.44
 2012 12  9  3.00   149  560599.0 7626795.2    91.0   -27.79    84.95     0.00     0.00     0.00
 2012 12  9  4.00   149  560599.0 7626795.2    91.0   -28.52    84.20     0.00     0.00     0.00
 2012 12  9  5.00   149  560599.0 7626795.2    91.0   -28.67    83.80     0.00     0.00     0.00
 2012 12  9  6.00   149  560599.0 7626795.2    91.0   -29.07    83.35     0.00     0.00     0.00
 2012 12  9  7.00   149  560599.0 7626795.2    91.0   -29.35    83.15     0.00     0.00     0.00
 2012 12  9  8.00   149  560599.0 7626795.2    91.0   -30.09    82.40     0.00     0.00     0.00
 2012 12  9  9.00   149  560599.0 7626795.2    91.0   -30.62    81.60     0.00     0.00     0.00
 2012 12  9 10.00   149  560599.0 7626795.2    91.0   -31.02    81.10     0.00     0.00     0.00
 2012 12  9 11.00   149  560599.0 7626795.2    91.0   -30.98    81.15     0.00   176.65     0.00
 2012 12  9 12.00   149  560599.0 7626795.2    91.0   -31.73    80.20     0.00   172.60     0.00
 2012 12  9 13.00   149  560599.0 7626795.2    91.0   -33.24    78.40     0.00     0.00     0.00
 2012 12  9 14.00   149  560599.0 7626795.2    91.0   -33.44    78.05     0.00   174.63     0.00
 2012 12  9 15.00   149  560599.0 7626795.2    91.0   -34.39    76.90     0.00     0.00     0.00
 2012 12  9 16.00   149  560599.0 7626795.2    91.0   -34.67    76.60     0.00   351.55     0.00
 2012 12  9 17.00   149  560599.0 7626795.2    91.0   -33.92    77.50     0.00   172.20     0.00
 2012 12  9 18.00   149  560599.0 7626795.2    91.0   -34.82    76.40     0.00   354.15     0.00
 2012 12  9 19.00   149  560599.0 7626795.2    91.0   -35.60    75.45     0.00   174.90     0.00
 2012 12  9 20.00   149  560599.0 7626795.2    91.0   -35.41    75.60     0.00   177.10     0.00
 2012 12  9 21.00   149  560599.0 7626795.2    91.0   -35.09    75.85     0.00     0.00     0.00
 2012 12  9 22.00   149  560599.0 7626795.2    91.0   -34.02    77.10     0.00     0.00     0.00
 2012 12  9 23.00   149  560599.0 7626795.2    91.0   -33.19    78.30     0.00     0.00     0.00
 2012 12 10  0.00   149  560599.0 7626795.2    91.0   -33.16    78.50     0.00     0.00     0.00
 2012 12 10  1.00   149  560599.0 7626795.2    91.0   -33.39    78.20     0.00     0.00     0.00
 2012 12 10  2.00   149  560599.0 7626795.2    91.0   -33.45    78.10     0.00     0.00     0.00
 2012 12 10  3.00   149  560599.0 7626795.2    91.0   -33.52    77.95     0.00     0.00     0.00
 2012 12 10  4.00   149  560599.0 7626795.2    91.0   -33.78    77.75     0.00     0.00     0.00
 2012 12 10  5.00   149  560599.0 7626795.2    91.0   -33.98    77.45     0.00     0.00     0.00
 2012 12 10  6.00   149  560599.0 7626795.2    91.0   -33.61    77.75     0.00     0.00     0.00
 2012 12 10  7.00   149  560599.0 7626795.2    91.0   -33.73    77.65     0.00     0.00     0.22
 2012 12 10  8.00   149  560599.0 7626795.2    91.0   -33.51    78.00     0.00     0.00     0.00
 2012 12 10  9.00   149  560599.0 7626795.2    91.0   -34.12    77.25     0.00     0.00     0.00
 2012 12 10 10.00   149  560599.0 7626795.2    91.0   -34.37    76.90     0.00     0.00     0.00
 2012 12 10 11.00   149  560599.0 7626795.2    91.0   -34.17    77.00     0.00     0.00     0.00
 2012 12 10 12.00   149  560599.0 7626795.2    91.0   -34.25    77.10     0.00     0.00     0.00
 2012 12 10 13.00   149  560599.0 7626795.2    91.0   -36.06    74.85     0.20   314.20     0.00
 2012 12 10 14.00   149  560599.0 7626795.2    91.0   -37.17    73.50     0.51   281.95     0.00
 2012 12 10 15.00   149  560599.0 7626795.2    91.0   -36.41    74.55     0.51   267.95     0.00
 2012 12 10 16.00   149  560599.0 7626795.2    91.0   -34.87    75.85     0.00     0.00     0.00
 2012 12 10 17.00   149  560599.0 7626795.2    91.0   -35.41    75.50     0.00     0.00     0.00
 2012 12 10 18.00   149  560599.0 7626795.2    91.0   -35.47    75.35     0.00     0.00     0.00
 2012 12 10 19.00   149  560599.0 7626795.2    91.0   -36.37    74.40     0.00     0.00     0.00
 2012 12 10 20.00   149  560599.0 7626795.2    91.0   -35.35    75.70     0.12    98.25     0.00
 2012 12 10 21.00   149  560599.0 7626795.2    91.0   -34.58    76.65     0.45   174.60     0.00
 2012 12 10 22.00   149  560599.0 7626795.2    91.0   -34.03    77.40     0.57   166.15     0.00
 2012 12 10 23.00   149  560599.0 7626795.2    91.0   -34.26    77.05     0.07    79.35     0.00
 2012 12 11  0.00   149  560599.0 7626795.2    91.0   -34.23    76.95     0.33   112.80     0.00
 2012 12 11  1.00   149  560599.0 7626795.2    91.0   -34.72    76.45     0.78   164.55     0.00
 2012 12 11  2.00   149  560599.0 7626795.2    91.0   -34.12    77.25     1.27   179.45     0.00
 2012 12 11  3.00   149  560599.0 7626795.2    91.0   -33.58    77.75     1.72   166.50     0.00
 2012 12 11  4.00   149  560599.0 7626795.2    91.0   -32.86    78.60     1.48   165.20     0.00
 2012 12 11  5.00   149  560599.0 7626795.2    91.0   -33.03    78.40     0.83    89.16     0.00
 2012 12 11  6.00   149  560599.0 7626795.2    91.0   -32.88    78.65     0.48   122.35     0.00
 2012 12 11  7.00   149  560599.0 7626795.2    91.0   -31.96    79.65     1.73   172.85     0.00
 2012 12 11  8.00   149  560599.0 7626795.2    91.0   -33.38    78.05     1.14   135.55     0.00
 2012 12 11  9.00   149  560599.0 7626795.2    91.0   -33.52    77.90     1.26   141.45     0.00
 2012 12 11 10.00   149  560599.0 7626795.2    91.0   -31.88    79.90     2.67   188.95     0.00
 2012 12 11 11.00   149  560599.0 7626795.2    91.0   -31.23    80.45     4.79   201.95     0.00
 2012 12 11 12.00   149  560599.0 7626795.2    91.0   -31.13    80.70     3.67   186.50     0.00
 2012 12 11 13.00   149  560599.0 7626795.2    91.0   -30.41    81.60     2.04   215.70     0.00
 2012 12 11 14.00   149  560599.0 7626795.2    91.0   -29.60    82.40     4.27   219.75     0.00
 2012 12 11 15.00   149  560599.0 7626795.2    91.0   -29.07    83.05     4.29   231.75     0.00
 2012 12 11 16.00   149  560599.0 7626795.2    91.0   -29.30    82.70     4.16   246.70     0.00
 2012 12 11 17.00   149  560599.0 7626795.2    91.0   -29.34    82.65     3.92   261.75     0.00
 2012 12 11 18.00   149  560599.0 7626795.2    91.0   -29.52    82.60     3.10   241.55     0.00
 2012 12 11 19.00   149  560599.0 7626795.2    91.0   -28.69    83.60     2.88   263.35     0.00
 2012 12 11 20.00   149  560599.0 7626795.2    91.0   -29.76    82.10     3.46   270.30     0.00
 2012 12 11 21.00   149  560599.0 7626795.2    91.0   -30.46    81.45     3.05   261.00     0.00
 2012 12 11 22.00   149  560599.0 7626795.2    91.0   -30.66    81.20     2.98   252.60     0.00
 2012 12 11 23.00   149  560599.0 7626795.2    91.0   -31.56    80.05     2.71   236.05     0.00
 2012 12 12  0.00   149  560599.0 7626795.2    91.0   -32.49    79.05     2.56   244.45     0.00
 2012 12 12  1.00   149  560599.0 7626795.2    91.0   -32.05    79.70     3.23   246.80     0.00
 2012 12 12  2.00   149  560599.0 7626795.2    91.0   -31.67    80.10     3.79   251.60     0.00
 2012 12 12  3.00   149  560599.0 7626795.2    91.0   -31.30    80.65     3.33   248.70     0.00
 2012 12 12  4.00   149  560599.0 7626795.2    91.0   -30.88    80.95     2.94   256.70     0.00
 2012 12 12  5.00   149  560599.0 7626795.2    91.0   -30.52    81.50     4.08   242.40     0.00
 2012 12 12  6.00   149  560599.0 7626795.2    91.0   -30.10    81.95     4.92   236.80     0.00
 2012 12 12  7.00   149  560599.0 7626795.2    91.0   -29.61    82.40     4.96   238.90     0.00
 2012 12 12  8.00   149  560599.0 7626795.2    91.0   -28.77    83.70     4.77   232.05     0.00
 2012 12 12  9.00   149  560599.0 7626795.2    91.0   -28.51    83.55     3.02   218.40     0.00
 2012 12 12 10.00   149  560599.0 7626795.2    91.0   -28.67    83.75     1.15   165.95     0.00
 2012 12 12 11.00   149  560599.0 7626795.2    91.0   -29.68    82.65     0.57   122.05     0.00
 2012 12 12 12.00   149  560599.0 7626795.2    91.0   -29.36    82.75     0.85    86.25     0.00
 2012 12 12 13.00   149  560599.0 7626795.2    91.0   -30.45    81.45     0.92    97.20     0.00
 2012 12 12 14.00   149  560599.0 7626795.2    91.0   -30.46    81.30     0.81    80.45     0.00
 2012 12 12 15.00   149  560599.0 7626795.2    91.0   -29.27    82.65     1.02    69.98     0.00
 2012 12 12 16.00   149  560599.0 7626795.2    91.0   -28.47    83.60     1.15    50.04     0.00
 2012 12 12 17.00   149  560599.0 7626795.2    91.0   -27.78    84.40     1.39   166.62     0.00
 2012 12 12 18.00   149  560599.0 7626795.2    91.0   -27.57    84.70     2.17   326.90     0.00
 2012 12 12 19.00   149  560599.0 7626795.2    91.0   -27.26    85.05     2.14   322.35     0.00
 2012 12 12 20.00   149  560599.0 7626795.2    91.0   -26.55    85.90     1.82   336.40     0.00
 2012 12 12 21.00   149  560599.0 7626795.2    91.0   -26.18    86.20     3.18   322.30     0.00
 2012 12 12 22.00   149  560599.0 7626795.2    91.0   -25.78    86.70     3.81   344.00     0.00
 2012 12 12 23.00   149  560599.0 7626795.2    91.0   -25.74    86.75     5.71   337.70     0.00
 2012 12 13  0.00   149  560599.0 7626795.2    91.0   -25.84    86.60     5.91   335.25     0.00
 2012 12 13  1.00   149  560599.0 7626795.2    91.0   -25.91    86.70     6.40   334.35     0.00
 2012 12 13  2.00   149  560599.0 7626795.2    91.0   -25.26    87.50     6.71   338.55     0.00
 2012 12 13  3.00   149  560599.0 7626795.2    91.0   -24.95    87.75     7.15   338.00     0.00
 2012 12 13  4.00   149  560599.0 7626795.2    91.0   -25.12    87.60     7.17   332.90     0.00
 2012 12 13  5.00   149  560599.0 7626795.2    91.0   -25.32    87.25     7.37   325.90     0.00
 2012 12 13  6.00   149  560599.0 7626795.2    91.0   -26.06    86.45     7.68   329.05     0.00
 2012 12 13  7.00   149  560599.0 7626795.2    91.0   -26.73    85.70     6.95   327.70     0.00
 2012 12 13  8.00   149  560599.0 7626795.2    91.0   -27.68    84.75     5.79   322.30     0.00
 2012 12 13  9.00   149  560599.0 7626795.2    91.0   -27.82    84.50     6.58   318.60     0.00
 2012 12 13 10.00   149  560599.0 7626795.2    91.0   -28.06    84.25     5.39   324.65     0.00
 2012 12 13 11.00   149  560599.0 7626795.2    91.0   -27.98    84.35     5.55   328.35     0.00
 2012 12 13 12.00   149  560599.0 7626795.2    91.0   -27.73    84.60     4.75   324.45     0.00
 2012 12 13 13.00   149  560599.0 7626795.2    91.0   -27.90    84.40     4.33   317.00     0.00
 2012 12 13 14.00   149  560599.0 7626795.2    91.0   -27.83    84.55     4.69   322.95     0.00
 2012 12 13 15.00   149  560599.0 7626795.2    91.0   -27.60    84.75     4.57   329.55     0.00
 2012 12 13 16.00   149  560599.0 7626795.2    91.0   -27.87    84.40     3.86   323.55     0.00
 2012 12 13 17.00   149  560599.0 7626795.2    91.0   -29.04    83.10     3.61   310.95     0.00
 2012 12 13 18.00   149  560599.0 7626795.2    91.0   -29.25    82.90     3.59   314.45     0.00
 2012 12 13 19.00   149  560599.0 7626795.2    91.0   -28.79    83.50     2.82   311.00     0.00
 2012 12 13 20.00   149  560599.0 7626795.2    91.0   -28.61    83.60     1.62   297.45     0.00
 2012 12 13 21.00   149  560599.0 7626795.2    91.0   -29.46    82.70     1.25   307.10     0.00
 2012 12 13 22.00   149  560599.0 7626795.2    91.0   -29.50    82.70     1.47   316.20     0.00
 2012 12 13 23.00   149  560599.0 7626795.2    91.0   -29.66    82.55     1.40   311.60     0.00
 2012 12 14  0.00   149  560599.0 7626795.2    91.0   -28.20    84.05     2.83   182.28     0.00
 2012 12 14  1.00   149  560599.0 7626795.2    91.0   -27.87    84.40     1.60    19.39     0.00
 2012 12 14  2.00   149  560599.0 7626795.2    91.0   -27.77    84.55     1.25   182.25     0.00
 2012 12 14  3.00   149  560599.0 7626795.2    91.0   -27.98    84.30     1.17   343.20     0.00
 2012 12 14  4.00   149  560599.0 7626795.2    91.0   -28.94    83.30     1.81   346.50     0.00
 2012 12 14  5.00   149  560599.0 7626795.2    91.0   -29.83    82.35     1.59   171.04     0.00
 2012 12 14  6.00   149  560599.0 7626795.2    91.0   -29.59    82.40     0.93   143.79     0.00
 2012 12 14  7.00   149  560599.0 7626795.2    91.0   -30.20    81.80     1.09   274.10     0.00
 2012 12 14  8.00   149  560599.0 7626795.2    91.0   -30.32    81.70     0.98   291.10     0.00
 2012 12 14  9.00   149  560599.0 7626795.2    91.0   -30.52    81.50     0.79   285.35     0.00
 2012 12 14 10.00   149  560599.0 7626795.2    91.0   -30.84    81.05     0.64   332.60     0.00
 2012 12 14 11.00   149  560599.0 7626795.2    91.0   -31.30    80.35     0.65   173.17     0.00
 2012 12 14 12.00   149  560599.0 7626795.2    91.0   -31.69    80.05     0.91   323.95     0.00
 2012 12 14 13.00   149  560599.0 7626795.2    91.0   -32.24    79.50     0.86   299.05     0.00
 2012 12 14 14.00   149  560599.0 7626795.2    91.0   -32.50    79.10     1.10   338.00     0.00
 2012 12 14 15.00   149  560599.0 7626795.2    91.0   -32.11    79.50     0.85   315.80     0.00
 2012 12 14 16.00   149  560599.0 7626795.2    91.0   -32.55    78.95     0.91   320.55     0.00
 2012 12 14 17.00   149  560599.0 7626795.2    91.0   -32.94    78.50     0.93   290.40     0.00
 2012 12 14 18.00   149  560599.0 7626795.2    91.0   -33.84    77.50     1.48   282.45     0.00
 2012 12 14 19.00   149  560599.0 7626795.2    91.0   -33.88    77.50     1.58   300.60     0.00
 2012 12 14 20.00   149  560599.0 7626795.2    91.0   -34.39    76.80     1.57   296.15     0.00
 2012 12 14 21.00   149  560599.0 7626795.2    91.0   -34.69    76.40     1.99   314.65     0.00
 2012 12 14 22.00   149  560599.0 7626795.2    91.0   -35.11    75.90     1.29   337.60     0.00
 2012 12 14 23.00   149  560599.0 7626795.2    91.0   -34.93    76.15     1.43   279.30     0.00
 2012 12 15  0.00   149  560599.0 7626795.2    91.0   -34.84    76.25     1.61   273.75     0.00
 2012 12 15  1.00   149  560599.0 7626795.2    91.0   -34.83    76.15     1.74   279.65     0.00
 2012 12 15  2.00   149  560599.0 7626795.2    91.0   -34.22    76.75     1.27   296.50     0.00
 2012 12 15  3.00   149  560599.0 7626795.2    91.0   -34.34    76.70     1.44   303.20     0.00
 2012 12 15  4.00   149  560599.0 7626795.2    91.0   -34.17    76.90     1.54   296.45     0.00
 2012 12 15  5.00   149  560599.0 7626795.2    91.0   -33.41    77.85     1.84   296.95     0.00
 2012 12 15  6.00   149  560599.0 7626795.2    91.0   -32.50    78.80     2.17   316.60     0.00
 2012 12 15  7.00   149  560599.0 7626795.2    91.0   -31.53    79.90     2.38   329.15     0.00
 2012 12 15  8.00   149  560599.0 7626795.2    91.0   -30.60    81.05     2.21   332.15     0.00
 2012 12 15  9.00   149  560599.0 7626795.2    91.0   -29.55    82.30     2.74   348.95     0.00
 2012 12 15 10.00   149  560599.0 7626795.2    91.0   -28.87    83.10     3.13   183.32     0.00
 2012 12 15 11.00   149  560599.0 7626795.2    91.0   -28.41    83.55     3.03     8.19     0.00
 2012 12 15 12.00   149  560599.0 7626795.2    91.0   -28.12    83.95     3.08     4.46     0.00
 2012 12 15 13.00   149  560599.0 7626795.2    91.0   -27.74    84.45     2.99     7.55     0.00
 2012 12 15 14.00   149  560599.0 7626795.2    91.0   -27.43    84.85     2.85     9.14     0.00
 2012 12 15 15.00   149  560599.0 7626795.2    91.0   -27.21    85.15     2.97     5.12     0.00
 2012 12 15 16.00   149  560599.0 7626795.2    91.0   -26.94    85.45     3.15   353.60     0.00
 2012 12 15 17.00   149  560599.0 7626795.2    91.0   -26.52    85.90     3.18   350.90     0.00
 2012 12 15 18.00   149  560599.0 7626795.2    91.0   -26.16    86.30     3.38   354.40     0.00
 2012 12 15 19.00   149  560599.0 7626795.2    91.0   -25.69    86.80     3.68   355.00     0.00
 2012 12 15 20.00   149  560599.0 7626795.2    91.0   -25.29    87.30     4.47   352.90     0.00
 2012 12 15 21.00   149  560599.0 7626795.2    91.0   -25.06    87.55     4.96   354.90     0.00
 2012 12 15 22.00   149  560599.0 7626795.2    91.0   -24.87    87.80     5.16   352.60     0.00
 2012 12 15 23.00   149  560599.0 7626795.2    91.0   -24.70    87.95     4.68   353.10     0.00
 2012 12 16  0.00   149  560599.0 7626795.2    91.0   -24.59    88.05     4.73   341.95     0.00
 2012 12 16  1.00   149  560599.0 7626795.2    91.0   -24.48    88.20     5.15   341.25     0.00
 2012 12 16  2.00   149  560599.0 7626795.2    91.0   -24.37    88.30     5.01   334.00     0.00
 2012 12 16  3.00   149  560599.0 7626795.2    91.0   -24.43    88.25     5.35   327.25     0.00
 2012 12 16  4.00   149  560599.0 7626795.2    91.0   -24.34    88.40     5.04   322.10     0.00
 2012 12 16  5.00   149  560599.0 7626795.2    91.0   -24.44    88.25     5.38   310.55     0.00
 2012 12 16  6.00   149  560599.0 7626795.2    91.0   -24.54    88.15     5.80   310.85     0.00
 2012 12 16  7.00   149  560599.0 7626795.2    91.0   -24.74    87.95     5.15   307.95     0.00
 2012 12 16  8.00   149  560599.0 7626795.2    91.0   -24.85    87.80     4.82   305.80     0.00
 2012 12 16  9.00   149  560599.0 7626795.2    91.0   -24.66    88.05     4.66   308.80     0.00
 2012 12 16 10.00   149  560599.0 7626795.2    91.0   -24.73    87.90     4.64   296.15     0.00
 2012 12 16 11.00   149  560599.0 7626795.2    91.0   -25.21    87.40     4.17   281.05     0.00
 2012 12 16 12.00   149  560599.0 7626795.2    91.0   -25.75    86.80     4.05   276.65     0.00
 2012 12 16 13.00   149  560599.0 7626795.2    91.0   -25.55    87.15     3.86   286.85     0.00
 2012 12 16 14.00   149  560599.0 7626795.2    91.0   -25.49    87.10     4.13   292.95     0.00
 2012 12 16 15.00   149  560599.0 7626795.2    91.0   -25.80    86.85     4.52   292.75     0.00
 2012 12 16 16.00   149  560599.0 7626795.2    91.0   -25.16    87.55     4.18   280.85     0.00
 2012 12 16 17.00   149  560599.0 7626795.2    91.0   -24.82    87.85     4.52   293.80     0.00
 2012 12 16 18.00   149  560599.0 7626795.2    91.0   -24.73    87.90     3.85   290.35     0.00
 2012 12 16 19.00   149  560599.0 7626795.2    91.0   -24.71    87.95     3.37   316.65     0.00
 2012 12 16 20.00   149  560599.0 7626795.2    91.0   -24.34    88.35     1.66   290.70     0.00
 2012 12 16 21.00   149  560599.0 7626795.2    91.0   -24.20    88.50     1.22   232.15     0.00
 2012 12 16 22.00   149  560599.0 7626795.2    91.0   -24.04    88.65     2.46   247.10     0.00
 2012 12 16 23.00   149  560599.0 7626795.2    91.0   -24.13    88.60     3.04   259.55     0.00
 2012 12 17  0.00   149  560599.0 7626795.2    91.0   -24.06    88.65     3.46   274.10     0.00
 2012 12 17  1.00   149  560599.0 7626795.2    91.0   -24.18    88.55     2.79   265.60     0.00
 2012 12 17  2.00   149  560599.0 7626795.2    91.0   -24.36    88.40     2.77   258.65     0.00
 2012 12 17  3.00   149  560599.0 7626795.2    91.0   -24.46    88.25     2.41   265.80     0.00
 2012 12 17  4.00   149  560599.0 7626795.2    91.0   -25.13    87.50     1.98   260.65     0.00
 2012 12 17  5.00   149  560599.0 7626795.2    91.0   -26.30    86.40     2.20   277.80     0.00
 2012 12 17  6.00   149  560599.0 7626795.2    91.0   -27.02    85.75     1.81   268.75     0.00
 2012 12 17  7.00   149  560599.0 7626795.2    91.0   -28.14    84.35     2.04   272.80     0.00
 2012 12 17  8.00   149  560599.0 7626795.2    91.0   -29.09    83.35     2.27   279.20     0.00
 2012 12 17  9.00   149  560599.0 7626795.2    91.0   -29.12    83.30     2.56   278.45     0.00
 2012 12 17 10.00   149  560599.0 7626795.2    91.0   -28.96    83.55     2.29   284.10     0.00
 2012 12 17 11.00   149  560599.0 7626795.2    91.0   -29.35    82.90     2.34   295.40     0.00
 2012 12 17 12.00   149  560599.0 7626795.2    91.0   -29.60    82.85     1.44   283.10     0.00
 2012 12 17 13.00   149  560599.0 7626795.2    91.0   -29.92    82.20     1.41   259.35     0.00
 2012 12 17 14.00   149  560599.0 7626795.2    91.0   -30.23    81.65     2.25   261.90     0.00
 2012 12 17 15.00   149  560599.0 7626795.2    91.0   -29.49    83.25     4.08   263.35     0.00
 2012 12 17 16.00   149  560599.0 7626795.2    91.0   -27.94    84.60     4.08   268.55     0.00
 2012 12 17 17.00   149  560599.0 7626795.2    91.0   -27.38    85.20     3.70   272.95     0.00
 2012 12 17 18.00   149  560599.0 7626795.2    91.0   -28.00    84.25     3.37   282.80     0.00
 2012 12 17 19.00   149  560599.0 7626795.2    91.0   -28.91    83.35     2.88   283.10     0.00
 2012 12 17 20.00   149  560599.0 7626795.2    91.0   -29.29    82.90     2.06   274.90     0.00
 2012 12 17 21.00   149  560599.0 7626795.2    91.0   -29.41    82.90     1.17   251.80     0.00
 2012 12 17 22.00   149  560599.0 7626795.2    91.0   -30.22    81.95     1.96   263.85     0.00
 2012 12 17 23.00   149  560599.0 7626795.2    91.0   -30.70    81.50     1.52   262.05     0.00
 2012 12 18  0.00   149  560599.0 7626795.2    91.0   -31.02    81.10     1.79   260.10     0.00
 2012 12 18  1.00   149  560599.0 7626795.2    91.0   -30.03    82.35     0.95   254.00     0.00
 2012 12 18  2.00   149  560599.0 7626795.2    91.0   -30.50    81.60     0.44   245.25     0.00
 2012 12 18  3.00   149  560599.0 7626795.2    91.0   -30.61    81.25     0.97   268.75     0.00
 2012 12 18  4.00   149  560599.0 7626795.2    91.0   -31.34    80.70     1.81   259.35     0.00
 2012 12 18  5.00   149  560599.0 7626795.2    91.0   -28.93    83.25     0.05   237.80     0.00
 2012 12 18  6.00   149  560599.0 7626795.2    91.0   -28.51    83.75     0.28   254.20     0.00
 2012 12 18  7.00   149  560599.0 7626795.2    91.0   -27.79    84.35     0.29    92.64     0.00
 2012 12 18  8.00   149  560599.0 7626795.2    91.0   -28.02    84.35     0.76    87.70     0.00
 2012 12 18  9.00   149  560599.0 7626795.2    91.0   -29.70    82.55     0.76   127.45     0.00
 2012 12 18 10.00   149  560599.0 7626795.2    91.0   -29.09    83.20     0.99   179.30     0.00
 2012 12 18 11.00   149  560599.0 7626795.2    91.0   -27.59    85.10     1.70   166.45     0.00
 2012 12 18 12.00   149  560599.0 7626795.2    91.0   -27.39    85.20     1.96   136.05     0.00
 2012 12 18 13.00   149  560599.0 7626795.2    91.0   -27.43    85.20     1.48   135.90     0.00
 2012 12 18 14.00   149  560599.0 7626795.2    91.0   -26.53    86.25     1.21   144.05     0.00
 2012 12 18 15.00   149  560599.0 7626795.2    91.0   -28.23    84.35     1.49   132.20     0.00
 2012 12 18 16.00   149  560599.0 7626795.2    91.0   -27.15    85.75     1.64   148.70     0.00
 2012 12 18 17.00   149  560599.0 7626795.2    91.0   -26.20    86.60     2.83   158.80     0.00
 2012 12 18 18.00   149  560599.0 7626795.2    91.0   -26.22    86.55     3.17   160.25     0.00
 2012 12 18 19.00   149  560599.0 7626795.2    91.0   -25.84    86.95     3.28   173.40     0.00
 2012 12 18 20.00   149  560599.0 7626795.2    91.0   -26.12    86.75     0.80   164.30     0.00
 2012 12 18 21.00   149  560599.0 7626795.2    91.0   -26.40    86.60     0.85   208.05     0.00
 2012 12 18 22.00   149  560599.0 7626795.2    91.0   -26.61    86.40     1.24   214.75     0.00
 2012 12 18 23.00   149  560599.0 7626795.2    91.0   -27.50    85.30     0.47   211.75     0.00
 2012 12 19  0.00   149  560599.0 7626795.2    91.0   -28.34    84.55     2.08   242.60     0.00
 2012 12 19  1.00   149  560599.0 7626795.2    91.0   -25.98    87.10     4.28   263.80     0.00
 2012 12 19  2.00   149  560599.0 7626795.2    91.0   -24.34    88.75     4.84   265.50     0.00
 2012 12 19  3.00   149  560599.0 7626795.2    91.0   -24.02    88.80     4.21   267.85     0.00
 2012 12 19  4.00   149  560599.0 7626795.2    91.0   -23.26    89.80     5.94   274.05     0.00
 2012 12 19  5.00   149  560599.0 7626795.2    91.0   -24.39    88.05     5.69   279.95     0.00
 2012 12 19  6.00   149  560599.0 7626795.2    91.0   -25.02    87.60     6.36   301.15     0.00
 2012 12 19  7.00   149  560599.0 7626795.2    91.0   -25.65    87.00     7.34   301.10     0.00
 2012 12 19  8.00   149  560599.0 7626795.2    91.0   -26.11    86.45     7.62   310.35     0.00
 2012 12 19  9.00   149  560599.0 7626795.2    91.0   -26.45    86.15     8.21   312.60     0.00
 2012 12 19 10.00   149  560599.0 7626795.2    91.0   -26.54    86.10     7.08   326.40     0.00
 2012 12 19 11.00   149  560599.0 7626795.2    91.0   -25.98    86.70     7.46   330.40     0.00
 2012 12 19 12.00   149  560599.0 7626795.2    91.0   -25.38    87.30     6.55   327.35     0.00
 2012 12 19 13.00   149  560599.0 7626795.2    91.0   -25.11    87.65     5.80   312.95     0.00
 2012 12 19 14.00   149  560599.0 7626795.2    91.0   -24.57    88.20     7.52   320.10     0.00
 2012 12 19 15.00   149  560599.0 7626795.2    91.0   -24.77    87.95     6.71   315.50     0.00
 2012 12 19 16.00   149  560599.0 7626795.2    91.0   -25.44    87.25     6.86   311.55     0.00
 2012 12 19 17.00   149  560599.0 7626795.2    91.0   -25.30    87.40     7.38   314.45     0.00
 2012 12 19 18.00   149  560599.0 7626795.2    91.0   -25.50    87.15     6.74   316.15     0.00
 2012 12 19 19.00   149  560599.0 7626795.2    91.0   -26.00    86.60     5.58   305.95     0.00
 2012 12 19 20.00   149  560599.0 7626795.2    91.0   -26.58    86.00     4.71   296.55     0.00
 2012 12 19 21.00   149  560599.0 7626795.2    91.0   -26.67    86.00     5.00   300.10     0.00
 2012 12 19 22.00   149  560599.0 7626795.2    91.0   -26.99    85.45     5.43   295.60     0.00
 2012 12 19 23.00   149  560599.0 7626795.2    91.0   -27.48    84.95     4.58   299.15     0.00
 2012 12 20  0.00   149  560599.0 7626795.2    91.0   -27.16    85.45     4.01   299.65     0.00
 2012 12 20  1.00   149  560599.0 7626795.2    91.0   -26.77    85.95     3.48   297.90     0.00
 2012 12 20  2.00   149  560599.0 7626795.2    91.0   -27.11    85.50     3.46   287.20     0.00
 2012 12 20  3.00   149  560599.0 7626795.2    91.0   -26.73    85.95     4.12   291.95     0.00
 2012 12 20  4.00   149  560599.0 7626795.2    91.0   -26.16    86.50     4.08   293.10     0.00
 2012 12 20  5.00   149  560599.0 7626795.2    91.0   -25.38    87.30     4.56   302.55     0.33
 2012 12 20  6.00   149  560599.0 7626795.2    91.0   -24.62    88.10     4.98   303.10     0.00
 2012 12 20  7.00   149  560599.0 7626795.2    91.0   -24.49    88.25     4.06   300.15     0.00
 2012 12 20  8.00   149  560599.0 7626795.2    91.0   -24.04    88.75     4.20   305.60     0.00
 2012 12 20  9.00   149  560599.0 7626795.2    91.0   -23.54    89.25     4.72   314.00     0.00
 2012 12 20 10.00   149  560599.0 7626795.2    91.0   -23.80    88.90     3.50   311.55     0.00
 2012 12 20 11.00   149  560599.0 7626795.2    91.0   -24.41    88.35     2.07   310.95     0.00
 2012 12 20 12.00   149  560599.0 7626795.2    91.0   -26.27    86.50     1.92   276.70     0.00
 2012 12 20 13.00   149  560599.0 7626795.2    91.0   -27.23    85.50     1.68   257.95     0.00
 2012 12 20 14.00   149  560599.0 7626795.2    91.0   -27.14    85.60     1.77   262.40     0.00
 2012 12 20 15.00   149  560599.0 7626795.2    91.0   -27.57    85.00     1.85   266.75     0.00
 2012 12 20 16.00   149  560599.0 7626795.2    91.0   -28.74    83.70     1.64   258.50     0.00
 2012 12 20 17.00   149  560599.0 7626795.2    91.0   -29.41    83.10     1.96   259.60     0.00
 2012 12 20 18.00   149  560599.0 7626795.2    91.0   -29.40    83.10     2.09   261.00     0.00
 2012 12 20 19.00   149  560599.0 7626795.2    91.0   -29.94    82.45     2.43   256.40     0.00
 2012 12 20 20.00   149  560599.0 7626795.2    91.0   -29.24    83.35     2.40   266.10     0.00
 2012 12 20 21.00   149  560599.0 7626795.2    91.0   -28.88    83.80     1.70   260.55     0.00
 2012 12 20 22.00   149  560599.0 7626795.2    91.0   -29.92    82.45     2.81   247.85     0.00
 2012 12 20 23.00   149  560599.0 7626795.2    91.0   -29.32    83.25     2.45   249.90     0.00
 2012 12 21  0.00   149  560599.0 7626795.2    91.0   -28.53    84.05     2.21   250.35     0.00
 2012 12 21  1.00   149  560599.0 7626795.2    91.0   -28.13    84.45     2.80   236.20     0.00
 2012 12 21  2.00   149  560599.0 7626795.2    91.0   -28.73    83.70     2.96   241.45     0.00
 2012 12 21  3.00   149  560599.0 7626795.2    91.0   -27.30    85.45     1.96   250.20     0.00
 2012 12 21  4.00   149  560599.0 7626795.2    91.0   -28.16    84.25     2.44   251.75     0.00
 2012 12 21  5.00   149  560599.0 7626795.2    91.0   -27.81    85.00     1.70   243.25     0.00
 2012 12 21  6.00   149  560599.0 7626795.2    91.0   -28.59    83.85     2.08   241.50     0.00
 2012 12 21  7.00   149  560599.0 7626795.2    91.0   -28.30    84.40     1.12   238.65     0.00
 2012 12 21  8.00   149  560599.0 7626795.2    91.0   -27.87    84.80     2.07   240.20     0.00
 2012 12 21  9.00   149  560599.0 7626795.2    91.0   -27.90    84.75     0.94   235.15     0.00
 2012 12 21 10.00   149  560599.0 7626795.2    91.0   -28.19    84.70     1.57   239.35     0.00
 2012 12 21 11.00   149  560599.0 7626795.2    91.0   -27.29    85.05     3.09   199.70     0.00
 2012 12 21 12.00   149  560599.0 7626795.2    91.0   -29.04    83.25     1.74   206.70     0.00
 2012 12 21 13.00   149  560599.0 7626795.2    91.0   -28.07    84.60     2.34   192.80     0.00
 2012 12 21 14.00   149  560599.0 7626795.2    91.0   -28.11    84.10     2.48   186.60     0.00
 2012 12 21 15.00   149  560599.0 7626795.2    91.0   -29.23    83.15     1.01   145.90     0.00
 2012 12 21 16.00   149  560599.0 7626795.2    91.0   -31.10    81.05     1.07   132.15     0.00
 2012 12 21 17.00   149  560599.0 7626795.2    91.0   -30.73    81.25     0.97   118.70     0.00
 2012 12 21 18.00   149  560599.0 7626795.2    91.0   -30.54    81.65     1.64   158.60     0.00
 2012 12 21 19.00   149  560599.0 7626795.2    91.0   -28.91    83.40     1.92   151.25     0.00
 2012 12 21 20.00   149  560599.0 7626795.2    91.0   -29.39    82.80     1.81   141.05     0.00
 2012 12 21 21.00   149  560599.0 7626795.2    91.0   -29.79    82.40     1.44   154.55     0.00
 2012 12 21 22.00   149  560599.0 7626795.2    91.0   -29.62    82.60     1.57   157.40     0.00
 2012 12 21 23.00   149  560599.0 7626795.2    91.0   -31.81    79.90     1.36   141.35     0.00
 2012 12 22  0.00   149  560599.0 7626795.2    91.0   -30.25    81.80     1.37   162.40     0.00
 2012 12 22  1.00   149  560599.0 7626795.2    91.0   -29.80    82.35     1.46   156.00     0.00
 2012 12 22  2.00   149  560599.0 7626795.2    91.0   -29.29    82.90     0.67   144.90     0.00
 2012 12 22  3.00   149  560599.0 7626795.2    91.0   -30.31    81.70     1.69   128.05     0.00
 2012 12 22  4.00   149  560599.0 7626795.2    91.0   -31.38    80.50     1.36   144.65     0.00
 2012 12 22  5.00   149  560599.0 7626795.2    91.0   -29.47    82.75     1.24   168.10     0.00
 2012 12 22  6.00   149  560599.0 7626795.2    91.0   -29.70    82.60     1.39   152.70     0.00
 2012 12 22  7.00   149  560599.0 7626795.2    91.0   -30.38    81.80     1.11   172.10     0.00
 2012 12 22  8.00   149  560599.0 7626795.2    91.0   -29.34    82.90     1.44   163.00     0.00
 2012 12 22  9.00   149  560599.0 7626795.2    91.0   -30.38    81.80     0.91   105.25     0.00
 2012 12 22 10.00   149  560599.0 7626795.2    91.0   -32.57    79.10     0.45    83.10     0.00
 2012 12 22 11.00   149  560599.0 7626795.2    91.0   -32.82    78.75     0.77   136.55     0.00
 2012 12 22 12.00   149  560599.0 7626795.2    91.0   -32.46    79.05     0.98   115.25     0.00
 2012 12 22 13.00   149  560599.0 7626795.2    91.0   -31.10    80.65     1.10   136.65     0.00
 2012 12 22 14.00   149  560599.0 7626795.2    91.0   -31.60    80.15     1.39   111.85     0.00
 2012 12 22 15.00   149  560599.0 7626795.2    91.0   -32.18    79.20     0.68   121.35     0.00
 2012 12 22 16.00   149  560599.0 7626795.2    91.0   -30.74    81.00     1.15   107.05     0.00
 2012 12 22 17.00   149  560599.0 7626795.2    91.0   -32.11    79.70     1.07    86.50     0.00
 2012 12 22 18.00   149  560599.0 7626795.2    91.0   -33.43    77.95     1.81    94.10     0.00
 2012 12 22 19.00   149  560599.0 7626795.2    91.0   -32.99    78.25     2.23   120.90     0.00
 2012 12 22 20.00   149  560599.0 7626795.2    91.0   -33.05    78.40     1.10   108.65     0.00
 2012 12 22 21.00   149  560599.0 7626795.2    91.0   -33.74    77.45     0.53    83.31     0.00
 2012 12 22 22.00   149  560599.0 7626795.2    91.0   -33.69    77.50     0.52    41.18     0.00
 2012 12 22 23.00   149  560599.0 7626795.2    91.0   -33.66    77.50     0.92    72.47     0.00
 2012 12 23  0.00   149  560599.0 7626795.2    91.0   -33.91    77.35     0.86    26.86     0.12
 2012 12 23  1.00   149  560599.0 7626795.2    91.0   -34.83    76.20     0.47   329.60     0.00
 2012 12 23  2.00   149  560599.0 7626795.2    91.0   -35.23    75.65     1.15   329.40     0.00
 2012 12 23  3.00   149  560599.0 7626795.2    91.0   -35.70    75.00     0.93   305.75     0.00
 2012 12 23  4.00   149  560599.0 7626795.2    91.0   -35.85    74.85     1.14   286.45     0.00
 2012 12 23  5.00   149  560599.0 7626795.2    91.0   -35.95    74.75     0.92   295.45     0.00
 2012 12 23  6.00   149  560599.0 7626795.2    91.0   -36.39    74.15     1.27   277.85     0.00
 2012 12 23  7.00   149  560599.0 7626795.2    91.0   -36.19    74.35     0.57   310.90     0.00
 2012 12 23  8.00   149  560599.0 7626795.2    91.0   -35.44    75.20     0.98   174.78     0.00
 2012 12 23  9.00   149  560599.0 7626795.2    91.0   -36.11    74.50     0.54   156.95     0.00
 2012 12 23 10.00   149  560599.0 7626795.2    91.0   -35.39    75.30     1.00    37.99     0.00
 2012 12 23 11.00   149  560599.0 7626795.2    91.0   -34.93    75.80     0.88    32.79     0.00
 2012 12 23 12.00   149  560599.0 7626795.2    91.0   -35.04    75.75     1.63    29.29     0.00
 2012 12 23 13.00   149  560599.0 7626795.2    91.0   -34.61    76.30     1.62    35.37     0.00
 2012 12 23 14.00   149  560599.0 7626795.2    91.0   -34.95    75.65     1.05   184.82     0.00
 2012 12 23 15.00   149  560599.0 7626795.2    91.0   -35.18    75.45     1.33   171.30     0.00
 2012 12 23 16.00   149  560599.0 7626795.2    91.0   -34.67    76.20     0.95   180.93     0.00
 2012 12 23 17.00   149  560599.0 7626795.2    91.0   -34.67    76.10     0.71   175.89     0.00
 2012 12 23 18.00   149  560599.0 7626795.2    91.0   -35.11    75.60     1.02   351.40     0.00
 2012 12 23 19.00   149  560599.0 7626795.2    91.0   -34.27    76.60     1.31   179.46     0.00
 2012 12 23 20.00   149  560599.0 7626795.2    91.0   -34.75    76.00     0.80   301.90     0.00
 2012 12 23 21.00   149  560599.0 7626795.2    91.0   -34.97    75.75     0.95   300.35     0.00
 2012 12 23 22.00   149  560599.0 7626795.2    91.0   -35.23    75.50     1.04   290.25     0.00
 2012 12 23 23.00   149  560599.0 7626795.2    91.0   -35.58    75.10     1.26   284.75     0.00
 2012 12 24  0.00   149  560599.0 7626795.2    91.0   -35.24    75.45     1.11   296.55     0.00
 2012 12 24  1.00   149  560599.0 7626795.2    91.0   -35.50    75.15     1.24   283.00     0.00
 2012 12 24  2.00   149  560599.0 7626795.2    91.0   -35.23    75.45     1.27   288.05     0.00
 2012 12 24  3.00   149  560599.0 7626795.2    91.0   -34.26    76.45     1.33   277.05     0.00
 2012 12 24  4.00   149  560599.0 7626795.2    91.0   -33.63    77.30     1.00   289.90     0.00
 2012 12 24  5.00   149  560599.0 7626795.2    91.0   -33.62    77.35     1.08   274.85     0.00
 2012 12 24  6.00   149  560599.0 7626795.2    91.0   -33.86    77.15     0.96   280.50     0.00
 2012 12 24  7.00   149  560599.0 7626795.2    91.0   -34.17    76.75     1.02   279.00     0.00
 2012 12 24  8.00   149  560599.0 7626795.2    91.0   -34.12    76.95     0.58   275.20     0.00
 2012 12 24  9.00   149  560599.0 7626795.2    91.0   -33.33    77.65     0.08   125.75     0.00
 2012 12 24 10.00   149  560599.0 7626795.2    91.0   -32.33    78.65     0.43    99.65     0.00
 2012 12 24 11.00   149  560599.0 7626795.2    91.0   -30.41    81.10     0.91   105.95     0.00
 2012 12 24 12.00   149  560599.0 7626795.2    91.0   -30.30    81.55     0.73    93.30     0.00
 2012 12 24 13.00   149  560599.0 7626795.2    91.0   -30.55    81.20     0.66   125.50     0.00
 2012 12 24 14.00   149  560599.0 7626795.2    91.0   -30.99    80.65     0.79   129.80     0.00
 2012 12 24 15.00   149  560599.0 7626795.2    91.0   -30.42    81.30     2.99   173.65     0.00
 2012 12 24 16.00   149  560599.0 7626795.2    91.0   -30.73    80.85     4.18   191.05     0.00
 2012 12 24 17.00   149  560599.0 7626795.2    91.0   -31.04    80.45     3.75   175.15     0.00
 2012 12 24 18.00   149  560599.0 7626795.2    91.0   -30.96    80.65     2.94   162.95     0.00
 2012 12 24 19.00   149  560599.0 7626795.2    91.0   -30.36    81.30     4.43   191.20     0.00
 2012 12 24 20.00   149  560599.0 7626795.2    91.0   -29.97    81.80     2.20   239.95     0.00
 2012 12 24 21.00   149  560599.0 7626795.2    91.0   -29.52    82.35     5.04   191.30     0.00
 2012 12 24 22.00   149  560599.0 7626795.2    91.0   -29.51    82.35     2.67   166.65     0.00
 2012 12 24 23.00   149  560599.0 7626795.2    91.0   -28.63    83.50     3.85   167.00     0.00
 2012 12 25  0.00   149  560599.0 7626795.2    91.0   -28.02    84.05     4.70   178.35     0.00
 2012 12 25  1.00   149  560599.0 7626795.2    91.0   -28.43    83.65     3.17   183.30     0.00
 2012 12 25  2.00   149  560599.0 7626795.2    91.0   -27.99    84.15     3.74   177.10     0.00
 2012 12 25  3.00   149  560599.0 7626795.2    91.0   -28.07    84.10     3.11   179.85     0.00
 2012 12 25  4.00   149  560599.0 7626795.2    91.0   -28.16    83.95     2.56   167.50     0.00
 2012 12 25  5.00   149  560599.0 7626795.2    91.0   -28.12    84.00     1.98   161.85     0.00
 2012 12 25  6.00   149  560599.0 7626795.2    91.0   -27.98    84.25     1.95   178.55     0.00
 2012 12 25  7.00   149  560599.0 7626795.2    91.0   -27.58    84.80     2.19   187.60     0.00
 2012 12 25  8.00   149  560599.0 7626795.2    91.0   -27.48    84.85     0.58    81.98     0.00
 2012 12 25  9.00   149  560599.0 7626795.2    91.0   -27.33    85.05     1.36   161.80     0.00
 2012 12 25 10.00   149  560599.0 7626795.2    91.0   -27.76    84.60     1.15   163.30     0.00
 2012 12 25 11.00   149  560599.0 7626795.2    91.0   -28.20    84.05     0.99   135.50     0.00
 2012 12 25 12.00   149  560599.0 7626795.2    91.0   -27.34    85.15     1.57   183.05     0.00
 2012 12 25 13.00   149  560599.0 7626795.2    91.0   -27.66    84.65     1.86   191.15     0.00
 2012 12 25 14.00   149  560599.0 7626795.2    91.0   -27.04    85.65     1.71   185.00     0.00
 2012 12 25 15.00   149  560599.0 7626795.2    91.0   -26.20    86.40     1.81   143.35     0.00
 2012 12 25 16.00   149  560599.0 7626795.2    91.0   -25.81    86.95     1.29   163.65     0.00
 2012 12 25 17.00   149  560599.0 7626795.2    91.0   -25.22    87.60     2.10   167.40     0.00
 2012 12 25 18.00   149  560599.0 7626795.2    91.0   -24.41    88.45     2.71   191.10     0.00
 2012 12 25 19.00   149  560599.0 7626795.2    91.0   -23.64    89.20     2.34   218.20     0.00
 2012 12 25 20.00   149  560599.0 7626795.2    91.0   -23.77    89.20     0.82   308.85     0.00
 2012 12 25 21.00   149  560599.0 7626795.2    91.0   -23.00    89.85     4.21   171.65     0.00
 2012 12 25 22.00   149  560599.0 7626795.2    91.0   -22.46    90.50     7.84   191.70     0.00
 2012 12 25 23.00   149  560599.0 7626795.2    91.0   -22.41    90.45     7.71   191.50     0.00
 2012 12 26  0.00   149  560599.0 7626795.2    91.0   -22.21    90.85     5.03   182.50     0.00
 2012 12 26  1.00   149  560599.0 7626795.2    91.0   -22.59    90.30     2.96   145.05     0.00
 2012 12 26  2.00   149  560599.0 7626795.2    91.0   -22.90    90.10     2.42   145.95     0.00
 2012 12 26  3.00   149  560599.0 7626795.2    91.0   -22.17    90.85     4.83   195.80     0.00
 2012 12 26  4.00   149  560599.0 7626795.2    91.0   -21.91    91.35     1.33   296.25     0.00
 2012 12 26  5.00   149  560599.0 7626795.2    91.0   -21.93    91.30     1.41   211.05     0.00
 2012 12 26  6.00   149  560599.0 7626795.2    91.0   -22.30    90.70     2.09   182.30     0.00
 2012 12 26  7.00   149  560599.0 7626795.2    91.0   -21.83    91.30     2.31   172.30     0.00
 2012 12 26  8.00   149  560599.0 7626795.2    91.0   -21.38    91.70     3.51   175.00     0.00
 2012 12 26  9.00   149  560599.0 7626795.2    91.0   -21.72    91.35     3.89   179.00     0.00
 2012 12 26 10.00   149  560599.0 7626795.2    91.0   -22.05    91.10     3.57   196.30     0.00
 2012 12 26 11.00   149  560599.0 7626795.2    91.0   -22.28    90.85     2.41   210.10     0.00
 2012 12 26 12.00   149  560599.0 7626795.2    91.0   -22.80    90.25     3.02   186.30     0.00
 2012 12 26 13.00   149  560599.0 7626795.2    91.0   -22.63    90.45     3.92   175.75     0.00
 2012 12 26 14.00   149  560599.0 7626795.2    91.0   -22.80    90.25     2.20   156.55     0.00
 2012 12 26 15.00   149  560599.0 7626795.2    91.0   -23.35    89.75     2.56   154.45     0.00
 2012 12 26 16.00   149  560599.0 7626795.2    91.0   -23.33    89.80     1.75   186.50     0.00
 2012 12 26 17.00   149  560599.0 7626795.2    91.0   -23.51    89.70     0.57    99.40     0.00
 2012 12 26 18.00   149  560599.0 7626795.2    91.0   -24.08    89.10     0.58   227.95     0.00
 2012 12 26 19.00   149  560599.0 7626795.2    91.0   -25.12    88.10     0.58   167.60     0.00
 2012 12 26 20.00   149  560599.0 7626795.2    91.0   -26.95    85.80     1.72   267.15     0.00
 2012 12 26 21.00   149  560599.0 7626795.2    91.0   -26.82    86.10     1.40   214.90     0.00
 2012 12 26 22.00   149  560599.0 7626795.2    91.0   -26.30    86.65     1.56   172.60     0.00
 2012 12 26 23.00   149  560599.0 7626795.2    91.0   -25.30    87.80     2.19   180.70     0.00
 2012 12 27  0.00   149  560599.0 7626795.2    91.0   -25.70    87.10     2.50   162.00     0.00
 2012 12 27  1.00   149  560599.0 7626795.2    91.0   -24.50    88.35     2.30   188.50     0.00
 2012 12 27  2.00   149  560599.0 7626795.2    91.0   -24.33    88.50     0.33   115.70     0.00
 2012 12 27  3.00   149  560599.0 7626795.2    91.0   -25.33    87.35     1.25   110.20     0.00
 2012 12 27  4.00   149  560599.0 7626795.2    91.0   -25.43    87.30     0.68    75.27     0.00
 2012 12 27  5.00   149  560599.0 7626795.2    91.0   -25.27    87.45     0.24    58.03     0.00
 2012 12 27  6.00   149  560599.0 7626795.2    91.0   -25.15    87.55     0.25    61.46     0.00
 2012 12 27  7.00   149  560599.0 7626795.2    91.0   -24.78    87.80     0.78    73.44     0.00
 2012 12 27  8.00   149  560599.0 7626795.2    91.0   -24.70    87.90     1.02   126.35     0.00
 2012 12 27  9.00   149  560599.0 7626795.2    91.0   -23.72    89.00     0.99   155.20     0.00
 2012 12 27 10.00   149  560599.0 7626795.2    91.0   -22.21    90.80     2.02   197.30     0.00
 2012 12 27 11.00   149  560599.0 7626795.2    91.0   -21.77    91.20     2.00   187.65     0.00
 2012 12 27 12.00   149  560599.0 7626795.2    91.0   -21.63    91.30     2.99   201.00     0.00
 2012 12 27 13.00   149  560599.0 7626795.2    91.0   -21.66    91.25     3.77   206.30     0.00
 2012 12 27 14.00   149  560599.0 7626795.2    91.0   -21.77    91.05     3.32   214.10     0.00
 2012 12 27 15.00   149  560599.0 7626795.2    91.0   -21.84    91.00     4.05   235.50     0.00
 2012 12 27 16.00   149  560599.0 7626795.2    91.0   -22.15    90.75     4.42   242.25     0.00
 2012 12 27 17.00   149  560599.0 7626795.2    91.0   -22.23    90.70     4.11   244.45     0.00
 2012 12 27 18.00   149  560599.0 7626795.2    91.0   -21.72    91.30     2.74   265.20     0.00
 2012 12 27 19.00   149  560599.0 7626795.2    91.0   -21.36    91.60     3.32   284.80     0.00
 2012 12 27 20.00   149  560599.0 7626795.2    91.0   -21.27    91.75     2.32   284.60     0.00
 2012 12 27 21.00   149  560599.0 7626795.2    91.0   -20.94    92.15     2.12   271.20     0.00
 2012 12 27 22.00   149  560599.0 7626795.2    91.0   -20.70    92.45     2.16   282.75     0.00
 2012 12 27 23.00   149  560599.0 7626795.2    91.0   -20.44    92.65     1.95   282.50     0.00
 2012 12 28  0.00   149  560599.0 7626795.2    91.0   -20.10    93.00     2.00   286.20     0.00
 2012 12 28  1.00   149  560599.0 7626795.2    91.0   -19.71    93.40     2.22   306.25     0.23
 2012 12 28  2.00   149  560599.0 7626795.2    91.0   -19.50    93.70     4.18   295.50     0.00
 2012 12 28  3.00   149  560599.0 7626795.2    91.0   -19.38    93.85     5.42   293.90     0.00
 2012 12 28  4.00   149  560599.0 7626795.2    91.0   -19.84    93.25     5.94   294.15     0.00
 2012 12 28  5.00   149  560599.0 7626795.2    91.0   -21.18    91.80     6.17   286.80     0.00
 2012 12 28  6.00   149  560599.0 7626795.2    91.0   -22.16    91.05     6.43   286.15     0.00
 2012 12 28  7.00   149  560599.0 7626795.2    91.0   -21.55    91.55     6.49   290.05     0.00
 2012 12 28  8.00   149  560599.0 7626795.2    91.0   -21.74    91.45     5.75   291.55     0.00
 2012 12 28  9.00   149  560599.0 7626795.2    91.0   -22.30    90.65     5.72   279.95     0.00
 2012 12 28 10.00   149  560599.0 7626795.2    91.0   -22.73    90.35     5.67   278.30     0.00
 2012 12 28 11.00   149  560599.0 7626795.2    91.0   -23.20    89.80     5.67   272.95     0.00
 2012 12 28 12.00   149  560599.0 7626795.2    91.0   -23.36    89.70     5.46   271.10     0.00
 2012 12 28 13.00   149  560599.0 7626795.2    91.0   -23.09    89.95     5.48   276.65     0.00
 2012 12 28 14.00   149  560599.0 7626795.2    91.0   -23.27    89.70     5.24   270.40     0.00
 2012 12 28 15.00   149  560599.0 7626795.2    91.0   -24.00    89.05     5.58   269.60     0.00
 2012 12 28 16.00   149  560599.0 7626795.2    91.0   -23.89    89.15     6.01   275.85     0.00
 2012 12 28 17.00   149  560599.0 7626795.2    91.0   -23.16    89.90     6.09   287.55     0.00
 2012 12 28 18.00   149  560599.0 7626795.2    91.0   -23.42    89.55     5.72   283.25     0.00
 2012 12 28 19.00   149  560599.0 7626795.2    91.0   -24.02    88.95     4.66   275.35     0.00
 2012 12 28 20.00   149  560599.0 7626795.2    91.0   -23.14    90.00     5.25   266.80     0.00
 2012 12 28 21.00   149  560599.0 7626795.2    91.0   -22.64    90.25     5.77   269.00     0.00
 2012 12 28 22.00   149  560599.0 7626795.2    91.0   -23.34    89.75     6.31   283.35     0.00
 2012 12 28 23.00   149  560599.0 7626795.2    91.0   -23.72    89.30     5.74   289.20     0.00
 2012 12 29  0.00   149  560599.0 7626795.2    91.0   -24.54    88.35     3.20   277.00     0.00
 2012 12 29  1.00   149  560599.0 7626795.2    91.0   -25.39    87.45     4.79   290.85     0.00
 2012 12 29  2.00   149  560599.0 7626795.2    91.0   -25.45    87.40     3.48   270.80     0.00
 2012 12 29  3.00   149  560599.0 7626795.2    91.0   -26.02    86.85     3.31   259.85     0.00
 2012 12 29  4.00   149  560599.0 7626795.2    91.0   -25.98    86.85     3.26   269.00     0.00
 2012 12 29  5.00   149  560599.0 7626795.2    91.0   -26.30    86.50     3.17   270.75     0.00
 2012 12 29  6.00   149  560599.0 7626795.2    91.0   -26.66    86.20     2.19   258.25     0.00
 2012 12 29  7.00   149  560599.0 7626795.2    91.0   -26.67    86.15     1.93   254.95     0.00
 2012 12 29  8.00   149  560599.0 7626795.2    91.0   -26.88    86.05     1.65   259.60     0.00
 2012 12 29  9.00   149  560599.0 7626795.2    91.0   -26.30    86.50     1.54   254.70     0.00
 2012 12 29 10.00   149  560599.0 7626795.2    91.0   -25.08    87.80     1.86   227.25     0.00
 2012 12 29 11.00   149  560599.0 7626795.2    91.0   -24.41    88.40     1.68   205.95     0.00
 2012 12 29 12.00   149  560599.0 7626795.2    91.0   -24.27    88.50     1.15   182.55     0.00
 2012 12 29 13.00   149  560599.0 7626795.2    91.0   -23.41    89.35     1.07   105.65     0.00
 2012 12 29 14.00   149  560599.0 7626795.2    91.0   -23.46    89.30     1.15   124.00     0.00
 2012 12 29 15.00   149  560599.0 7626795.2    91.0   -23.38    89.35     1.46   103.45     0.00
 2012 12 29 16.00   149  560599.0 7626795.2    91.0   -22.90    89.95     1.59   110.60     0.00
 2012 12 29 17.00   149  560599.0 7626795.2    91.0   -21.96    91.00     1.31   124.10     0.00
 2012 12 29 18.00   149  560599.0 7626795.2    91.0   -20.93    92.10     1.78   168.45     0.00
 2012 12 29 19.00   149  560599.0 7626795.2    91.0   -20.86    92.15     2.34   166.15     0.00
 2012 12 29 20.00   149  560599.0 7626795.2    91.0   -20.97    92.05     2.73   150.85     0.00
 2012 12 29 21.00   149  560599.0 7626795.2    91.0   -21.00    92.05     2.32   155.15     0.00
 2012 12 29 22.00   149  560599.0 7626795.2    91.0   -20.80    92.30     2.08   114.85     0.00
 2012 12 29 23.00   149  560599.0 7626795.2    91.0   -21.14    92.00     2.33    87.50     0.00
 2012 12 30  0.00   149  560599.0 7626795.2    91.0   -20.95    92.05     1.86   106.55     0.00
 2012 12 30  1.00   149  560599.0 7626795.2    91.0   -20.71    92.35     1.32    96.60     0.00
 2012 12 30  2.00   149  560599.0 7626795.2    91.0   -20.78    92.35     3.21    90.80     0.00
 2012 12 30  3.00   149  560599.0 7626795.2    91.0   -21.44    91.75     1.11   106.60     0.00
 2012 12 30  4.00   149  560599.0 7626795.2    91.0   -22.04    91.20     0.72    83.47     0.00
 2012 12 30  5.00   149  560599.0 7626795.2    91.0   -21.88    91.05     1.24    78.00     0.00
 2012 12 30  6.00   149  560599.0 7626795.2    91.0   -21.30    91.75     1.23    20.33     0.00
 2012 12 30  7.00   149  560599.0 7626795.2    91.0   -21.20    91.75     2.29    26.79     0.00
 2012 12 30  8.00   149  560599.0 7626795.2    91.0   -21.10    91.95     1.14   187.22     0.00
 2012 12 30  9.00   149  560599.0 7626795.2    91.0   -21.18    91.90     1.66    20.64     0.00
 2012 12 30 10.00   149  560599.0 7626795.2    91.0   -21.11    92.00     1.31    38.05     0.00
 2012 12 30 11.00   149  560599.0 7626795.2    91.0   -20.86    92.25     1.33    25.76     0.00
 2012 12 30 12.00   149  560599.0 7626795.2    91.0   -21.12    92.15     1.97    61.15     0.00
 2012 12 30 13.00   149  560599.0 7626795.2    91.0   -22.45    91.00     0.57   121.20     0.00
 2012 12 30 14.00   149  560599.0 7626795.2    91.0   -23.36    89.90     1.21    60.30     0.00
 2012 12 30 15.00   149  560599.0 7626795.2    91.0   -24.81    88.35     0.79   232.40     0.00
 2012 12 30 16.00   149  560599.0 7626795.2    91.0   -24.79    88.35     0.68   171.45     0.00
 2012 12 30 17.00   149  560599.0 7626795.2    91.0   -24.27    88.95     1.35   236.35     0.00
 2012 12 30 18.00   149  560599.0 7626795.2    91.0   -23.98    89.00     0.76   159.25     0.00
 2012 12 30 19.00   149  560599.0 7626795.2    91.0   -24.66    88.30     0.82    57.38     0.00
 2012 12 30 20.00   149  560599.0 7626795.2    91.0   -24.87    87.95     0.44    56.07     0.00
 2012 12 30 21.00   149  560599.0 7626795.2    91.0   -23.89    88.80     0.73   121.65     0.00
 2012 12 30 22.00   149  560599.0 7626795.2    91.0   -22.48    90.40     1.33   127.55     0.00
 2012 12 30 23.00   149  560599.0 7626795.2    91.0   -22.34    90.50     0.86    93.70     0.13
 2012 12 31  0.00   149  560599.0 7626795.2    91.0   -21.87    91.15     1.46    65.26     0.00
 2012 12 31  1.00   149  560599.0 7626795.2    91.0   -23.09    89.80     1.47    80.15     0.00
 2012 12 31  2.00   149  560599.0 7626795.2    91.0   -22.49    90.45     1.38   126.80     0.00
 2012 12 31  3.00   149  560599.0 7626795.2    91.0   -22.01    91.00     2.18    91.10     0.00
 2012 12 31  4.00   149  560599.0 7626795.2    91.0   -22.02    91.00     2.17   100.10     0.00
 2012 12 31  5.00   149  560599.0 7626795.2    91.0   -21.13    91.90     2.34   115.70     0.18
 2012 12 31  6.00   149  560599.0 7626795.2    91.0   -20.60    92.45     3.21   103.10     0.00
 2012 12 31  7.00   149  560599.0 7626795.2    91.0   -20.21    92.85     2.46   104.65     0.00
 2012 12 31  8.00   149  560599.0 7626795.2    91.0   -19.71    93.35     2.35    95.70     0.00
 2012 12 31  9.00   149  560599.0 7626795.2    91.0   -19.56    93.55     2.69    90.00     0.00
 2012 12 31 10.00   149  560599.0 7626795.2    91.0   -19.49    93.60     2.62    76.50     0.00
 2012 12 31 11.00   149  560599.0 7626795.2    91.0   -19.33    93.80     2.55    87.15     0.00
 2012 12 31 12.00   149  560599.0 7626795.2    91.0   -19.13    94.05     1.36    96.00     0.00
 2012 12 31 13.00   149  560599.0 7626795.2    91.0   -18.98    94.15     1.12   333.45     0.00
 2012 12 31 14.00   149  560599.0 7626795.2    91.0   -18.93    94.25     2.67   349.75     0.00
 2012 12 31 15.00   149  560599.0 7626795.2    91.0   -18.96    94.30     2.55   346.00     0.00
 2012 12 31 16.00   149  560599.0 7626795.2    91.0   -18.49    94.75     3.11   342.95     0.00
 2012 12 31 17.00   149  560599.0 7626795.2    91.0   -17.87    95.00     2.92   351.55     0.00
 2012 12 31 18.00   149  560599.0 7626795.2    91.0   -17.45    95.00     4.31   335.20     0.00
 2012 12 31 19.00   149  560599.0 7626795.2    91.0   -17.75    95.00     5.05   330.65     0.00
 2012 12 31 20.00   149  560599.0 7626795.2    91.0   -17.91    95.00     5.12   330.55     0.00
 2012 12 31 21.00   149  560599.0 7626795.2    91.0   -17.91    95.00     4.87   333.90     0.00
 2012 12 31 22.00   149  560599.0 7626795.2    91.0   -17.89    95.00     4.30   345.90     0.00
 2012 12 31 23.00   149  560599.0 7626795.2    91.0   -18.23    94.95     3.77   179.65     0.00
 2013  1  1  0.00   149  560599.0 7626795.2    91.0   -18.67    94.70     3.13     2.02     0.00
 2013  1  1  1.00   149  560599.0 7626795.2    91.0   -19.03    94.35     3.32   354.50     0.00
 2013  1  1  2.00   149  560599.0 7626795.2    91.0   -19.38    93.95     2.88   185.66     0.00
 2013  1  1  3.00   149  560599.0 7626795.2    91.0   -19.55    93.80     2.98    14.77     0.00
 2013  1  1  4.00   149  560599.0 7626795.2    91.0   -19.69    93.75     2.71    24.88     0.00
 2013  1  1  5.00   149  560599.0 7626795.2    91.0   -20.75    92.75     2.66    20.25     0.00
 2013  1  1  6.00   149  560599.0 7626795.2    91.0   -22.55    90.85     1.88    11.16     0.29
 2013  1  1  7.00   149  560599.0 7626795.2    91.0   -23.06    90.35     2.05    28.16     0.00
 2013  1  1  8.00   149  560599.0 7626795.2    91.0   -23.66    89.60     2.01    19.05     0.00
 2013  1  1  9.00   149  560599.0 7626795.2    91.0   -24.46    88.85     1.69   186.53     0.00
 2013  1  1 10.00   149  560599.0 7626795.2    91.0   -26.42    86.25     1.20   303.95     0.00
 2013  1  1 11.00   149  560599.0 7626795.2    91.0   -26.79    86.00     0.92   336.70     0.00
 2013  1  1 12.00   149  560599.0 7626795.2    91.0   -27.09    85.85     0.88   171.88     0.00
 2013  1  1 13.00   149  560599.0 7626795.2    91.0   -27.91    84.60     0.15    48.55     0.00
 2013  1  1 14.00   149  560599.0 7626795.2    91.0   -27.30    85.35     0.49   110.23     0.00
 2013  1  1 15.00   149  560599.0 7626795.2    91.0   -27.47    85.10     1.17    95.35     0.00
 2013  1  1 16.00   149  560599.0 7626795.2    91.0   -26.95    85.70     1.20   117.30     0.00
 2013  1  1 17.00   149  560599.0 7626795.2    91.0   -26.39    86.30     1.80   100.00     0.00
 2013  1  1 18.00   149  560599.0 7626795.2    91.0   -27.82    84.75     1.16    98.70     0.00
 2013  1  1 19.00   149  560599.0 7626795.2    91.0   -26.29    86.30     1.33    98.75     0.00
 2013  1  1 20.00   149  560599.0 7626795.2    91.0   -25.37    87.50     1.86   103.80     0.00
 2013  1  1 21.00   149  560599.0 7626795.2    91.0   -22.84    90.25     2.32   109.10     0.00
 2013  1  1 22.00   149  560599.0 7626795.2    91.0   -22.57    90.50     2.61   114.90     0.00
 2013  1  1 23.00   149  560599.0 7626795.2    91.0   -22.07    91.05     2.42   104.00     0.00
 2013  1  2  0.00   149  560599.0 7626795.2    91.0   -21.11    92.10     2.83   104.15     0.00
 2013  1  2  1.00   149  560599.0 7626795.2    91.0   -20.41    92.90     3.02   110.25     0.00
 2013  1  2  2.00   149  560599.0 7626795.2    91.0   -20.19    93.00     3.81   106.80     0.00
 2013  1  2  3.00   149  560599.0 7626795.2    91.0   -19.73    93.60     3.62   111.60     0.00
 2013  1  2  4.00   149  560599.0 7626795.2    91.0   -19.08    94.15     3.33   106.00     0.00
 2013  1  2  5.00   149  560599.0 7626795.2    91.0   -18.38    94.85     3.65   108.25     0.00
 2013  1  2  6.00   149  560599.0 7626795.2    91.0   -17.99    95.00     4.17   105.80     0.00
 2013  1  2  7.00   149  560599.0 7626795.2    91.0   -17.69    95.00     4.24   113.95     0.48
 2013  1  2  8.00   149  560599.0 7626795.2    91.0   -17.62    95.00     3.90   108.55     0.00
 2013  1  2  9.00   149  560599.0 7626795.2    91.0   -17.50    95.00     3.12   107.55     0.26
 2013  1  2 10.00   149  560599.0 7626795.2    91.0   -17.31    95.00     2.19    98.00     0.00
 2013  1  2 11.00   149  560599.0 7626795.2    91.0   -17.23    95.00     0.70    75.45     0.21
 2013  1  2 12.00   149  560599.0 7626795.2    91.0   -17.39    95.00     2.27   182.72     0.00
 2013  1  2 13.00   149  560599.0 7626795.2    91.0   -18.01    95.00     3.33   338.30     0.00
 2013  1  2 14.00   149  560599.0 7626795.2    91.0   -19.16    94.35     3.21   309.85     0.00
 2013  1  2 15.00   149  560599.0 7626795.2    91.0   -18.92    94.40     4.87   303.40     0.00
 2013  1  2 16.00   149  560599.0 7626795.2    91.0   -17.26    95.00     6.15   323.90     0.00
 2013  1  2 17.00   149  560599.0 7626795.2    91.0   -18.19    94.80     5.08   314.30     0.00
 2013  1  2 18.00   149  560599.0 7626795.2    91.0   -19.03    94.50     4.88   306.70     0.00
 2013  1  2 19.00   149  560599.0 7626795.2    91.0   -18.01    95.00     4.80   310.05     0.00
 2013  1  2 20.00   149  560599.0 7626795.2    91.0   -17.41    95.00     4.84   317.25     0.00
 2013  1  2 21.00   149  560599.0 7626795.2    91.0   -17.59    95.00     3.88   322.30     0.00
 2013  1  2 22.00   149  560599.0 7626795.2    91.0   -17.77    95.00     2.55   274.75     0.00
 2013  1  2 23.00   149  560599.0 7626795.2    91.0   -17.65    95.00     2.16   279.35     0.00
 2013  1  3  0.00   149  560599.0 7626795.2    91.0   -17.93    95.00     1.60   272.85     0.00
 2013  1  3  1.00   149  560599.0 7626795.2    91.0   -17.29    95.00     0.48   170.45     0.00
 2013  1  3  2.00   149  560599.0 7626795.2    91.0   -16.94    95.00     0.73   118.25     0.00
 2013  1  3  3.00   149  560599.0 7626795.2    91.0   -17.19    95.00     0.74   134.30     0.00
 2013  1  3  4.00   149  560599.0 7626795.2    91.0   -17.59    95.00     2.22   210.55     0.00
 2013  1  3  5.00   149  560599.0 7626795.2    91.0   -17.58    95.00     0.88   158.25     0.00
 2013  1  3  6.00   149  560599.0 7626795.2    91.0   -18.12    95.00     1.42   163.70     0.00
 2013  1  3  7.00   149  560599.0 7626795.2    91.0   -18.23    95.00     1.79   160.10     0.00
 2013  1  3  8.00   149  560599.0 7626795.2    91.0   -17.41    95.00     2.60   166.30     0.00
 2013  1  3  9.00   149  560599.0 7626795.2    91.0   -16.58    95.00     3.12   161.05     0.23
 2013  1  3 10.00   149  560599.0 7626795.2    91.0   -16.48    95.00     3.24   138.10     0.00
 2013  1  3 11.00   149  560599.0 7626795.2    91.0   -17.16    95.00     2.38   120.10     0.00
 2013  1  3 12.00   149  560599.0 7626795.2    91.0   -18.43    95.00     2.37   120.35     0.00
 2013  1  3 13.00   149  560599.0 7626795.2    91.0   -18.33    94.90     2.18   118.05     0.00
 2013  1  3 14.00   149  560599.0 7626795.2    91.0   -17.26    95.00     2.84   120.60     0.00
 2013  1  3 15.00   149  560599.0 7626795.2    91.0   -16.08    95.00     2.98   130.75     0.00
 2013  1  3 16.00   149  560599.0 7626795.2    91.0   -17.34    95.00     1.33   134.10     0.00
 2013  1  3 17.00   149  560599.0 7626795.2    91.0   -18.12    95.00     1.19   113.55     0.00
 2013  1  3 18.00   149  560599.0 7626795.2    91.0   -18.74    94.95     1.48   102.75     0.00
 2013  1  3 19.00   149  560599.0 7626795.2    91.0   -19.09    94.50     1.02   102.40     0.00
 2013  1  3 20.00   149  560599.0 7626795.2    91.0   -19.13    94.50     1.09   120.00     0.00
 2013  1  3 21.00   149  560599.0 7626795.2    91.0   -19.26    94.30     1.01    83.55     0.00
 2013  1  3 22.00   149  560599.0 7626795.2    91.0   -19.55    94.30     0.96   189.83     0.00
 2013  1  3 23.00   149  560599.0 7626795.2    91.0   -21.22    92.55     0.32   286.30     0.00
 2013  1  4  0.00   149  560599.0 7626795.2    91.0   -21.90    91.30     1.12   159.81     0.00
 2013  1  4  1.00   149  560599.0 7626795.2    91.0   -21.65    91.80     1.20   320.00     0.00
 2013  1  4  2.00   149  560599.0 7626795.2    91.0   -22.14    91.50     1.22   312.50     0.00
 2013  1  4  3.00   149  560599.0 7626795.2    91.0   -23.37    90.10     1.29   276.75     0.00
 2013  1  4  4.00   149  560599.0 7626795.2    91.0   -23.22    89.95     0.89   276.20     0.00
 2013  1  4  5.00   149  560599.0 7626795.2    91.0   -21.93    91.00     1.16   305.80     0.00
 2013  1  4  6.00   149  560599.0 7626795.2    91.0   -19.38    93.50     0.91   321.85     0.00
 2013  1  4  7.00   149  560599.0 7626795.2    91.0   -18.02    94.80     0.99    41.34     0.00
 2013  1  4  8.00   149  560599.0 7626795.2    91.0   -17.48    95.00     1.01    53.88     0.00
 2013  1  4  9.00   149  560599.0 7626795.2    91.0   -18.94    94.65     0.39   113.60     0.00
 2013  1  4 10.00   149  560599.0 7626795.2    91.0   -18.63    94.60     0.62   115.15     0.00
 2013  1  4 11.00   149  560599.0 7626795.2    91.0   -17.60    95.00     0.84    98.50     0.00
 2013  1  4 12.00   149  560599.0 7626795.2    91.0   -17.17    95.00     0.47   104.55     0.00
 2013  1  4 13.00   149  560599.0 7626795.2    91.0   -16.67    95.00     0.27   223.85     0.00
 2013  1  4 14.00   149  560599.0 7626795.2    91.0   -16.27    95.00     0.57   197.96     0.00
 2013  1  4 15.00   149  560599.0 7626795.2    91.0   -16.88    95.00     2.37    15.88     0.00
 2013  1  4 16.00   149  560599.0 7626795.2    91.0   -17.49    95.00     2.12     8.67     0.00
 2013  1  4 17.00   149  560599.0 7626795.2    91.0   -20.04    93.45     2.37    24.82     0.00
 2013  1  4 18.00   149  560599.0 7626795.2    91.0   -21.81    91.70     1.45   176.29     0.00
 2013  1  4 19.00   149  560599.0 7626795.2    91.0   -23.60    90.00     1.75   324.25     0.00
 2013  1  4 20.00   149  560599.0 7626795.2    91.0   -25.54    87.60     2.67   307.05     0.00
 2013  1  4 21.00   149  560599.0 7626795.2    91.0   -25.70    87.40     1.49   318.60     0.00
 2013  1  4 22.00   149  560599.0 7626795.2    91.0   -26.19    86.90     1.43   310.25     0.00
 2013  1  4 23.00   149  560599.0 7626795.2    91.0   -26.66    86.55     1.11   284.85     0.00
 2013  1  5  0.00   149  560599.0 7626795.2    91.0   -27.83    85.15     1.46   280.45     0.19
 2013  1  5  1.00   149  560599.0 7626795.2    91.0   -27.93    84.80     1.18   305.35     0.00
 2013  1  5  2.00   149  560599.0 7626795.2    91.0   -27.96    84.70     1.36   328.00     0.00
 2013  1  5  3.00   149  560599.0 7626795.2    91.0   -28.90    83.75     1.15   341.35     0.00
 2013  1  5  4.00   149  560599.0 7626795.2    91.0   -29.63    82.90     1.12   289.40     0.00
 2013  1  5  5.00   149  560599.0 7626795.2    91.0   -29.80    82.45     1.32   293.10     0.00
 2013  1  5  6.00   149  560599.0 7626795.2    91.0   -28.65    83.90     1.10   146.22     0.00
 2013  1  5  7.00   149  560599.0 7626795.2    91.0   -29.12    83.35     1.11   164.17     0.00
 2013  1  5  8.00   149  560599.0 7626795.2    91.0   -29.83    82.70     0.81   148.39     0.00
 2013  1  5  9.00   149  560599.0 7626795.2    91.0   -30.44    81.90     1.35   272.35     0.00
 2013  1  5 10.00   149  560599.0 7626795.2    91.0   -30.22    82.05     0.90   304.25     0.00
 2013  1  5 11.00   149  560599.0 7626795.2    91.0   -30.59    81.50     1.08   298.70     0.00
 2013  1  5 12.00   149  560599.0 7626795.2    91.0   -29.73    82.25     1.11   276.15     0.00
 2013  1  5 13.00   149  560599.0 7626795.2    91.0   -28.38    83.75     0.64   279.95     0.00
 2013  1  5 14.00   149  560599.0 7626795.2    91.0   -27.05    85.10     0.51   309.05     0.00
 2013  1  5 15.00   149  560599.0 7626795.2    91.0   -25.73    86.80     0.32   281.55     0.00
 2013  1  5 16.00   149  560599.0 7626795.2    91.0   -25.18    87.50     0.38   348.70     0.00
 2013  1  5 17.00   149  560599.0 7626795.2    91.0   -24.72    88.05     0.43   185.55     0.00
 2013  1  5 18.00   149  560599.0 7626795.2    91.0   -24.74    88.10     0.77    13.85     0.00
 2013  1  5 19.00   149  560599.0 7626795.2    91.0   -24.45    88.30     0.46    26.94     0.00
 2013  1  5 20.00   149  560599.0 7626795.2    91.0   -24.07    88.80     0.61     5.41     0.00
 2013  1  5 21.00   149  560599.0 7626795.2    91.0   -24.02    88.90     1.06    21.82     0.00
 2013  1  5 22.00   149  560599.0 7626795.2    91.0   -24.03    88.90     1.20    17.07     0.00
 2013  1  5 23.00   149  560599.0 7626795.2    91.0   -24.48    88.45     1.04    11.48     0.00
 2013  1  6  0.00   149  560599.0 7626795.2    91.0   -24.87    88.00     1.02   180.03     0.00
 2013  1  6  1.00   149  560599.0 7626795.2    91.0   -25.19    87.65     1.30     5.68     0.00
 2013  1  6  2.00   149  560599.0 7626795.2    91.0   -25.63    87.25     1.22    13.50     0.00
 2013  1  6  3.00   149  560599.0 7626795.2    91.0   -27.05    85.80     0.75   354.00     0.00
 2013  1  6  4.00   149  560599.0 7626795.2    91.0   -28.30    84.30     0.85   295.85     0.00
 2013  1  6  5.00   149  560599.0 7626795.2    91.0   -28.87    83.55     0.88   345.60     0.00
 2013  1  6  6.00   149  560599.0 7626795.2    91.0   -28.55    83.75     0.75   319.15     0.00
 2013  1  6  7.00   149  560599.0 7626795.2    91.0   -27.99    84.30     0.61   314.55     0.00
 2013  1  6  8.00   149  560599.0 7626795.2    91.0   -26.72    85.70     0.86   341.30     0.00
 2013  1  6  9.00   149  560599.0 7626795.2    91.0   -25.72    86.90     0.96   184.06     0.00
 2013  1  6 10.00   149  560599.0 7626795.2    91.0   -24.91    87.85     1.17    41.50     0.00
 2013  1  6 11.00   149  560599.0 7626795.2    91.0   -25.35    87.65     1.07    20.82     0.00
 2013  1  6 12.00   149  560599.0 7626795.2    91.0   -26.68    86.10     1.12    32.30     0.00
 2013  1  6 13.00   149  560599.0 7626795.2    91.0   -27.45    85.15     1.20   177.51     0.00
 2013  1  6 14.00   149  560599.0 7626795.2    91.0   -27.85    84.75     1.06   178.03     0.00
 2013  1  6 15.00   149  560599.0 7626795.2    91.0   -29.30    83.15     1.06   182.31     0.21
 2013  1  6 16.00   149  560599.0 7626795.2    91.0   -30.52    81.65     0.84   345.15     0.00
 2013  1  6 17.00   149  560599.0 7626795.2    91.0   -30.76    81.30     0.96   352.90     0.00
 2013  1  6 18.00   149  560599.0 7626795.2    91.0   -31.63    80.25     0.80   299.70     0.00
 2013  1  6 19.00   149  560599.0 7626795.2    91.0   -31.91    79.90     0.74   292.85     0.00
 2013  1  6 20.00   149  560599.0 7626795.2    91.0   -32.27    79.50     0.62   319.30     0.00
 2013  1  6 21.00   149  560599.0 7626795.2    91.0   -32.75    78.90     0.63   295.20     0.00
 2013  1  6 22.00   149  560599.0 7626795.2    91.0   -33.22    78.35     0.41   295.45     0.00
 2013  1  6 23.00   149  560599.0 7626795.2    91.0   -33.04    78.45     0.35   274.60     0.00
 2013  1  7  0.00   149  560599.0 7626795.2    91.0   -33.45    78.05     0.32   270.70     0.00
 2013  1  7  1.00   149  560599.0 7626795.2    91.0   -34.22    77.20     0.27   270.10     0.00
 2013  1  7  2.00   149  560599.0 7626795.2    91.0   -34.19    77.10     0.00     0.00     0.00
 2013  1  7  3.00   149  560599.0 7626795.2    91.0   -34.31    76.90     0.00     0.00     0.00
 2013  1  7  4.00   149  560599.0 7626795.2    91.0   -34.45    76.75     0.00   175.35     0.00
 2013  1  7  5.00   149  560599.0 7626795.2    91.0   -35.39    75.75     0.00   177.00     0.00
 2013  1  7  6.00   149  560599.0 7626795.2    91.0   -35.49    75.40     0.00   161.90     0.00
 2013  1  7  7.00   149  560599.0 7626795.2    91.0   -34.97    76.30     0.00     0.00     0.00
 2013  1  7  8.00   149  560599.0 7626795.2    91.0   -35.17    75.75     0.00     0.00     0.00
 2013  1  7  9.00   149  560599.0 7626795.2    91.0   -34.02    77.20     0.00     0.00     0.00
 2013  1  7 10.00   149  560599.0 7626795.2    91.0   -34.84    76.45     0.00   178.35     0.00
 2013  1  7 11.00   149  560599.0 7626795.2    91.0   -35.45    75.45     0.00     0.00     0.00
 2013  1  7 12.00   149  560599.0 7626795.2    91.0   -35.17    75.80     0.00   163.10     0.00
 2013  1  7 13.00   149  560599.0 7626795.2    91.0   -34.77    76.25     0.00   175.30     0.00
 2013  1  7 14.00   149  560599.0 7626795.2    91.0   -35.22    75.80     0.00   172.30     0.00
 2013  1  7 15.00   149  560599.0 7626795.2    91.0   -33.91    77.15     0.00   176.20     0.00
 2013  1  7 16.00   149  560599.0 7626795.2    91.0   -34.08    77.30     0.00     0.00     0.00
 2013  1  7 17.00   149  560599.0 7626795.2    91.0   -33.42    77.80     0.00   175.40     0.00
 2013  1  7 18.00   149  560599.0 7626795.2    91.0   -33.23    78.25     0.00     0.00     0.00
 2013  1  7 19.00   149  560599.0 7626795.2    91.0   -33.16    78.20     0.00     0.00     0.00
 2013  1  7 20.00   149  560599.0 7626795.2    91.0   -32.59    78.95     0.00   180.00     0.00
 2013  1  7 21.00   149  560599.0 7626795.2    91.0   -33.16    78.05     0.00   179.50     0.00
 2013  1  7 22.00   149  560599.0 7626795.2    91.0   -31.83    79.70     0.00    14.01     0.00
 2013  1  7 23.00   149  560599.0 7626795.2    91.0   -32.31    79.55     0.00     0.00     0.00
 2013  1  8  0.00   149  560599.0 7626795.2    91.0   -33.64    77.70     0.00     0.00     0.00
 2013  1  8  1.00   149  560599.0 7626795.2    91.0   -32.53    78.85     0.00     0.00     0.00
 2013  1  8  2.00   149  560599.0 7626795.2    91.0   -30.12    81.45     0.01   257.25     0.00
 2013  1  8  3.00   149  560599.0 7626795.2    91.0   -25.77    86.70     0.01   284.55     0.00
 2013  1  8  4.00   149  560599.0 7626795.2    91.0   -24.62    88.10     0.01   290.50     0.00
 2013  1  8  5.00   149  560599.0 7626795.2    91.0   -23.38    89.35     0.00   262.10     0.00
 2013  1  8  6.00   149  560599.0 7626795.2    91.0   -22.61    90.35     0.01   272.10     0.00
 2013  1  8  7.00   149  560599.0 7626795.2    91.0   -22.81    90.10     0.03   268.80     0.00
 2013  1  8  8.00   149  560599.0 7626795.2    91.0   -23.20    89.70     0.02   281.45     0.00
 2013  1  8  9.00   149  560599.0 7626795.2    91.0   -23.67    89.20     0.04   276.70     0.00
 2013  1  8 10.00   149  560599.0 7626795.2    91.0   -23.32    89.60     0.38   278.45     0.00
 2013  1  8 11.00   149  560599.0 7626795.2    91.0   -23.20    89.70     0.59   279.95     0.00
 2013  1  8 12.00   149  560599.0 7626795.2    91.0   -23.16    89.75     0.90   288.25     0.00
 2013  1  8 13.00   149  560599.0 7626795.2    91.0   -23.05    89.90     1.16   284.15     0.00
 2013  1  8 14.00   149  560599.0 7626795.2    91.0   -22.84    90.10     1.58   277.85     0.00
 2013  1  8 15.00   149  560599.0 7626795.2    91.0   -22.84    90.15     1.94   271.40     0.00
 2013  1  8 16.00   149  560599.0 7626795.2    91.0   -22.82    90.10     4.37   281.80     0.00
 2013  1  8 17.00   149  560599.0 7626795.2    91.0   -22.90    90.10     5.42   279.00     0.00
 2013  1  8 18.00   149  560599.0 7626795.2    91.0   -22.73    90.30     5.07   274.40     0.00
 2013  1  8 19.00   149  560599.0 7626795.2    91.0   -21.96    91.15     6.58   277.70     0.00
 2013  1  8 20.00   149  560599.0 7626795.2    91.0   -21.33    91.80     6.42   278.45     0.00
 2013  1  8 21.00   149  560599.0 7626795.2    91.0   -21.02    92.10     6.80   274.95     0.00
 2013  1  8 22.00   149  560599.0 7626795.2    91.0   -20.77    92.30     6.16   270.70     0.00
 2013  1  8 23.00   149  560599.0 7626795.2    91.0   -20.30    92.90     6.49   275.55     0.00
 2013  1  9  0.00   149  560599.0 7626795.2    91.0   -20.12    93.05     6.77   280.90     0.00
 2013  1  9  1.00   149  560599.0 7626795.2    91.0   -19.98    93.20     6.99   285.25     0.00
 2013  1  9  2.00   149  560599.0 7626795.2    91.0   -20.52    92.70     6.02   280.45     0.00
 2013  1  9  3.00   149  560599.0 7626795.2    91.0   -19.69    93.50     7.12   285.10     0.00
 2013  1  9  4.00   149  560599.0 7626795.2    91.0   -19.18    94.15     7.26   284.55     0.00
 2013  1  9  5.00   149  560599.0 7626795.2    91.0   -18.77    94.45     7.54   287.20     0.00
 2013  1  9  6.00   149  560599.0 7626795.2    91.0   -18.48    94.85     7.55   287.90     0.00
 2013  1  9  7.00   149  560599.0 7626795.2    91.0   -18.34    94.90     7.60   288.05     0.00
 2013  1  9  8.00   149  560599.0 7626795.2    91.0   -18.29    95.00     8.38   297.65     0.00
 2013  1  9  9.00   149  560599.0 7626795.2    91.0   -18.71    94.65     9.59   299.50     0.00
 2013  1  9 10.00   149  560599.0 7626795.2    91.0   -18.84    94.45    10.12   302.50     0.00
 2013  1  9 11.00   149  560599.0 7626795.2    91.0   -19.08    94.30     9.97   301.85     0.51
 2013  1  9 12.00   149  560599.0 7626795.2    91.0   -19.27    94.15     7.48   296.10     0.00
 2013  1  9 13.00   149  560599.0 7626795.2    91.0   -18.87    94.50     7.73   302.40     0.00
 2013  1  9 14.00   149  560599.0 7626795.2    91.0   -18.95    94.35     9.29   302.00     0.00
 2013  1  9 15.00   149  560599.0 7626795.2    91.0   -18.98    94.35     9.56   295.90     0.00
 2013  1  9 16.00   149  560599.0 7626795.2    91.0   -18.89    94.55    10.02   294.05     0.00
 2013  1  9 17.00   149  560599.0 7626795.2    91.0   -19.26    94.05    11.07   291.30     0.00
 2013  1  9 18.00   149  560599.0 7626795.2    91.0   -19.58    93.75    10.59   282.55     0.00
 2013  1  9 19.00   149  560599.0 7626795.2    91.0   -19.30    94.15     9.28   287.25     0.00
 2013  1  9 20.00   149  560599.0 7626795.2    91.0   -19.20    94.10     7.35   287.80     0.00
 2013  1  9 21.00   149  560599.0 7626795.2    91.0   -19.71    93.65     9.02   284.35     0.00
 2013  1  9 22.00   149  560599.0 7626795.2    91.0   -20.31    93.05     8.23   275.85     0.00
 2013  1  9 23.00   149  560599.0 7626795.2    91.0   -20.93    92.50     6.12   275.05     0.00
 2013  1 10  0.00   149  560599.0 7626795.2    91.0   -20.81    92.55     8.56   289.80     0.00
 2013  1 10  1.00   149  560599.0 7626795.2    91.0   -20.02    93.40     6.26   281.55     0.00
 2013  1 10  2.00   149  560599.0 7626795.2    91.0   -21.15    92.20     4.40   265.95     0.00
 2013  1 10  3.00   149  560599.0 7626795.2    91.0   -21.12    92.45     2.66   182.55     0.00
 2013  1 10  4.00   149  560599.0 7626795.2    91.0   -20.83    92.65     2.63   231.65     0.00
 2013  1 10  5.00   149  560599.0 7626795.2    91.0   -22.31    91.05     3.16   273.55     0.00
 2013  1 10  6.00   149  560599.0 7626795.2    91.0   -22.61    90.95     2.44   243.40     0.00
 2013  1 10  7.00   149  560599.0 7626795.2    91.0   -23.18    89.95     3.20   251.15     0.00
 2013  1 10  8.00   149  560599.0 7626795.2    91.0   -23.42    90.10     2.67   241.35     0.00
 2013  1 10  9.00   149  560599.0 7626795.2    91.0   -22.66    90.75     4.64   276.95     0.00
 2013  1 10 10.00   149  560599.0 7626795.2    91.0   -23.62    89.55     4.03   286.30     0.00
 2013  1 10 11.00   149  560599.0 7626795.2    91.0   -24.01    89.35     4.30   282.20     0.00
 2013  1 10 12.00   149  560599.0 7626795.2    91.0   -23.68    89.55     3.08   276.25     0.00
 2013  1 10 13.00   149  560599.0 7626795.2    91.0   -24.34    88.90     3.21   285.60     0.00
 2013  1 10 14.00   149  560599.0 7626795.2    91.0   -24.80    88.20     4.20   279.50     0.00
 2013  1 10 15.00   149  560599.0 7626795.2    91.0   -25.55    87.35     4.78   286.95     0.00
 2013  1 10 16.00   149  560599.0 7626795.2    91.0   -26.71    86.10     2.88   282.30     0.00
 2013  1 10 17.00   149  560599.0 7626795.2    91.0   -26.95    85.95     2.62   278.35     0.17
 2013  1 10 18.00   149  560599.0 7626795.2    91.0   -27.33    85.50     2.49   278.15     0.00
 2013  1 10 19.00   149  560599.0 7626795.2    91.0   -27.84    84.85     2.52   262.40     0.00
 2013  1 10 20.00   149  560599.0 7626795.2    91.0   -27.16    85.60     2.40   276.00     0.00
 2013  1 10 21.00   149  560599.0 7626795.2    91.0   -27.00    85.80     2.77   271.90     0.00
 2013  1 10 22.00   149  560599.0 7626795.2    91.0   -27.32    85.40     2.62   274.60     0.00
 2013  1 10 23.00   149  560599.0 7626795.2    91.0   -27.35    85.30     2.74   271.95     0.00
 2013  1 11  0.00   149  560599.0 7626795.2    91.0   -27.33    85.30     2.00   270.55     0.00
 2013  1 11  1.00   149  560599.0 7626795.2    91.0   -27.21    85.50     1.81   259.00     0.00
 2013  1 11  2.00   149  560599.0 7626795.2    91.0   -27.10    85.55     1.80   265.60     0.00
 2013  1 11  3.00   149  560599.0 7626795.2    91.0   -28.05    84.50     1.99   277.30     0.00
 2013  1 11  4.00   149  560599.0 7626795.2    91.0   -27.99    84.45     1.81   278.55     0.00
 2013  1 11  5.00   149  560599.0 7626795.2    91.0   -28.42    83.95     1.80   249.85     0.00
 2013  1 11  6.00   149  560599.0 7626795.2    91.0   -28.61    83.85     1.91   266.45     0.00
 2013  1 11  7.00   149  560599.0 7626795.2    91.0   -29.26    83.10     1.68   258.30     0.00
 2013  1 11  8.00   149  560599.0 7626795.2    91.0   -30.14    82.10     1.90   256.15     0.16
 2013  1 11  9.00   149  560599.0 7626795.2    91.0   -30.77    81.40     1.98   258.90     0.00
 2013  1 11 10.00   149  560599.0 7626795.2    91.0   -30.95    81.20     1.68   273.25     0.00
 2013  1 11 11.00   149  560599.0 7626795.2    91.0   -31.30    80.75     1.88   279.15     0.00
 2013  1 11 12.00   149  560599.0 7626795.2    91.0   -31.10    81.10     1.40   263.65     0.00
 2013  1 11 13.00   149  560599.0 7626795.2    91.0   -30.88    81.15     1.52   276.90     0.00
 2013  1 11 14.00   149  560599.0 7626795.2    91.0   -31.53    80.40     1.71   272.30     0.00
 2013  1 11 15.00   149  560599.0 7626795.2    91.0   -31.34    80.65     1.46   266.70     0.00
 2013  1 11 16.00   149  560599.0 7626795.2    91.0   -31.46    80.55     1.66   261.90     0.00
 2013  1 11 17.00   149  560599.0 7626795.2    91.0   -31.28    80.75     1.29   265.75     0.00
 2013  1 11 18.00   149  560599.0 7626795.2    91.0   -31.80    80.00     1.40   268.10     0.00
 2013  1 11 19.00   149  560599.0 7626795.2    91.0   -33.02    78.55     1.40   269.00     0.00
 2013  1 11 20.00   149  560599.0 7626795.2    91.0   -33.05    78.55     1.19   272.25     0.00
 2013  1 11 21.00   149  560599.0 7626795.2    91.0   -32.85    78.70     0.79   278.05     0.00
 2013  1 11 22.00   149  560599.0 7626795.2    91.0   -34.08    77.25     1.66   264.25     0.00
 2013  1 11 23.00   149  560599.0 7626795.2    91.0   -33.23    78.10     0.82   271.25     0.00
 2013  1 12  0.00   149  560599.0 7626795.2    91.0   -33.94    77.25     0.74   251.60     0.00
 2013  1 12  1.00   149  560599.0 7626795.2    91.0   -32.31    79.25     0.93   253.05     0.00
 2013  1 12  2.00   149  560599.0 7626795.2    91.0   -31.88    80.00     0.30   253.90     0.00
 2013  1 12  3.00   149  560599.0 7626795.2    91.0   -32.31    79.40     0.29   151.40     0.00
 2013  1 12  4.00   149  560599.0 7626795.2    91.0   -32.66    78.90     0.00     0.00     0.00
 2013  1 12  5.00   149  560599.0 7626795.2    91.0   -32.40    79.10     0.30    14.19     0.00
 2013  1 12  6.00   149  560599.0 7626795.2    91.0   -33.36    77.85     0.32    57.32     0.00
 2013  1 12  7.00   149  560599.0 7626795.2    91.0   -32.56    78.65     0.42   263.70     0.00
 2013  1 12  8.00   149  560599.0 7626795.2    91.0   -31.45    79.95     0.51   246.05     0.00
 2013  1 12  9.00   149  560599.0 7626795.2    91.0   -29.73    81.85     1.12    80.58     0.00
 2013  1 12 10.00   149  560599.0 7626795.2    91.0   -30.95    80.75     0.60    50.08     0.00
 2013  1 12 11.00   149  560599.0 7626795.2    91.0   -31.52    80.15     0.76   147.05     0.00
 2013  1 12 12.00   149  560599.0 7626795.2    91.0   -32.22    79.25     1.37   279.75     0.00
 2013  1 12 13.00   149  560599.0 7626795.2    91.0   -31.08    80.50     0.06   353.05     0.00
 2013  1 12 14.00   149  560599.0 7626795.2    91.0   -30.52    81.15     1.11   278.40     0.00
 2013  1 12 15.00   149  560599.0 7626795.2    91.0   -29.45    82.40     0.66   279.95     0.00
 2013  1 12 16.00   149  560599.0 7626795.2    91.0   -29.79    82.40     0.63   188.75     0.00
 2013  1 12 17.00   149  560599.0 7626795.2    91.0   -31.70    80.05     1.06   275.15     0.00
 2013  1 12 18.00   149  560599.0 7626795.2    91.0   -31.70    80.20     0.43   314.55     0.00
 2013  1 12 19.00   149  560599.0 7626795.2    91.0   -32.62    79.05     0.58   326.65     0.00
 2013  1 12 20.00   149  560599.0 7626795.2    91.0   -33.33    78.00     1.04   303.55     0.00
 2013  1 12 21.00   149  560599.0 7626795.2    91.0   -32.35    79.30     0.40   338.40     0.00
 2013  1 12 22.00   149  560599.0 7626795.2    91.0   -32.89    78.50     0.07    16.68     0.00
 2013  1 12 23.00   149  560599.0 7626795.2    91.0   -33.67    77.80     0.20   161.31     0.00
 2013  1 13  0.00   149  560599.0 7626795.2    91.0   -34.51    76.60     0.31   290.55     0.00
 2013  1 13  1.00   149  560599.0 7626795.2    91.0   -34.27    76.85     0.36   160.61     0.00
 2013  1 13  2.00   149  560599.0 7626795.2    91.0   -34.50    76.70     0.14    24.67     0.00
 2013  1 13  3.00   149  560599.0 7626795.2    91.0   -34.88    76.00     0.10   315.75     0.00
 2013  1 13  4.00   149  560599.0 7626795.2    91.0   -34.56    76.40     0.18    17.68     0.00
 2013  1 13  5.00   149  560599.0 7626795.2    91.0   -34.49    76.60     0.39    60.32     0.00
 2013  1 13  6.00   149  560599.0 7626795.2    91.0   -34.64    76.15     0.29    68.61     0.00
 2013  1 13  7.00   149  560599.0 7626795.2    91.0   -33.95    76.95     0.07    76.22     0.00
 2013  1 13  8.00   149  560599.0 7626795.2    91.0   -33.35    77.70     0.50    91.15     0.00
 2013  1 13  9.00   149  560599.0 7626795.2    91.0   -32.77    78.10     0.58    92.10     0.00
 2013  1 13 10.00   149  560599.0 7626795.2    91.0   -30.84    80.35     0.70    91.00     0.00
 2013  1 13 11.00   149  560599.0 7626795.2    91.0   -29.01    82.60     1.15    88.40     0.00
 2013  1 13 12.00   149  560599.0 7626795.2    91.0   -26.74    85.30     1.10    98.55     0.00
 2013  1 13 13.00   149  560599.0 7626795.2    91.0   -23.86    88.85     1.78   128.65     0.00
 2013  1 13 14.00   149  560599.0 7626795.2    91.0   -22.67    90.25     1.83   142.20     0.00
 2013  1 13 15.00   149  560599.0 7626795.2    91.0   -21.95    91.00     2.22   128.60     0.00
 2013  1 13 16.00   149  560599.0 7626795.2    91.0   -21.38    91.65     4.08   134.85     0.00
 2013  1 13 17.00   149  560599.0 7626795.2    91.0   -21.16    92.05     4.79   132.95     0.00
 2013  1 13 18.00   149  560599.0 7626795.2    91.0   -20.75    92.35     5.17   122.15     0.00
 2013  1 13 19.00   149  560599.0 7626795.2    91.0   -20.54    92.55     4.69   113.00     0.00
 2013  1 13 20.00   149  560599.0 7626795.2    91.0   -20.31    92.80     4.56   115.35     0.26
 2013  1 13 21.00   149  560599.0 7626795.2    91.0   -20.32    92.80     5.08   112.55     0.00
 2013  1 13 22.00   149  560599.0 7626795.2    91.0   -20.84    92.35     4.00   106.75     0.00
 2013  1 13 23.00   149  560599.0 7626795.2    91.0   -20.87    92.30     3.84   114.40     0.00
 2013  1 14  0.00   149  560599.0 7626795.2    91.0   -20.84    92.30     3.23   107.05     0.00
 2013  1 14  1.00   149  560599.0 7626795.2    91.0   -21.14    92.00     3.47    86.95     0.00
 2013  1 14  2.00   149  560599.0 7626795.2    91.0   -21.55    91.50     3.17    89.10     0.00
 2013  1 14  3.00   149  560599.0 7626795.2    91.0   -21.57    91.55     3.21    63.16     0.00
 2013  1 14  4.00   149  560599.0 7626795.2    91.0   -21.82    91.25     1.86    81.20     0.00
 2013  1 14  5.00   149  560599.0 7626795.2    91.0   -21.83    91.40     1.69    63.79     0.00
 2013  1 14  6.00   149  560599.0 7626795.2    91.0   -22.18    90.90     2.30    41.56     0.00
 2013  1 14  7.00   149  560599.0 7626795.2    91.0   -22.25    90.75     2.12    63.30     0.00
 2013  1 14  8.00   149  560599.0 7626795.2    91.0   -22.26    90.75     2.59    62.65     0.00
 2013  1 14  9.00   149  560599.0 7626795.2    91.0   -23.07    89.95     3.10    61.32     0.00
 2013  1 14 10.00   149  560599.0 7626795.2    91.0   -23.66    89.30     4.32    67.97     0.00
 2013  1 14 11.00   149  560599.0 7626795.2    91.0   -23.57    89.40     3.78    91.05     0.00
 2013  1 14 12.00   149  560599.0 7626795.2    91.0   -23.59    89.50     3.76    87.00     0.00
 2013  1 14 13.00   149  560599.0 7626795.2    91.0   -25.74    87.30     2.67    56.61     0.00
 2013  1 14 14.00   149  560599.0 7626795.2    91.0   -28.77    83.85     2.13    73.95     0.00
 2013  1 14 15.00   149  560599.0 7626795.2    91.0   -28.52    83.80     2.69    68.64     0.00
 2013  1 14 16.00   149  560599.0 7626795.2    91.0   -27.86    84.55     2.85    52.84     0.00
 2013  1 14 17.00   149  560599.0 7626795.2    91.0   -26.91    85.60     3.47    66.65     0.00
 2013  1 14 18.00   149  560599.0 7626795.2    91.0   -26.02    86.55     4.94    76.30     0.00
 2013  1 14 19.00   149  560599.0 7626795.2    91.0   -25.21    87.45     4.50    83.95     0.00
 2013  1 14 20.00   149  560599.0 7626795.2    91.0   -24.41    88.25     4.28    88.45     0.00
 2013  1 14 21.00   149  560599.0 7626795.2    91.0   -22.77    90.15     5.44    89.05     0.00
 2013  1 14 22.00   149  560599.0 7626795.2    91.0   -22.96    89.95     5.60    83.95     0.00
 2013  1 14 23.00   149  560599.0 7626795.2    91.0   -22.66    90.35     5.53    78.95     0.00
 2013  1 15  0.00   149  560599.0 7626795.2    91.0   -22.78    90.20     4.97    80.30     0.54
 2013  1 15  1.00   149  560599.0 7626795.2    91.0   -22.86    90.10     6.07    93.15     0.00
 2013  1 15  2.00   149  560599.0 7626795.2    91.0   -22.66    90.35     5.57    94.95     0.00
 2013  1 15  3.00   149  560599.0 7626795.2    91.0   -22.50    90.50     5.04   104.90     0.00
 2013  1 15  4.00   149  560599.0 7626795.2    91.0   -22.37    90.60     4.71   104.45     0.27
 2013  1 15  5.00   149  560599.0 7626795.2    91.0   -22.27    90.70     4.45   107.40     0.00
 2013  1 15  6.00   149  560599.0 7626795.2    91.0   -22.05    91.05     3.97   110.60     0.00
 2013  1 15  7.00   149  560599.0 7626795.2    91.0   -21.95    91.10     4.00   103.15     0.00
 2013  1 15  8.00   149  560599.0 7626795.2    91.0   -21.91    91.15     3.83   106.00     0.00
 2013  1 15  9.00   149  560599.0 7626795.2    91.0   -22.07    90.95     3.63   106.40     0.00
 2013  1 15 10.00   149  560599.0 7626795.2    91.0   -22.02    91.10     3.61   103.95     0.35
 2013  1 15 11.00   149  560599.0 7626795.2    91.0   -22.24    90.80     3.65   101.75     0.00
 2013  1 15 12.00   149  560599.0 7626795.2    91.0   -22.41    90.60     2.15    99.50     0.00
 2013  1 15 13.00   149  560599.0 7626795.2    91.0   -22.16    90.90     2.95   107.10     0.00
 2013  1 15 14.00   149  560599.0 7626795.2    91.0   -22.12    90.85     2.63   118.45     0.21
 2013  1 15 15.00   149  560599.0 7626795.2    91.0   -22.09    90.95     2.18    97.90     0.37
 2013  1 15 16.00   149  560599.0 7626795.2    91.0   -22.12    90.90     2.32   102.70     0.33
 2013  1 15 17.00   149  560599.0 7626795.2    91.0   -22.11    90.95     1.67   110.45     0.00
 2013  1 15 18.00   149  560599.0 7626795.2    91.0   -22.06    90.90     1.44    71.63     0.25
 2013  1 15 19.00   149  560599.0 7626795.2    91.0   -22.07    91.05     1.23    49.89     0.15
 2013  1 15 20.00   149  560599.0 7626795.2    91.0   -22.49    90.65     1.08    35.78     0.11
 2013  1 15 21.00   149  560599.0 7626795.2    91.0   -22.73    90.35     0.89   172.98     0.00
 2013  1 15 22.00   149  560599.0 7626795.2    91.0   -23.07    90.05     1.03   291.15     0.14
 2013  1 15 23.00   149  560599.0 7626795.2    91.0   -23.46    89.60     1.22   280.60     0.00
 2013  1 16  0.00   149  560599.0 7626795.2    91.0   -23.71    89.25     1.35   335.25     0.00
 2013  1 16  1.00   149  560599.0 7626795.2    91.0   -24.30    88.80     1.12   307.55     0.00
 2013  1 16  2.00   149  560599.0 7626795.2    91.0   -25.18    87.75     1.53   294.20     0.00
 2013  1 16  3.00   149  560599.0 7626795.2    91.0   -25.33    87.55     1.52   283.60     0.00
 2013  1 16  4.00   149  560599.0 7626795.2    91.0   -25.13    87.75     1.41   339.75     0.00
 2013  1 16  5.00   149  560599.0 7626795.2    91.0   -25.45    87.30     1.16   264.40     0.00
 2013  1 16  6.00   149  560599.0 7626795.2    91.0   -25.80    87.05     1.58   308.30     0.00
 2013  1 16  7.00   149  560599.0 7626795.2    91.0   -27.18    85.45     1.59   303.25     0.00
 2013  1 16  8.00   149  560599.0 7626795.2    91.0   -27.56    85.10     0.49   309.55     0.00
 2013  1 16  9.00   149  560599.0 7626795.2    91.0   -28.67    84.05     0.91   280.00     0.00
 2013  1 16 10.00   149  560599.0 7626795.2    91.0   -30.09    82.25     1.12   288.05     0.15
 2013  1 16 11.00   149  560599.0 7626795.2    91.0   -30.22    82.30     0.93   318.95     0.00
 2013  1 16 12.00   149  560599.0 7626795.2    91.0   -31.01    81.10     0.63   302.10     0.00
 2013  1 16 13.00   149  560599.0 7626795.2    91.0   -30.82    81.00     0.57   310.00     0.00
 2013  1 16 14.00   149  560599.0 7626795.2    91.0   -30.60    81.30     1.10   283.20     0.00
 2013  1 16 15.00   149  560599.0 7626795.2    91.0   -30.41    81.55     1.08   294.35     0.00
 2013  1 16 16.00   149  560599.0 7626795.2    91.0   -30.62    81.50     0.77   304.65     0.00
 2013  1 16 17.00   149  560599.0 7626795.2    91.0   -31.25    80.75     0.42   315.35     0.00
 2013  1 16 18.00   149  560599.0 7626795.2    91.0   -31.32    80.45     0.71   302.45     0.00
 2013  1 16 19.00   149  560599.0 7626795.2    91.0   -31.18    80.70     0.96   290.65     0.00
 2013  1 16 20.00   149  560599.0 7626795.2    91.0   -31.54    80.30     0.80   313.25     0.00
 2013  1 16 21.00   149  560599.0 7626795.2    91.0   -31.56    80.25     1.37   294.30     0.00
 2013  1 16 22.00   149  560599.0 7626795.2    91.0   -31.45    80.20     1.39   280.30     0.00
 2013  1 16 23.00   149  560599.0 7626795.2    91.0   -30.70    81.15     1.97   293.65     0.00
 2013  1 17  0.00   149  560599.0 7626795.2    91.0   -31.77    79.90     2.94   320.75     0.00
 2013  1 17  1.00   149  560599.0 7626795.2    91.0   -32.46    79.15     3.04   333.55     0.00
 2013  1 17  2.00   149  560599.0 7626795.2    91.0   -33.66    77.90     2.08   301.70     0.00
 2013  1 17  3.00   149  560599.0 7626795.2    91.0   -34.44    76.55     0.95   315.00     0.00
 2013  1 17  4.00   149  560599.0 7626795.2    91.0   -33.28    77.95     1.44   266.25     0.00
 2013  1 17  5.00   149  560599.0 7626795.2    91.0   -33.86    77.55     2.08   299.45     0.00
 2013  1 17  6.00   149  560599.0 7626795.2    91.0   -31.81    79.95     2.83   327.65     0.00
 2013  1 17  7.00   149  560599.0 7626795.2    91.0   -30.12    81.85     2.80   320.95     0.00
 2013  1 17  8.00   149  560599.0 7626795.2    91.0   -30.32    81.55     2.83   302.70     0.00
 2013  1 17  9.00   149  560599.0 7626795.2    91.0   -31.57    80.20     2.02   279.65     0.00
 2013  1 17 10.00   149  560599.0 7626795.2    91.0   -31.81    79.95     2.19   293.55     0.00
 2013  1 17 11.00   149  560599.0 7626795.2    91.0   -32.09    79.55     2.47   290.30     0.00
 2013  1 17 12.00   149  560599.0 7626795.2    91.0   -31.73    79.90     2.28   282.70     0.00
 2013  1 17 13.00   149  560599.0 7626795.2    91.0   -30.73    81.15     3.02   298.40     0.00
 2013  1 17 14.00   149  560599.0 7626795.2    91.0   -30.00    81.80     3.69   312.05     0.00
 2013  1 17 15.00   149  560599.0 7626795.2    91.0   -29.34    82.65     3.79   310.70     0.00
 2013  1 17 16.00   149  560599.0 7626795.2    91.0   -29.98    81.70     3.82   308.25     0.00
 2013  1 17 17.00   149  560599.0 7626795.2    91.0   -31.09    80.60     2.98   301.35     0.00
 2013  1 17 18.00   149  560599.0 7626795.2    91.0   -30.70    81.05     3.56   292.00     0.00
 2013  1 17 19.00   149  560599.0 7626795.2    91.0   -31.31    80.35     4.17   291.25     0.00
 2013  1 17 20.00   149  560599.0 7626795.2    91.0   -31.02    80.70     4.71   287.55     0.00
 2013  1 17 21.00   149  560599.0 7626795.2    91.0   -30.55    81.25     4.46   276.05     0.00
 2013  1 17 22.00   149  560599.0 7626795.2    91.0   -29.51    82.50     5.06   274.85     0.00
 2013  1 17 23.00   149  560599.0 7626795.2    91.0   -28.14    83.95     6.38   275.60     0.00
 2013  1 18  0.00   149  560599.0 7626795.2    91.0   -27.50    84.65     7.06   274.85     0.00
 2013  1 18  1.00   149  560599.0 7626795.2    91.0   -27.23    85.10     6.91   276.30     0.00
 2013  1 18  2.00   149  560599.0 7626795.2    91.0   -27.05    85.35     7.26   279.75     0.00
 2013  1 18  3.00   149  560599.0 7626795.2    91.0   -25.42    87.20     7.88   296.60     0.00
 2013  1 18  4.00   149  560599.0 7626795.2    91.0   -24.95    87.55     8.49   309.30     0.00
 2013  1 18  5.00   149  560599.0 7626795.2    91.0   -25.27    87.25     9.09   304.85     0.00
 2013  1 18  6.00   149  560599.0 7626795.2    91.0   -25.38    87.15     9.62   306.00     0.00
 2013  1 18  7.00   149  560599.0 7626795.2    91.0   -25.52    87.00    10.18   305.00     0.00
 2013  1 18  8.00   149  560599.0 7626795.2    91.0   -25.59    86.95    11.02   306.45     0.00
 2013  1 18  9.00   149  560599.0 7626795.2    91.0   -25.56    86.95    10.71   304.90     0.00
 2013  1 18 10.00   149  560599.0 7626795.2    91.0   -25.51    87.05    10.16   302.60     0.00
 2013  1 18 11.00   149  560599.0 7626795.2    91.0   -25.25    87.40     9.86   307.75     0.00
 2013  1 18 12.00   149  560599.0 7626795.2    91.0   -25.16    87.40     9.08   313.05     0.00
 2013  1 18 13.00   149  560599.0 7626795.2    91.0   -25.55    86.95     8.30   312.95     0.00
 2013  1 18 14.00   149  560599.0 7626795.2    91.0   -26.06    86.40     7.26   307.80     0.00
 2013  1 18 15.00   149  560599.0 7626795.2    91.0   -26.58    85.90     7.24   307.25     0.00
 2013  1 18 16.00   149  560599.0 7626795.2    91.0   -27.02    85.40     6.62   305.10     0.00
 2013  1 18 17.00   149  560599.0 7626795.2    91.0   -27.73    84.60     6.58   308.25     0.00
 2013  1 18 18.00   149  560599.0 7626795.2    91.0   -27.61    84.75     7.16   311.35     0.00
 2013  1 18 19.00   149  560599.0 7626795.2    91.0   -27.86    84.45     6.81   308.25     0.00
 2013  1 18 20.00   149  560599.0 7626795.2    91.0   -27.88    84.45     6.29   300.55     0.00
 2013  1 18 21.00   149  560599.0 7626795.2    91.0   -28.58    83.60     5.09   289.80     0.00
 2013  1 18 22.00   149  560599.0 7626795.2    91.0   -28.14    84.05     5.03   289.50     0.00
 2013  1 18 23.00   149  560599.0 7626795.2    91.0   -26.20    86.30     5.65   305.40     0.00
 2013  1 19  0.00   149  560599.0 7626795.2    91.0   -25.79    86.70     5.77   312.15     0.00
 2013  1 19  1.00   149  560599.0 7626795.2    91.0   -24.34    88.35     7.29   319.90     0.00
 2013  1 19  2.00   149  560599.0 7626795.2    91.0   -23.63    89.05     9.71   324.65     0.00
 2013  1 19  3.00   149  560599.0 7626795.2    91.0   -23.88    88.70    11.90   319.60     0.00
 2013  1 19  4.00   149  560599.0 7626795.2    91.0   -24.41    88.20    10.29   321.40     0.00
 2013  1 19  5.00   149  560599.0 7626795.2    91.0   -24.75    87.80    10.00   326.50     0.00
 2013  1 19  6.00   149  560599.0 7626795.2    91.0   -25.40    87.10     9.52   315.10     0.00
 2013  1 19  7.00   149  560599.0 7626795.2    91.0   -25.80    86.70     9.11   306.50     0.00
 2013  1 19  8.00   149  560599.0 7626795.2    91.0   -25.95    86.50     8.80   312.45     0.00
 2013  1 19  9.00   149  560599.0 7626795.2    91.0   -26.59    85.85     7.37   297.75     0.00
 2013  1 19 10.00   149  560599.0 7626795.2    91.0   -27.10    85.35     7.74   293.10     0.00
 2013  1 19 11.00   149  560599.0 7626795.2    91.0   -26.96    85.50     7.82   296.15     0.00
 2013  1 19 12.00   149  560599.0 7626795.2    91.0   -27.09    85.30     6.61   294.00     0.00
 2013  1 19 13.00   149  560599.0 7626795.2    91.0   -27.21    85.15     7.45   280.85     0.00
 2013  1 19 14.00   149  560599.0 7626795.2    91.0   -27.71    84.45     7.29   278.80     0.00
 2013  1 19 15.00   149  560599.0 7626795.2    91.0   -27.57    84.65     6.05   268.90     0.00
 2013  1 19 16.00   149  560599.0 7626795.2    91.0   -27.76    84.50     5.82   277.55     0.00
 2013  1 19 17.00   149  560599.0 7626795.2    91.0   -27.75    84.60     3.25   259.70     0.00
 2013  1 19 18.00   149  560599.0 7626795.2    91.0   -28.66    83.50     4.59   262.65     0.00
 2013  1 19 19.00   149  560599.0 7626795.2    91.0   -28.99    83.15     5.44   260.45     0.00
 2013  1 19 20.00   149  560599.0 7626795.2    91.0   -28.24    84.00     6.58   261.95     0.00
 2013  1 19 21.00   149  560599.0 7626795.2    91.0   -27.35    85.05     5.95   260.30     0.00
 2013  1 19 22.00   149  560599.0 7626795.2    91.0   -27.27    85.10     5.95   256.75     0.00
 2013  1 19 23.00   149  560599.0 7626795.2    91.0   -27.68    84.60     6.29   256.00     0.00
 2013  1 20  0.00   149  560599.0 7626795.2    91.0   -27.79    84.45     5.83   260.65     0.00
 2013  1 20  1.00   149  560599.0 7626795.2    91.0   -27.79    84.45     5.32   256.55     0.00
 2013  1 20  2.00   149  560599.0 7626795.2    91.0   -27.69    84.55     4.89   255.25     0.00
 2013  1 20  3.00   149  560599.0 7626795.2    91.0   -27.88    84.45     4.69   249.95     0.00
 2013  1 20  4.00   149  560599.0 7626795.2    91.0   -28.03    84.20     4.08   256.45     0.00
 2013  1 20  5.00   149  560599.0 7626795.2    91.0   -28.48    83.80     3.72   259.15     0.00
 2013  1 20  6.00   149  560599.0 7626795.2    91.0   -28.84    83.40     3.25   256.70     0.00
 2013  1 20  7.00   149  560599.0 7626795.2    91.0   -28.95    83.25     3.51   256.05     0.00
 2013  1 20  8.00   149  560599.0 7626795.2    91.0   -28.96    83.25     3.54   239.65     0.00
 2013  1 20  9.00   149  560599.0 7626795.2    91.0   -29.11    83.25     3.08   245.40     0.00
 2013  1 20 10.00   149  560599.0 7626795.2    91.0   -29.27    82.95     3.41   253.90     0.00
 2013  1 20 11.00   149  560599.0 7626795.2    91.0   -29.45    82.65     3.23   256.05     0.00
 2013  1 20 12.00   149  560599.0 7626795.2    91.0   -29.12    83.00     0.81   170.38     0.00
 2013  1 20 13.00   149  560599.0 7626795.2    91.0   -29.79    82.05     0.20    57.98     0.00
 2013  1 20 14.00   149  560599.0 7626795.2    91.0   -29.93    81.95     0.98   178.27     0.00
 2013  1 20 15.00   149  560599.0 7626795.2    91.0   -30.62    81.25     1.62   267.75     0.00
 2013  1 20 16.00   149  560599.0 7626795.2    91.0   -30.99    80.75     1.25   271.70     0.00
 2013  1 20 17.00   149  560599.0 7626795.2    91.0   -31.82    79.85     0.94   266.10     0.12
 2013  1 20 18.00   149  560599.0 7626795.2    91.0   -32.41    79.05     1.97   271.75     0.00
 2013  1 20 19.00   149  560599.0 7626795.2    91.0   -32.05    79.40     0.99   152.73     0.00
 2013  1 20 20.00   149  560599.0 7626795.2    91.0   -32.50    78.95     1.97   269.15     0.00
 2013  1 20 21.00   149  560599.0 7626795.2    91.0   -32.77    78.45     0.45   302.85     0.00
 2013  1 20 22.00   149  560599.0 7626795.2    91.0   -32.14    79.35     0.85    26.11     0.00
 2013  1 20 23.00   149  560599.0 7626795.2    91.0   -33.30    78.10     0.67   291.00     0.00
 2013  1 21  0.00   149  560599.0 7626795.2    91.0   -33.62    77.35     0.66   307.80     0.00
 2013  1 21  1.00   149  560599.0 7626795.2    91.0   -33.02    78.25     0.78    35.33     0.00
 2013  1 21  2.00   149  560599.0 7626795.2    91.0   -34.50    76.55     1.75   275.35     0.00
 2013  1 21  3.00   149  560599.0 7626795.2    91.0   -34.01    76.65     0.60   327.10     0.00
 2013  1 21  4.00   149  560599.0 7626795.2    91.0   -33.73    77.40     1.42   275.10     0.00
 2013  1 21  5.00   149  560599.0 7626795.2    91.0   -34.00    76.85     1.85   271.95     0.00
 2013  1 21  6.00   149  560599.0 7626795.2    91.0   -32.89    78.05     1.56   285.35     0.00
 2013  1 21  7.00   149  560599.0 7626795.2    91.0   -31.79    79.25     1.52   288.60     0.00
 2013  1 21  8.00   149  560599.0 7626795.2    91.0   -30.48    80.80     1.50   317.25     0.00
 2013  1 21  9.00   149  560599.0 7626795.2    91.0   -29.81    82.00     1.60   310.45     0.00
 2013  1 21 10.00   149  560599.0 7626795.2    91.0   -30.45    81.25     1.57   289.75     0.00
 2013  1 21 11.00   149  560599.0 7626795.2    91.0   -30.30    81.50     1.44   303.10     0.00
 2013  1 21 12.00   149  560599.0 7626795.2    91.0   -31.00    80.50     1.26   307.55     0.00
 2013  1 21 13.00   149  560599.0 7626795.2    91.0   -30.38    81.10     1.42   285.90     0.00
 2013  1 21 14.00   149  560599.0 7626795.2    91.0   -30.38    81.30     1.68   288.95     0.00
 2013  1 21 15.00   149  560599.0 7626795.2    91.0   -31.07    80.75     1.35   315.60     0.00
 2013  1 21 16.00   149  560599.0 7626795.2    91.0   -31.99    79.50     1.20   307.05     0.00
 2013  1 21 17.00   149  560599.0 7626795.2    91.0   -32.20    79.35     1.54   291.65     0.00
 2013  1 21 18.00   149  560599.0 7626795.2    91.0   -33.06    78.30     1.65   331.85     0.00
 2013  1 21 19.00   149  560599.0 7626795.2    91.0   -33.13    78.10     1.81   330.75     0.00
 2013  1 21 20.00   149  560599.0 7626795.2    91.0   -33.16    77.90     1.66   307.00     0.00
 2013  1 21 21.00   149  560599.0 7626795.2    91.0   -33.62    77.60     1.84   287.10     0.00
 2013  1 21 22.00   149  560599.0 7626795.2    91.0   -33.58    77.35     1.32   277.05     0.00
 2013  1 21 23.00   149  560599.0 7626795.2    91.0   -32.80    78.30     1.25   304.85     0.00
 2013  1 22  0.00   149  560599.0 7626795.2    91.0   -32.52    78.95     1.40   316.65     0.00
 2013  1 22  1.00   149  560599.0 7626795.2    91.0   -33.16    78.15     1.37   319.85     0.00
 2013  1 22  2.00   149  560599.0 7626795.2    91.0   -33.12    78.10     1.77   322.30     0.00
 2013  1 22  3.00   149  560599.0 7626795.2    91.0   -33.30    77.95     1.57   303.35     0.00
 2013  1 22  4.00   149  560599.0 7626795.2    91.0   -33.42    77.70     1.75   324.35     0.00
 2013  1 22  5.00   149  560599.0 7626795.2    91.0   -33.75    77.30     2.04   334.15     0.00
 2013  1 22  6.00   149  560599.0 7626795.2    91.0   -34.26    76.70     1.77   338.50     0.00
 2013  1 22  7.00   149  560599.0 7626795.2    91.0   -35.12    75.65     1.25   312.10     0.19
 2013  1 22  8.00   149  560599.0 7626795.2    91.0   -34.80    76.00     1.19   282.60     0.00
 2013  1 22  9.00   149  560599.0 7626795.2    91.0   -35.36    75.35     1.25   289.50     0.00
 2013  1 22 10.00   149  560599.0 7626795.2    91.0   -36.04    74.50     1.52   325.60     0.00
 2013  1 22 11.00   149  560599.0 7626795.2    91.0   -35.55    74.95     1.63   320.25     0.00
 2013  1 22 12.00   149  560599.0 7626795.2    91.0   -35.63    74.95     1.43   326.50     0.00
 2013  1 22 13.00   149  560599.0 7626795.2    91.0   -35.86    74.25     1.35   325.85     0.00
 2013  1 22 14.00   149  560599.0 7626795.2    91.0   -35.20    74.75     1.15   313.95     0.00
 2013  1 22 15.00   149  560599.0 7626795.2    91.0   -34.45    75.95     0.94   277.40     0.00
 2013  1 22 16.00   149  560599.0 7626795.2    91.0   -35.39    75.40     1.15   304.00     0.00
 2013  1 22 17.00   149  560599.0 7626795.2    91.0   -36.59    73.85     0.96   303.80     0.00
 2013  1 22 18.00   149  560599.0 7626795.2    91.0   -36.34    74.00     0.94   276.30     0.00
 2013  1 22 19.00   149  560599.0 7626795.2    91.0   -36.28    74.15     0.73   272.25     0.00
 2013  1 22 20.00   149  560599.0 7626795.2    91.0   -36.72    73.60     0.56   268.55     0.00
 2013  1 22 21.00   149  560599.0 7626795.2    91.0   -36.89    73.40     0.62   267.50     0.00
 2013  1 22 22.00   149  560599.0 7626795.2    91.0   -36.81    73.25     0.46   270.90     0.00
 2013  1 22 23.00   149  560599.0 7626795.2    91.0   -36.68    73.55     0.47   278.80     0.00
 2013  1 23  0.00   149  560599.0 7626795.2    91.0   -36.72    73.55     0.46   267.50     0.00
 2013  1 23  1.00   149  560599.0 7626795.2    91.0   -37.25    73.10     0.36   277.55     0.00
 2013  1 23  2.00   149  560599.0 7626795.2    91.0   -38.25    71.75     0.42   285.05     0.00
 2013  1 23  3.00   149  560599.0 7626795.2    91.0   -38.55    71.20     0.29   268.75     0.00
 2013  1 23  4.00   149  560599.0 7626795.2    91.0   -38.16    71.65     0.35   266.25     0.00
 2013  1 23  5.00   149  560599.0 7626795.2    91.0   -37.74    71.95     0.07   265.10     0.00
 2013  1 23  6.00   149  560599.0 7626795.2    91.0   -38.41    71.55     0.34   278.35     0.00
 2013  1 23  7.00   149  560599.0 7626795.2    91.0   -38.51    71.15     0.34   273.70     0.00
 2013  1 23  8.00   149  560599.0 7626795.2    91.0   -37.86    72.00     0.36   301.70     0.00
 2013  1 23  9.00   149  560599.0 7626795.2    91.0   -39.32    70.41     0.26   168.76     0.00
 2013  1 23 10.00   149  560599.0 7626795.2    91.0   -39.03    70.28     0.19   334.15     0.00
 2013  1 23 11.00   149  560599.0 7626795.2    91.0   -37.78    71.80     0.20   298.95     0.00
 2013  1 23 12.00   149  560599.0 7626795.2    91.0   -38.22    71.70     0.27   343.10     0.00
 2013  1 23 13.00   149  560599.0 7626795.2    91.0   -39.61    69.94     0.27   309.30     0.00
 2013  1 23 14.00   149  560599.0 7626795.2    91.0   -39.53    69.81     0.27   281.20     0.00
 2013  1 23 15.00   149  560599.0 7626795.2    91.0   -39.30    70.05     0.30   270.55     0.00
 2013  1 23 16.00   149  560599.0 7626795.2    91.0   -39.30    70.05     0.37   296.80     0.00
 2013  1 23 17.00   149  560599.0 7626795.2    91.0   -39.92    69.50     0.27   292.15     0.00
 2013  1 23 18.00   149  560599.0 7626795.2    91.0   -40.09    69.03     0.43   312.20     0.00
 2013  1 23 19.00   149  560599.0 7626795.2    91.0   -38.98    70.35     0.65   326.00     0.00
 2013  1 23 20.00   149  560599.0 7626795.2    91.0   -38.47    71.00     0.75   325.15     0.00
 2013  1 23 21.00   149  560599.0 7626795.2    91.0   -38.01    71.60     2.71   327.30     0.00
 2013  1 23 22.00   149  560599.0 7626795.2    91.0   -37.49    72.25     3.31   323.45     0.00
 2013  1 23 23.00   149  560599.0 7626795.2    91.0   -35.45    74.75     4.23   346.90     0.00
 2013  1 24  0.00   149  560599.0 7626795.2    91.0   -35.07    75.25     3.25   333.10     0.00
 2013  1 24  1.00   149  560599.0 7626795.2    91.0   -34.50    75.95     3.38   330.10     0.00
 2013  1 24  2.00   149  560599.0 7626795.2    91.0   -34.44    76.15     3.89   330.55     0.00
 2013  1 24  3.00   149  560599.0 7626795.2    91.0   -34.58    76.00     2.58   324.95     0.00
 2013  1 24  4.00   149  560599.0 7626795.2    91.0   -34.86    75.65     3.05   332.50     0.00
 2013  1 24  5.00   149  560599.0 7626795.2    91.0   -34.77    75.75     3.38   328.30     0.00
 2013  1 24  6.00   149  560599.0 7626795.2    91.0   -34.87    75.65     2.98   322.00     0.00
 2013  1 24  7.00   149  560599.0 7626795.2    91.0   -35.06    75.50     2.46   300.70     0.00
 2013  1 24  8.00   149  560599.0 7626795.2    91.0   -36.03    74.35     1.50   284.20     0.00
 2013  1 24  9.00   149  560599.0 7626795.2    91.0   -36.45    73.70     1.42   275.80     0.00
 2013  1 24 10.00   149  560599.0 7626795.2    91.0   -36.31    73.85     2.41   278.70     0.00
 2013  1 24 11.00   149  560599.0 7626795.2    91.0   -35.72    74.45     3.22   287.20     0.00
 2013  1 24 12.00   149  560599.0 7626795.2    91.0   -35.32    74.95     2.85   274.65     0.00
 2013  1 24 13.00   149  560599.0 7626795.2    91.0   -35.33    75.00     1.93   260.35     0.00
 2013  1 24 14.00   149  560599.0 7626795.2    91.0   -34.95    75.25     2.49   278.75     0.00
 2013  1 24 15.00   149  560599.0 7626795.2    91.0   -34.05    76.40     2.75   294.70     0.00
 2013  1 24 16.00   149  560599.0 7626795.2    91.0   -33.67    77.00     3.14   292.10     0.00
 2013  1 24 17.00   149  560599.0 7626795.2    91.0   -33.69    76.95     3.90   275.30     0.00
 2013  1 24 18.00   149  560599.0 7626795.2    91.0   -33.24    77.50     4.68   283.85     0.00
 2013  1 24 19.00   149  560599.0 7626795.2    91.0   -32.50    78.45     5.49   293.30     0.00
 2013  1 24 20.00   149  560599.0 7626795.2    91.0   -32.31    78.65     6.11   293.20     0.00
 2013  1 24 21.00   149  560599.0 7626795.2    91.0   -31.87    79.20     5.17   285.30     0.00
 2013  1 24 22.00   149  560599.0 7626795.2    91.0   -31.51    79.65     3.90   268.25     0.00
 2013  1 24 23.00   149  560599.0 7626795.2    91.0   -31.05    80.25     5.54   286.30     0.00
 2013  1 25  0.00   149  560599.0 7626795.2    91.0   -30.63    80.75     5.34   297.00     0.00
 2013  1 25  1.00   149  560599.0 7626795.2    91.0   -30.69    80.65     3.57   289.70     0.00
 2013  1 25  2.00   149  560599.0 7626795.2    91.0   -30.99    80.35     3.58   275.35     0.00
 2013  1 25  3.00   149  560599.0 7626795.2    91.0   -31.45    79.80     4.38   281.65     0.00
 2013  1 25  4.00   149  560599.0 7626795.2    91.0   -32.09    79.20     3.47   275.50     0.00
 2013  1 25  5.00   149  560599.0 7626795.2    91.0   -32.71    78.30     4.55   279.55     0.00
 2013  1 25  6.00   149  560599.0 7626795.2    91.0   -32.61    78.30     3.97   278.90     0.00
 2013  1 25  7.00   149  560599.0 7626795.2    91.0   -32.20    78.85     4.27   281.80     0.00
 2013  1 25  8.00   149  560599.0 7626795.2    91.0   -32.17    79.00     5.78   292.05     0.00
 2013  1 25  9.00   149  560599.0 7626795.2    91.0   -32.21    78.95     5.69   291.15     0.00
 2013  1 25 10.00   149  560599.0 7626795.2    91.0   -32.48    78.60     5.74   290.05     0.00
 2013  1 25 11.00   149  560599.0 7626795.2    91.0   -31.93    79.25     5.77   283.00     0.00
 2013  1 25 12.00   149  560599.0 7626795.2    91.0   -32.81    78.25     3.73   281.25     0.00
 2013  1 25 13.00   149  560599.0 7626795.2    91.0   -32.88    78.05     4.47   269.70     0.00
 2013  1 25 14.00   149  560599.0 7626795.2    91.0   -32.31    78.60     4.71   273.10     0.00
 2013  1 25 15.00   149  560599.0 7626795.2    91.0   -31.54    79.50     4.90   272.00     0.00
 2013  1 25 16.00   149  560599.0 7626795.2    91.0   -30.84    80.40     5.17   274.90     0.00
 2013  1 25 17.00   149  560599.0 7626795.2    91.0   -31.12    80.20     4.33   269.80     0.00
 2013  1 25 18.00   149  560599.0 7626795.2    91.0   -31.12    80.15     5.20   271.50     0.00
 2013  1 25 19.00   149  560599.0 7626795.2    91.0   -31.23    80.05     4.22   268.20     0.00
 2013  1 25 20.00   149  560599.0 7626795.2    91.0   -31.38    79.90     4.33   265.10     0.00
 2013  1 25 21.00   149  560599.0 7626795.2    91.0   -31.44    79.80     4.06   265.90     0.00
 2013  1 25 22.00   149  560599.0 7626795.2    91.0   -31.54    79.75     3.93   264.05     0.00
 2013  1 25 23.00   149  560599.0 7626795.2    91.0   -31.66    79.55     4.48   269.80     0.00
 2013  1 26  0.00   149  560599.0 7626795.2    91.0   -31.53    79.65     4.69   274.75     0.00
 2013  1 26  1.00   149  560599.0 7626795.2    91.0   -31.05    80.25     4.31   276.55     0.00
 2013  1 26  2.00   149  560599.0 7626795.2    91.0   -31.24    80.00     4.19   274.00     0.00
 2013  1 26  3.00   149  560599.0 7626795.2    91.0   -30.80    80.40     4.54   278.20     0.00
 2013  1 26  4.00   149  560599.0 7626795.2    91.0   -30.12    81.50     4.49   277.65     0.00
 2013  1 26  5.00   149  560599.0 7626795.2    91.0   -31.22    80.20     3.71   273.30     0.00
 2013  1 26  6.00   149  560599.0 7626795.2    91.0   -31.12    80.15     5.09   276.90     0.00
 2013  1 26  7.00   149  560599.0 7626795.2    91.0   -31.06    80.25     4.79   275.85     0.00
 2013  1 26  8.00   149  560599.0 7626795.2    91.0   -30.92    80.35     4.76   280.45     0.00
 2013  1 26  9.00   149  560599.0 7626795.2    91.0   -31.39    79.95     4.12   300.25     0.00
 2013  1 26 10.00   149  560599.0 7626795.2    91.0   -33.08    77.90     3.63   314.30     0.00
 2013  1 26 11.00   149  560599.0 7626795.2    91.0   -33.94    76.85     4.82   316.45     0.00
 2013  1 26 12.00   149  560599.0 7626795.2    91.0   -34.37    76.25     4.88   313.30     0.00
 2013  1 26 13.00   149  560599.0 7626795.2    91.0   -34.80    75.75     4.38   304.10     0.00
 2013  1 26 14.00   149  560599.0 7626795.2    91.0   -35.18    75.25     4.03   289.85     0.00
 2013  1 26 15.00   149  560599.0 7626795.2    91.0   -35.45    74.85     4.57   284.95     0.00
 2013  1 26 16.00   149  560599.0 7626795.2    91.0   -35.50    74.85     4.80   284.95     0.00
 2013  1 26 17.00   149  560599.0 7626795.2    91.0   -35.48    74.90     4.39   281.35     0.00
 2013  1 26 18.00   149  560599.0 7626795.2    91.0   -35.00    75.35     4.79   287.35     0.00
 2013  1 26 19.00   149  560599.0 7626795.2    91.0   -34.49    76.05     4.83   288.20     0.00
 2013  1 26 20.00   149  560599.0 7626795.2    91.0   -34.27    76.20     4.54   285.60     0.00
 2013  1 26 21.00   149  560599.0 7626795.2    91.0   -33.97    76.70     4.03   275.00     0.00
 2013  1 26 22.00   149  560599.0 7626795.2    91.0   -34.13    76.45     3.85   277.90     0.00
 2013  1 26 23.00   149  560599.0 7626795.2    91.0   -33.28    77.35     4.46   288.65     0.00
 2013  1 27  0.00   149  560599.0 7626795.2    91.0   -32.67    78.15     4.90   289.75     0.00
 2013  1 27  1.00   149  560599.0 7626795.2    91.0   -32.15    78.95     5.75   295.80     0.00
 2013  1 27  2.00   149  560599.0 7626795.2    91.0   -31.60    79.50     5.33   289.50     0.00
 2013  1 27  3.00   149  560599.0 7626795.2    91.0   -31.66    79.45     5.54   287.05     0.00
 2013  1 27  4.00   149  560599.0 7626795.2    91.0   -31.37    79.85     6.00   291.45     0.00
 2013  1 27  5.00   149  560599.0 7626795.2    91.0   -30.98    80.30     6.17   294.30     0.00
 2013  1 27  6.00   149  560599.0 7626795.2    91.0   -31.05    80.20     5.86   293.45     0.00
 2013  1 27  7.00   149  560599.0 7626795.2    91.0   -30.91    80.40     5.42   292.50     0.00
 2013  1 27  8.00   149  560599.0 7626795.2    91.0   -31.02    80.30     5.53   292.05     0.00
 2013  1 27  9.00   149  560599.0 7626795.2    91.0   -30.11    81.35     6.13   294.90     0.00
 2013  1 27 10.00   149  560599.0 7626795.2    91.0   -29.98    81.45     6.27   296.50     0.00
 2013  1 27 11.00   149  560599.0 7626795.2    91.0   -29.69    81.80     6.30   299.95     0.00
 2013  1 27 12.00   149  560599.0 7626795.2    91.0   -29.57    81.95     6.46   299.50     0.00
 2013  1 27 13.00   149  560599.0 7626795.2    91.0   -30.58    80.80     5.16   291.95     0.00
 2013  1 27 14.00   149  560599.0 7626795.2    91.0   -30.76    80.35     4.78   282.60     0.00
 2013  1 27 15.00   149  560599.0 7626795.2    91.0   -29.98    81.45     4.97   284.05     0.00
 2013  1 27 16.00   149  560599.0 7626795.2    91.0   -29.30    82.15     5.34   290.95     0.00
 2013  1 27 17.00   149  560599.0 7626795.2    91.0   -28.20    83.55     5.93   292.65     0.00
 2013  1 27 18.00   149  560599.0 7626795.2    91.0   -27.54    84.35     7.01   300.10     0.00
 2013  1 27 19.00   149  560599.0 7626795.2    91.0   -27.21    84.85     7.30   299.20     0.00
 2013  1 27 20.00   149  560599.0 7626795.2    91.0   -27.18    84.80     8.19   307.00     0.00
 2013  1 27 21.00   149  560599.0 7626795.2    91.0   -27.35    84.65     8.32   307.25     0.00
 2013  1 27 22.00   149  560599.0 7626795.2    91.0   -27.31    84.65     8.45   308.85     0.00
 2013  1 27 23.00   149  560599.0 7626795.2    91.0   -27.41    84.60     7.86   307.80     0.00
 2013  1 28  0.00   149  560599.0 7626795.2    91.0   -27.61    84.25     8.01   308.05     0.00
 2013  1 28  1.00   149  560599.0 7626795.2    91.0   -27.99    83.85     7.67   308.35     0.00
 2013  1 28  2.00   149  560599.0 7626795.2    91.0   -28.06    83.80     6.96   308.10     0.00
 2013  1 28  3.00   149  560599.0 7626795.2    91.0   -27.91    83.95     7.23   306.60     0.00
 2013  1 28  4.00   149  560599.0 7626795.2    91.0   -27.86    84.10     7.42   306.80     0.00
 2013  1 28  5.00   149  560599.0 7626795.2    91.0   -27.80    84.15     7.31   309.30     0.00
 2013  1 28  6.00   149  560599.0 7626795.2    91.0   -27.63    84.35     7.42   308.30     0.00
 2013  1 28  7.00   149  560599.0 7626795.2    91.0   -28.03    83.90     6.79   307.10     0.00
 2013  1 28  8.00   149  560599.0 7626795.2    91.0   -28.48    83.45     6.64   304.70     0.00
 2013  1 28  9.00   149  560599.0 7626795.2    91.0   -28.90    82.85     6.31   305.45     0.00
 2013  1 28 10.00   149  560599.0 7626795.2    91.0   -29.43    82.25     5.92   301.70     0.00
 2013  1 28 11.00   149  560599.0 7626795.2    91.0   -29.73    82.00     5.96   298.30     0.00
 2013  1 28 12.00   149  560599.0 7626795.2    91.0   -29.94    81.70     5.80   294.85     0.00
 2013  1 28 13.00   149  560599.0 7626795.2    91.0   -29.91    81.65     5.86   297.00     0.00
 2013  1 28 14.00   149  560599.0 7626795.2    91.0   -30.02    81.50     5.53   287.85     0.00
 2013  1 28 15.00   149  560599.0 7626795.2    91.0   -29.70    81.80     5.29   290.45     0.00
 2013  1 28 16.00   149  560599.0 7626795.2    91.0   -29.20    82.45     5.66   295.05     0.00
 2013  1 28 17.00   149  560599.0 7626795.2    91.0   -29.23    82.50     5.33   287.95     0.00
 2013  1 28 18.00   149  560599.0 7626795.2    91.0   -29.86    81.75     5.58   290.90     0.00
 2013  1 28 19.00   149  560599.0 7626795.2    91.0   -30.07    81.50     5.17   287.25     0.00
 2013  1 28 20.00   149  560599.0 7626795.2    91.0   -30.24    81.30     4.78   279.30     0.00
 2013  1 28 21.00   149  560599.0 7626795.2    91.0   -30.45    81.05     5.04   282.05     0.00
 2013  1 28 22.00   149  560599.0 7626795.2    91.0   -30.43    81.00     4.40   277.75     0.00
 2013  1 28 23.00   149  560599.0 7626795.2    91.0   -30.23    81.35     4.33   283.90     0.00
 2013  1 29  0.00   149  560599.0 7626795.2    91.0   -30.73    80.70     3.29   265.20     0.00
 2013  1 29  1.00   149  560599.0 7626795.2    91.0   -31.41    79.95     3.24   259.30     0.00
 2013  1 29  2.00   149  560599.0 7626795.2    91.0   -31.48    79.85     3.31   262.85     0.00
 2013  1 29  3.00   149  560599.0 7626795.2    91.0   -31.64    79.65     2.83   261.20     0.00
 2013  1 29  4.00   149  560599.0 7626795.2    91.0   -31.52    79.55     3.30   264.25     0.00
 2013  1 29  5.00   149  560599.0 7626795.2    91.0   -30.96    80.40     2.48   260.05     0.00
 2013  1 29  6.00   149  560599.0 7626795.2    91.0   -30.52    81.00     2.57   260.70     0.00
 2013  1 29  7.00   149  560599.0 7626795.2    91.0   -30.30    81.10     2.42   277.35     0.00
 2013  1 29  8.00   149  560599.0 7626795.2    91.0   -30.09    81.30     3.08   277.65     0.00
 2013  1 29  9.00   149  560599.0 7626795.2    91.0   -30.01    81.60     4.36   283.05     0.00
 2013  1 29 10.00   149  560599.0 7626795.2    91.0   -29.25    82.50     5.76   227.50     0.00
 2013  1 29 11.00   149  560599.0 7626795.2    91.0   -28.37    83.50     5.45   222.20     0.00
 2013  1 29 12.00   149  560599.0 7626795.2    91.0   -28.82    82.80     2.84   283.15     0.00
 2013  1 29 13.00   149  560599.0 7626795.2    91.0   -29.47    81.55     3.50   254.80     0.00
 2013  1 29 14.00   149  560599.0 7626795.2    91.0   -29.72    81.25     3.38   272.75     0.00
 2013  1 29 15.00   149  560599.0 7626795.2    91.0   -28.95    82.30     3.20   271.25     0.00
 2013  1 29 16.00   149  560599.0 7626795.2    91.0   -29.20    82.15     2.37   328.60     0.00
 2013  1 29 17.00   149  560599.0 7626795.2    91.0   -29.52    82.20     1.50   257.35     0.00
 2013  1 29 18.00   149  560599.0 7626795.2    91.0   -29.84    81.95     2.02   174.25     0.00
 2013  1 29 19.00   149  560599.0 7626795.2    91.0   -30.54    81.20     2.82   122.75     0.00
 2013  1 29 20.00   149  560599.0 7626795.2    91.0   -30.62    80.90     5.13   201.70     0.00
 2013  1 29 21.00   149  560599.0 7626795.2    91.0   -30.84    80.60     4.56   210.85     0.00
 2013  1 29 22.00   149  560599.0 7626795.2    91.0   -31.09    80.40     3.54   201.60     0.00
 2013  1 29 23.00   149  560599.0 7626795.2    91.0   -31.25    80.20     3.16   203.15     0.00
 2013  1 30  0.00   149  560599.0 7626795.2    91.0   -31.81    79.55     0.91   176.85     0.00
 2013  1 30  1.00   149  560599.0 7626795.2    91.0   -32.23    78.95     0.98   105.30     0.00
 2013  1 30  2.00   149  560599.0 7626795.2    91.0   -32.23    79.00     1.22   150.55     0.00
 2013  1 30  3.00   149  560599.0 7626795.2    91.0   -31.66    79.70     0.87   146.50     0.00
 2013  1 30  4.00   149  560599.0 7626795.2    91.0   -32.20    79.05     0.65   249.80     0.00
 2013  1 30  5.00   149  560599.0 7626795.2    91.0   -32.53    78.65     0.88   109.55     0.00
 2013  1 30  6.00   149  560599.0 7626795.2    91.0   -32.64    78.50     0.85   123.45     0.00
 2013  1 30  7.00   149  560599.0 7626795.2    91.0   -32.45    78.55     0.94    83.32     0.00
 2013  1 30  8.00   149  560599.0 7626795.2    91.0   -31.62    79.50     1.33   232.80     0.00
 2013  1 30  9.00   149  560599.0 7626795.2    91.0   -31.55    79.80     1.20   132.60     0.00
 2013  1 30 10.00   149  560599.0 7626795.2    91.0   -31.66    79.60     2.25   216.80     0.00
 2013  1 30 11.00   149  560599.0 7626795.2    91.0   -32.13    79.15     1.75   206.35     0.00
 2013  1 30 12.00   149  560599.0 7626795.2    91.0   -32.31    78.50     2.41   233.15     0.00
 2013  1 30 13.00   149  560599.0 7626795.2    91.0   -31.61    78.65     1.77   218.45     0.00
 2013  1 30 14.00   149  560599.0 7626795.2    91.0   -30.50    80.10     1.54   280.65     0.00
 2013  1 30 15.00   149  560599.0 7626795.2    91.0   -31.55    78.90     3.44   200.95     0.00
 2013  1 30 16.00   149  560599.0 7626795.2    91.0   -32.58    78.30     2.33   205.10     0.00
 2013  1 30 17.00   149  560599.0 7626795.2    91.0   -33.59    77.45     0.88   167.10     0.00
 2013  1 30 18.00   149  560599.0 7626795.2    91.0   -34.83    76.10     0.25   103.15     0.00
 2013  1 30 19.00   149  560599.0 7626795.2    91.0   -35.09    75.55     1.53   208.80     0.27
 2013  1 30 20.00   149  560599.0 7626795.2    91.0   -34.25    76.65     1.31   181.85     0.00
 2013  1 30 21.00   149  560599.0 7626795.2    91.0   -35.28    75.45     0.70   137.85     0.00
 2013  1 30 22.00   149  560599.0 7626795.2    91.0   -35.37    75.15     1.31   189.15     0.00
 2013  1 30 23.00   149  560599.0 7626795.2    91.0   -35.66    74.75     0.18   139.00     0.00
 2013  1 31  0.00   149  560599.0 7626795.2    91.0   -36.02    74.15     0.28    50.95     0.00
 2013  1 31  1.00   149  560599.0 7626795.2    91.0   -35.51    74.65     0.00     0.00     0.00
 2013  1 31  2.00   149  560599.0 7626795.2    91.0   -35.52    74.80     0.35   101.90     0.00
 2013  1 31  3.00   149  560599.0 7626795.2    91.0   -36.08    74.25     0.47   101.90     0.00
 2013  1 31  4.00   149  560599.0 7626795.2    91.0   -36.31    73.80     0.02    50.95     0.00
 2013  1 31  5.00   149  560599.0 7626795.2    91.0   -36.13    73.95     0.33    41.40     0.00
 2013  1 31  6.00   149  560599.0 7626795.2    91.0   -36.28    73.95     0.35    77.40     0.00
 2013  1 31  7.00   149  560599.0 7626795.2    91.0   -36.17    73.85     0.30    77.40     0.00
 2013  1 31  8.00   149  560599.0 7626795.2    91.0   -35.62    74.60     0.40    76.45     0.00
 2013  1 31  9.00   149  560599.0 7626795.2    91.0   -35.80    74.35     0.46    17.52     0.00
 2013  1 31 10.00   149  560599.0 7626795.2    91.0   -35.57    74.50     0.03    35.03     0.00
 2013  1 31 11.00   149  560599.0 7626795.2    91.0   -35.11    75.15     0.81    35.02     0.00
 2013  1 31 12.00   149  560599.0 7626795.2    91.0   -34.86    75.45     1.11    35.02     0.00
 2013  1 31 13.00   149  560599.0 7626795.2    91.0   -34.48    75.95     1.02    35.00     0.00
 2013  1 31 14.00   149  560599.0 7626795.2    91.0   -34.41    76.00     0.91    35.00     0.00
 2013  1 31 15.00   149  560599.0 7626795.2    91.0   -34.09    76.35     1.12    34.99     0.00
 2013  1 31 16.00   149  560599.0 7626795.2    91.0   -34.09    76.40     1.29    34.98     0.00
 2013  1 31 17.00   149  560599.0 7626795.2    91.0   -33.81    76.70     1.14    34.97     0.00
 2013  1 31 18.00   149  560599.0 7626795.2    91.0   -33.31    77.40     0.83    34.95     0.00
 2013  1 31 19.00   149  560599.0 7626795.2    91.0   -33.09    77.60     1.25    34.93     0.00
 2013  1 31 20.00   149  560599.0 7626795.2    91.0   -32.84    77.85     0.47    34.91     0.00
 2013  1 31 21.00   149  560599.0 7626795.2    91.0   -32.50    78.35     1.27    34.88     0.00
 2013  1 31 22.00   149  560599.0 7626795.2    91.0   -32.25    78.60     0.79    34.86     0.00
 2013  1 31 23.00   149  560599.0 7626795.2    91.0   -31.88    79.05     0.95   177.58     0.00
 2013  2  1  0.00   149  560599.0 7626795.2    91.0   -31.41    79.65     1.88   309.10     0.00
 2013  2  1  1.00   149  560599.0 7626795.2    91.0   -30.90    80.20     2.54   337.75     0.00
 2013  2  1  2.00   149  560599.0 7626795.2    91.0   -30.82    80.55     1.75   344.60     0.00
 2013  2  1  3.00   149  560599.0 7626795.2    91.0   -31.77    79.60     1.71   319.00     0.00
 2013  2  1  4.00   149  560599.0 7626795.2    91.0   -32.79    78.30     2.25   179.64     0.00
 2013  2  1  5.00   149  560599.0 7626795.2    91.0   -33.38    77.60     1.71   338.55     0.00
 2013  2  1  6.00   149  560599.0 7626795.2    91.0   -33.95    76.95     2.00   319.90     0.00
 2013  2  1  7.00   149  560599.0 7626795.2    91.0   -34.17    76.45     2.51   315.05     0.00
 2013  2  1  8.00   149  560599.0 7626795.2    91.0   -33.03    77.60     2.34   319.10     0.00
 2013  2  1  9.00   149  560599.0 7626795.2    91.0   -32.02    78.80     2.19   332.95     0.00
 2013  2  1 10.00   149  560599.0 7626795.2    91.0   -31.33    79.75     2.67   334.25     0.00
 2013  2  1 11.00   149  560599.0 7626795.2    91.0   -30.69    80.55     2.70   343.10     0.00
 2013  2  1 12.00   149  560599.0 7626795.2    91.0   -30.32    81.05     2.76   344.80     0.00
 2013  2  1 13.00   149  560599.0 7626795.2    91.0   -30.12    81.10     2.33   331.90     0.00
 2013  2  1 14.00   149  560599.0 7626795.2    91.0   -29.62    81.70     3.16   350.35     0.00
 2013  2  1 15.00   149  560599.0 7626795.2    91.0   -29.16    82.25     3.01   351.00     0.00
 2013  2  1 16.00   149  560599.0 7626795.2    91.0   -28.96    82.60     3.04   347.30     0.00
 2013  2  1 17.00   149  560599.0 7626795.2    91.0   -28.74    82.90     3.19   350.80     0.00
 2013  2  1 18.00   149  560599.0 7626795.2    91.0   -28.68    83.00     2.48   340.80     0.00
 2013  2  1 19.00   149  560599.0 7626795.2    91.0   -28.70    83.00     1.50   331.65     0.00
 2013  2  1 20.00   149  560599.0 7626795.2    91.0   -28.64    83.05     0.85   315.40     0.00
 2013  2  1 21.00   149  560599.0 7626795.2    91.0   -28.69    83.10     1.01   293.55     0.00
 2013  2  1 22.00   149  560599.0 7626795.2    91.0   -29.62    82.35     1.16   267.20     0.00
 2013  2  1 23.00   149  560599.0 7626795.2    91.0   -30.60    81.00     1.05   276.30     0.00
 2013  2  2  0.00   149  560599.0 7626795.2    91.0   -31.73    79.80     1.64   265.80     0.00
 2013  2  2  1.00   149  560599.0 7626795.2    91.0   -32.69    78.55     1.83   265.95     0.00
 2013  2  2  2.00   149  560599.0 7626795.2    91.0   -33.11    77.85     1.38   271.80     0.00
 2013  2  2  3.00   149  560599.0 7626795.2    91.0   -33.40    77.55     1.25   267.20     0.00
 2013  2  2  4.00   149  560599.0 7626795.2    91.0   -33.65    77.00     1.37   265.00     0.00
 2013  2  2  5.00   149  560599.0 7626795.2    91.0   -33.28    77.45     1.42   267.10     0.00
 2013  2  2  6.00   149  560599.0 7626795.2    91.0   -32.99    77.80     1.40   261.80     0.00
 2013  2  2  7.00   149  560599.0 7626795.2    91.0   -33.27    77.60     2.02   237.90     0.00
 2013  2  2  8.00   149  560599.0 7626795.2    91.0   -32.14    78.85     0.60   180.35     0.00
 2013  2  2  9.00   149  560599.0 7626795.2    91.0   -33.05    78.15     0.79   110.80     0.00
 2013  2  2 10.00   149  560599.0 7626795.2    91.0   -33.33    77.40     0.30   114.69     0.00
 2013  2  2 11.00   149  560599.0 7626795.2    91.0   -32.92    77.90     1.08   124.10     0.00
 2013  2  2 12.00   149  560599.0 7626795.2    91.0   -31.04    80.00     2.21   193.50     0.00
 2013  2  2 13.00   149  560599.0 7626795.2    91.0   -29.30    81.60     1.60   170.60     0.00
 2013  2  2 14.00   149  560599.0 7626795.2    91.0   -29.29    81.70     1.41   146.10     0.00
 2013  2  2 15.00   149  560599.0 7626795.2    91.0   -29.41    81.30     1.11   126.60     0.00
 2013  2  2 16.00   149  560599.0 7626795.2    91.0   -29.02    82.05     2.20   193.85     0.00
 2013  2  2 17.00   149  560599.0 7626795.2    91.0   -31.53    79.90     1.78   131.65     0.00
 2013  2  2 18.00   149  560599.0 7626795.2    91.0   -32.94    78.25     1.43   109.70     0.00
 2013  2  2 19.00   149  560599.0 7626795.2    91.0   -32.32    78.75     1.48   142.05     0.00
 2013  2  2 20.00   149  560599.0 7626795.2    91.0   -31.50    79.90     1.30   130.50     0.00
 2013  2  2 21.00   149  560599.0 7626795.2    91.0   -32.34    79.05     1.32   116.70     0.00
 2013  2  2 22.00   149  560599.0 7626795.2    91.0   -32.36    78.90     1.10   110.95     0.00
 2013  2  2 23.00   149  560599.0 7626795.2    91.0   -33.34    77.90     0.42    92.70     0.00
 2013  2  3  0.00   149  560599.0 7626795.2    91.0   -33.96    76.80     0.92   122.25     0.00
 2013  2  3  1.00   149  560599.0 7626795.2    91.0   -33.37    77.45     1.28   117.20     0.00
 2013  2  3  2.00   149  560599.0 7626795.2    91.0   -32.58    78.55     1.35   112.70     0.00
 2013  2  3  3.00   149  560599.0 7626795.2    91.0   -33.45    77.65     1.07    95.75     0.00
 2013  2  3  4.00   149  560599.0 7626795.2    91.0   -33.74    76.90     0.67    96.80     0.00
 2013  2  3  5.00   149  560599.0 7626795.2    91.0   -32.99    77.85     0.92    83.07     0.00
 2013  2  3  6.00   149  560599.0 7626795.2    91.0   -32.88    78.20     0.99    63.18     0.00
 2013  2  3  7.00   149  560599.0 7626795.2    91.0   -33.02    77.85     0.58    62.34     0.00
 2013  2  3  8.00   149  560599.0 7626795.2    91.0   -32.95    78.10     0.98    67.15     0.00
 2013  2  3  9.00   149  560599.0 7626795.2    91.0   -33.31    77.60     0.54    67.86     0.00
 2013  2  3 10.00   149  560599.0 7626795.2    91.0   -33.20    77.60     0.52    81.90     0.00
 2013  2  3 11.00   149  560599.0 7626795.2    91.0   -32.91    77.90     0.71    74.69     0.00
 2013  2  3 12.00   149  560599.0 7626795.2    91.0   -32.06    78.30     0.85    71.19     0.00
 2013  2  3 13.00   149  560599.0 7626795.2    91.0   -30.88    79.95     0.44    59.04     0.00
 2013  2  3 14.00   149  560599.0 7626795.2    91.0   -30.56    80.45     0.43    59.72     0.00
 2013  2  3 15.00   149  560599.0 7626795.2    91.0   -29.34    81.75     0.35    33.78     0.00
 2013  2  3 16.00   149  560599.0 7626795.2    91.0   -29.55    82.00     1.09    64.36     0.00
 2013  2  3 17.00   149  560599.0 7626795.2    91.0   -29.49    81.90     1.10    44.16     0.00
 2013  2  3 18.00   149  560599.0 7626795.2    91.0   -29.20    82.25     0.34    24.76     0.00
 2013  2  3 19.00   149  560599.0 7626795.2    91.0   -28.80    82.75     1.21    14.77     0.00
 2013  2  3 20.00   149  560599.0 7626795.2    91.0   -28.27    83.40     1.56    38.09     0.00
 2013  2  3 21.00   149  560599.0 7626795.2    91.0   -27.90    83.85     1.50    37.74     0.00
 2013  2  3 22.00   149  560599.0 7626795.2    91.0   -27.74    84.00     1.67    47.84     0.00
 2013  2  3 23.00   149  560599.0 7626795.2    91.0   -27.19    84.75     1.41    39.80     0.00
 2013  2  4  0.00   149  560599.0 7626795.2    91.0   -27.22    84.75     1.60    17.25     0.00
 2013  2  4  1.00   149  560599.0 7626795.2    91.0   -27.38    84.60     1.17    35.03     0.00
 2013  2  4  2.00   149  560599.0 7626795.2    91.0   -26.77    85.10     1.68    50.05     0.00
 2013  2  4  3.00   149  560599.0 7626795.2    91.0   -25.66    86.35     1.73    49.84     0.00
 2013  2  4  4.00   149  560599.0 7626795.2    91.0   -25.20    86.95     1.82    52.25     0.00
 2013  2  4  5.00   149  560599.0 7626795.2    91.0   -25.00    87.30     1.77    44.28     0.00
 2013  2  4  6.00   149  560599.0 7626795.2    91.0   -25.73    86.65     1.98    22.05     0.00
 2013  2  4  7.00   149  560599.0 7626795.2    91.0   -27.25    84.90     2.06     0.60     0.00
 2013  2  4  8.00   149  560599.0 7626795.2    91.0   -27.88    84.10     1.93   178.79     0.00
 2013  2  4  9.00   149  560599.0 7626795.2    91.0   -28.23    83.75     2.19     4.25     0.00
 2013  2  4 10.00   149  560599.0 7626795.2    91.0   -28.73    83.15     1.78   351.20     0.00
 2013  2  4 11.00   149  560599.0 7626795.2    91.0   -29.14    82.60     1.59   182.47     0.00
 2013  2  4 12.00   149  560599.0 7626795.2    91.0   -28.86    82.75     1.73   337.65     0.00
 2013  2  4 13.00   149  560599.0 7626795.2    91.0   -28.22    83.45     1.62    13.47     0.00
 2013  2  4 14.00   149  560599.0 7626795.2    91.0   -27.62    84.20     1.73    17.67     0.00
 2013  2  4 15.00   149  560599.0 7626795.2    91.0   -27.10    84.75     1.67    19.79     0.00
 2013  2  4 16.00   149  560599.0 7626795.2    91.0   -27.05    85.10     1.35    26.63     0.00
 2013  2  4 17.00   149  560599.0 7626795.2    91.0   -27.84    84.25     0.57    20.06     0.00
 2013  2  4 18.00   149  560599.0 7626795.2    91.0   -27.96    83.80     0.74   326.90     0.00
 2013  2  4 19.00   149  560599.0 7626795.2    91.0   -27.54    84.40     1.51    15.77     0.00
 2013  2  4 20.00   149  560599.0 7626795.2    91.0   -27.52    84.40     1.40    16.95     0.00
 2013  2  4 21.00   149  560599.0 7626795.2    91.0   -27.41    84.55     0.88    43.64     0.00
 2013  2  4 22.00   149  560599.0 7626795.2    91.0   -27.18    84.85     0.70   191.75     0.00
 2013  2  4 23.00   149  560599.0 7626795.2    91.0   -27.09    84.90     1.36    20.67     0.00
 2013  2  5  0.00   149  560599.0 7626795.2    91.0   -27.21    84.90     1.18    10.64     0.00
 2013  2  5  1.00   149  560599.0 7626795.2    91.0   -27.68    84.40     0.94   349.75     0.00
 2013  2  5  2.00   149  560599.0 7626795.2    91.0   -27.91    84.05     1.02    11.12     0.00
 2013  2  5  3.00   149  560599.0 7626795.2    91.0   -27.69    84.15     0.96   184.84     0.00
 2013  2  5  4.00   149  560599.0 7626795.2    91.0   -27.39    84.50     0.89   182.47     0.00
 2013  2  5  5.00   149  560599.0 7626795.2    91.0   -27.16    84.90     0.78   354.40     0.00
 2013  2  5  6.00   149  560599.0 7626795.2    91.0   -27.16    84.90     1.07   353.65     0.00
 2013  2  5  7.00   149  560599.0 7626795.2    91.0   -27.13    84.95     0.80     6.71     0.18
 2013  2  5  8.00   149  560599.0 7626795.2    91.0   -27.07    84.90     0.95   334.05     0.13
 2013  2  5  9.00   149  560599.0 7626795.2    91.0   -26.95    85.15     1.43   339.20     0.00
 2013  2  5 10.00   149  560599.0 7626795.2    91.0   -26.77    85.30     1.26   344.35     0.17
 2013  2  5 11.00   149  560599.0 7626795.2    91.0   -26.59    85.45     1.36   328.05     0.28
 2013  2  5 12.00   149  560599.0 7626795.2    91.0   -26.33    85.70     1.33   338.85     0.23
 2013  2  5 13.00   149  560599.0 7626795.2    91.0   -26.23    86.00     1.75   297.20     0.11
 2013  2  5 14.00   149  560599.0 7626795.2    91.0   -26.37    85.70     1.86   308.05     0.00
 2013  2  5 15.00   149  560599.0 7626795.2    91.0   -26.07    85.95     1.94   319.80     0.00
 2013  2  5 16.00   149  560599.0 7626795.2    91.0   -26.04    86.10     2.38   334.30     0.00
 2013  2  5 17.00   149  560599.0 7626795.2    91.0   -26.41    85.75     3.44   335.65     0.39
 2013  2  5 18.00   149  560599.0 7626795.2    91.0   -26.45    85.75     4.10   338.15     0.00
 2013  2  5 19.00   149  560599.0 7626795.2    91.0   -26.17    86.00     4.36   344.05     0.00
 2013  2  5 20.00   149  560599.0 7626795.2    91.0   -25.99    86.20     4.75   345.90     0.00
 2013  2  5 21.00   149  560599.0 7626795.2    91.0   -26.27    85.90     5.67   335.00     0.00
 2013  2  5 22.00   149  560599.0 7626795.2    91.0   -26.93    85.15     6.70   334.20     0.42
 2013  2  5 23.00   149  560599.0 7626795.2    91.0   -27.64    84.35     7.46   334.05     0.00
 2013  2  6  0.00   149  560599.0 7626795.2    91.0   -28.33    83.50     6.75   330.55     0.00
 2013  2  6  1.00   149  560599.0 7626795.2    91.0   -29.76    81.95     5.60   322.50     0.00
 2013  2  6  2.00   149  560599.0 7626795.2    91.0   -31.11    80.35     5.46   316.70     0.00
 2013  2  6  3.00   149  560599.0 7626795.2    91.0   -31.98    79.40     4.75   308.10     0.00
 2013  2  6  4.00   149  560599.0 7626795.2    91.0   -32.53    78.60     4.71   301.85     0.00
 2013  2  6  5.00   149  560599.0 7626795.2    91.0   -32.98    78.15     3.69   303.50     0.00
 2013  2  6  6.00   149  560599.0 7626795.2    91.0   -33.58    77.55     2.66   300.25     0.00
 2013  2  6  7.00   149  560599.0 7626795.2    91.0   -34.14    76.65     3.67   290.75     0.00
 2013  2  6  8.00   149  560599.0 7626795.2    91.0   -34.55    76.20     4.68   287.65     0.00
 2013  2  6  9.00   149  560599.0 7626795.2    91.0   -34.93    75.60     3.56   286.15     0.00
 2013  2  6 10.00   149  560599.0 7626795.2    91.0   -34.69    75.95     2.58   273.50     0.00
 2013  2  6 11.00   149  560599.0 7626795.2    91.0   -35.36    75.20     2.58   267.95     0.00
 2013  2  6 12.00   149  560599.0 7626795.2    91.0   -35.21    74.80     2.58   268.75     0.00
 2013  2  6 13.00   149  560599.0 7626795.2    91.0   -33.52    76.25     2.41   266.20     0.00
 2013  2  6 14.00   149  560599.0 7626795.2    91.0   -32.34    77.85     2.12   266.40     0.00
 2013  2  6 15.00   149  560599.0 7626795.2    91.0   -31.73    78.80     1.51   262.40     0.00
 2013  2  6 16.00   149  560599.0 7626795.2    91.0   -31.53    79.55     0.36   250.80     0.00
 2013  2  6 17.00   149  560599.0 7626795.2    91.0   -33.22    78.50     0.70   267.35     0.00
 2013  2  6 18.00   149  560599.0 7626795.2    91.0   -35.70    75.15     1.39   262.50     0.00
 2013  2  6 19.00   149  560599.0 7626795.2    91.0   -36.61    73.70     1.76   264.30     0.00
 2013  2  6 20.00   149  560599.0 7626795.2    91.0   -36.69    73.45     1.65   268.40     0.00
 2013  2  6 21.00   149  560599.0 7626795.2    91.0   -36.47    73.60     1.60   275.05     0.00
 2013  2  6 22.00   149  560599.0 7626795.2    91.0   -36.30    73.80     0.68   280.35     0.00
 2013  2  6 23.00   149  560599.0 7626795.2    91.0   -36.15    73.95     0.49   270.20     0.00
 2013  2  7  0.00   149  560599.0 7626795.2    91.0   -35.21    74.80     0.00     0.00     0.00
 2013  2  7  1.00   149  560599.0 7626795.2    91.0   -34.50    75.80     0.09   290.35     0.00
 2013  2  7  2.00   149  560599.0 7626795.2    91.0   -33.78    76.75     0.04   326.55     0.00
 2013  2  7  3.00   149  560599.0 7626795.2    91.0   -33.64    77.00     0.00   163.35     0.00
 2013  2  7  4.00   149  560599.0 7626795.2    91.0   -33.38    77.30     0.16   191.34     0.14
 2013  2  7  5.00   149  560599.0 7626795.2    91.0   -33.06    77.75     1.29    78.40     0.00
 2013  2  7  6.00   149  560599.0 7626795.2    91.0   -32.93    77.85     0.48    76.20     0.00
 2013  2  7  7.00   149  560599.0 7626795.2    91.0   -32.56    78.25     0.20    49.55     0.24
 2013  2  7  8.00   149  560599.0 7626795.2    91.0   -32.14    78.75     0.55    59.84     0.00
 2013  2  7  9.00   149  560599.0 7626795.2    91.0   -31.75    79.30     0.29    88.45     0.16
 2013  2  7 10.00   149  560599.0 7626795.2    91.0   -31.99    79.25     0.12    44.70     0.00
 2013  2  7 11.00   149  560599.0 7626795.2    91.0   -32.10    78.65     0.00     0.00     0.00
 2013  2  7 12.00   149  560599.0 7626795.2    91.0   -31.09    79.85     0.01    44.60     0.00
 2013  2  7 13.00   149  560599.0 7626795.2    91.0   -30.60    80.55     0.07    89.20     0.00
 2013  2  7 14.00   149  560599.0 7626795.2    91.0   -29.63    80.90     0.31    89.25     0.00
 2013  2  7 15.00   149  560599.0 7626795.2    91.0   -28.73    82.55     0.59    89.30     0.00
 2013  2  7 16.00   149  560599.0 7626795.2    91.0   -28.60    82.85     0.39    89.30     0.00
 2013  2  7 17.00   149  560599.0 7626795.2    91.0   -29.68    82.15     0.17    89.30     0.00
 2013  2  7 18.00   149  560599.0 7626795.2    91.0   -30.33    81.45     0.20    89.20     0.00
 2013  2  7 19.00   149  560599.0 7626795.2    91.0   -31.06    80.25     0.83    89.10     0.00
 2013  2  7 20.00   149  560599.0 7626795.2    91.0   -30.14    81.00     1.17    89.10     0.00
 2013  2  7 21.00   149  560599.0 7626795.2    91.0   -29.12    82.40     1.43    97.70     0.00
 2013  2  7 22.00   149  560599.0 7626795.2    91.0   -28.43    83.20     1.67   103.75     0.00
 2013  2  7 23.00   149  560599.0 7626795.2    91.0   -28.14    83.65     2.23   112.75     0.00
 2013  2  8  0.00   149  560599.0 7626795.2    91.0   -28.45    83.50     1.18    96.45     0.00
 2013  2  8  1.00   149  560599.0 7626795.2    91.0   -28.96    82.90     1.27    80.30     0.00
 2013  2  8  2.00   149  560599.0 7626795.2    91.0   -29.11    82.55     1.36    78.10     0.00
 2013  2  8  3.00   149  560599.0 7626795.2    91.0   -28.70    82.90     0.94    77.62     0.00
 2013  2  8  4.00   149  560599.0 7626795.2    91.0   -28.45    83.55     1.15    86.60     0.00
 2013  2  8  5.00   149  560599.0 7626795.2    91.0   -29.06    82.80     1.25    94.90     0.00
 2013  2  8  6.00   149  560599.0 7626795.2    91.0   -29.29    82.55     0.68    92.55     0.00
 2013  2  8  7.00   149  560599.0 7626795.2    91.0   -29.51    82.00     0.33    55.61     0.00
 2013  2  8  8.00   149  560599.0 7626795.2    91.0   -29.45    82.30     0.27    40.52     0.00
 2013  2  8  9.00   149  560599.0 7626795.2    91.0   -29.55    81.85     1.40   281.65     0.00
 2013  2  8 10.00   149  560599.0 7626795.2    91.0   -28.37    83.00     1.63   270.40     0.00
 2013  2  8 11.00   149  560599.0 7626795.2    91.0   -27.37    84.35     1.50   275.45     0.00
 2013  2  8 12.00   149  560599.0 7626795.2    91.0   -26.68    85.20     1.94   320.10     0.00
 2013  2  8 13.00   149  560599.0 7626795.2    91.0   -26.31    85.65     2.37   322.35     0.28
 2013  2  8 14.00   149  560599.0 7626795.2    91.0   -25.89    86.05     2.22   312.30     0.22
 2013  2  8 15.00   149  560599.0 7626795.2    91.0   -25.41    86.60     2.92   297.35     0.00
 2013  2  8 16.00   149  560599.0 7626795.2    91.0   -24.97    87.25     3.27   305.65     0.00
 2013  2  8 17.00   149  560599.0 7626795.2    91.0   -25.07    87.15     3.19   298.10     0.00
 2013  2  8 18.00   149  560599.0 7626795.2    91.0   -25.45    86.75     3.97   294.45     0.22
 2013  2  8 19.00   149  560599.0 7626795.2    91.0   -26.27    86.15     3.71   289.00     0.00
 2013  2  8 20.00   149  560599.0 7626795.2    91.0   -27.21    84.95     4.68   296.80     0.00
 2013  2  8 21.00   149  560599.0 7626795.2    91.0   -27.49    84.55     3.84   291.10     0.00
 2013  2  8 22.00   149  560599.0 7626795.2    91.0   -27.09    84.90     4.38   282.25     0.00
 2013  2  8 23.00   149  560599.0 7626795.2    91.0   -26.48    85.70     5.46   285.65     0.00
 2013  2  9  0.00   149  560599.0 7626795.2    91.0   -26.24    85.95     5.87   293.25     0.00
 2013  2  9  1.00   149  560599.0 7626795.2    91.0   -26.68    85.45     5.74   290.80     0.00
 2013  2  9  2.00   149  560599.0 7626795.2    91.0   -27.41    84.65     5.26   291.75     0.00
 2013  2  9  3.00   149  560599.0 7626795.2    91.0   -28.13    83.80     6.15   288.95     0.00
 2013  2  9  4.00   149  560599.0 7626795.2    91.0   -28.66    83.20     4.84   276.35     0.00
 2013  2  9  5.00   149  560599.0 7626795.2    91.0   -29.50    82.10     6.05   280.15     0.00
 2013  2  9  6.00   149  560599.0 7626795.2    91.0   -29.91    81.75     2.89   273.05     0.00
 2013  2  9  7.00   149  560599.0 7626795.2    91.0   -30.38    81.35     2.91   256.30     0.00
 2013  2  9  8.00   149  560599.0 7626795.2    91.0   -30.99    80.30     4.75   263.75     0.00
 2013  2  9  9.00   149  560599.0 7626795.2    91.0   -31.57    79.75     3.54   262.50     0.00
 2013  2  9 10.00   149  560599.0 7626795.2    91.0   -31.92    79.35     2.71   265.05     0.00
 2013  2  9 11.00   149  560599.0 7626795.2    91.0   -31.52    79.40     2.92   260.45     0.00
 2013  2  9 12.00   149  560599.0 7626795.2    91.0   -30.13    80.70     2.75   253.95     0.00
 2013  2  9 13.00   149  560599.0 7626795.2    91.0   -30.38    80.10     3.34   240.00     0.00
 2013  2  9 14.00   149  560599.0 7626795.2    91.0   -29.66    81.15     2.75   250.90     0.00
 2013  2  9 15.00   149  560599.0 7626795.2    91.0   -29.05    82.25     2.00   260.70     0.00
 2013  2  9 16.00   149  560599.0 7626795.2    91.0   -30.07    81.80     0.73   163.10     0.00
 2013  2  9 17.00   149  560599.0 7626795.2    91.0   -31.08    80.45     1.06   127.85     0.00
 2013  2  9 18.00   149  560599.0 7626795.2    91.0   -30.87    80.55     0.89   106.00     0.00
 2013  2  9 19.00   149  560599.0 7626795.2    91.0   -30.74    80.60     1.00    99.10     0.00
 2013  2  9 20.00   149  560599.0 7626795.2    91.0   -31.24    80.30     1.34    77.50     0.00
 2013  2  9 21.00   149  560599.0 7626795.2    91.0   -31.72    79.55     2.02    77.35     0.00
 2013  2  9 22.00   149  560599.0 7626795.2    91.0   -31.88    79.30     1.64    86.50     0.00
 2013  2  9 23.00   149  560599.0 7626795.2    91.0   -31.27    79.90     2.39   100.70     0.00
 2013  2 10  0.00   149  560599.0 7626795.2    91.0   -30.70    80.65     2.11    91.60     0.00
 2013  2 10  1.00   149  560599.0 7626795.2    91.0   -30.07    81.25     1.77    56.70     0.00
 2013  2 10  2.00   149  560599.0 7626795.2    91.0   -29.04    82.45     2.98    68.60     0.00
 2013  2 10  3.00   149  560599.0 7626795.2    91.0   -27.36    84.40     3.32    71.07     0.00
 2013  2 10  4.00   149  560599.0 7626795.2    91.0   -26.61    85.40     3.62    60.58     0.00
 2013  2 10  5.00   149  560599.0 7626795.2    91.0   -27.02    85.05     3.06    55.08     0.00
 2013  2 10  6.00   149  560599.0 7626795.2    91.0   -26.15    85.90     4.54    57.21     0.00
 2013  2 10  7.00   149  560599.0 7626795.2    91.0   -25.34    86.80     4.18    67.06     0.00
 2013  2 10  8.00   149  560599.0 7626795.2    91.0   -24.73    87.55     4.03    70.48     0.00
 2013  2 10  9.00   149  560599.0 7626795.2    91.0   -23.65    88.75     3.75    85.15     0.00
 2013  2 10 10.00   149  560599.0 7626795.2    91.0   -23.04    89.40     3.35    72.80     0.00
 2013  2 10 11.00   149  560599.0 7626795.2    91.0   -22.66    89.85     3.74    74.20     0.00
 2013  2 10 12.00   149  560599.0 7626795.2    91.0   -22.04    90.40     3.01    63.08     0.00
 2013  2 10 13.00   149  560599.0 7626795.2    91.0   -21.24    91.25     2.81    73.20     0.00
 2013  2 10 14.00   149  560599.0 7626795.2    91.0   -20.41    92.10     2.28    65.14     0.27
 2013  2 10 15.00   149  560599.0 7626795.2    91.0   -19.91    92.70     1.75    40.09     0.17
 2013  2 10 16.00   149  560599.0 7626795.2    91.0   -19.55    93.20     1.39    14.07     0.13
 2013  2 10 17.00   149  560599.0 7626795.2    91.0   -20.59    92.95     2.38   335.10     0.00
 2013  2 10 18.00   149  560599.0 7626795.2    91.0   -23.24    89.75     2.86   340.40     0.00
 2013  2 10 19.00   149  560599.0 7626795.2    91.0   -22.98    89.50     2.92   339.60     0.00
 2013  2 10 20.00   149  560599.0 7626795.2    91.0   -22.09    90.70     3.67     4.24     0.00
 2013  2 10 21.00   149  560599.0 7626795.2    91.0   -23.04    89.75     3.56    12.52     0.00
 2013  2 10 22.00   149  560599.0 7626795.2    91.0   -23.80    88.90     3.17    11.18     0.00
 2013  2 10 23.00   149  560599.0 7626795.2    91.0   -24.19    88.45     2.75   180.36     0.19
 2013  2 11  0.00   149  560599.0 7626795.2    91.0   -24.52    88.20     2.50   343.05     0.00
 2013  2 11  1.00   149  560599.0 7626795.2    91.0   -25.46    87.45     2.33   335.15     0.00
 2013  2 11  2.00   149  560599.0 7626795.2    91.0   -26.44    85.85     2.81   328.85     0.00
 2013  2 11  3.00   149  560599.0 7626795.2    91.0   -25.45    86.95     2.62   333.30     0.00
 2013  2 11  4.00   149  560599.0 7626795.2    91.0   -25.21    87.20     2.73   343.00     0.00
 2013  2 11  5.00   149  560599.0 7626795.2    91.0   -25.09    87.35     2.93   338.50     0.00
 2013  2 11  6.00   149  560599.0 7626795.2    91.0   -25.17    87.25     3.17   348.75     0.00
 2013  2 11  7.00   149  560599.0 7626795.2    91.0   -25.34    87.05     3.04   344.95     0.00
 2013  2 11  8.00   149  560599.0 7626795.2    91.0   -25.44    86.90     2.90   355.10     0.00
 2013  2 11  9.00   149  560599.0 7626795.2    91.0   -25.47    86.90     2.92   357.15     0.00
 2013  2 11 10.00   149  560599.0 7626795.2    91.0   -25.64    86.75     2.76   349.75     0.00
 2013  2 11 11.00   149  560599.0 7626795.2    91.0   -25.76    86.55     2.81   343.55     0.00
 2013  2 11 12.00   149  560599.0 7626795.2    91.0   -25.99    86.25     3.50   345.70     0.00
 2013  2 11 13.00   149  560599.0 7626795.2    91.0   -26.18    86.05     2.80   338.05     0.00
 2013  2 11 14.00   149  560599.0 7626795.2    91.0   -26.14    86.00     3.48   337.15     0.00
 2013  2 11 15.00   149  560599.0 7626795.2    91.0   -26.06    86.05     3.16   338.45     0.00
 2013  2 11 16.00   149  560599.0 7626795.2    91.0   -25.98    86.20     3.26   351.55     0.00
 2013  2 11 17.00   149  560599.0 7626795.2    91.0   -25.95    86.35     2.56   357.55     0.00
 2013  2 11 18.00   149  560599.0 7626795.2    91.0   -25.90    86.40     2.29   176.70     0.00
 2013  2 11 19.00   149  560599.0 7626795.2    91.0   -25.96    86.40     2.16   339.00     0.00
 2013  2 11 20.00   149  560599.0 7626795.2    91.0   -25.92    86.40     2.29   341.15     0.00
 2013  2 11 21.00   149  560599.0 7626795.2    91.0   -25.82    86.40     2.02   350.50     0.00
 2013  2 11 22.00   149  560599.0 7626795.2    91.0   -25.66    86.60     1.94   337.00     0.00
 2013  2 11 23.00   149  560599.0 7626795.2    91.0   -25.59    86.85     1.57   341.10     0.00
 2013  2 12  0.00   149  560599.0 7626795.2    91.0   -26.74    86.50     1.38   309.45     0.00
 2013  2 12  1.00   149  560599.0 7626795.2    91.0   -29.42    83.00     1.19   290.05     0.00
 2013  2 12  2.00   149  560599.0 7626795.2    91.0   -30.20    81.60     1.14   290.00     0.00
 2013  2 12  3.00   149  560599.0 7626795.2    91.0   -30.55    81.40     1.27   296.15     0.00
 2013  2 12  4.00   149  560599.0 7626795.2    91.0   -31.43    80.10     1.20   283.25     0.00
 2013  2 12  5.00   149  560599.0 7626795.2    91.0   -31.21    80.15     0.88   293.90     0.00
 2013  2 12  6.00   149  560599.0 7626795.2    91.0   -31.38    80.15     1.56   293.30     0.00
 2013  2 12  7.00   149  560599.0 7626795.2    91.0   -31.30    79.85     1.40   291.20     0.00
 2013  2 12  8.00   149  560599.0 7626795.2    91.0   -30.11    81.15     1.06   289.30     0.00
 2013  2 12  9.00   149  560599.0 7626795.2    91.0   -28.92    82.45     0.45   317.90     0.00
 2013  2 12 10.00   149  560599.0 7626795.2    91.0   -27.89    83.80     0.48    15.04     0.00
 2013  2 12 11.00   149  560599.0 7626795.2    91.0   -27.30    84.65     0.05    18.60     0.00
 2013  2 12 12.00   149  560599.0 7626795.2    91.0   -26.61    85.20     0.20    21.49     0.00
 2013  2 12 13.00   149  560599.0 7626795.2    91.0   -25.85    86.15     0.47    48.34     0.00
 2013  2 12 14.00   149  560599.0 7626795.2    91.0   -25.48    86.70     0.81    65.32     0.00
 2013  2 12 15.00   149  560599.0 7626795.2    91.0   -25.50    87.00     0.82    49.11     0.00
 2013  2 12 16.00   149  560599.0 7626795.2    91.0   -25.92    86.35     0.14    21.17     0.00
 2013  2 12 17.00   149  560599.0 7626795.2    91.0   -26.64    86.60     0.57   276.75     0.00
 2013  2 12 18.00   149  560599.0 7626795.2    91.0   -29.81    82.70     0.86   277.40     0.24
 2013  2 12 19.00   149  560599.0 7626795.2    91.0   -31.48    80.40     0.92   270.20     0.00
 2013  2 12 20.00   149  560599.0 7626795.2    91.0   -32.87    78.45     1.27   267.05     0.00
 2013  2 12 21.00   149  560599.0 7626795.2    91.0   -32.53    78.50     0.87   278.30     0.00
 2013  2 12 22.00   149  560599.0 7626795.2    91.0   -32.32    78.90     0.92   266.05     0.00
 2013  2 12 23.00   149  560599.0 7626795.2    91.0   -32.09    79.05     0.09   255.10     0.00
 2013  2 13  0.00   149  560599.0 7626795.2    91.0   -32.36    78.85     0.02   237.30     0.00
 2013  2 13  1.00   149  560599.0 7626795.2    91.0   -32.62    78.25     1.11   256.15     0.00
 2013  2 13  2.00   149  560599.0 7626795.2    91.0   -30.22    80.15     0.04   168.95     0.00
 2013  2 13  3.00   149  560599.0 7626795.2    91.0   -28.79    82.95     0.47   270.70     0.00
 2013  2 13  4.00   149  560599.0 7626795.2    91.0   -28.23    83.35     0.00   238.00     0.00
 2013  2 13  5.00   149  560599.0 7626795.2    91.0   -27.68    84.25     0.08   258.45     0.00
 2013  2 13  6.00   149  560599.0 7626795.2    91.0   -27.48    84.35     0.52   156.08     0.00
 2013  2 13  7.00   149  560599.0 7626795.2    91.0   -27.88    84.45     0.03   132.95     0.00
 2013  2 13  8.00   149  560599.0 7626795.2    91.0   -28.00    83.95     0.94   211.70     0.00
 2013  2 13  9.00   149  560599.0 7626795.2    91.0   -26.84    85.35     0.32    98.55     0.00
 2013  2 13 10.00   149  560599.0 7626795.2    91.0   -27.20    85.00     0.38    64.37     0.00
 2013  2 13 11.00   149  560599.0 7626795.2    91.0   -28.14    84.05     0.45    86.20     0.00
 2013  2 13 12.00   149  560599.0 7626795.2    91.0   -27.52    83.50     0.57    91.80     0.00
 2013  2 13 13.00   149  560599.0 7626795.2    91.0   -24.55    85.30     0.31    28.34     0.00
 2013  2 13 14.00   149  560599.0 7626795.2    91.0   -21.16    89.40     0.15    65.67     0.00
 2013  2 13 15.00   149  560599.0 7626795.2    91.0   -19.88    92.20     0.07    65.56     0.00
 2013  2 13 16.00   149  560599.0 7626795.2    91.0   -20.23    92.80     0.17    32.76     0.00
 2013  2 13 17.00   149  560599.0 7626795.2    91.0   -24.87    89.20     0.27    65.39     0.00
 2013  2 13 18.00   149  560599.0 7626795.2    91.0   -29.10    83.90     0.62    65.35     0.00
 2013  2 13 19.00   149  560599.0 7626795.2    91.0   -31.34    80.60     0.79    65.35     0.00
 2013  2 13 20.00   149  560599.0 7626795.2    91.0   -31.57    80.05     1.21    65.33     0.00
 2013  2 13 21.00   149  560599.0 7626795.2    91.0   -31.30    80.15     0.83    65.31     0.00
 2013  2 13 22.00   149  560599.0 7626795.2    91.0   -31.18    80.45     1.28    65.31     0.00
 2013  2 13 23.00   149  560599.0 7626795.2    91.0   -31.03    80.30     0.04    65.32     0.00
 2013  2 14  0.00   149  560599.0 7626795.2    91.0   -30.98    80.80     0.61    65.32     0.00
 2013  2 14  1.00   149  560599.0 7626795.2    91.0   -30.55    80.30     0.30    65.33     0.00
 2013  2 14  2.00   149  560599.0 7626795.2    91.0   -29.04    82.90     0.04    65.35     0.00
 2013  2 14  3.00   149  560599.0 7626795.2    91.0   -29.92    82.00     0.10    65.34     0.00
 2013  2 14  4.00   149  560599.0 7626795.2    91.0   -30.27    81.55     0.24    65.32     0.00
 2013  2 14  5.00   149  560599.0 7626795.2    91.0   -30.63    80.95     0.00     0.00     0.00
 2013  2 14  6.00   149  560599.0 7626795.2    91.0   -30.63    80.90     0.00     0.00     0.00
 2013  2 14  7.00   149  560599.0 7626795.2    91.0   -31.11    80.55     0.58    65.31     0.00
 2013  2 14  8.00   149  560599.0 7626795.2    91.0   -31.38    80.00     0.51    65.32     0.00
 2013  2 14  9.00   149  560599.0 7626795.2    91.0   -31.41    80.05     0.44    65.31     0.00
 2013  2 14 10.00   149  560599.0 7626795.2    91.0   -30.38    80.45     0.07    32.67     0.00
 2013  2 14 11.00   149  560599.0 7626795.2    91.0   -28.57    82.55     0.06    32.70     0.00
 2013  2 14 12.00   149  560599.0 7626795.2    91.0   -27.51    83.95     0.32    65.44     0.00
 2013  2 14 13.00   149  560599.0 7626795.2    91.0   -27.64    83.95     0.05    32.70     0.00
 2013  2 14 14.00   149  560599.0 7626795.2    91.0   -27.62    84.10     0.11    32.70     0.00
 2013  2 14 15.00   149  560599.0 7626795.2    91.0   -27.60    84.30     0.70    65.35     0.00
 2013  2 14 16.00   149  560599.0 7626795.2    91.0   -28.26    83.55     0.32    32.67     0.00
 2013  2 14 17.00   149  560599.0 7626795.2    91.0   -28.72    83.40     0.17    65.32     0.00
 2013  2 14 18.00   149  560599.0 7626795.2    91.0   -29.80    82.35     0.06    32.66     0.00
 2013  2 14 19.00   149  560599.0 7626795.2    91.0   -30.79    80.95     0.03    65.32     0.00
 2013  2 14 20.00   149  560599.0 7626795.2    91.0   -31.27    80.20     0.73    65.31     0.00
 2013  2 14 21.00   149  560599.0 7626795.2    91.0   -30.89    80.30     0.14    65.30     0.00
 2013  2 14 22.00   149  560599.0 7626795.2    91.0   -29.92    81.60     0.74    65.30     0.00
 2013  2 14 23.00   149  560599.0 7626795.2    91.0   -29.41    82.05     0.59    65.30     0.00
 2013  2 15  0.00   149  560599.0 7626795.2    91.0   -28.55    83.25     0.38    65.29     0.00
 2013  2 15  1.00   149  560599.0 7626795.2    91.0   -28.60    83.35     0.17    65.28     0.00
 2013  2 15  2.00   149  560599.0 7626795.2    91.0   -28.50    83.25     0.26    65.28     0.00
 2013  2 15  3.00   149  560599.0 7626795.2    91.0   -28.14    83.75     0.08    65.26     0.00
 2013  2 15  4.00   149  560599.0 7626795.2    91.0   -27.86    83.90     0.17    65.25     0.00
 2013  2 15  5.00   149  560599.0 7626795.2    91.0   -26.87    85.25     0.45    65.12     0.00
 2013  2 15  6.00   149  560599.0 7626795.2    91.0   -26.64    85.65     0.20    64.97     0.00
 2013  2 15  7.00   149  560599.0 7626795.2    91.0   -27.12    85.05     2.78    16.80     0.00
 2013  2 15  8.00   149  560599.0 7626795.2    91.0   -27.01    85.15     3.03    12.53     0.00
 2013  2 15  9.00   149  560599.0 7626795.2    91.0   -27.33    84.75     1.65     5.53     0.00
 2013  2 15 10.00   149  560599.0 7626795.2    91.0   -27.27    84.90     1.31   341.60     0.00
 2013  2 15 11.00   149  560599.0 7626795.2    91.0   -27.23    84.70     1.10   303.15     0.00
 2013  2 15 12.00   149  560599.0 7626795.2    91.0   -26.41    85.20     2.08   324.95     0.00
 2013  2 15 13.00   149  560599.0 7626795.2    91.0   -24.82    86.80     1.87   332.65     0.00
 2013  2 15 14.00   149  560599.0 7626795.2    91.0   -24.19    88.00     2.00   343.90     0.00
 2013  2 15 15.00   149  560599.0 7626795.2    91.0   -23.64    88.25     1.98    17.16     0.00
 2013  2 15 16.00   149  560599.0 7626795.2    91.0   -23.22    89.05     2.49    16.52     0.00
 2013  2 15 17.00   149  560599.0 7626795.2    91.0   -23.57    88.85     2.67   180.71     0.00
 2013  2 15 18.00   149  560599.0 7626795.2    91.0   -24.48    88.00     2.42   342.95     0.00
 2013  2 15 19.00   149  560599.0 7626795.2    91.0   -25.49    87.15     2.19   345.30     0.00
 2013  2 15 20.00   149  560599.0 7626795.2    91.0   -26.70    85.55     1.91   181.75     0.00
 2013  2 15 21.00   149  560599.0 7626795.2    91.0   -26.77    85.50     2.15    16.89     0.00
 2013  2 15 22.00   149  560599.0 7626795.2    91.0   -27.09    85.10     1.95    17.20     0.00
 2013  2 15 23.00   149  560599.0 7626795.2    91.0   -27.38    84.75     1.83    11.59     0.00
 2013  2 16  0.00   149  560599.0 7626795.2    91.0   -27.47    84.65     2.44   346.25     0.00
 2013  2 16  1.00   149  560599.0 7626795.2    91.0   -27.68    84.40     2.79   328.20     0.00
 2013  2 16  2.00   149  560599.0 7626795.2    91.0   -27.56    84.50     4.12   334.15     0.00
 2013  2 16  3.00   149  560599.0 7626795.2    91.0   -27.41    84.65     4.96   351.10     0.28
 2013  2 16  4.00   149  560599.0 7626795.2    91.0   -27.59    84.45     4.88   343.10     0.00
 2013  2 16  5.00   149  560599.0 7626795.2    91.0   -28.40    83.50     4.74   345.00     0.00
 2013  2 16  6.00   149  560599.0 7626795.2    91.0   -28.70    83.15     4.89   350.45     0.00
 2013  2 16  7.00   149  560599.0 7626795.2    91.0   -29.06    82.70     3.73   342.60     0.00
 2013  2 16  8.00   149  560599.0 7626795.2    91.0   -29.15    82.70     3.54   356.65     0.00
 2013  2 16  9.00   149  560599.0 7626795.2    91.0   -29.81    81.95     2.08   343.00     0.00
 2013  2 16 10.00   149  560599.0 7626795.2    91.0   -29.95    81.65     2.43   336.25     0.00
 2013  2 16 11.00   149  560599.0 7626795.2    91.0   -29.98    81.60     2.80   342.90     0.00
 2013  2 16 12.00   149  560599.0 7626795.2    91.0   -29.80    80.15     2.57   339.30     0.00
 2013  2 16 13.00   149  560599.0 7626795.2    91.0   -29.18    80.65     2.67   331.40     0.00
 2013  2 16 14.00   149  560599.0 7626795.2    91.0   -28.42    81.10     2.42   316.75     0.00
 2013  2 16 15.00   149  560599.0 7626795.2    91.0   -27.30    82.95     1.77   310.20     0.00
 2013  2 16 16.00   149  560599.0 7626795.2    91.0   -26.16    84.50     1.81   328.80     0.00
 2013  2 16 17.00   149  560599.0 7626795.2    91.0   -27.75    84.70     1.64   346.35     0.00
 2013  2 16 18.00   149  560599.0 7626795.2    91.0   -29.84    82.05     1.48   353.80     0.00
 2013  2 16 19.00   149  560599.0 7626795.2    91.0   -29.95    81.50     1.03   179.99     0.00
 2013  2 16 20.00   149  560599.0 7626795.2    91.0   -29.39    82.25     1.52    22.44     0.00
 2013  2 16 21.00   149  560599.0 7626795.2    91.0   -29.13    82.55     1.31    14.29     0.00
 2013  2 16 22.00   149  560599.0 7626795.2    91.0   -28.93    82.75     1.02    16.09     0.14
 2013  2 16 23.00   149  560599.0 7626795.2    91.0   -28.82    82.95     1.24    30.27     0.00
 2013  2 17  0.00   149  560599.0 7626795.2    91.0   -29.27    82.60     1.47    27.14     0.00
 2013  2 17  1.00   149  560599.0 7626795.2    91.0   -29.60    82.05     1.71    35.80     0.00
 2013  2 17  2.00   149  560599.0 7626795.2    91.0   -29.30    82.35     0.98    23.02     0.33
 2013  2 17  3.00   149  560599.0 7626795.2    91.0   -29.24    82.40     1.17    12.24     0.00
 2013  2 17  4.00   149  560599.0 7626795.2    91.0   -29.38    82.40     1.43    23.07     0.00
 2013  2 17  5.00   149  560599.0 7626795.2    91.0   -29.98    81.75     1.14    15.04     0.00
 2013  2 17  6.00   149  560599.0 7626795.2    91.0   -29.88    81.60     1.25    17.80     0.00
 2013  2 17  7.00   149  560599.0 7626795.2    91.0   -29.59    82.05     1.59    29.48     0.00
 2013  2 17  8.00   149  560599.0 7626795.2    91.0   -29.41    82.15     1.10   175.35     0.00
 2013  2 17  9.00   149  560599.0 7626795.2    91.0   -29.22    82.45     1.51   338.35     0.00
 2013  2 17 10.00   149  560599.0 7626795.2    91.0   -29.13    82.50     1.95    14.65     0.00
 2013  2 17 11.00   149  560599.0 7626795.2    91.0   -28.96    82.60     1.90    23.67     0.00
 2013  2 17 12.00   149  560599.0 7626795.2    91.0   -28.54    83.10     1.82    14.42     0.00
 2013  2 17 13.00   149  560599.0 7626795.2    91.0   -28.04    83.55     1.68   354.95     0.00
 2013  2 17 14.00   149  560599.0 7626795.2    91.0   -27.75    83.85     2.37   337.05     0.00
 2013  2 17 15.00   149  560599.0 7626795.2    91.0   -27.82    83.70     3.12   344.85     0.00
 2013  2 17 16.00   149  560599.0 7626795.2    91.0   -28.09    83.55     2.87   344.35     0.00
 2013  2 17 17.00   149  560599.0 7626795.2    91.0   -28.22    83.45     3.17   343.95     0.00
 2013  2 17 18.00   149  560599.0 7626795.2    91.0   -28.31    83.40     3.41   342.05     0.00
 2013  2 17 19.00   149  560599.0 7626795.2    91.0   -28.29    83.45     3.40   339.05     0.00
 2013  2 17 20.00   149  560599.0 7626795.2    91.0   -28.26    83.60     3.74   340.75     0.00
 2013  2 17 21.00   149  560599.0 7626795.2    91.0   -28.04    83.80     4.36   342.90     0.00
 2013  2 17 22.00   149  560599.0 7626795.2    91.0   -28.19    83.70     4.60   345.45     0.00
 2013  2 17 23.00   149  560599.0 7626795.2    91.0   -28.14    83.75     4.92   340.95     0.00
 2013  2 18  0.00   149  560599.0 7626795.2    91.0   -27.80    84.15     6.29   341.95     0.00
 2013  2 18  1.00   149  560599.0 7626795.2    91.0   -27.67    84.25     6.26   341.45     0.00
 2013  2 18  2.00   149  560599.0 7626795.2    91.0   -27.64    84.30     6.07   344.65     0.00
 2013  2 18  3.00   149  560599.0 7626795.2    91.0   -27.74    84.20     6.24   341.70     0.00
 2013  2 18  4.00   149  560599.0 7626795.2    91.0   -27.71    84.15     6.18   342.60     0.00
 2013  2 18  5.00   149  560599.0 7626795.2    91.0   -27.62    84.30     6.16   344.25     0.00
 2013  2 18  6.00   149  560599.0 7626795.2    91.0   -27.30    84.70     6.17   339.90     0.00
 2013  2 18  7.00   149  560599.0 7626795.2    91.0   -27.16    84.90     5.95   333.70     0.00
 2013  2 18  8.00   149  560599.0 7626795.2    91.0   -27.03    85.05     6.03   329.75     0.00
 2013  2 18  9.00   149  560599.0 7626795.2    91.0   -27.07    85.00     6.10   340.15     0.00
 2013  2 18 10.00   149  560599.0 7626795.2    91.0   -27.88    83.95     4.61   352.45     0.00
 2013  2 18 11.00   149  560599.0 7626795.2    91.0   -27.80    84.05     4.49   347.35     0.00
 2013  2 18 12.00   149  560599.0 7626795.2    91.0   -27.74    84.00     4.46   347.75     0.00
 2013  2 18 13.00   149  560599.0 7626795.2    91.0   -27.59    84.15     5.69   343.20     0.00
 2013  2 18 14.00   149  560599.0 7626795.2    91.0   -27.19    84.35     5.04   337.25     0.00
 2013  2 18 15.00   149  560599.0 7626795.2    91.0   -26.89    84.40     5.09   330.20     0.00
 2013  2 18 16.00   149  560599.0 7626795.2    91.0   -27.73    83.80     4.60   342.30     0.00
 2013  2 18 17.00   149  560599.0 7626795.2    91.0   -28.62    83.05     3.52   340.05     0.00
 2013  2 18 18.00   149  560599.0 7626795.2    91.0   -29.04    82.65     3.17   335.90     0.00
 2013  2 18 19.00   149  560599.0 7626795.2    91.0   -29.02    82.70     4.02   325.00     0.34
 2013  2 18 20.00   149  560599.0 7626795.2    91.0   -29.22    82.50     4.02   320.25     0.00
 2013  2 18 21.00   149  560599.0 7626795.2    91.0   -29.63    82.00     4.28   318.20     0.00
 2013  2 18 22.00   149  560599.0 7626795.2    91.0   -29.59    82.10     4.27   321.90     0.00
 2013  2 18 23.00   149  560599.0 7626795.2    91.0   -30.12    81.50     4.05   313.65     0.00
 2013  2 19  0.00   149  560599.0 7626795.2    91.0   -31.19    80.20     4.22   313.00     0.00
 2013  2 19  1.00   149  560599.0 7626795.2    91.0   -32.22    79.00     4.33   311.40     0.00
 2013  2 19  2.00   149  560599.0 7626795.2    91.0   -32.48    78.70     3.94   315.20     0.00
 2013  2 19  3.00   149  560599.0 7626795.2    91.0   -33.22    77.75     3.54   324.85     0.00
 2013  2 19  4.00   149  560599.0 7626795.2    91.0   -33.64    77.30     3.56   319.10     0.00
 2013  2 19  5.00   149  560599.0 7626795.2    91.0   -33.89    76.95     3.59   321.40     0.00
 2013  2 19  6.00   149  560599.0 7626795.2    91.0   -33.73    77.05     3.63   315.00     0.00
 2013  2 19  7.00   149  560599.0 7626795.2    91.0   -33.50    77.25     3.64   317.10     0.00
 2013  2 19  8.00   149  560599.0 7626795.2    91.0   -32.18    78.75     3.42   320.70     0.00
 2013  2 19  9.00   149  560599.0 7626795.2    91.0   -31.21    79.95     3.19   316.95     0.00
 2013  2 19 10.00   149  560599.0 7626795.2    91.0   -30.78    80.50     2.90   333.60     0.00
 2013  2 19 11.00   149  560599.0 7626795.2    91.0   -30.95    80.25     3.00   326.15     0.00
 2013  2 19 12.00   149  560599.0 7626795.2    91.0   -30.68    80.25     2.58   308.80     0.00
 2013  2 19 13.00   149  560599.0 7626795.2    91.0   -29.86    80.95     2.62   322.75     0.00
 2013  2 19 14.00   149  560599.0 7626795.2    91.0   -29.05    81.45     3.05   324.25     0.00
 2013  2 19 15.00   149  560599.0 7626795.2    91.0   -28.71    81.95     3.15   325.05     0.00
 2013  2 19 16.00   149  560599.0 7626795.2    91.0   -28.55    82.60     2.96   331.90     0.00
 2013  2 19 17.00   149  560599.0 7626795.2    91.0   -29.49    82.20     2.75   325.75     0.00
 2013  2 19 18.00   149  560599.0 7626795.2    91.0   -30.66    80.80     3.32   322.35     0.00
 2013  2 19 19.00   149  560599.0 7626795.2    91.0   -30.60    80.75     3.12   329.55     0.00
 2013  2 19 20.00   149  560599.0 7626795.2    91.0   -30.54    80.90     3.12   333.10     0.00
 2013  2 19 21.00   149  560599.0 7626795.2    91.0   -30.01    81.45     3.21   334.35     0.00
 2013  2 19 22.00   149  560599.0 7626795.2    91.0   -28.52    83.20     4.21   346.65     0.00
 2013  2 19 23.00   149  560599.0 7626795.2    91.0   -28.49    83.20     3.71   345.80     0.00
 2013  2 20  0.00   149  560599.0 7626795.2    91.0   -29.39    82.40     2.83   346.30     0.00
 2013  2 20  1.00   149  560599.0 7626795.2    91.0   -30.42    81.10     3.03   180.72     0.00
 2013  2 20  2.00   149  560599.0 7626795.2    91.0   -30.45    80.95     2.62   170.81     0.00
 2013  2 20  3.00   149  560599.0 7626795.2    91.0   -30.54    80.85     3.07   174.87     0.00
 2013  2 20  4.00   149  560599.0 7626795.2    91.0   -29.94    81.55     3.21     6.37     0.00
 2013  2 20  5.00   149  560599.0 7626795.2    91.0   -30.37    81.15     2.69   350.10     0.00
 2013  2 20  6.00   149  560599.0 7626795.2    91.0   -30.37    81.10     3.05   351.30     0.00
 2013  2 20  7.00   149  560599.0 7626795.2    91.0   -29.66    81.85     3.75     5.74     0.00
 2013  2 20  8.00   149  560599.0 7626795.2    91.0   -29.59    81.95     4.07    16.63     0.25
 2013  2 20  9.00   149  560599.0 7626795.2    91.0   -29.54    82.05     4.01    19.71     0.00
 2013  2 20 10.00   149  560599.0 7626795.2    91.0   -29.57    81.95     3.41    20.84     0.00
 2013  2 20 11.00   149  560599.0 7626795.2    91.0   -30.09    81.25     2.92    12.73     0.00
 2013  2 20 12.00   149  560599.0 7626795.2    91.0   -30.44    80.45     3.48    14.91     0.00
 2013  2 20 13.00   149  560599.0 7626795.2    91.0   -30.03    80.50     3.10    12.93     0.00
 2013  2 20 14.00   149  560599.0 7626795.2    91.0   -29.94    80.05     3.58    18.66     0.00
 2013  2 20 15.00   149  560599.0 7626795.2    91.0   -29.72    80.40     2.79    10.09     0.00
 2013  2 20 16.00   149  560599.0 7626795.2    91.0   -29.62    80.40     2.45     2.13     0.00
 2013  2 20 17.00   149  560599.0 7626795.2    91.0   -31.03    79.30     3.12   181.45     0.00
 2013  2 20 18.00   149  560599.0 7626795.2    91.0   -32.47    78.60     3.43   174.68     0.00
 2013  2 20 19.00   149  560599.0 7626795.2    91.0   -34.12    76.75     3.00   350.75     0.15
 2013  2 20 20.00   149  560599.0 7626795.2    91.0   -34.45    76.25     2.71     3.29     0.00
 2013  2 20 21.00   149  560599.0 7626795.2    91.0   -34.42    76.25     2.44   350.10     0.00
 2013  2 20 22.00   149  560599.0 7626795.2    91.0   -34.51    76.05     3.05   185.40     0.00
 2013  2 20 23.00   149  560599.0 7626795.2    91.0   -33.78    76.85     2.48    11.81     0.00
 2013  2 21  0.00   149  560599.0 7626795.2    91.0   -34.22    76.40     3.13   332.80     0.00
 2013  2 21  1.00   149  560599.0 7626795.2    91.0   -33.62    77.10     3.06   177.74     0.00
 2013  2 21  2.00   149  560599.0 7626795.2    91.0   -32.48    78.50     2.70     7.86     0.00
 2013  2 21  3.00   149  560599.0 7626795.2    91.0   -33.00    77.85     3.02     7.12     0.00
 2013  2 21  4.00   149  560599.0 7626795.2    91.0   -33.33    77.50     3.16    15.60     0.00
 2013  2 21  5.00   149  560599.0 7626795.2    91.0   -33.45    77.40     2.65     7.91     0.00
 2013  2 21  6.00   149  560599.0 7626795.2    91.0   -33.40    77.35     4.34    16.93     0.00
 2013  2 21  7.00   149  560599.0 7626795.2    91.0   -33.08    77.80     4.59    20.86     0.00
 2013  2 21  8.00   149  560599.0 7626795.2    91.0   -32.34    78.60     5.03    35.73     0.00
 2013  2 21  9.00   149  560599.0 7626795.2    91.0   -32.05    79.00     5.30    44.32     0.00
 2013  2 21 10.00   149  560599.0 7626795.2    91.0   -31.74    79.35     6.61    53.99     0.00
 2013  2 21 11.00   149  560599.0 7626795.2    91.0   -31.88    79.10     6.01    59.88     0.00
 2013  2 21 12.00   149  560599.0 7626795.2    91.0   -32.19    78.70     5.25    52.14     0.00
 2013  2 21 13.00   149  560599.0 7626795.2    91.0   -32.37    78.35     4.65    52.58     0.00
 2013  2 21 14.00   149  560599.0 7626795.2    91.0   -32.41    78.20     3.67    42.87     0.00
 2013  2 21 15.00   149  560599.0 7626795.2    91.0   -31.66    79.00     4.75    43.27     0.00
 2013  2 21 16.00   149  560599.0 7626795.2    91.0   -31.46    79.40     4.56    43.59     0.00
 2013  2 21 17.00   149  560599.0 7626795.2    91.0   -31.30    79.75     5.08    43.34     0.00
 2013  2 21 18.00   149  560599.0 7626795.2    91.0   -31.32    79.80     4.39    42.54     0.00
 2013  2 21 19.00   149  560599.0 7626795.2    91.0   -31.54    79.60     4.51    36.50     0.00
 2013  2 21 20.00   149  560599.0 7626795.2    91.0   -31.71    79.35     4.46    38.95     0.00
 2013  2 21 21.00   149  560599.0 7626795.2    91.0   -31.77    79.30     4.63    41.95     0.00
 2013  2 21 22.00   149  560599.0 7626795.2    91.0   -31.98    79.10     4.03    42.75     0.00
 2013  2 21 23.00   149  560599.0 7626795.2    91.0   -32.23    78.75     3.28    36.05     0.19
 2013  2 22  0.00   149  560599.0 7626795.2    91.0   -32.23    78.75     3.71    37.01     0.00
 2013  2 22  1.00   149  560599.0 7626795.2    91.0   -31.91    79.15     3.83    38.38     0.00
 2013  2 22  2.00   149  560599.0 7626795.2    91.0   -31.73    79.35     3.99    34.71     0.00
 2013  2 22  3.00   149  560599.0 7626795.2    91.0   -31.78    79.30     4.32    40.45     0.00
 2013  2 22  4.00   149  560599.0 7626795.2    91.0   -31.61    79.45     4.12    39.99     0.00
 2013  2 22  5.00   149  560599.0 7626795.2    91.0   -31.52    79.55     3.67    31.48     0.00
 2013  2 22  6.00   149  560599.0 7626795.2    91.0   -31.62    79.40     4.31    26.84     0.00
 2013  2 22  7.00   149  560599.0 7626795.2    91.0   -32.09    78.90     4.13    21.76     0.00
 2013  2 22  8.00   149  560599.0 7626795.2    91.0   -32.78    78.10     3.58    13.54     0.00
 2013  2 22  9.00   149  560599.0 7626795.2    91.0   -33.82    76.90     4.08    11.12     0.00
 2013  2 22 10.00   149  560599.0 7626795.2    91.0   -34.73    75.85     3.94    11.90     0.00
 2013  2 22 11.00   149  560599.0 7626795.2    91.0   -34.76    74.75     3.79   179.43     0.00
 2013  2 22 12.00   149  560599.0 7626795.2    91.0   -34.81    73.85     3.80   353.15     0.00
 2013  2 22 13.00   149  560599.0 7626795.2    91.0   -34.27    74.30     3.54   345.10     0.00
 2013  2 22 14.00   149  560599.0 7626795.2    91.0   -33.83    74.80     3.46   341.90     0.00
 2013  2 22 15.00   149  560599.0 7626795.2    91.0   -33.70    75.35     3.50   339.85     0.00
 2013  2 22 16.00   149  560599.0 7626795.2    91.0   -33.79    75.55     3.77   338.20     0.00
 2013  2 22 17.00   149  560599.0 7626795.2    91.0   -34.15    75.65     3.83   330.05     0.00
 2013  2 22 18.00   149  560599.0 7626795.2    91.0   -35.24    75.05     3.71   327.50     0.00
 2013  2 22 19.00   149  560599.0 7626795.2    91.0   -36.42    73.70     3.71   334.60     0.00
 2013  2 22 20.00   149  560599.0 7626795.2    91.0   -36.91    73.10     3.92   330.75     0.00
 2013  2 22 21.00   149  560599.0 7626795.2    91.0   -37.11    72.85     3.74   334.70     0.00
 2013  2 22 22.00   149  560599.0 7626795.2    91.0   -37.30    72.60     3.56   334.75     0.00
 2013  2 22 23.00   149  560599.0 7626795.2    91.0   -37.62    72.15     3.29   328.80     0.00
 2013  2 23  0.00   149  560599.0 7626795.2    91.0   -38.11    71.60     3.54   327.10     0.00
 2013  2 23  1.00   149  560599.0 7626795.2    91.0   -37.96    71.65     2.84   322.10     0.00
 2013  2 23  2.00   149  560599.0 7626795.2    91.0   -37.60    72.05     2.69   313.00     0.00
 2013  2 23  3.00   149  560599.0 7626795.2    91.0   -37.44    72.25     2.49   348.60     0.00
 2013  2 23  4.00   149  560599.0 7626795.2    91.0   -37.53    72.20     1.68   284.15     0.00
 2013  2 23  5.00   149  560599.0 7626795.2    91.0   -37.52    72.05     1.44   291.15     0.00
 2013  2 23  6.00   149  560599.0 7626795.2    91.0   -36.20    73.45     1.80   335.25     0.00
 2013  2 23  7.00   149  560599.0 7626795.2    91.0   -35.12    75.00     1.83   348.00     0.00
 2013  2 23  8.00   149  560599.0 7626795.2    91.0   -34.88    75.30     1.62    16.77     0.00
 2013  2 23  9.00   149  560599.0 7626795.2    91.0   -34.50    75.80     1.97    42.82     0.00
 2013  2 23 10.00   149  560599.0 7626795.2    91.0   -34.22    76.10     2.00    49.54     0.00
 2013  2 23 11.00   149  560599.0 7626795.2    91.0   -33.73    76.50     1.58    45.44     0.00
 2013  2 23 12.00   149  560599.0 7626795.2    91.0   -32.75    77.45     1.18    60.95     0.00
 2013  2 23 13.00   149  560599.0 7626795.2    91.0   -32.00    78.40     0.70    80.55     0.00
 2013  2 23 14.00   149  560599.0 7626795.2    91.0   -31.20    79.55     1.41    66.16     0.00
 2013  2 23 15.00   149  560599.0 7626795.2    91.0   -31.98    78.75     1.78    82.50     0.00
 2013  2 23 16.00   149  560599.0 7626795.2    91.0   -32.24    78.40     2.17    84.40     0.00
 2013  2 23 17.00   149  560599.0 7626795.2    91.0   -32.25    78.40     2.77    92.05     0.00
 2013  2 23 18.00   149  560599.0 7626795.2    91.0   -31.95    78.85     2.65    86.00     0.00
 2013  2 23 19.00   149  560599.0 7626795.2    91.0   -31.64    79.25     2.52    74.70     0.00
 2013  2 23 20.00   149  560599.0 7626795.2    91.0   -31.34    79.65     2.13    79.05     0.00
 2013  2 23 21.00   149  560599.0 7626795.2    91.0   -30.91    80.00     2.10    74.70     0.00
 2013  2 23 22.00   149  560599.0 7626795.2    91.0   -30.24    80.90     2.55    71.22     0.00
 2013  2 23 23.00   149  560599.0 7626795.2    91.0   -29.66    81.60     2.59    74.40     0.00
 2013  2 24  0.00   149  560599.0 7626795.2    91.0   -29.20    82.20     2.66    73.75     0.00
 2013  2 24  1.00   149  560599.0 7626795.2    91.0   -28.77    82.65     2.67    72.95     0.00
 2013  2 24  2.00   149  560599.0 7626795.2    91.0   -28.35    83.20     1.91    89.65     0.00
 2013  2 24  3.00   149  560599.0 7626795.2    91.0   -27.99    83.65     2.36    88.15     0.00
 2013  2 24  4.00   149  560599.0 7626795.2    91.0   -27.67    84.05     2.86    79.40     0.00
 2013  2 24  5.00   149  560599.0 7626795.2    91.0   -27.46    84.30     3.13    68.85     0.00
 2013  2 24  6.00   149  560599.0 7626795.2    91.0   -27.42    84.40     3.19    74.53     0.00
 2013  2 24  7.00   149  560599.0 7626795.2    91.0   -27.35    84.55     2.79    80.90     0.00
 2013  2 24  8.00   149  560599.0 7626795.2    91.0   -27.22    84.65     2.53    81.90     0.00
 2013  2 24  9.00   149  560599.0 7626795.2    91.0   -27.09    84.80     2.22    77.35     0.00
 2013  2 24 10.00   149  560599.0 7626795.2    91.0   -26.90    84.95     2.34    75.08     0.00
 2013  2 24 11.00   149  560599.0 7626795.2    91.0   -26.61    85.15     2.32    65.85     0.00
 2013  2 24 12.00   149  560599.0 7626795.2    91.0   -26.14    85.50     2.16    66.08     0.00
 2013  2 24 13.00   149  560599.0 7626795.2    91.0   -25.59    86.05     2.37    63.92     0.00
 2013  2 24 14.00   149  560599.0 7626795.2    91.0   -25.08    86.55     2.00    48.02     0.00
 2013  2 24 15.00   149  560599.0 7626795.2    91.0   -24.89    86.80     1.52    34.42     0.00
 2013  2 24 16.00   149  560599.0 7626795.2    91.0   -24.48    87.45     1.25    24.43     0.00
 2013  2 24 17.00   149  560599.0 7626795.2    91.0   -24.53    87.50     1.68    30.36     0.00
 2013  2 24 18.00   149  560599.0 7626795.2    91.0   -24.65    87.55     1.42    45.64     0.00
 2013  2 24 19.00   149  560599.0 7626795.2    91.0   -24.94    87.40     1.81    29.75     0.00
 2013  2 24 20.00   149  560599.0 7626795.2    91.0   -25.77    86.70     2.51    27.40     0.00
 2013  2 24 21.00   149  560599.0 7626795.2    91.0   -27.23    85.00     2.11    11.43     0.00
 2013  2 24 22.00   149  560599.0 7626795.2    91.0   -28.17    83.95     2.06   338.85     0.00
 2013  2 24 23.00   149  560599.0 7626795.2    91.0   -28.47    83.40     2.37   340.10     0.00
 2013  2 25  0.00   149  560599.0 7626795.2    91.0   -28.75    83.30     1.31   309.90     0.00
 2013  2 25  1.00   149  560599.0 7626795.2    91.0   -29.65    82.10     2.02   300.35     0.00
 2013  2 25  2.00   149  560599.0 7626795.2    91.0   -30.00    81.55     2.60   313.85     0.00
 2013  2 25  3.00   149  560599.0 7626795.2    91.0   -29.58    81.90     2.06   297.00     0.00
 2013  2 25  4.00   149  560599.0 7626795.2    91.0   -29.21    82.55     1.65   284.40     0.00
 2013  2 25  5.00   149  560599.0 7626795.2    91.0   -29.37    82.10     1.29   280.10     0.00
 2013  2 25  6.00   149  560599.0 7626795.2    91.0   -28.77    82.80     0.84   286.15     0.00
 2013  2 25  7.00   149  560599.0 7626795.2    91.0   -28.05    83.55     0.51   280.05     0.00
 2013  2 25  8.00   149  560599.0 7626795.2    91.0   -27.59    84.25     0.09    74.15     0.00
 2013  2 25  9.00   149  560599.0 7626795.2    91.0   -27.54    84.30     0.00     0.00     0.00
 2013  2 25 10.00   149  560599.0 7626795.2    91.0   -27.31    84.40     0.09    67.22     0.00
 2013  2 25 11.00   149  560599.0 7626795.2    91.0   -26.68    85.00     0.13    36.20     0.00
 2013  2 25 12.00   149  560599.0 7626795.2    91.0   -26.23    85.40     0.38    89.19     0.00
 2013  2 25 13.00   149  560599.0 7626795.2    91.0   -25.12    85.70     0.00     0.00     0.00
 2013  2 25 14.00   149  560599.0 7626795.2    91.0   -23.39    88.25     0.13    35.70     0.00
 2013  2 25 15.00   149  560599.0 7626795.2    91.0   -23.98    88.10     0.45    71.12     0.00
 2013  2 25 16.00   149  560599.0 7626795.2    91.0   -23.61    88.55     0.69    44.21     0.00
 2013  2 25 17.00   149  560599.0 7626795.2    91.0   -23.80    87.95     0.04    11.43     0.00
 2013  2 25 18.00   149  560599.0 7626795.2    91.0   -23.44    89.70     0.02    11.45     0.00
 2013  2 25 19.00   149  560599.0 7626795.2    91.0   -26.23    86.90     0.48    62.09     0.00
 2013  2 25 20.00   149  560599.0 7626795.2    91.0   -28.43    83.90     0.03    66.46     0.00
 2013  2 25 21.00   149  560599.0 7626795.2    91.0   -29.37    82.50     1.05    40.75     0.00
 2013  2 25 22.00   149  560599.0 7626795.2    91.0   -30.51    81.50     0.79   302.10     0.00
 2013  2 25 23.00   149  560599.0 7626795.2    91.0   -31.83    79.60     1.27   283.00     0.00
 2013  2 26  0.00   149  560599.0 7626795.2    91.0   -32.24    79.00     1.63   285.00     0.00
 2013  2 26  1.00   149  560599.0 7626795.2    91.0   -31.42    79.50     0.41   177.51     0.00
 2013  2 26  2.00   149  560599.0 7626795.2    91.0   -31.00    80.35     0.09    13.70     0.00
 2013  2 26  3.00   149  560599.0 7626795.2    91.0   -31.68    79.70     1.11   319.60     0.00
 2013  2 26  4.00   149  560599.0 7626795.2    91.0   -32.00    79.20     1.82   282.85     0.00
 2013  2 26  5.00   149  560599.0 7626795.2    91.0   -32.09    79.10     1.73   277.00     0.00
 2013  2 26  6.00   149  560599.0 7626795.2    91.0   -31.94    79.20     1.21   288.75     0.00
 2013  2 26  7.00   149  560599.0 7626795.2    91.0   -31.86    79.35     1.27   278.65     0.00
 2013  2 26  8.00   149  560599.0 7626795.2    91.0   -31.65    79.30     1.13   287.15     0.00
 2013  2 26  9.00   149  560599.0 7626795.2    91.0   -30.51    80.80     0.30   321.45     0.00
 2013  2 26 10.00   149  560599.0 7626795.2    91.0   -30.66    80.50     0.55   147.22     0.00
 2013  2 26 11.00   149  560599.0 7626795.2    91.0   -29.02    81.55     0.53    27.01     0.00
 2013  2 26 12.00   149  560599.0 7626795.2    91.0   -26.27    85.00     1.05    59.08     0.00
 2013  2 26 13.00   149  560599.0 7626795.2    91.0   -25.81    85.30     1.04    36.09     0.00
 2013  2 26 14.00   149  560599.0 7626795.2    91.0   -22.52    86.45     0.65    32.89     0.00
 2013  2 26 15.00   149  560599.0 7626795.2    91.0   -23.49    86.75     1.14   179.74     0.00
 2013  2 26 16.00   149  560599.0 7626795.2    91.0   -22.86    87.65     0.53   317.35     0.00
 2013  2 26 17.00   149  560599.0 7626795.2    91.0   -23.32    88.65     0.17   330.70     0.00
 2013  2 26 18.00   149  560599.0 7626795.2    91.0   -25.95    87.40     0.27   330.60     0.00
 2013  2 26 19.00   149  560599.0 7626795.2    91.0   -29.77    82.90     0.45   330.60     0.00
 2013  2 26 20.00   149  560599.0 7626795.2    91.0   -32.19    79.60     0.68   330.50     0.00
 2013  2 26 21.00   149  560599.0 7626795.2    91.0   -33.25    77.80     0.41   330.50     0.00
 2013  2 26 22.00   149  560599.0 7626795.2    91.0   -33.02    78.15     0.01   165.30     0.00
 2013  2 26 23.00   149  560599.0 7626795.2    91.0   -33.11    77.35     0.00     0.00     0.00
 2013  2 27  0.00   149  560599.0 7626795.2    91.0   -31.34    79.75     0.06   330.60     0.00
 2013  2 27  1.00   149  560599.0 7626795.2    91.0   -32.02    79.60     0.00     0.00     0.00
 2013  2 27  2.00   149  560599.0 7626795.2    91.0   -32.77    78.30     0.09     7.74     0.00
 2013  2 27  3.00   149  560599.0 7626795.2    91.0   -32.02    79.45     1.16   150.62     0.00
 2013  2 27  4.00   149  560599.0 7626795.2    91.0   -33.39    77.75     0.21   297.30     0.00
 2013  2 27  5.00   149  560599.0 7626795.2    91.0   -33.95    76.90     0.74   295.50     0.00
 2013  2 27  6.00   149  560599.0 7626795.2    91.0   -33.88    76.45     0.22    21.48     0.00
 2013  2 27  7.00   149  560599.0 7626795.2    91.0   -32.48    78.45     0.28    19.01     0.00
 2013  2 27  8.00   149  560599.0 7626795.2    91.0   -32.52    78.35     0.18    50.64     0.00
 2013  2 27  9.00   149  560599.0 7626795.2    91.0   -31.52    79.20     0.57    79.65     0.00
 2013  2 27 10.00   149  560599.0 7626795.2    91.0   -29.85    81.30     1.18    86.40     0.00
 2013  2 27 11.00   149  560599.0 7626795.2    91.0   -28.74    82.55     1.19   115.45     0.00
 2013  2 27 12.00   149  560599.0 7626795.2    91.0   -27.04    84.40     1.84   111.10     0.00
 2013  2 27 13.00   149  560599.0 7626795.2    91.0   -24.98    85.55     2.31    99.75     0.00
 2013  2 27 14.00   149  560599.0 7626795.2    91.0   -24.76    85.65     1.71    77.37     0.00
 2013  2 27 15.00   149  560599.0 7626795.2    91.0   -23.93    87.95     1.66    57.05     0.00
 2013  2 27 16.00   149  560599.0 7626795.2    91.0   -24.22    87.60     2.33    83.20     0.00
 2013  2 27 17.00   149  560599.0 7626795.2    91.0   -23.48    88.70     3.78    92.80     0.00
 2013  2 27 18.00   149  560599.0 7626795.2    91.0   -23.43    88.90     3.59   104.05     0.00
 2013  2 27 19.00   149  560599.0 7626795.2    91.0   -23.49    88.95     1.90   105.10     0.00
 2013  2 27 20.00   149  560599.0 7626795.2    91.0   -23.89    88.70     1.34   103.80     0.00
 2013  2 27 21.00   149  560599.0 7626795.2    91.0   -24.04    88.40     1.54   126.40     0.00
 2013  2 27 22.00   149  560599.0 7626795.2    91.0   -24.33    88.30     0.74   107.15     0.00
 2013  2 27 23.00   149  560599.0 7626795.2    91.0   -24.82    87.55     0.55    33.55     0.00
 2013  2 28  0.00   149  560599.0 7626795.2    91.0   -24.57    87.70     0.44    28.34     0.00
 2013  2 28  1.00   149  560599.0 7626795.2    91.0   -24.23    88.05     0.16    35.27     0.00
 2013  2 28  2.00   149  560599.0 7626795.2    91.0   -23.84    88.50     0.69    41.05     0.00
 2013  2 28  3.00   149  560599.0 7626795.2    91.0   -23.62    88.80     0.49   182.76     0.00
 2013  2 28  4.00   149  560599.0 7626795.2    91.0   -23.38    89.10     1.73   345.70     0.00
 2013  2 28  5.00   149  560599.0 7626795.2    91.0   -23.47    89.05     1.88   344.90     0.00
 2013  2 28  6.00   149  560599.0 7626795.2    91.0   -23.45    88.95     2.46   335.50     0.00
 2013  2 28  7.00   149  560599.0 7626795.2    91.0   -23.54    89.45     2.16   304.70     0.00
 2013  2 28  8.00   149  560599.0 7626795.2    91.0   -26.37    86.45     2.79   293.00     0.00
 2013  2 28  9.00   149  560599.0 7626795.2    91.0   -28.02    84.30     2.65   286.25     0.00
 2013  2 28 10.00   149  560599.0 7626795.2    91.0   -28.37    82.90     2.63   274.75     0.00
 2013  2 28 11.00   149  560599.0 7626795.2    91.0   -26.54    82.40     2.35   266.95     0.00
 2013  2 28 12.00   149  560599.0 7626795.2    91.0   -25.10    83.05     2.67   262.35     0.00
 2013  2 28 13.00   149  560599.0 7626795.2    91.0   -24.74    83.55     3.10   259.30     0.00
 2013  2 28 14.00   149  560599.0 7626795.2    91.0   -23.91    85.85     2.84   266.70     0.00
 2013  2 28 15.00   149  560599.0 7626795.2    91.0   -22.88    87.55     3.52   283.25     0.00
 2013  2 28 16.00   149  560599.0 7626795.2    91.0   -23.36    87.85     3.87   283.30     0.00
 2013  2 28 17.00   149  560599.0 7626795.2    91.0   -24.38    87.45     3.56   262.10     0.00
 2013  2 28 18.00   149  560599.0 7626795.2    91.0   -25.46    86.65     3.55   260.55     0.00
 2013  2 28 19.00   149  560599.0 7626795.2    91.0   -26.30    85.95     3.69   257.85     0.00
 2013  2 28 20.00   149  560599.0 7626795.2    91.0   -26.75    85.55     3.80   260.50     0.00
 2013  2 28 21.00   149  560599.0 7626795.2    91.0   -26.99    85.30     3.58   261.90     0.00
 2013  2 28 22.00   149  560599.0 7626795.2    91.0   -27.13    85.00     2.83   268.85     0.00
 2013  2 28 23.00   149  560599.0 7626795.2    91.0   -26.08    86.05     2.57   260.10     0.00
 2013  3  1  0.00   149  560599.0 7626795.2    91.0   -25.52    86.80     2.50   266.25     0.00
 2013  3  1  1.00   149  560599.0 7626795.2    91.0   -26.34    86.00     2.87   263.60     0.00
 2013  3  1  2.00   149  560599.0 7626795.2    91.0   -27.12    85.25     2.24   262.35     0.00
 2013  3  1  3.00   149  560599.0 7626795.2    91.0   -27.62    84.50     2.04   260.30     0.00
 2013  3  1  4.00   149  560599.0 7626795.2    91.0   -26.16    85.70     2.10   262.05     0.00
 2013  3  1  5.00   149  560599.0 7626795.2    91.0   -24.05    88.25     2.31   259.35     0.00
 2013  3  1  6.00   149  560599.0 7626795.2    91.0   -23.11    89.30     2.08   259.95     0.00
 2013  3  1  7.00   149  560599.0 7626795.2    91.0   -22.58    89.90     2.29   260.30     0.00
 2013  3  1  8.00   149  560599.0 7626795.2    91.0   -22.19    90.35     2.41   268.65     0.00
 2013  3  1  9.00   149  560599.0 7626795.2    91.0   -22.29    90.30     2.83   259.00     0.00
 2013  3  1 10.00   149  560599.0 7626795.2    91.0   -22.21    90.30     2.96   254.45     0.00
 2013  3  1 11.00   149  560599.0 7626795.2    91.0   -22.41    89.80     3.69   263.05     0.00
 2013  3  1 12.00   149  560599.0 7626795.2    91.0   -22.30    89.70     3.02   266.70     0.00
 2013  3  1 13.00   149  560599.0 7626795.2    91.0   -20.51    91.35     2.39   293.70     0.00
 2013  3  1 14.00   149  560599.0 7626795.2    91.0   -19.50    92.15     1.76   280.80     0.00
 2013  3  1 15.00   149  560599.0 7626795.2    91.0   -19.02    93.15     2.42   286.35     0.00
 2013  3  1 16.00   149  560599.0 7626795.2    91.0   -19.54    92.65     3.47   278.15     0.00
 2013  3  1 17.00   149  560599.0 7626795.2    91.0   -20.22    92.25     3.60   278.60     0.00
 2013  3  1 18.00   149  560599.0 7626795.2    91.0   -20.98    91.65     4.44   286.45     0.00
 2013  3  1 19.00   149  560599.0 7626795.2    91.0   -21.20    91.55     4.46   281.80     0.00
 2013  3  1 20.00   149  560599.0 7626795.2    91.0   -21.27    91.50     4.22   291.55     0.00
 2013  3  1 21.00   149  560599.0 7626795.2    91.0   -20.98    91.80     3.16   288.45     0.00
 2013  3  1 22.00   149  560599.0 7626795.2    91.0   -20.88    92.05     2.29   280.00     0.00
 2013  3  1 23.00   149  560599.0 7626795.2    91.0   -20.83    92.05     2.83   317.00     0.00
 2013  3  2  0.00   149  560599.0 7626795.2    91.0   -20.84    92.00     2.80   326.00     0.00
 2013  3  2  1.00   149  560599.0 7626795.2    91.0   -20.84    91.95     2.21   321.70     0.00
 2013  3  2  2.00   149  560599.0 7626795.2    91.0   -20.82    91.95     2.42   331.50     0.00
 2013  3  2  3.00   149  560599.0 7626795.2    91.0   -20.91    91.95     2.89   345.35     0.00
 2013  3  2  4.00   149  560599.0 7626795.2    91.0   -21.05    91.80     2.59   188.25     0.00
 2013  3  2  5.00   149  560599.0 7626795.2    91.0   -21.34    91.55     1.69    22.38     0.00
 2013  3  2  6.00   149  560599.0 7626795.2    91.0   -22.09    90.65     2.53    25.26     0.00
 2013  3  2  7.00   149  560599.0 7626795.2    91.0   -24.50    88.10     2.98    13.44     0.00
 2013  3  2  8.00   149  560599.0 7626795.2    91.0   -24.91    87.75     1.61   175.59     0.00
 2013  3  2  9.00   149  560599.0 7626795.2    91.0   -26.18    86.45     2.56   358.25     0.00
 2013  3  2 10.00   149  560599.0 7626795.2    91.0   -28.21    84.05     1.85   346.40     0.00
 2013  3  2 11.00   149  560599.0 7626795.2    91.0   -28.53    82.75     1.57   340.40     0.00
 2013  3  2 12.00   149  560599.0 7626795.2    91.0   -26.69    83.80     1.35   326.75     0.00
 2013  3  2 13.00   149  560599.0 7626795.2    91.0   -24.45    84.90     1.19   324.50     0.00
 2013  3  2 14.00   149  560599.0 7626795.2    91.0   -23.46    86.25     1.62   344.10     0.00
 2013  3  2 15.00   149  560599.0 7626795.2    91.0   -23.98    85.60     1.48   332.40     0.00
 2013  3  2 16.00   149  560599.0 7626795.2    91.0   -25.46    84.70     2.26   339.60     0.00
 2013  3  2 17.00   149  560599.0 7626795.2    91.0   -25.95    85.40     1.15   343.85     0.00
 2013  3  2 18.00   149  560599.0 7626795.2    91.0   -27.57    85.20     1.24   347.40     0.00
 2013  3  2 19.00   149  560599.0 7626795.2    91.0   -30.56    81.75     2.23   331.20     0.00
 2013  3  2 20.00   149  560599.0 7626795.2    91.0   -32.05    79.40     2.80   356.25     0.00
 2013  3  2 21.00   149  560599.0 7626795.2    91.0   -32.25    79.25     1.62   329.90     0.18
 2013  3  2 22.00   149  560599.0 7626795.2    91.0   -32.83    78.70     2.10   155.68     0.00
 2013  3  2 23.00   149  560599.0 7626795.2    91.0   -33.77    77.40     1.46   312.45     0.00
 2013  3  3  0.00   149  560599.0 7626795.2    91.0   -34.25    76.70     1.58   320.95     0.00
 2013  3  3  1.00   149  560599.0 7626795.2    91.0   -34.57    76.10     1.50   322.95     0.00
 2013  3  3  2.00   149  560599.0 7626795.2    91.0   -34.16    76.40     1.50   318.20     0.00
 2013  3  3  3.00   149  560599.0 7626795.2    91.0   -33.16    77.60     1.48   321.10     0.00
 2013  3  3  4.00   149  560599.0 7626795.2    91.0   -32.45    78.60     1.52   343.70     0.00
 2013  3  3  5.00   149  560599.0 7626795.2    91.0   -32.10    79.00     2.05   319.30     0.00
 2013  3  3  6.00   149  560599.0 7626795.2    91.0   -31.45    79.80     2.64   323.40     0.00
 2013  3  3  7.00   149  560599.0 7626795.2    91.0   -30.83    80.55     2.34   342.80     0.00
 2013  3  3  8.00   149  560599.0 7626795.2    91.0   -30.64    80.75     1.73   340.40     0.00
 2013  3  3  9.00   149  560599.0 7626795.2    91.0   -30.24    81.15     1.79   327.80     0.00
 2013  3  3 10.00   149  560599.0 7626795.2    91.0   -29.76    81.75     2.37   356.90     0.00
 2013  3  3 11.00   149  560599.0 7626795.2    91.0   -29.34    82.05     2.27     7.59     0.00
 2013  3  3 12.00   149  560599.0 7626795.2    91.0   -29.13    82.10     1.59   344.10     0.00
 2013  3  3 13.00   149  560599.0 7626795.2    91.0   -27.91    83.25     1.25   329.90     0.00
 2013  3  3 14.00   149  560599.0 7626795.2    91.0   -27.99    83.20     1.89   328.85     0.00
 2013  3  3 15.00   149  560599.0 7626795.2    91.0   -27.90    83.45     2.00   332.00     0.00
 2013  3  3 16.00   149  560599.0 7626795.2    91.0   -28.02    83.30     2.24   319.05     0.00
 2013  3  3 17.00   149  560599.0 7626795.2    91.0   -27.95    83.75     2.01   324.40     0.00
 2013  3  3 18.00   149  560599.0 7626795.2    91.0   -28.68    83.25     0.69   338.60     0.00
 2013  3  3 19.00   149  560599.0 7626795.2    91.0   -30.75    81.25     1.77   342.90     0.00
 2013  3  3 20.00   149  560599.0 7626795.2    91.0   -33.41    77.95     1.61   316.30     0.00
 2013  3  3 21.00   149  560599.0 7626795.2    91.0   -33.84    77.15     1.55   302.30     0.00
 2013  3  3 22.00   149  560599.0 7626795.2    91.0   -34.00    76.95     1.32   298.20     0.00
 2013  3  3 23.00   149  560599.0 7626795.2    91.0   -34.01    76.80     1.26   301.45     0.00
 2013  3  4  0.00   149  560599.0 7626795.2    91.0   -34.36    76.50     0.41   332.45     0.00
 2013  3  4  1.00   149  560599.0 7626795.2    91.0   -34.02    76.30     1.16   323.00     0.00
 2013  3  4  2.00   149  560599.0 7626795.2    91.0   -32.71    78.00     0.47    83.23     0.00
 2013  3  4  3.00   149  560599.0 7626795.2    91.0   -32.03    79.00     0.15   157.30     0.00
 2013  3  4  4.00   149  560599.0 7626795.2    91.0   -32.05    79.05     0.86    44.16     0.00
 2013  3  4  5.00   149  560599.0 7626795.2    91.0   -31.84    79.40     1.36    49.09     0.00
 2013  3  4  6.00   149  560599.0 7626795.2    91.0   -32.89    78.35     1.19    21.05     0.00
 2013  3  4  7.00   149  560599.0 7626795.2    91.0   -33.84    77.15     0.89   354.05     0.00
 2013  3  4  8.00   149  560599.0 7626795.2    91.0   -34.16    76.45     1.09   327.00     0.00
 2013  3  4  9.00   149  560599.0 7626795.2    91.0   -33.84    77.05     1.73   342.05     0.00
 2013  3  4 10.00   149  560599.0 7626795.2    91.0   -34.37    75.85     2.04   173.48     0.00
 2013  3  4 11.00   149  560599.0 7626795.2    91.0   -33.87    75.30     1.85   358.15     0.00
 2013  3  4 12.00   149  560599.0 7626795.2    91.0   -29.83    76.80     1.09   345.05     0.00
 2013  3  4 13.00   149  560599.0 7626795.2    91.0   -28.91    78.75     1.46   308.65     0.00
 2013  3  4 14.00   149  560599.0 7626795.2    91.0   -28.32    79.05     1.39   289.75     0.00
 2013  3  4 15.00   149  560599.0 7626795.2    91.0   -28.59    80.05     1.95   318.35     0.00
 2013  3  4 16.00   149  560599.0 7626795.2    91.0   -30.85    78.25     2.23   322.70     0.00
 2013  3  4 17.00   149  560599.0 7626795.2    91.0   -31.19    78.80     1.23   300.95     0.00
 2013  3  4 18.00   149  560599.0 7626795.2    91.0   -31.23    80.45     1.21   306.10     0.00
 2013  3  4 19.00   149  560599.0 7626795.2    91.0   -35.06    76.50     1.85   312.60     0.00
 2013  3  4 20.00   149  560599.0 7626795.2    91.0   -37.27    73.00     0.90   310.25     0.00
 2013  3  4 21.00   149  560599.0 7626795.2    91.0   -37.78    72.50     1.54   279.30     0.00
 2013  3  4 22.00   149  560599.0 7626795.2    91.0   -37.70    72.30     1.70   275.35     0.00
 2013  3  4 23.00   149  560599.0 7626795.2    91.0   -36.85    73.40     0.81   302.05     0.00
 2013  3  5  0.00   149  560599.0 7626795.2    91.0   -37.09    73.35     1.06   293.80     0.00
 2013  3  5  1.00   149  560599.0 7626795.2    91.0   -37.48    72.60     1.02   167.80     0.00
 2013  3  5  2.00   149  560599.0 7626795.2    91.0   -36.98    73.30     0.77    17.50     0.00
 2013  3  5  3.00   149  560599.0 7626795.2    91.0   -37.70    72.65     0.84   163.18     0.00
 2013  3  5  4.00   149  560599.0 7626795.2    91.0   -38.56    71.45     0.88   313.90     0.00
 2013  3  5  5.00   149  560599.0 7626795.2    91.0   -39.06    70.60     0.42   312.40     0.00
 2013  3  5  6.00   149  560599.0 7626795.2    91.0   -38.78    71.00     0.97   297.70     0.00
 2013  3  5  7.00   149  560599.0 7626795.2    91.0   -39.23    70.55     0.98   293.45     0.00
 2013  3  5  8.00   149  560599.0 7626795.2    91.0   -38.96    70.60     1.15   287.85     0.00
 2013  3  5  9.00   149  560599.0 7626795.2    91.0   -38.36    71.25     0.46   148.17     0.00
 2013  3  5 10.00   149  560599.0 7626795.2    91.0   -36.64    71.40     0.41   182.05     0.00
 2013  3  5 11.00   149  560599.0 7626795.2    91.0   -31.67    75.45     0.45   149.67     0.00
 2013  3  5 12.00   149  560599.0 7626795.2    91.0   -30.38    75.35     0.51   170.88     0.00
 2013  3  5 13.00   149  560599.0 7626795.2    91.0   -28.02    78.45     0.74   300.50     0.00
 2013  3  5 14.00   149  560599.0 7626795.2    91.0   -28.37    78.70     0.93   170.66     0.00
 2013  3  5 15.00   149  560599.0 7626795.2    91.0   -26.81    80.50     0.61    75.30     0.00
 2013  3  5 16.00   149  560599.0 7626795.2    91.0   -24.74    83.15     0.00     0.00     0.00
 2013  3  5 17.00   149  560599.0 7626795.2    91.0   -25.02    86.45     0.29    74.90     0.00
 2013  3  5 18.00   149  560599.0 7626795.2    91.0   -28.48    85.25     0.42    74.80     0.00
 2013  3  5 19.00   149  560599.0 7626795.2    91.0   -33.25    79.85     0.69    74.80     0.00
 2013  3  5 20.00   149  560599.0 7626795.2    91.0   -36.29    74.45     0.48    74.80     0.00
 2013  3  5 21.00   149  560599.0 7626795.2    91.0   -35.84    75.00     0.55    74.80     0.00
 2013  3  5 22.00   149  560599.0 7626795.2    91.0   -36.31    74.70     0.55    74.80     0.00
 2013  3  5 23.00   149  560599.0 7626795.2    91.0   -37.65    72.85     0.09    74.80     0.00
 2013  3  6  0.00   149  560599.0 7626795.2    91.0   -37.75    72.25     0.53    74.80     0.00
 2013  3  6  1.00   149  560599.0 7626795.2    91.0   -36.59    73.75     0.52    74.80     0.00
 2013  3  6  2.00   149  560599.0 7626795.2    91.0   -36.42    74.05     0.42    74.80     0.00
 2013  3  6  3.00   149  560599.0 7626795.2    91.0   -36.89    73.60     0.43    74.80     0.00
 2013  3  6  4.00   149  560599.0 7626795.2    91.0   -37.47    72.75     0.07    74.80     0.00
 2013  3  6  5.00   149  560599.0 7626795.2    91.0   -37.22    72.95     0.30    74.80     0.00
 2013  3  6  6.00   149  560599.0 7626795.2    91.0   -37.25    73.10     0.30    74.80     0.00
 2013  3  6  7.00   149  560599.0 7626795.2    91.0   -37.89    72.30     0.33    74.80     0.00
 2013  3  6  8.00   149  560599.0 7626795.2    91.0   -38.34    71.60     0.30    74.80     0.00
 2013  3  6  9.00   149  560599.0 7626795.2    91.0   -37.85    71.70     0.36    37.45     0.00
 2013  3  6 10.00   149  560599.0 7626795.2    91.0   -35.55    72.40     0.34    75.05     0.00
 2013  3  6 11.00   149  560599.0 7626795.2    91.0   -30.80    76.40     0.46    75.10     0.00
 2013  3  6 12.00   149  560599.0 7626795.2    91.0   -26.44    81.30     0.52    75.10     0.00
 2013  3  6 13.00   149  560599.0 7626795.2    91.0   -24.50    82.80     0.20    75.40     0.00
 2013  3  6 14.00   149  560599.0 7626795.2    91.0   -27.02    82.10     2.17    74.80     0.00
 2013  3  6 15.00   149  560599.0 7626795.2    91.0   -31.84    76.65     2.35    74.90     0.00
 2013  3  6 16.00   149  560599.0 7626795.2    91.0   -31.37    78.00     1.51    74.90     0.00
 2013  3  6 17.00   149  560599.0 7626795.2    91.0   -30.18    79.70     1.93    85.00     0.00
 2013  3  6 18.00   149  560599.0 7626795.2    91.0   -30.57    79.70     2.14   117.90     4.62
 2013  3  6 19.00   149  560599.0 7626795.2    91.0   -30.34    81.00     2.95   122.50     0.00
 2013  3  6 20.00   149  560599.0 7626795.2    91.0   -30.86    81.05     2.71   127.10     0.00
 2013  3  6 21.00   149  560599.0 7626795.2    91.0   -30.41    81.60     2.30   129.55     0.00
 2013  3  6 22.00   149  560599.0 7626795.2    91.0   -30.96    80.75     3.01   124.65     0.00
 2013  3  6 23.00   149  560599.0 7626795.2    91.0   -31.52    80.30     2.22   108.35     0.00
 2013  3  7  0.00   149  560599.0 7626795.2    91.0   -31.70    80.20     1.79   122.60     0.00
 2013  3  7  1.00   149  560599.0 7626795.2    91.0   -31.09    80.80     1.69   134.65     0.00
 2013  3  7  2.00   149  560599.0 7626795.2    91.0   -31.83    79.75     2.52   116.55     0.00
 2013  3  7  3.00   149  560599.0 7626795.2    91.0   -33.23    78.25     1.62   127.90     0.00
 2013  3  7  4.00   149  560599.0 7626795.2    91.0   -33.23    78.35     1.55   120.15     0.00
 2013  3  7  5.00   149  560599.0 7626795.2    91.0   -33.76    77.55     1.39    75.87     0.00
 2013  3  7  6.00   149  560599.0 7626795.2    91.0   -34.47    76.55     1.79    74.20     0.00
 2013  3  7  7.00   149  560599.0 7626795.2    91.0   -35.15    75.65     0.75    85.10     0.00
 2013  3  7  8.00   149  560599.0 7626795.2    91.0   -34.98    76.15     2.01    79.35     0.00
 2013  3  7  9.00   149  560599.0 7626795.2    91.0   -35.02    75.45     1.36   101.55     0.00
 2013  3  7 10.00   149  560599.0 7626795.2    91.0   -34.09    75.65     1.77    40.99     0.00
 2013  3  7 11.00   149  560599.0 7626795.2    91.0   -32.04    76.40     0.43    60.44     0.00
 2013  3  7 12.00   149  560599.0 7626795.2    91.0   -31.35    76.65     1.37   355.40     0.00
 2013  3  7 13.00   149  560599.0 7626795.2    91.0   -31.64    76.30     1.42   272.90     0.00
 2013  3  7 14.00   149  560599.0 7626795.2    91.0   -30.89    77.15     1.33   279.70     0.00
 2013  3  7 15.00   149  560599.0 7626795.2    91.0   -29.66    79.05     1.04   280.65     0.00
 2013  3  7 16.00   149  560599.0 7626795.2    91.0   -27.61    81.90     0.33   272.85     0.00
 2013  3  7 17.00   149  560599.0 7626795.2    91.0   -29.12    81.65     0.82   276.90     0.00
 2013  3  7 18.00   149  560599.0 7626795.2    91.0   -29.21    82.60     0.63   180.16     0.00
 2013  3  7 19.00   149  560599.0 7626795.2    91.0   -30.75    81.35     0.57   172.62     0.00
 2013  3  7 20.00   149  560599.0 7626795.2    91.0   -33.95    77.30     0.20   215.25     0.00
 2013  3  7 21.00   149  560599.0 7626795.2    91.0   -33.05    78.30     0.61   122.30     0.00
 2013  3  7 22.00   149  560599.0 7626795.2    91.0   -33.67    77.50     0.66    96.65     0.00
 2013  3  7 23.00   149  560599.0 7626795.2    91.0   -33.70    77.60     1.52    83.80     0.00
 2013  3  8  0.00   149  560599.0 7626795.2    91.0   -33.03    78.60     2.32   130.35     0.00
 2013  3  8  1.00   149  560599.0 7626795.2    91.0   -31.76    79.95     2.14   120.60     0.00
 2013  3  8  2.00   149  560599.0 7626795.2    91.0   -33.34    78.10     1.19   108.70     0.00
 2013  3  8  3.00   149  560599.0 7626795.2    91.0   -32.58    79.05     2.31   136.35     0.00
 2013  3  8  4.00   149  560599.0 7626795.2    91.0   -31.48    80.30     2.40   138.65     0.00
 2013  3  8  5.00   149  560599.0 7626795.2    91.0   -31.78    79.85     1.61   111.90     0.00
 2013  3  8  6.00   149  560599.0 7626795.2    91.0   -32.73    78.90     2.15   124.70     0.00
 2013  3  8  7.00   149  560599.0 7626795.2    91.0   -32.26    79.25     2.45   117.15     0.00
 2013  3  8  8.00   149  560599.0 7626795.2    91.0   -32.79    78.60     2.53   114.10     0.00
 2013  3  8  9.00   149  560599.0 7626795.2    91.0   -32.16    79.15     2.25   105.40     0.00
 2013  3  8 10.00   149  560599.0 7626795.2    91.0   -30.57    80.05     1.52    92.10     0.00
 2013  3  8 11.00   149  560599.0 7626795.2    91.0   -31.04    78.85     2.57    95.80     0.00
 2013  3  8 12.00   149  560599.0 7626795.2    91.0   -30.12    80.65     1.40    87.25     0.00
 2013  3  8 13.00   149  560599.0 7626795.2    91.0   -27.61    82.90     1.08    72.42     0.00
 2013  3  8 14.00   149  560599.0 7626795.2    91.0   -26.93    84.15     3.06   102.10     0.00
 2013  3  8 15.00   149  560599.0 7626795.2    91.0   -26.11    84.75     3.21   104.05     0.00
 2013  3  8 16.00   149  560599.0 7626795.2    91.0   -24.94    85.30     3.77   108.80     0.00
 2013  3  8 17.00   149  560599.0 7626795.2    91.0   -25.95    85.45     2.46   115.10     0.00
 2013  3  8 18.00   149  560599.0 7626795.2    91.0   -26.52    85.70     2.42   119.55     0.00
 2013  3  8 19.00   149  560599.0 7626795.2    91.0   -24.98    87.70     2.85   115.70     0.00
 2013  3  8 20.00   149  560599.0 7626795.2    91.0   -23.98    88.70     4.08   125.15     0.00
 2013  3  8 21.00   149  560599.0 7626795.2    91.0   -22.86    89.95     4.28   127.85     0.00
 2013  3  8 22.00   149  560599.0 7626795.2    91.0   -22.57    90.25     5.29   134.95     0.00
 2013  3  8 23.00   149  560599.0 7626795.2    91.0   -22.39    90.45     5.72   138.25     0.00
 2013  3  9  0.00   149  560599.0 7626795.2    91.0   -21.70    91.20     6.04   146.00     0.00
 2013  3  9  1.00   149  560599.0 7626795.2    91.0   -21.13    91.85     7.25   145.25     0.00
 2013  3  9  2.00   149  560599.0 7626795.2    91.0   -20.96    91.95     7.35   141.90     0.00
 2013  3  9  3.00   149  560599.0 7626795.2    91.0   -20.30    92.65     6.85   142.70     0.00
 2013  3  9  4.00   149  560599.0 7626795.2    91.0   -19.72    93.20     7.47   141.70     0.00
 2013  3  9  5.00   149  560599.0 7626795.2    91.0   -19.56    93.40     6.33   134.65     0.00
 2013  3  9  6.00   149  560599.0 7626795.2    91.0   -19.32    93.75     6.58   137.10     0.00
 2013  3  9  7.00   149  560599.0 7626795.2    91.0   -19.12    93.90     6.30   134.10     0.00
 2013  3  9  8.00   149  560599.0 7626795.2    91.0   -19.27    93.85     6.57   135.20     0.00
 2013  3  9  9.00   149  560599.0 7626795.2    91.0   -18.87    94.20     6.22   127.75     0.00
 2013  3  9 10.00   149  560599.0 7626795.2    91.0   -18.66    94.25     6.17   131.40     0.00
 2013  3  9 11.00   149  560599.0 7626795.2    91.0   -18.45    94.25     5.44   128.75     0.00
 2013  3  9 12.00   149  560599.0 7626795.2    91.0   -17.99    94.45     6.33   133.30     0.00
 2013  3  9 13.00   149  560599.0 7626795.2    91.0   -17.88    94.65     6.58   133.40     0.00
 2013  3  9 14.00   149  560599.0 7626795.2    91.0   -17.52    94.75     6.29   132.35     0.00
 2013  3  9 15.00   149  560599.0 7626795.2    91.0   -17.27    95.00     4.40   120.70     0.00
 2013  3  9 16.00   149  560599.0 7626795.2    91.0   -17.05    95.00     3.54   126.00     0.30
 2013  3  9 17.00   149  560599.0 7626795.2    91.0   -16.77    95.00     2.93   112.45     0.16
 2013  3  9 18.00   149  560599.0 7626795.2    91.0   -16.58    95.00     2.63   100.95     0.37
 2013  3  9 19.00   149  560599.0 7626795.2    91.0   -17.70    95.00     2.27    52.40     0.15
 2013  3  9 20.00   149  560599.0 7626795.2    91.0   -18.95    94.50     1.82    37.88     0.00
 2013  3  9 21.00   149  560599.0 7626795.2    91.0   -18.95    94.40     2.67    24.07     0.00
 2013  3  9 22.00   149  560599.0 7626795.2    91.0   -20.05    93.35     2.66   187.08     0.00
 2013  3  9 23.00   149  560599.0 7626795.2    91.0   -19.93    93.40     3.23   348.90     0.32
 2013  3 10  0.00   149  560599.0 7626795.2    91.0   -20.69    92.60     3.80   346.10     0.00
 2013  3 10  1.00   149  560599.0 7626795.2    91.0   -20.80    92.60     3.40   338.20     0.00
 2013  3 10  2.00   149  560599.0 7626795.2    91.0   -20.81    92.45     3.33   326.75     0.15
 2013  3 10  3.00   149  560599.0 7626795.2    91.0   -21.12    92.05     4.67   334.80     0.24
 2013  3 10  4.00   149  560599.0 7626795.2    91.0   -23.25    89.80     5.61   327.05     0.00
 2013  3 10  5.00   149  560599.0 7626795.2    91.0   -24.50    88.55     5.65   323.65     0.00
 2013  3 10  6.00   149  560599.0 7626795.2    91.0   -25.42    87.50     5.35   329.25     0.00
 2013  3 10  7.00   149  560599.0 7626795.2    91.0   -25.83    87.10     4.35   337.35     0.00
 2013  3 10  8.00   149  560599.0 7626795.2    91.0   -26.48    86.50     3.03   317.80     0.00
 2013  3 10  9.00   149  560599.0 7626795.2    91.0   -27.40    84.90     4.25   330.75     0.00
 2013  3 10 10.00   149  560599.0 7626795.2    91.0   -27.39    83.85     4.25   329.50     0.00
 2013  3 10 11.00   149  560599.0 7626795.2    91.0   -27.11    83.10     4.13   315.50     0.00
 2013  3 10 12.00   149  560599.0 7626795.2    91.0   -26.13    84.35     3.79   339.80     0.00
 2013  3 10 13.00   149  560599.0 7626795.2    91.0   -24.80    86.90     3.28   181.14     0.00
 2013  3 10 14.00   149  560599.0 7626795.2    91.0   -23.23    88.40     2.67    12.96     0.00
 2013  3 10 15.00   149  560599.0 7626795.2    91.0   -21.76    90.00     1.16   169.03     0.00
 2013  3 10 16.00   149  560599.0 7626795.2    91.0   -22.60    89.30     1.07   251.45     0.00
 2013  3 10 17.00   149  560599.0 7626795.2    91.0   -21.55    90.90     1.87   318.50     0.00
 2013  3 10 18.00   149  560599.0 7626795.2    91.0   -21.89    90.15     2.10   301.15     0.00
 2013  3 10 19.00   149  560599.0 7626795.2    91.0   -25.78    87.00     1.91   277.90     0.00
 2013  3 10 20.00   149  560599.0 7626795.2    91.0   -27.19    85.75     1.89   267.40     0.00
 2013  3 10 21.00   149  560599.0 7626795.2    91.0   -27.62    85.20     2.55   277.05     0.00
 2013  3 10 22.00   149  560599.0 7626795.2    91.0   -26.55    86.40     2.90   289.40     0.00
 2013  3 10 23.00   149  560599.0 7626795.2    91.0   -25.24    87.95     4.21   290.20     0.00
 2013  3 11  0.00   149  560599.0 7626795.2    91.0   -24.09    89.05     3.87   297.30     0.00
 2013  3 11  1.00   149  560599.0 7626795.2    91.0   -23.24    89.90     4.21   292.55     0.00
 2013  3 11  2.00   149  560599.0 7626795.2    91.0   -23.64    89.45     2.35   296.20     0.00
 2013  3 11  3.00   149  560599.0 7626795.2    91.0   -25.45    87.50     2.98   303.05     0.00
 2013  3 11  4.00   149  560599.0 7626795.2    91.0   -25.84    87.00     3.16   297.80     0.00
 2013  3 11  5.00   149  560599.0 7626795.2    91.0   -25.34    87.75     3.87   297.60     0.00
 2013  3 11  6.00   149  560599.0 7626795.2    91.0   -25.32    87.50     2.25   319.00     0.00
 2013  3 11  7.00   149  560599.0 7626795.2    91.0   -25.33    87.45     3.40   301.10     0.00
 2013  3 11  8.00   149  560599.0 7626795.2    91.0   -26.44    86.20     4.56   312.75     0.00
 2013  3 11  9.00   149  560599.0 7626795.2    91.0   -27.79    84.55     3.99   308.10     0.00
 2013  3 11 10.00   149  560599.0 7626795.2    91.0   -27.34    83.95     3.97   305.90     0.00
 2013  3 11 11.00   149  560599.0 7626795.2    91.0   -26.10    83.90     4.38   296.15     0.00
 2013  3 11 12.00   149  560599.0 7626795.2    91.0   -24.80    85.15     3.90   285.35     0.00
 2013  3 11 13.00   149  560599.0 7626795.2    91.0   -23.83    87.15     5.32   286.15     0.00
 2013  3 11 14.00   149  560599.0 7626795.2    91.0   -22.95    88.35     6.55   297.15     0.00
 2013  3 11 15.00   149  560599.0 7626795.2    91.0   -22.70    88.20     6.00   304.65     0.00
 2013  3 11 16.00   149  560599.0 7626795.2    91.0   -23.00    88.55     6.78   308.70     0.00
 2013  3 11 17.00   149  560599.0 7626795.2    91.0   -23.28    88.30     5.75   302.55     0.00
 2013  3 11 18.00   149  560599.0 7626795.2    91.0   -24.13    87.95     5.24   300.60     0.00
 2013  3 11 19.00   149  560599.0 7626795.2    91.0   -25.79    86.65     4.22   290.00     0.00
 2013  3 11 20.00   149  560599.0 7626795.2    91.0   -27.16    85.50     4.31   286.30     0.00
 2013  3 11 21.00   149  560599.0 7626795.2    91.0   -26.39    86.35     5.72   285.75     0.00
 2013  3 11 22.00   149  560599.0 7626795.2    91.0   -25.05    87.85     6.39   293.15     0.00
 2013  3 11 23.00   149  560599.0 7626795.2    91.0   -24.77    88.00     6.01   284.75     0.00
 2013  3 12  0.00   149  560599.0 7626795.2    91.0   -24.52    88.35     6.46   285.85     0.00
 2013  3 12  1.00   149  560599.0 7626795.2    91.0   -23.64    89.25     7.50   293.25     0.00
 2013  3 12  2.00   149  560599.0 7626795.2    91.0   -23.58    89.30     7.11   291.80     0.00
 2013  3 12  3.00   149  560599.0 7626795.2    91.0   -23.35    89.55     7.96   292.90     0.00
 2013  3 12  4.00   149  560599.0 7626795.2    91.0   -23.03    89.90     9.79   302.45     0.00
 2013  3 12  5.00   149  560599.0 7626795.2    91.0   -23.48    89.30    10.12   311.95     0.00
 2013  3 12  6.00   149  560599.0 7626795.2    91.0   -23.99    88.80     8.54   317.65     0.00
 2013  3 12  7.00   149  560599.0 7626795.2    91.0   -25.20    87.50     6.93   319.00     0.00
 2013  3 12  8.00   149  560599.0 7626795.2    91.0   -26.30    86.35     6.17   315.90     0.31
 2013  3 12  9.00   149  560599.0 7626795.2    91.0   -27.02    85.40     4.42   316.30     0.00
 2013  3 12 10.00   149  560599.0 7626795.2    91.0   -26.39    85.55     4.08   324.30     0.00
 2013  3 12 11.00   149  560599.0 7626795.2    91.0   -26.82    85.30     3.51   322.45     0.00
 2013  3 12 12.00   149  560599.0 7626795.2    91.0   -26.30    85.35     3.48   317.00     0.00
 2013  3 12 13.00   149  560599.0 7626795.2    91.0   -25.04    86.30     3.68   332.25     0.00
 2013  3 12 14.00   149  560599.0 7626795.2    91.0   -24.38    86.90     3.04   332.90     0.00
 2013  3 12 15.00   149  560599.0 7626795.2    91.0   -24.33    86.65     2.96   301.85     0.00
 2013  3 12 16.00   149  560599.0 7626795.2    91.0   -24.71    86.65     2.30   310.50     0.00
 2013  3 12 17.00   149  560599.0 7626795.2    91.0   -25.77    86.45     2.38   302.95     0.00
 2013  3 12 18.00   149  560599.0 7626795.2    91.0   -27.80    84.65     2.40   309.20     0.00
 2013  3 12 19.00   149  560599.0 7626795.2    91.0   -29.02    83.30     2.54   333.90     0.00
 2013  3 12 20.00   149  560599.0 7626795.2    91.0   -30.44    81.85     1.84   307.10     0.00
 2013  3 12 21.00   149  560599.0 7626795.2    91.0   -30.98    80.80     2.34   326.20     0.00
 2013  3 12 22.00   149  560599.0 7626795.2    91.0   -30.41    81.40     3.03   328.30     0.00
 2013  3 12 23.00   149  560599.0 7626795.2    91.0   -30.71    81.20     2.44   317.30     0.00
 2013  3 13  0.00   149  560599.0 7626795.2    91.0   -30.50    81.25     2.81   316.70     0.00
 2013  3 13  1.00   149  560599.0 7626795.2    91.0   -30.18    81.70     3.27   322.05     0.00
 2013  3 13  2.00   149  560599.0 7626795.2    91.0   -30.24    81.60     3.50   325.80     0.38
 2013  3 13  3.00   149  560599.0 7626795.2    91.0   -29.91    82.00     2.63   316.50     0.00
 2013  3 13  4.00   149  560599.0 7626795.2    91.0   -29.94    81.95     2.56   313.80     0.00
 2013  3 13  5.00   149  560599.0 7626795.2    91.0   -29.80    82.20     2.96   323.75     0.00
 2013  3 13  6.00   149  560599.0 7626795.2    91.0   -30.98    81.15     2.68   322.35     0.00
 2013  3 13  7.00   149  560599.0 7626795.2    91.0   -32.12    79.75     1.92   285.30     0.00
 2013  3 13  8.00   149  560599.0 7626795.2    91.0   -33.22    78.25     1.71   268.50     0.00
 2013  3 13  9.00   149  560599.0 7626795.2    91.0   -33.49    77.10     1.40   270.50     0.00
 2013  3 13 10.00   149  560599.0 7626795.2    91.0   -31.91    77.85     1.50   272.80     0.00
 2013  3 13 11.00   149  560599.0 7626795.2    91.0   -30.62    78.40     1.58   266.90     0.00
 2013  3 13 12.00   149  560599.0 7626795.2    91.0   -29.21    79.45     1.54   257.80     0.00
 2013  3 13 13.00   149  560599.0 7626795.2    91.0   -27.19    81.35     1.60   267.10     0.00
 2013  3 13 14.00   149  560599.0 7626795.2    91.0   -26.56    82.35     1.69   262.90     0.00
 2013  3 13 15.00   149  560599.0 7626795.2    91.0   -26.68    82.65     2.08   248.25     0.00
 2013  3 13 16.00   149  560599.0 7626795.2    91.0   -25.70    84.65     1.85   266.30     0.00
 2013  3 13 17.00   149  560599.0 7626795.2    91.0   -24.41    85.45     0.46   185.95     0.00
 2013  3 13 18.00   149  560599.0 7626795.2    91.0   -23.43    89.00     0.66   240.00     0.00
 2013  3 13 19.00   149  560599.0 7626795.2    91.0   -28.02    85.10     1.17   261.95     0.00
 2013  3 13 20.00   149  560599.0 7626795.2    91.0   -31.63    80.85     2.21   261.35     0.00
 2013  3 13 21.00   149  560599.0 7626795.2    91.0   -32.73    78.90     2.59   256.80     0.00
 2013  3 13 22.00   149  560599.0 7626795.2    91.0   -32.82    78.75     2.50   259.45     0.00
 2013  3 13 23.00   149  560599.0 7626795.2    91.0   -32.94    78.60     2.91   253.10     0.00
 2013  3 14  0.00   149  560599.0 7626795.2    91.0   -31.98    79.80     2.92   248.35     0.00
 2013  3 14  1.00   149  560599.0 7626795.2    91.0   -30.06    82.05     3.27   252.80     0.00
 2013  3 14  2.00   149  560599.0 7626795.2    91.0   -30.82    81.05     3.04   246.50     0.00
 2013  3 14  3.00   149  560599.0 7626795.2    91.0   -30.46    81.50     3.21   242.00     0.00
 2013  3 14  4.00   149  560599.0 7626795.2    91.0   -28.55    83.95     3.81   226.25     0.00
 2013  3 14  5.00   149  560599.0 7626795.2    91.0   -27.80    84.65     1.61   246.95     0.00
 2013  3 14  6.00   149  560599.0 7626795.2    91.0   -27.68    84.80     3.97   242.50     0.00
 2013  3 14  7.00   149  560599.0 7626795.2    91.0   -27.27    85.15     5.72   254.20     0.00
 2013  3 14  8.00   149  560599.0 7626795.2    91.0   -27.34    85.00     5.33   261.75     0.00
 2013  3 14  9.00   149  560599.0 7626795.2    91.0   -27.55    84.35     5.80   261.65     0.00
 2013  3 14 10.00   149  560599.0 7626795.2    91.0   -26.68    84.60     6.69   243.30     0.00
 2013  3 14 11.00   149  560599.0 7626795.2    91.0   -26.41    84.75     5.14   241.70     0.00
 2013  3 14 12.00   149  560599.0 7626795.2    91.0   -25.81    84.95     6.32   247.75     0.00
 2013  3 14 13.00   149  560599.0 7626795.2    91.0   -25.07    85.45     5.34   254.15     0.00
 2013  3 14 14.00   149  560599.0 7626795.2    91.0   -23.88    86.65     4.36   244.15     0.00
 2013  3 14 15.00   149  560599.0 7626795.2    91.0   -23.10    87.60     4.38   251.90     0.00
 2013  3 14 16.00   149  560599.0 7626795.2    91.0   -22.88    88.70     4.96   263.35     0.00
 2013  3 14 17.00   149  560599.0 7626795.2    91.0   -23.23    88.95     3.26   273.55     0.00
 2013  3 14 18.00   149  560599.0 7626795.2    91.0   -23.54    89.00     4.02   272.65     0.00
 2013  3 14 19.00   149  560599.0 7626795.2    91.0   -25.52    87.20     4.13   273.00     0.00
 2013  3 14 20.00   149  560599.0 7626795.2    91.0   -27.32    85.30     3.42   265.25     0.00
 2013  3 14 21.00   149  560599.0 7626795.2    91.0   -28.05    84.50     3.00   272.55     0.00
 2013  3 14 22.00   149  560599.0 7626795.2    91.0   -28.74    83.50     2.19   294.90     0.00
 2013  3 14 23.00   149  560599.0 7626795.2    91.0   -28.89    83.50     1.70   276.95     0.00
 2013  3 15  0.00   149  560599.0 7626795.2    91.0   -29.34    82.85     1.87   288.35     0.00
 2013  3 15  1.00   149  560599.0 7626795.2    91.0   -29.59    82.75     1.77   265.20     0.00
 2013  3 15  2.00   149  560599.0 7626795.2    91.0   -29.41    82.80     1.93   266.70     0.00
 2013  3 15  3.00   149  560599.0 7626795.2    91.0   -30.45    81.60     1.80   266.80     0.00
 2013  3 15  4.00   149  560599.0 7626795.2    91.0   -30.65    81.10     1.51   274.85     0.00
 2013  3 15  5.00   149  560599.0 7626795.2    91.0   -30.19    81.60     0.32   266.45     0.00
 2013  3 15  6.00   149  560599.0 7626795.2    91.0   -30.18    81.75     0.39   248.95     0.00
 2013  3 15  7.00   149  560599.0 7626795.2    91.0   -31.50    80.25     0.32   268.95     0.00
 2013  3 15  8.00   149  560599.0 7626795.2    91.0   -31.24    80.35     1.02   242.15     0.00
 2013  3 15  9.00   149  560599.0 7626795.2    91.0   -30.24    80.50     1.87   263.50     0.00
 2013  3 15 10.00   149  560599.0 7626795.2    91.0   -26.81    81.95     0.38   185.80     0.00
 2013  3 15 11.00   149  560599.0 7626795.2    91.0   -22.96    85.45     0.14    99.47     0.00
 2013  3 15 12.00   149  560599.0 7626795.2    91.0   -23.94    83.55     1.04   199.40     0.00
 2013  3 15 13.00   149  560599.0 7626795.2    91.0   -25.34    83.70     0.99   129.65     0.00
 2013  3 15 14.00   149  560599.0 7626795.2    91.0   -25.43    83.65     1.06   134.80     0.00
 2013  3 15 15.00   149  560599.0 7626795.2    91.0   -23.74    84.70     1.03   149.80     0.00
 2013  3 15 16.00   149  560599.0 7626795.2    91.0   -25.88    83.95     2.55   143.70     0.00
 2013  3 15 17.00   149  560599.0 7626795.2    91.0   -24.56    85.45     1.58   128.40     0.00
 2013  3 15 18.00   149  560599.0 7626795.2    91.0   -25.30    85.15     1.94   125.25     0.00
 2013  3 15 19.00   149  560599.0 7626795.2    91.0   -25.13    86.85     1.02    78.23     0.00
 2013  3 15 20.00   149  560599.0 7626795.2    91.0   -26.18    86.70     0.36   159.85     0.00
 2013  3 15 21.00   149  560599.0 7626795.2    91.0   -26.83    86.00     1.23   138.65     0.00
 2013  3 15 22.00   149  560599.0 7626795.2    91.0   -26.90    85.85     0.97   115.80     0.00
 2013  3 15 23.00   149  560599.0 7626795.2    91.0   -26.98    85.70     0.84   135.80     0.00
 2013  3 16  0.00   149  560599.0 7626795.2    91.0   -26.19    86.85     1.60   178.05     0.00
 2013  3 16  1.00   149  560599.0 7626795.2    91.0   -25.34    87.65     1.45   190.60     0.00
 2013  3 16  2.00   149  560599.0 7626795.2    91.0   -25.68    87.25     0.90   133.35     0.00
 2013  3 16  3.00   149  560599.0 7626795.2    91.0   -27.21    85.65     1.09   165.75     0.00
 2013  3 16  4.00   149  560599.0 7626795.2    91.0   -26.31    86.45     0.91   171.10     0.00
 2013  3 16  5.00   149  560599.0 7626795.2    91.0   -27.31    85.40     0.47   123.40     0.00
 2013  3 16  6.00   149  560599.0 7626795.2    91.0   -27.18    85.60     1.62   226.85     0.00
 2013  3 16  7.00   149  560599.0 7626795.2    91.0   -26.81    85.95     0.61   115.88     0.00
 2013  3 16  8.00   149  560599.0 7626795.2    91.0   -27.34    85.05     0.30    43.87     0.00
 2013  3 16  9.00   149  560599.0 7626795.2    91.0   -27.30    84.05     0.88   134.69     0.00
 2013  3 16 10.00   149  560599.0 7626795.2    91.0   -25.70    84.55     0.47   184.59     0.00
 2013  3 16 11.00   149  560599.0 7626795.2    91.0   -22.88    86.65     0.75   151.55     0.00
 2013  3 16 12.00   149  560599.0 7626795.2    91.0   -22.83    85.95     1.58   256.30     0.00
 2013  3 16 13.00   149  560599.0 7626795.2    91.0   -21.24    88.00     1.51   230.90     0.00
 2013  3 16 14.00   149  560599.0 7626795.2    91.0   -19.44    91.00     2.43   278.70     0.00
 2013  3 16 15.00   149  560599.0 7626795.2    91.0   -16.41    93.90     1.54   310.55     0.00
 2013  3 16 16.00   149  560599.0 7626795.2    91.0   -17.82    94.60     1.44   337.40     0.00
 2013  3 16 17.00   149  560599.0 7626795.2    91.0   -18.53    93.85     1.23   283.20     0.00
 2013  3 16 18.00   149  560599.0 7626795.2    91.0   -19.55    93.35     1.52   278.75     0.00
 2013  3 16 19.00   149  560599.0 7626795.2    91.0   -20.17    92.75     1.50   264.20     0.00
 2013  3 16 20.00   149  560599.0 7626795.2    91.0   -20.39    92.65     1.25   261.95     0.00
 2013  3 16 21.00   149  560599.0 7626795.2    91.0   -20.50    92.65     1.25   258.70     0.00
 2013  3 16 22.00   149  560599.0 7626795.2    91.0   -20.66    92.45     2.09   259.55     0.00
 2013  3 16 23.00   149  560599.0 7626795.2    91.0   -21.45    91.80     3.12   276.15     0.00
 2013  3 17  0.00   149  560599.0 7626795.2    91.0   -23.11    90.00     4.18   297.90     0.00
 2013  3 17  1.00   149  560599.0 7626795.2    91.0   -24.09    89.05     3.32   305.30     0.00
 2013  3 17  2.00   149  560599.0 7626795.2    91.0   -24.63    88.20     3.39   337.80     0.00
 2013  3 17  3.00   149  560599.0 7626795.2    91.0   -23.98    88.90     2.78   314.90     0.00
 2013  3 17  4.00   149  560599.0 7626795.2    91.0   -23.15    89.80     2.77   310.20     0.00
 2013  3 17  5.00   149  560599.0 7626795.2    91.0   -21.85    91.20     3.13   339.45     0.00
 2013  3 17  6.00   149  560599.0 7626795.2    91.0   -21.13    92.00     3.21   178.59     0.00
 2013  3 17  7.00   149  560599.0 7626795.2    91.0   -20.21    92.95     3.41     7.39     0.00
 2013  3 17  8.00   149  560599.0 7626795.2    91.0   -20.84    92.40     3.66   356.85     0.00
 2013  3 17  9.00   149  560599.0 7626795.2    91.0   -22.70    90.30     3.76   344.90     0.00
 2013  3 17 10.00   149  560599.0 7626795.2    91.0   -21.72    90.15     3.91   350.00     0.00
 2013  3 17 11.00   149  560599.0 7626795.2    91.0   -20.65    91.05     4.01   354.10     0.00
 2013  3 17 12.00   149  560599.0 7626795.2    91.0   -19.83    91.40     3.63   356.10     0.00
 2013  3 17 13.00   149  560599.0 7626795.2    91.0   -19.07    92.00     2.78   345.30     0.00
 2013  3 17 14.00   149  560599.0 7626795.2    91.0   -18.35    92.30     3.72   337.40     0.00
 2013  3 17 15.00   149  560599.0 7626795.2    91.0   -18.82    92.55     3.69   322.85     0.00
 2013  3 17 16.00   149  560599.0 7626795.2    91.0   -19.98    91.35     4.25   338.25     0.00
 2013  3 17 17.00   149  560599.0 7626795.2    91.0   -20.34    91.30     4.49   327.05     0.00
 2013  3 17 18.00   149  560599.0 7626795.2    91.0   -22.12    90.05     4.94   303.80     0.00
 2013  3 17 19.00   149  560599.0 7626795.2    91.0   -23.68    89.20     5.41   300.00     0.00
 2013  3 17 20.00   149  560599.0 7626795.2    91.0   -24.64    88.30     5.25   288.40     0.00
 2013  3 17 21.00   149  560599.0 7626795.2    91.0   -24.80    88.10     5.57   284.80     0.00
 2013  3 17 22.00   149  560599.0 7626795.2    91.0   -25.21    87.65     5.24   288.95     0.00
 2013  3 17 23.00   149  560599.0 7626795.2    91.0   -25.46    87.30     6.31   301.45     0.00
 2013  3 18  0.00   149  560599.0 7626795.2    91.0   -25.84    86.90     5.32   304.45     0.00
 2013  3 18  1.00   149  560599.0 7626795.2    91.0   -26.46    86.20     6.21   306.90     0.00
 2013  3 18  2.00   149  560599.0 7626795.2    91.0   -25.91    86.75     5.62   302.50     0.00
 2013  3 18  3.00   149  560599.0 7626795.2    91.0   -25.31    87.40     6.21   303.50     0.00
 2013  3 18  4.00   149  560599.0 7626795.2    91.0   -25.18    87.55     6.72   301.15     0.00
 2013  3 18  5.00   149  560599.0 7626795.2    91.0   -25.12    87.65     7.24   311.75     0.00
 2013  3 18  6.00   149  560599.0 7626795.2    91.0   -24.98    87.80     6.43   316.00     0.00
 2013  3 18  7.00   149  560599.0 7626795.2    91.0   -25.57    87.05     6.12   314.15     0.00
 2013  3 18  8.00   149  560599.0 7626795.2    91.0   -26.61    86.00     5.00   307.90     0.00
 2013  3 18  9.00   149  560599.0 7626795.2    91.0   -26.02    86.50     6.02   327.10     0.23
 2013  3 18 10.00   149  560599.0 7626795.2    91.0   -25.98    86.30     6.63   332.35     0.00
 2013  3 18 11.00   149  560599.0 7626795.2    91.0   -26.12    85.90     6.88   328.25     0.32
 2013  3 18 12.00   149  560599.0 7626795.2    91.0   -25.74    86.05     6.42   321.00     0.00
 2013  3 18 13.00   149  560599.0 7626795.2    91.0   -25.51    85.95     6.80   318.25     0.00
 2013  3 18 14.00   149  560599.0 7626795.2    91.0   -25.49    86.05     6.92   317.55     0.00
 2013  3 18 15.00   149  560599.0 7626795.2    91.0   -25.36    86.10     6.60   316.80     0.00
 2013  3 18 16.00   149  560599.0 7626795.2    91.0   -25.71    86.15     5.97   316.10     0.00
 2013  3 18 17.00   149  560599.0 7626795.2    91.0   -25.46    86.35     4.84   311.15     0.00
 2013  3 18 18.00   149  560599.0 7626795.2    91.0   -25.45    86.90     3.53   295.50     0.00
 2013  3 18 19.00   149  560599.0 7626795.2    91.0   -26.02    86.35     4.29   297.20     0.00
 2013  3 18 20.00   149  560599.0 7626795.2    91.0   -26.14    86.40     4.38   292.75     0.21
 2013  3 18 21.00   149  560599.0 7626795.2    91.0   -26.04    86.55     4.98   301.75     0.00
 2013  3 18 22.00   149  560599.0 7626795.2    91.0   -25.98    86.60     5.32   304.40     0.00
 2013  3 18 23.00   149  560599.0 7626795.2    91.0   -26.01    86.70     4.98   299.90     0.00
 2013  3 19  0.00   149  560599.0 7626795.2    91.0   -25.52    87.05     5.29   291.35     0.00
 2013  3 19  1.00   149  560599.0 7626795.2    91.0   -25.59    87.05     5.49   291.35     0.26
 2013  3 19  2.00   149  560599.0 7626795.2    91.0   -25.93    86.65     5.66   282.80     0.00
 2013  3 19  3.00   149  560599.0 7626795.2    91.0   -26.09    86.60     5.83   286.70     0.00
 2013  3 19  4.00   149  560599.0 7626795.2    91.0   -25.42    87.20     5.82   281.10     0.00
 2013  3 19  5.00   149  560599.0 7626795.2    91.0   -25.59    87.05     5.06   283.50     0.00
 2013  3 19  6.00   149  560599.0 7626795.2    91.0   -25.24    87.45     5.35   292.60     0.00
 2013  3 19  7.00   149  560599.0 7626795.2    91.0   -24.55    88.20     5.62   297.65     0.00
 2013  3 19  8.00   149  560599.0 7626795.2    91.0   -24.07    88.75     6.33   302.25     0.00
 2013  3 19  9.00   149  560599.0 7626795.2    91.0   -23.43    89.30     7.28   303.55     0.00
 2013  3 19 10.00   149  560599.0 7626795.2    91.0   -23.05    89.35     7.25   306.20     0.00
 2013  3 19 11.00   149  560599.0 7626795.2    91.0   -22.71    89.50     7.71   308.85     0.00
 2013  3 19 12.00   149  560599.0 7626795.2    91.0   -22.75    89.00     7.96   310.75     0.00
 2013  3 19 13.00   149  560599.0 7626795.2    91.0   -22.49    89.00     8.50   307.55     0.00
 2013  3 19 14.00   149  560599.0 7626795.2    91.0   -22.46    88.70     7.93   302.75     0.00
 2013  3 19 15.00   149  560599.0 7626795.2    91.0   -22.83    88.90     8.23   301.10     0.00
 2013  3 19 16.00   149  560599.0 7626795.2    91.0   -22.81    88.90     7.39   301.15     0.00
 2013  3 19 17.00   149  560599.0 7626795.2    91.0   -22.95    88.95     6.06   297.50     0.00
 2013  3 19 18.00   149  560599.0 7626795.2    91.0   -24.03    88.40     5.39   280.70     0.00
 2013  3 19 19.00   149  560599.0 7626795.2    91.0   -24.73    87.95     5.39   273.00     0.00
 2013  3 19 20.00   149  560599.0 7626795.2    91.0   -24.37    88.40     4.81   266.45     0.00
 2013  3 19 21.00   149  560599.0 7626795.2    91.0   -24.68    88.05     4.98   270.70     0.23
 2013  3 19 22.00   149  560599.0 7626795.2    91.0   -24.70    88.10     4.77   276.60     0.00
 2013  3 19 23.00   149  560599.0 7626795.2    91.0   -24.80    88.00     4.84   260.80     0.00
 2013  3 20  0.00   149  560599.0 7626795.2    91.0   -24.77    88.10     5.69   249.30     0.00
 2013  3 20  1.00   149  560599.0 7626795.2    91.0   -25.34    87.20     6.67   220.80     0.00
 2013  3 20  2.00   149  560599.0 7626795.2    91.0   -25.33    87.45     6.24   221.35     0.00
 2013  3 20  3.00   149  560599.0 7626795.2    91.0   -25.80    86.80     7.19   212.80     0.00
 2013  3 20  4.00   149  560599.0 7626795.2    91.0   -25.93    86.70     6.33   206.95     0.00
 2013  3 20  5.00   149  560599.0 7626795.2    91.0   -25.66    87.25     5.38   205.75     0.00
 2013  3 20  6.00   149  560599.0 7626795.2    91.0   -25.20    87.55     4.93   165.85     0.00
 2013  3 20  7.00   149  560599.0 7626795.2    91.0   -24.97    87.75     3.67   257.90     0.00
 2013  3 20  8.00   149  560599.0 7626795.2    91.0   -24.80    88.05     6.57   195.90     0.00
 2013  3 20  9.00   149  560599.0 7626795.2    91.0   -24.12    88.15     7.10   200.75     0.00
 2013  3 20 10.00   149  560599.0 7626795.2    91.0   -23.96    87.70     7.78   200.15     0.00
 2013  3 20 11.00   149  560599.0 7626795.2    91.0   -23.84    87.05     7.37   198.55     0.00
 2013  3 20 12.00   149  560599.0 7626795.2    91.0   -23.47    87.00     8.05   200.35     0.00
 2013  3 20 13.00   149  560599.0 7626795.2    91.0   -22.89    87.00     8.67   200.55     0.00
 2013  3 20 14.00   149  560599.0 7626795.2    91.0   -22.14    87.50     8.30   200.90     0.00
 2013  3 20 15.00   149  560599.0 7626795.2    91.0   -20.80    87.55     7.55   196.95     0.00
 2013  3 20 16.00   149  560599.0 7626795.2    91.0   -20.33    86.60     7.49   196.20     0.00
 2013  3 20 17.00   149  560599.0 7626795.2    91.0   -20.18    87.85     4.89   178.20     0.00
 2013  3 20 18.00   149  560599.0 7626795.2    91.0   -20.52    87.55     4.77   181.00     0.00
 2013  3 20 19.00   149  560599.0 7626795.2    91.0   -20.95    87.90     4.76   171.25     0.00
 2013  3 20 20.00   149  560599.0 7626795.2    91.0   -21.50    87.60     6.45   177.70     0.00
 2013  3 20 21.00   149  560599.0 7626795.2    91.0   -22.42    86.15     7.09   183.65     0.00
 2013  3 20 22.00   149  560599.0 7626795.2    91.0   -23.02    85.50     7.13   186.70     0.00
 2013  3 20 23.00   149  560599.0 7626795.2    91.0   -23.33    85.50     6.61   179.50     0.00
 2013  3 21  0.00   149  560599.0 7626795.2    91.0   -23.78    84.60     6.96   179.60     0.00
 2013  3 21  1.00   149  560599.0 7626795.2    91.0   -24.12    84.30     6.83   177.20     0.00
 2013  3 21  2.00   149  560599.0 7626795.2    91.0   -24.95    83.70     6.53   182.35     0.00
 2013  3 21  3.00   149  560599.0 7626795.2    91.0   -25.14    82.50     6.21   168.40     0.00
 2013  3 21  4.00   149  560599.0 7626795.2    91.0   -25.58    81.65     5.76   161.10     0.00
 2013  3 21  5.00   149  560599.0 7626795.2    91.0   -25.65    82.75     3.65   149.05     0.00
 2013  3 21  6.00   149  560599.0 7626795.2    91.0   -25.84    85.65     0.94   207.56     0.00
 2013  3 21  7.00   149  560599.0 7626795.2    91.0   -25.94    85.10     1.04    95.85     0.00
 2013  3 21  8.00   149  560599.0 7626795.2    91.0   -25.65    83.35     1.96   117.90     0.00
 2013  3 21  9.00   149  560599.0 7626795.2    91.0   -24.66    81.20     2.40   129.45     0.00
 2013  3 21 10.00   149  560599.0 7626795.2    91.0   -23.71    78.85     3.43   155.90     0.00
 2013  3 21 11.00   149  560599.0 7626795.2    91.0   -23.04    78.10     5.07   167.60     0.00
 2013  3 21 12.00   149  560599.0 7626795.2    91.0   -22.05    77.90     4.98   170.75     0.00
 2013  3 21 13.00   149  560599.0 7626795.2    91.0   -21.42    79.15     6.60   181.25     0.00
 2013  3 21 14.00   149  560599.0 7626795.2    91.0   -20.41    78.70     6.20   177.50     0.00
 2013  3 21 15.00   149  560599.0 7626795.2    91.0   -17.81    79.55     2.66    92.44     0.00
 2013  3 21 16.00   149  560599.0 7626795.2    91.0   -17.99    76.70     2.41   180.70     0.00
 2013  3 21 17.00   149  560599.0 7626795.2    91.0   -18.43    77.70     1.90   153.30     0.00
 2013  3 21 18.00   149  560599.0 7626795.2    91.0   -18.87    78.20     2.98   244.30     0.00
 2013  3 21 19.00   149  560599.0 7626795.2    91.0   -19.89    77.55     5.74   210.85     0.00
 2013  3 21 20.00   149  560599.0 7626795.2    91.0   -20.04    78.10     6.19   214.75     0.00
 2013  3 21 21.00   149  560599.0 7626795.2    91.0   -20.26    78.85     4.75   238.70     0.00
 2013  3 21 22.00   149  560599.0 7626795.2    91.0   -21.02    77.00     6.10   214.65     0.00
 2013  3 21 23.00   149  560599.0 7626795.2    91.0   -20.70    75.05     5.07   220.20     0.00
 2013  3 22  0.00   149  560599.0 7626795.2    91.0   -20.81    76.55     2.48   164.95     0.00
 2013  3 22  1.00   149  560599.0 7626795.2    91.0   -20.56    75.85     6.83   201.50     0.00
 2013  3 22  2.00   149  560599.0 7626795.2    91.0   -20.34    75.50     7.96   207.20     0.00
 2013  3 22  3.00   149  560599.0 7626795.2    91.0   -20.95    76.15     7.65   197.65     0.00
 2013  3 22  4.00   149  560599.0 7626795.2    91.0   -21.52    77.20     3.43   258.85     0.00
 2013  3 22  5.00   149  560599.0 7626795.2    91.0   -22.14    77.45     5.74   211.65     0.00
 2013  3 22  6.00   149  560599.0 7626795.2    91.0   -21.93    77.60     6.33   211.70     0.00
 2013  3 22  7.00   149  560599.0 7626795.2    91.0   -21.48    76.60     8.36   209.95     0.00
 2013  3 22  8.00   149  560599.0 7626795.2    91.0   -21.09    74.80     7.41   213.60     0.00
 2013  3 22  9.00   149  560599.0 7626795.2    91.0   -20.55    72.80     7.19   214.65     0.00
 2013  3 22 10.00   149  560599.0 7626795.2    91.0   -19.74    69.92     4.30   259.80     0.00
 2013  3 22 11.00   149  560599.0 7626795.2    91.0   -19.27    70.55     8.23   207.10     0.00
 2013  3 22 12.00   149  560599.0 7626795.2    91.0   -18.24    68.88     5.83   199.80     0.00
 2013  3 22 13.00   149  560599.0 7626795.2    91.0   -16.48    59.72     1.86   282.70     0.00
 2013  3 22 14.00   149  560599.0 7626795.2    91.0   -14.80    53.35     1.01   155.45     0.00
 2013  3 22 15.00   149  560599.0 7626795.2    91.0   -16.41    63.48     2.58   144.20     0.00
 2013  3 22 16.00   149  560599.0 7626795.2    91.0   -14.71    58.94     1.76    95.65     0.00
 2013  3 22 17.00   149  560599.0 7626795.2    91.0   -14.27    58.36     1.15    90.00     0.00
 2013  3 22 18.00   149  560599.0 7626795.2    91.0   -16.19    67.12     1.22   110.30     0.00
 2013  3 22 19.00   149  560599.0 7626795.2    91.0   -17.18    72.75     1.89   110.10     0.00
 2013  3 22 20.00   149  560599.0 7626795.2    91.0   -17.25    76.45     1.52    81.20     0.00
 2013  3 22 21.00   149  560599.0 7626795.2    91.0   -16.48    75.70     0.62    88.90     0.00
 2013  3 22 22.00   149  560599.0 7626795.2    91.0   -16.28    76.50     0.51    97.81     0.00
 2013  3 22 23.00   149  560599.0 7626795.2    91.0   -17.70    78.50     1.57   150.25     0.00
 2013  3 23  0.00   149  560599.0 7626795.2    91.0   -17.12    77.15     0.62   182.36     0.00
 2013  3 23  1.00   149  560599.0 7626795.2    91.0   -17.23    75.55     1.69    64.28     0.00
 2013  3 23  2.00   149  560599.0 7626795.2    91.0   -18.14    74.80     1.71    85.25     0.00
 2013  3 23  3.00   149  560599.0 7626795.2    91.0   -18.16    73.15     1.78    93.00     0.00
 2013  3 23  4.00   149  560599.0 7626795.2    91.0   -18.02    70.16     1.42    99.20     0.00
 2013  3 23  5.00   149  560599.0 7626795.2    91.0   -17.84    68.59     1.91   134.20     0.00
 2013  3 23  6.00   149  560599.0 7626795.2    91.0   -17.35    65.68     1.88   128.05     0.00
 2013  3 23  7.00   149  560599.0 7626795.2    91.0   -19.07    71.05     3.03   119.95     0.00
 2013  3 23  8.00   149  560599.0 7626795.2    91.0   -18.34    69.94     2.57   128.85     0.00
 2013  3 23  9.00   149  560599.0 7626795.2    91.0   -18.37    65.48     1.11   106.10     0.00
 2013  3 23 10.00   149  560599.0 7626795.2    91.0   -18.30    66.23     2.27   123.40     0.00
 2013  3 23 11.00   149  560599.0 7626795.2    91.0   -17.78    65.94     2.05   128.45     0.00
 2013  3 23 12.00   149  560599.0 7626795.2    91.0   -16.63    62.02     1.48   107.80     0.00
 2013  3 23 13.00   149  560599.0 7626795.2    91.0   -16.41    64.24     1.63   104.20     0.00
 2013  3 23 14.00   149  560599.0 7626795.2    91.0   -16.11    67.22     2.17    95.15     0.00
 2013  3 23 15.00   149  560599.0 7626795.2    91.0   -15.45    68.77     3.04    89.20     0.00
 2013  3 23 16.00   149  560599.0 7626795.2    91.0   -13.70    66.12     2.15    68.75     0.00
 2013  3 23 17.00   149  560599.0 7626795.2    91.0   -12.89    67.48     2.30    73.46     0.00
 2013  3 23 18.00   149  560599.0 7626795.2    91.0   -12.73    71.13     2.93   101.75     0.00
 2013  3 23 19.00   149  560599.0 7626795.2    91.0   -13.57    77.40     3.50   134.30     0.00
 2013  3 23 20.00   149  560599.0 7626795.2    91.0   -13.68    78.70     1.33    65.73     0.00
 2013  3 23 21.00   149  560599.0 7626795.2    91.0   -12.32    77.05     1.04    63.50     0.00
 2013  3 23 22.00   149  560599.0 7626795.2    91.0   -11.60    78.75     1.81   257.75     0.00
 2013  3 23 23.00   149  560599.0 7626795.2    91.0   -11.30    87.55     4.70   295.80     0.00
 2013  3 24  0.00   149  560599.0 7626795.2    91.0   -11.04    95.00     5.36   286.10     0.00
 2013  3 24  1.00   149  560599.0 7626795.2    91.0   -11.17    95.00     4.26   304.10     0.00
 2013  3 24  2.00   149  560599.0 7626795.2    91.0   -12.97    95.00     8.26   309.60     0.00
 2013  3 24  3.00   149  560599.0 7626795.2    91.0   -15.08    94.15    10.07   307.30     0.55
 2013  3 24  4.00   149  560599.0 7626795.2    91.0   -16.20    87.10     8.15   311.45     0.00
 2013  3 24  5.00   149  560599.0 7626795.2    91.0   -17.52    82.05     5.04   317.85     0.00
 2013  3 24  6.00   149  560599.0 7626795.2    91.0   -17.41    83.10     1.99    59.20     0.00
 2013  3 24  7.00   149  560599.0 7626795.2    91.0   -17.94    83.85     1.69   156.30     0.00
 2013  3 24  8.00   149  560599.0 7626795.2    91.0   -19.46    82.70     1.52   155.05     0.00
 2013  3 24  9.00   149  560599.0 7626795.2    91.0   -17.82    72.56     1.12   143.95     0.00
 2013  3 24 10.00   149  560599.0 7626795.2    91.0   -15.81    62.17     0.66   110.20     0.00
 2013  3 24 11.00   149  560599.0 7626795.2    91.0   -17.95    68.88     1.96   116.95     0.00
 2013  3 24 12.00   149  560599.0 7626795.2    91.0   -18.64    74.85     3.12   120.50     0.00
 2013  3 24 13.00   149  560599.0 7626795.2    91.0   -17.37    72.65     2.96   117.90     0.00
 2013  3 24 14.00   149  560599.0 7626795.2    91.0   -16.10    70.50     3.37   127.00     0.00
 2013  3 24 15.00   149  560599.0 7626795.2    91.0   -14.87    68.44     2.14   100.00     0.00
 2013  3 24 16.00   149  560599.0 7626795.2    91.0   -14.82    69.56     2.33   103.50     0.00
 2013  3 24 17.00   149  560599.0 7626795.2    91.0   -15.04    71.60     2.15    95.25     0.00
 2013  3 24 18.00   149  560599.0 7626795.2    91.0   -14.75    74.35     1.30   109.60     0.00
 2013  3 24 19.00   149  560599.0 7626795.2    91.0   -15.12    82.30     2.05   112.40     0.00
 2013  3 24 20.00   149  560599.0 7626795.2    91.0   -14.89    82.20     1.35    55.66     0.00
 2013  3 24 21.00   149  560599.0 7626795.2    91.0   -16.63    86.75     2.63   173.97     0.00
 2013  3 24 22.00   149  560599.0 7626795.2    91.0   -17.37    90.60     2.12   320.00     0.00
 2013  3 24 23.00   149  560599.0 7626795.2    91.0   -17.76    91.75     1.59   287.60     0.00
 2013  3 25  0.00   149  560599.0 7626795.2    91.0   -19.25    91.75     2.81   314.90     0.00
 2013  3 25  1.00   149  560599.0 7626795.2    91.0   -20.13    93.55     2.71   328.50     0.00
 2013  3 25  2.00   149  560599.0 7626795.2    91.0   -20.56    94.50     2.09   298.95     0.00
 2013  3 25  3.00   149  560599.0 7626795.2    91.0   -20.93    94.65     3.68   319.15     0.00
 2013  3 25  4.00   149  560599.0 7626795.2    91.0   -20.64    94.05     3.49   336.35     0.00
 2013  3 25  5.00   149  560599.0 7626795.2    91.0   -21.44    92.60     3.28   338.65     0.00
 2013  3 25  6.00   149  560599.0 7626795.2    91.0   -21.81    92.90     4.11   337.35     0.00
 2013  3 25  7.00   149  560599.0 7626795.2    91.0   -21.34    92.40     3.63   342.65     0.00
 2013  3 25  8.00   149  560599.0 7626795.2    91.0   -21.12    92.45     3.88   331.70     0.00
 2013  3 25  9.00   149  560599.0 7626795.2    91.0   -20.39    91.70     2.76   313.60     0.00
 2013  3 25 10.00   149  560599.0 7626795.2    91.0   -20.05    88.80     3.46   328.15     0.00
 2013  3 25 11.00   149  560599.0 7626795.2    91.0   -19.69    88.25     4.08   330.95     0.00
 2013  3 25 12.00   149  560599.0 7626795.2    91.0   -18.42    83.80     2.12   281.00     0.00
 2013  3 25 13.00   149  560599.0 7626795.2    91.0   -17.47    82.85     1.80   299.80     0.00
 2013  3 25 14.00   149  560599.0 7626795.2    91.0   -17.21    86.55     3.80   283.75     0.00
 2013  3 25 15.00   149  560599.0 7626795.2    91.0   -15.10    78.35     1.98   167.69     0.00
 2013  3 25 16.00   149  560599.0 7626795.2    91.0   -15.50    78.50     2.19   296.65     0.00
 2013  3 25 17.00   149  560599.0 7626795.2    91.0   -15.72    80.25     1.02    75.09     0.00
 2013  3 25 18.00   149  560599.0 7626795.2    91.0   -16.59    80.40     1.43   271.75     0.00
 2013  3 25 19.00   149  560599.0 7626795.2    91.0   -18.60    92.50     3.40   294.45     0.00
 2013  3 25 20.00   149  560599.0 7626795.2    91.0   -18.09    94.70     3.17   289.65     0.00
 2013  3 25 21.00   149  560599.0 7626795.2    91.0   -17.17    95.00     3.21   291.60     0.00
 2013  3 25 22.00   149  560599.0 7626795.2    91.0   -16.98    95.00     2.91   298.65     0.00
 2013  3 25 23.00   149  560599.0 7626795.2    91.0   -17.19    95.00     3.11   316.10     0.00
 2013  3 26  0.00   149  560599.0 7626795.2    91.0   -17.32    95.00     2.16   302.60     0.00
 2013  3 26  1.00   149  560599.0 7626795.2    91.0   -17.38    95.00     3.00   302.95     0.00
 2013  3 26  2.00   149  560599.0 7626795.2    91.0   -17.02    95.00     4.14   294.55     0.00
 2013  3 26  3.00   149  560599.0 7626795.2    91.0   -17.12    95.00     3.67   292.65     0.00
 2013  3 26  4.00   149  560599.0 7626795.2    91.0   -16.21    95.00     3.74   300.85     0.00
 2013  3 26  5.00   149  560599.0 7626795.2    91.0   -15.78    95.00     4.07   303.55     0.00
 2013  3 26  6.00   149  560599.0 7626795.2    91.0   -15.55    95.00     4.13   304.50     0.00
 2013  3 26  7.00   149  560599.0 7626795.2    91.0   -15.72    95.00     5.70   314.90     0.00
 2013  3 26  8.00   149  560599.0 7626795.2    91.0   -16.21    95.00     5.62   303.90     0.00
 2013  3 26  9.00   149  560599.0 7626795.2    91.0   -16.35    95.00     6.56   300.00     0.00
 2013  3 26 10.00   149  560599.0 7626795.2    91.0   -15.91    93.70     8.23   298.85     0.00
 2013  3 26 11.00   149  560599.0 7626795.2    91.0   -16.01    93.40     8.19   298.60     0.00
 2013  3 26 12.00   149  560599.0 7626795.2    91.0   -16.14    93.60     8.88   295.60     0.00
 2013  3 26 13.00   149  560599.0 7626795.2    91.0   -16.61    94.00     9.70   293.95     0.00
 2013  3 26 14.00   149  560599.0 7626795.2    91.0   -16.68    93.65     9.89   294.35     0.00
 2013  3 26 15.00   149  560599.0 7626795.2    91.0   -16.93    93.60     9.03   301.25     0.00
 2013  3 26 16.00   149  560599.0 7626795.2    91.0   -17.09    93.90     8.32   302.95     0.00
 2013  3 26 17.00   149  560599.0 7626795.2    91.0   -17.29    94.30     7.46   304.50     0.00
 2013  3 26 18.00   149  560599.0 7626795.2    91.0   -17.51    94.35     7.30   299.30     0.41
 2013  3 26 19.00   149  560599.0 7626795.2    91.0   -17.56    94.80     7.13   304.25     0.33
 2013  3 26 20.00   149  560599.0 7626795.2    91.0   -17.43    95.00     6.60   308.95     0.00
 2013  3 26 21.00   149  560599.0 7626795.2    91.0   -17.53    94.80     5.66   305.80     0.00
 2013  3 26 22.00   149  560599.0 7626795.2    91.0   -17.84    94.60     3.96   287.10     0.59
 2013  3 26 23.00   149  560599.0 7626795.2    91.0   -18.21    93.85     5.01   284.15     0.00
 2013  3 27  0.00   149  560599.0 7626795.2    91.0   -18.58    93.55     5.47   280.90     0.41
 2013  3 27  1.00   149  560599.0 7626795.2    91.0   -18.82    93.15     5.25   278.85     0.19
 2013  3 27  2.00   149  560599.0 7626795.2    91.0   -19.02    92.70     4.85   279.35     0.00
 2013  3 27  3.00   149  560599.0 7626795.2    91.0   -19.39    92.45     4.22   274.80     0.24
 2013  3 27  4.00   149  560599.0 7626795.2    91.0   -19.18    92.45     4.20   269.20     0.17
 2013  3 27  5.00   149  560599.0 7626795.2    91.0   -19.19    92.35     4.46   266.40     0.17
 2013  3 27  6.00   149  560599.0 7626795.2    91.0   -19.20    92.85     4.49   260.85     0.23
 2013  3 27  7.00   149  560599.0 7626795.2    91.0   -19.27    92.95     4.23   255.70     0.41
 2013  3 27  8.00   149  560599.0 7626795.2    91.0   -19.46    92.35     4.31   250.80     0.24
 2013  3 27  9.00   149  560599.0 7626795.2    91.0   -19.19    92.05     4.55   255.15     0.00
 2013  3 27 10.00   149  560599.0 7626795.2    91.0   -18.74    91.70     4.05   257.75     0.25
 2013  3 27 11.00   149  560599.0 7626795.2    91.0   -18.29    90.90     3.30   255.50     0.22
 2013  3 27 12.00   149  560599.0 7626795.2    91.0   -17.77    89.40     3.16   249.00     0.00
 2013  3 27 13.00   149  560599.0 7626795.2    91.0   -17.50    88.40     3.07   235.05     0.16
 2013  3 27 14.00   149  560599.0 7626795.2    91.0   -17.45    88.45     3.27   219.20     0.00
 2013  3 27 15.00   149  560599.0 7626795.2    91.0   -17.05    88.30     2.59   232.95     0.34
 2013  3 27 16.00   149  560599.0 7626795.2    91.0   -16.75    88.10     1.75   223.70     0.00
 2013  3 27 17.00   149  560599.0 7626795.2    91.0   -16.87    87.25     1.25   253.30     0.00
 2013  3 27 18.00   149  560599.0 7626795.2    91.0   -17.62    87.30     0.99   260.90     0.00
 2013  3 27 19.00   149  560599.0 7626795.2    91.0   -20.29    90.25     1.51   297.80     0.00
 2013  3 27 20.00   149  560599.0 7626795.2    91.0   -20.99    93.65     0.12   299.50     0.00
 2013  3 27 21.00   149  560599.0 7626795.2    91.0   -23.12    90.90     0.82   241.90     0.00
 2013  3 27 22.00   149  560599.0 7626795.2    91.0   -23.52    91.40     1.18   245.60     0.00
 2013  3 27 23.00   149  560599.0 7626795.2    91.0   -23.29    91.30     2.03   254.20     0.00
 2013  3 28  0.00   149  560599.0 7626795.2    91.0   -22.88    91.10     1.90   249.95     0.00
 2013  3 28  1.00   149  560599.0 7626795.2    91.0   -22.46    91.40     2.56   256.35     0.00
 2013  3 28  2.00   149  560599.0 7626795.2    91.0   -22.88    90.65     2.68   258.50     0.00
 2013  3 28  3.00   149  560599.0 7626795.2    91.0   -23.32    90.35     2.61   257.25     0.00
 2013  3 28  4.00   149  560599.0 7626795.2    91.0   -23.06    90.40     2.93   252.50     0.00
 2013  3 28  5.00   149  560599.0 7626795.2    91.0   -22.24    91.50     2.54   254.10     0.00
 2013  3 28  6.00   149  560599.0 7626795.2    91.0   -20.67    92.20     2.85   242.95     0.00
 2013  3 28  7.00   149  560599.0 7626795.2    91.0   -19.06    89.80     3.58   214.80     0.00
 2013  3 28  8.00   149  560599.0 7626795.2    91.0   -19.27    87.60     3.01   229.30     0.00
 2013  3 28  9.00   149  560599.0 7626795.2    91.0   -21.37    84.90     1.83   271.85     0.00
 2013  3 28 10.00   149  560599.0 7626795.2    91.0   -22.04    82.70     1.65   268.05     0.00
 2013  3 28 11.00   149  560599.0 7626795.2    91.0   -21.10    81.20     1.21   311.55     0.00
 2013  3 28 12.00   149  560599.0 7626795.2    91.0   -19.79    76.40     0.48   276.00     0.00
 2013  3 28 13.00   149  560599.0 7626795.2    91.0   -15.60    73.05     0.13   158.59     0.00
 2013  3 28 14.00   149  560599.0 7626795.2    91.0   -13.49    65.05     0.14    78.05     0.00
 2013  3 28 15.00   149  560599.0 7626795.2    91.0   -16.56    67.93     0.92    23.80     0.00
 2013  3 28 16.00   149  560599.0 7626795.2    91.0   -17.61    69.86     0.59   294.50     0.00
 2013  3 28 17.00   149  560599.0 7626795.2    91.0   -18.82    73.40     1.03   300.70     0.00
 2013  3 28 18.00   149  560599.0 7626795.2    91.0   -19.95    76.65     0.88   283.65     0.00
 2013  3 28 19.00   149  560599.0 7626795.2    91.0   -20.26    80.00     0.28   164.58     0.00
 2013  3 28 20.00   149  560599.0 7626795.2    91.0   -22.50    87.85     0.18   163.80     0.00
 2013  3 28 21.00   149  560599.0 7626795.2    91.0   -23.79    91.65     0.12   171.75     0.00
 2013  3 28 22.00   149  560599.0 7626795.2    91.0   -25.14    90.75     0.55   290.55     0.00
 2013  3 28 23.00   149  560599.0 7626795.2    91.0   -25.61    89.15     0.46   281.55     0.00
 2013  3 29  0.00   149  560599.0 7626795.2    91.0   -26.19    88.55     0.35   275.35     0.00
 2013  3 29  1.00   149  560599.0 7626795.2    91.0   -25.80    87.85     0.16   311.00     0.00
 2013  3 29  2.00   149  560599.0 7626795.2    91.0   -24.61    89.50     1.25    40.92     0.00
 2013  3 29  3.00   149  560599.0 7626795.2    91.0   -27.05    86.45     0.78   275.20     0.00
 2013  3 29  4.00   149  560599.0 7626795.2    91.0   -26.11    87.40     0.32   313.80     0.00
 2013  3 29  5.00   149  560599.0 7626795.2    91.0   -25.82    87.85     0.81   170.01     0.00
 2013  3 29  6.00   149  560599.0 7626795.2    91.0   -27.23    85.75     0.07   180.85     0.00
 2013  3 29  7.00   149  560599.0 7626795.2    91.0   -26.35    87.10     0.03   257.20     0.00
 2013  3 29  8.00   149  560599.0 7626795.2    91.0   -24.41    87.20     0.33   156.06     0.00
 2013  3 29  9.00   149  560599.0 7626795.2    91.0   -23.88    84.60     0.19    59.66     0.00
 2013  3 29 10.00   149  560599.0 7626795.2    91.0   -22.02    84.70     0.14   115.19     0.00
 2013  3 29 11.00   149  560599.0 7626795.2    91.0   -20.06    85.20     0.63    66.28     0.00
 2013  3 29 12.00   149  560599.0 7626795.2    91.0   -19.12    82.65     0.48    74.80     0.00
 2013  3 29 13.00   149  560599.0 7626795.2    91.0   -20.38    80.10     1.29    87.60     0.00
 2013  3 29 14.00   149  560599.0 7626795.2    91.0   -18.42    78.65     1.06    79.60     0.00
 2013  3 29 15.00   149  560599.0 7626795.2    91.0   -18.37    77.45     1.84    92.75     0.00
 2013  3 29 16.00   149  560599.0 7626795.2    91.0   -18.50    75.05     2.60   104.25     0.00
 2013  3 29 17.00   149  560599.0 7626795.2    91.0   -18.11    71.85     2.15    96.35     0.00
 2013  3 29 18.00   149  560599.0 7626795.2    91.0   -16.85    68.22     1.23    67.44     0.00
 2013  3 29 19.00   149  560599.0 7626795.2    91.0   -15.66    65.11     1.15   110.85     0.00
 2013  3 29 20.00   149  560599.0 7626795.2    91.0   -17.58    73.45     1.62   112.65     0.00
 2013  3 29 21.00   149  560599.0 7626795.2    91.0   -17.06    78.75     1.61   113.00     0.00
 2013  3 29 22.00   149  560599.0 7626795.2    91.0   -15.75    77.50     1.24    96.55     0.00
 2013  3 29 23.00   149  560599.0 7626795.2    91.0   -16.20    79.70     1.30    97.80     0.00
 2013  3 30  0.00   149  560599.0 7626795.2    91.0   -15.77    79.25     1.10    97.80     0.00
 2013  3 30  1.00   149  560599.0 7626795.2    91.0   -14.79    75.35     1.65    81.90     0.00
 2013  3 30  2.00   149  560599.0 7626795.2    91.0   -14.84    75.05     1.68    98.75     0.00
 2013  3 30  3.00   149  560599.0 7626795.2    91.0   -14.59    75.20     1.64    80.65     0.00
 2013  3 30  4.00   149  560599.0 7626795.2    91.0   -14.81    75.80     1.48   100.70     0.00
 2013  3 30  5.00   149  560599.0 7626795.2    91.0   -17.13    82.85     1.12   101.85     0.00
 2013  3 30  6.00   149  560599.0 7626795.2    91.0   -17.42    87.05     0.79   120.45     0.00
 2013  3 30  7.00   149  560599.0 7626795.2    91.0   -17.88    86.65     1.00    45.70     0.00
 2013  3 30  8.00   149  560599.0 7626795.2    91.0   -18.07    85.45     0.26   163.61     0.00
 2013  3 30  9.00   149  560599.0 7626795.2    91.0   -17.75    82.85     0.86   288.90     0.00
 2013  3 30 10.00   149  560599.0 7626795.2    91.0   -17.07    83.35     1.97   276.75     0.00
 2013  3 30 11.00   149  560599.0 7626795.2    91.0   -13.94    77.30     1.49   277.80     0.00
 2013  3 30 12.00   149  560599.0 7626795.2    91.0   -11.48    75.50     2.72   276.00     0.00
 2013  3 30 13.00   149  560599.0 7626795.2    91.0   -12.70    86.60     4.45   285.65     0.00
 2013  3 30 14.00   149  560599.0 7626795.2    91.0   -14.46    87.90     5.97   283.20     0.00
 2013  3 30 15.00   149  560599.0 7626795.2    91.0   -15.30    87.05     6.36   277.45     0.00
 2013  3 30 16.00   149  560599.0 7626795.2    91.0   -15.27    87.35     5.72   270.25     0.00
 2013  3 30 17.00   149  560599.0 7626795.2    91.0   -15.46    86.70     6.40   283.10     0.00
 2013  3 30 18.00   149  560599.0 7626795.2    91.0   -16.73    84.85     5.48   266.50     0.00
 2013  3 30 19.00   149  560599.0 7626795.2    91.0   -17.57    85.35     4.97   267.75     0.00
 2013  3 30 20.00   149  560599.0 7626795.2    91.0   -19.12    88.05     5.56   274.55     0.00
 2013  3 30 21.00   149  560599.0 7626795.2    91.0   -20.93    90.65     4.69   256.00     0.00
 2013  3 30 22.00   149  560599.0 7626795.2    91.0   -21.27    91.55     5.78   263.25     0.00
 2013  3 30 23.00   149  560599.0 7626795.2    91.0   -21.12    91.90     6.31   261.75     0.00
 2013  3 31  0.00   149  560599.0 7626795.2    91.0   -20.50    92.50     4.43   259.60     0.00
 2013  3 31  1.00   149  560599.0 7626795.2    91.0   -21.39    91.30     4.37   258.30     0.00
 2013  3 31  2.00   149  560599.0 7626795.2    91.0   -21.27    91.65     3.79   261.65     0.00
 2013  3 31  3.00   149  560599.0 7626795.2    91.0   -20.71    92.35     5.45   258.45     0.00
 2013  3 31  4.00   149  560599.0 7626795.2    91.0   -20.38    92.30     3.28   260.20     0.00
 2013  3 31  5.00   149  560599.0 7626795.2    91.0   -21.73    91.20     4.21   273.35     0.00
 2013  3 31  6.00   149  560599.0 7626795.2    91.0   -21.79    91.15     3.75   267.60     0.00
 2013  3 31  7.00   149  560599.0 7626795.2    91.0   -22.73    90.35     2.47   257.50     0.00
 2013  3 31  8.00   149  560599.0 7626795.2    91.0   -22.34    89.20     2.40   266.35     0.00
 2013  3 31  9.00   149  560599.0 7626795.2    91.0   -21.43    88.10     2.35   258.35     0.00
 2013  3 31 10.00   149  560599.0 7626795.2    91.0   -19.74    87.65     2.32   260.45     0.00
 2013  3 31 11.00   149  560599.0 7626795.2    91.0   -19.19    85.95     2.32   255.60     0.00
 2013  3 31 12.00   149  560599.0 7626795.2    91.0   -18.27    84.90     2.13   259.80     0.00
 2013  3 31 13.00   149  560599.0 7626795.2    91.0   -16.73    82.35     1.58   255.80     0.00
 2013  3 31 14.00   149  560599.0 7626795.2    91.0   -14.88    79.50     0.71   131.50     0.00
 2013  3 31 15.00   149  560599.0 7626795.2    91.0   -15.38    75.45     1.34   211.55     0.00
 2013  3 31 16.00   149  560599.0 7626795.2    91.0   -16.00    80.00     1.73   261.95     0.00
 2013  3 31 17.00   149  560599.0 7626795.2    91.0   -15.42    80.45     1.29   275.70     0.00
 2013  3 31 18.00   149  560599.0 7626795.2    91.0   -14.68    76.40     0.29   162.19     0.00
 2013  3 31 19.00   149  560599.0 7626795.2    91.0   -17.26    85.15     1.17   146.31     0.00
 2013  3 31 20.00   149  560599.0 7626795.2    91.0   -21.31    92.65     2.52    10.71     0.00
 2013  3 31 21.00   149  560599.0 7626795.2    91.0   -23.34    92.30     2.24   175.47     0.00
 2013  3 31 22.00   149  560599.0 7626795.2    91.0   -23.90    90.30     1.98   308.35     0.00
 2013  3 31 23.00   149  560599.0 7626795.2    91.0   -24.37    88.55     2.31   311.05     0.00
 2013  4  1  0.00   149  560599.0 7626795.2    91.0   -22.78    90.40     2.93   338.65     0.00
 2013  4  1  1.00   149  560599.0 7626795.2    91.0   -21.27    91.75     2.17   341.40     0.00
 2013  4  1  2.00   149  560599.0 7626795.2    91.0   -20.32    92.60     1.71   345.15     0.00
 2013  4  1  3.00   149  560599.0 7626795.2    91.0   -19.87    93.00     1.69   343.60     0.00
 2013  4  1  4.00   149  560599.0 7626795.2    91.0   -19.66    93.15     1.53   324.35     0.00
 2013  4  1  5.00   149  560599.0 7626795.2    91.0   -19.27    93.75     1.60   317.95     0.00
 2013  4  1  6.00   149  560599.0 7626795.2    91.0   -18.77    94.20     1.78   323.70     0.00
 2013  4  1  7.00   149  560599.0 7626795.2    91.0   -18.66    94.15     2.31   346.80     0.00
 2013  4  1  8.00   149  560599.0 7626795.2    91.0   -18.67    94.05     2.62   336.05     0.00
 2013  4  1  9.00   149  560599.0 7626795.2    91.0   -18.24    94.20     2.56   340.95     0.00
 2013  4  1 10.00   149  560599.0 7626795.2    91.0   -17.83    94.10     2.44   345.70     0.00
 2013  4  1 11.00   149  560599.0 7626795.2    91.0   -17.46    93.95     3.15   179.19     0.00
 2013  4  1 12.00   149  560599.0 7626795.2    91.0   -17.30    93.60     3.47    17.37     0.00
 2013  4  1 13.00   149  560599.0 7626795.2    91.0   -17.23    92.30     3.55    20.48     0.00
 2013  4  1 14.00   149  560599.0 7626795.2    91.0   -17.72    90.65     3.84    19.16     0.00
 2013  4  1 15.00   149  560599.0 7626795.2    91.0   -18.69    87.40     3.87   184.83     0.00
 2013  4  1 16.00   149  560599.0 7626795.2    91.0   -18.35    85.55     3.41   346.35     0.00
 2013  4  1 17.00   149  560599.0 7626795.2    91.0   -18.49    89.60     3.24   181.10     0.00
 2013  4  1 18.00   149  560599.0 7626795.2    91.0   -19.29    91.05     3.95    20.59     0.00
 2013  4  1 19.00   149  560599.0 7626795.2    91.0   -20.18    91.30     3.35     6.13     0.00
 2013  4  1 20.00   149  560599.0 7626795.2    91.0   -21.41    90.65     3.47   176.30     0.00
 2013  4  1 21.00   149  560599.0 7626795.2    91.0   -22.20    90.85     3.57   177.05     0.46
 2013  4  1 22.00   149  560599.0 7626795.2    91.0   -23.53    88.55     3.17   350.90     0.00
 2013  4  1 23.00   149  560599.0 7626795.2    91.0   -23.30    90.60     3.38    14.95     0.00
 2013  4  2  0.00   149  560599.0 7626795.2    91.0   -23.31    89.05     2.71    17.91     0.00
 2013  4  2  1.00   149  560599.0 7626795.2    91.0   -24.36    89.20     1.52    35.22     0.00
 2013  4  2  2.00   149  560599.0 7626795.2    91.0   -24.87    88.10     1.98    37.27     0.00
 2013  4  2  3.00   149  560599.0 7626795.2    91.0   -24.32    88.75     1.22   191.45     0.00
 2013  4  2  4.00   149  560599.0 7626795.2    91.0   -24.40    88.65     2.93   347.20     0.00
 2013  4  2  5.00   149  560599.0 7626795.2    91.0   -23.63    88.95     2.89   349.90     0.00
 2013  4  2  6.00   149  560599.0 7626795.2    91.0   -23.52    89.15     2.42   341.45     0.00
 2013  4  2  7.00   149  560599.0 7626795.2    91.0   -23.55    89.05     2.38   323.45     0.00
 2013  4  2  8.00   149  560599.0 7626795.2    91.0   -22.64    89.75     2.58   325.75     0.00
 2013  4  2  9.00   149  560599.0 7626795.2    91.0   -21.29    89.85     2.81   327.80     0.00
 2013  4  2 10.00   149  560599.0 7626795.2    91.0   -20.76    88.20     3.46   327.00     0.00
 2013  4  2 11.00   149  560599.0 7626795.2    91.0   -20.07    87.10     4.07   325.30     0.00
 2013  4  2 12.00   149  560599.0 7626795.2    91.0   -19.63    85.40     3.76   310.30     0.00
 2013  4  2 13.00   149  560599.0 7626795.2    91.0   -19.17    84.95     4.77   323.25     0.00
 2013  4  2 14.00   149  560599.0 7626795.2    91.0   -18.91    80.55     3.33   317.10     0.00
 2013  4  2 15.00   149  560599.0 7626795.2    91.0   -18.81    79.85     3.49   338.20     0.00
 2013  4  2 16.00   149  560599.0 7626795.2    91.0   -19.41    79.35     2.75   302.15     0.00
 2013  4  2 17.00   149  560599.0 7626795.2    91.0   -19.62    78.25     2.67   300.50     0.00
 2013  4  2 18.00   149  560599.0 7626795.2    91.0   -21.35    79.25     2.83   292.05     0.00
 2013  4  2 19.00   149  560599.0 7626795.2    91.0   -23.32    80.40     3.99   298.90     0.00
 2013  4  2 20.00   149  560599.0 7626795.2    91.0   -25.18    82.75     4.39   285.50     0.00
 2013  4  2 21.00   149  560599.0 7626795.2    91.0   -25.89    85.75     5.56   279.05     0.00
 2013  4  2 22.00   149  560599.0 7626795.2    91.0   -26.20    86.00     4.54   273.90     0.00
 2013  4  2 23.00   149  560599.0 7626795.2    91.0   -25.05    87.20     5.42   287.45     0.00
 2013  4  3  0.00   149  560599.0 7626795.2    91.0   -24.83    87.40     3.94   270.00     0.00
 2013  4  3  1.00   149  560599.0 7626795.2    91.0   -24.41    88.00     5.28   287.00     0.00
 2013  4  3  2.00   149  560599.0 7626795.2    91.0   -24.53    87.65     5.37   298.50     0.00
 2013  4  3  3.00   149  560599.0 7626795.2    91.0   -25.41    86.50     5.24   302.35     0.00
 2013  4  3  4.00   149  560599.0 7626795.2    91.0   -25.92    86.35     6.15   312.40     0.00
 2013  4  3  5.00   149  560599.0 7626795.2    91.0   -25.48    86.65     6.04   307.05     0.00
 2013  4  3  6.00   149  560599.0 7626795.2    91.0   -25.80    86.25     5.79   305.30     0.00
 2013  4  3  7.00   149  560599.0 7626795.2    91.0   -25.94    86.05     6.23   313.70     0.00
 2013  4  3  8.00   149  560599.0 7626795.2    91.0   -25.88    85.75     4.60   310.00     0.00
 2013  4  3  9.00   149  560599.0 7626795.2    91.0   -25.25    84.85     4.45   314.90     0.00
 2013  4  3 10.00   149  560599.0 7626795.2    91.0   -24.62    82.50     5.26   316.70     0.00
 2013  4  3 11.00   149  560599.0 7626795.2    91.0   -24.10    79.65     6.92   316.50     0.00
 2013  4  3 12.00   149  560599.0 7626795.2    91.0   -23.38    79.50     6.35   323.05     0.00
 2013  4  3 13.00   149  560599.0 7626795.2    91.0   -23.27    79.90     6.95   323.05     0.00
 2013  4  3 14.00   149  560599.0 7626795.2    91.0   -22.08    77.35     6.20   323.85     0.00
 2013  4  3 15.00   149  560599.0 7626795.2    91.0   -21.53    77.35     6.07   324.65     0.00
 2013  4  3 16.00   149  560599.0 7626795.2    91.0   -21.79    79.10     6.17   316.75     0.00
 2013  4  3 17.00   149  560599.0 7626795.2    91.0   -22.07    80.10     5.15   312.60     0.00
 2013  4  3 18.00   149  560599.0 7626795.2    91.0   -22.79    79.90     3.90   293.05     0.00
 2013  4  3 19.00   149  560599.0 7626795.2    91.0   -23.91    80.90     4.04   294.00     0.00
 2013  4  3 20.00   149  560599.0 7626795.2    91.0   -25.71    82.65     4.18   303.85     0.00
 2013  4  3 21.00   149  560599.0 7626795.2    91.0   -27.33    84.15     3.96   290.60     0.00
 2013  4  3 22.00   149  560599.0 7626795.2    91.0   -25.84    86.60     3.80   285.55     0.00
 2013  4  3 23.00   149  560599.0 7626795.2    91.0   -25.22    87.20     4.80   279.20     0.00
 2013  4  4  0.00   149  560599.0 7626795.2    91.0   -23.59    88.60     4.20   280.00     0.00
 2013  4  4  1.00   149  560599.0 7626795.2    91.0   -23.32    88.75     3.79   276.50     0.00
 2013  4  4  2.00   149  560599.0 7626795.2    91.0   -23.39    88.75     4.12   267.50     0.00
 2013  4  4  3.00   149  560599.0 7626795.2    91.0   -22.87    89.60     5.01   283.15     0.00
 2013  4  4  4.00   149  560599.0 7626795.2    91.0   -22.03    90.20     6.20   275.85     0.00
 2013  4  4  5.00   149  560599.0 7626795.2    91.0   -22.13    90.10     6.13   286.85     0.00
 2013  4  4  6.00   149  560599.0 7626795.2    91.0   -22.34    90.05     7.67   298.20     0.36
 2013  4  4  7.00   149  560599.0 7626795.2    91.0   -22.87    89.35     7.36   296.90     0.00
 2013  4  4  8.00   149  560599.0 7626795.2    91.0   -23.09    88.75     6.25   297.50     0.00
 2013  4  4  9.00   149  560599.0 7626795.2    91.0   -23.23    88.10     6.66   304.30     0.00
 2013  4  4 10.00   149  560599.0 7626795.2    91.0   -23.12    86.15     7.64   309.25     0.00
 2013  4  4 11.00   149  560599.0 7626795.2    91.0   -23.26    84.80     7.00   306.40     0.00
 2013  4  4 12.00   149  560599.0 7626795.2    91.0   -22.48    84.00     6.44   313.60     0.00
 2013  4  4 13.00   149  560599.0 7626795.2    91.0   -22.16    84.70     6.22   311.05     0.00
 2013  4  4 14.00   149  560599.0 7626795.2    91.0   -22.06    85.50     6.34   309.35     0.00
 2013  4  4 15.00   149  560599.0 7626795.2    91.0   -21.84    85.15     7.43   311.00     0.00
 2013  4  4 16.00   149  560599.0 7626795.2    91.0   -22.16    85.55     6.76   318.05     0.00
 2013  4  4 17.00   149  560599.0 7626795.2    91.0   -22.44    85.25     6.25   325.20     0.00
 2013  4  4 18.00   149  560599.0 7626795.2    91.0   -22.92    84.95     5.78   325.30     0.00
 2013  4  4 19.00   149  560599.0 7626795.2    91.0   -23.54    85.90     4.69   320.50     0.25
 2013  4  4 20.00   149  560599.0 7626795.2    91.0   -24.16    86.70     4.85   325.30     0.00
 2013  4  4 21.00   149  560599.0 7626795.2    91.0   -25.57    85.95     4.27   314.20     0.00
 2013  4  4 22.00   149  560599.0 7626795.2    91.0   -26.08    85.80     4.08   301.20     0.00
 2013  4  4 23.00   149  560599.0 7626795.2    91.0   -26.62    85.40     4.54   298.90     0.27
 2013  4  5  0.00   149  560599.0 7626795.2    91.0   -27.05    84.90     5.22   303.75     0.00
 2013  4  5  1.00   149  560599.0 7626795.2    91.0   -26.97    85.00     5.37   310.40     0.00
 2013  4  5  2.00   149  560599.0 7626795.2    91.0   -27.74    84.05     4.29   313.85     0.00
 2013  4  5  3.00   149  560599.0 7626795.2    91.0   -27.80    84.20     4.07   313.70     0.00
 2013  4  5  4.00   149  560599.0 7626795.2    91.0   -28.01    83.90     4.76   324.50     0.00
 2013  4  5  5.00   149  560599.0 7626795.2    91.0   -28.98    82.75     4.99   319.95     0.00
 2013  4  5  6.00   149  560599.0 7626795.2    91.0   -29.05    82.95     5.21   317.20     0.00
 2013  4  5  7.00   149  560599.0 7626795.2    91.0   -28.30    83.40     3.50   319.40     0.00
 2013  4  5  8.00   149  560599.0 7626795.2    91.0   -28.66    80.25     2.88   332.00     0.00
 2013  4  5  9.00   149  560599.0 7626795.2    91.0   -28.66    76.45     2.88   328.35     0.00
 2013  4  5 10.00   149  560599.0 7626795.2    91.0   -26.60    75.55     2.85   330.45     0.00
 2013  4  5 11.00   149  560599.0 7626795.2    91.0   -26.37    72.75     1.42   281.90     0.00
 2013  4  5 12.00   149  560599.0 7626795.2    91.0   -25.23    74.60     2.92   312.15     0.00
 2013  4  5 13.00   149  560599.0 7626795.2    91.0   -24.24    75.15     3.21   325.50     0.00
 2013  4  5 14.00   149  560599.0 7626795.2    91.0   -23.47    74.95     2.82   349.60     0.00
 2013  4  5 15.00   149  560599.0 7626795.2    91.0   -22.95    73.65     2.56    19.14     0.00
 2013  4  5 16.00   149  560599.0 7626795.2    91.0   -23.99    74.60     3.38    15.79     0.00
 2013  4  5 17.00   149  560599.0 7626795.2    91.0   -24.00    74.85     2.56     7.98     0.00
 2013  4  5 18.00   149  560599.0 7626795.2    91.0   -24.60    75.20     2.41   181.13     0.00
 2013  4  5 19.00   149  560599.0 7626795.2    91.0   -26.45    75.90     2.75   178.77     0.00
 2013  4  5 20.00   149  560599.0 7626795.2    91.0   -29.00    77.85     2.90   343.20     0.00
 2013  4  5 21.00   149  560599.0 7626795.2    91.0   -30.98    79.80     2.79   326.40     0.00
 2013  4  5 22.00   149  560599.0 7626795.2    91.0   -31.83    81.35     2.27   301.50     0.00
 2013  4  5 23.00   149  560599.0 7626795.2    91.0   -32.31    80.90     2.16   295.30     0.00
 2013  4  6  0.00   149  560599.0 7626795.2    91.0   -32.22    81.70     2.04   277.30     0.00
 2013  4  6  1.00   149  560599.0 7626795.2    91.0   -32.30    80.65     1.99   279.20     0.00
 2013  4  6  2.00   149  560599.0 7626795.2    91.0   -32.72    79.65     1.81   295.00     0.00
 2013  4  6  3.00   149  560599.0 7626795.2    91.0   -33.97    77.60     2.19   312.85     0.00
 2013  4  6  4.00   149  560599.0 7626795.2    91.0   -34.17    77.55     2.26   317.70     0.00
 2013  4  6  5.00   149  560599.0 7626795.2    91.0   -34.56    76.65     2.25   317.05     0.00
 2013  4  6  6.00   149  560599.0 7626795.2    91.0   -33.92    77.60     2.50   334.75     0.00
 2013  4  6  7.00   149  560599.0 7626795.2    91.0   -32.86    78.05     2.63   356.80     0.00
 2013  4  6  8.00   149  560599.0 7626795.2    91.0   -32.59    75.35     1.71   328.85     0.00
 2013  4  6  9.00   149  560599.0 7626795.2    91.0   -30.31    75.70     1.62   349.50     0.00
 2013  4  6 10.00   149  560599.0 7626795.2    91.0   -28.52    75.80     1.67   345.10     0.00
 2013  4  6 11.00   149  560599.0 7626795.2    91.0   -27.30    75.00     1.77   179.95     0.00
 2013  4  6 12.00   149  560599.0 7626795.2    91.0   -26.20    74.40     2.54   181.81     0.00
 2013  4  6 13.00   149  560599.0 7626795.2    91.0   -24.71    73.10     2.75    15.11     0.00
 2013  4  6 14.00   149  560599.0 7626795.2    91.0   -22.20    73.65     1.73   358.20     0.00
 2013  4  6 15.00   149  560599.0 7626795.2    91.0   -21.38    72.15     1.77   326.75     0.00
 2013  4  6 16.00   149  560599.0 7626795.2    91.0   -22.16    72.45     2.41   315.80     0.00
 2013  4  6 17.00   149  560599.0 7626795.2    91.0   -23.02    74.75     2.83   312.40     0.00
 2013  4  6 18.00   149  560599.0 7626795.2    91.0   -24.16    76.10     3.40   305.20     0.00
 2013  4  6 19.00   149  560599.0 7626795.2    91.0   -25.38    77.95     3.67   293.95     0.00
 2013  4  6 20.00   149  560599.0 7626795.2    91.0   -26.15    79.95     4.16   295.90     0.00
 2013  4  6 21.00   149  560599.0 7626795.2    91.0   -27.22    82.55     3.10   299.30     0.00
 2013  4  6 22.00   149  560599.0 7626795.2    91.0   -28.24    84.30     3.10   299.10     0.00
 2013  4  6 23.00   149  560599.0 7626795.2    91.0   -27.40    86.05     3.13   284.60     0.00
 2013  4  7  0.00   149  560599.0 7626795.2    91.0   -26.73    86.60     2.52   274.20     0.00
 2013  4  7  1.00   149  560599.0 7626795.2    91.0   -27.84    85.50     2.36   267.25     0.00
 2013  4  7  2.00   149  560599.0 7626795.2    91.0   -28.13    85.10     2.07   270.35     0.00
 2013  4  7  3.00   149  560599.0 7626795.2    91.0   -28.67    84.15     1.81   270.55     0.00
 2013  4  7  4.00   149  560599.0 7626795.2    91.0   -29.57    83.30     2.04   274.10     0.00
 2013  4  7  5.00   149  560599.0 7626795.2    91.0   -28.05    84.40     1.07   324.40     0.00
 2013  4  7  6.00   149  560599.0 7626795.2    91.0   -28.80    83.55     0.41   259.35     0.00
 2013  4  7  7.00   149  560599.0 7626795.2    91.0   -28.93    82.35     1.05   272.25     0.00
 2013  4  7  8.00   149  560599.0 7626795.2    91.0   -27.09    79.30     0.45   288.60     0.00
 2013  4  7  9.00   149  560599.0 7626795.2    91.0   -26.02    76.20     0.32   265.15     0.00
 2013  4  7 10.00   149  560599.0 7626795.2    91.0   -25.27    74.25     0.79   263.35     0.00
 2013  4  7 11.00   149  560599.0 7626795.2    91.0   -21.66    72.80     0.81   282.40     0.00
 2013  4  7 12.00   149  560599.0 7626795.2    91.0   -20.86    73.50     0.73   184.35     0.00
 2013  4  7 13.00   149  560599.0 7626795.2    91.0   -17.93    72.25     0.53    59.61     0.00
 2013  4  7 14.00   149  560599.0 7626795.2    91.0   -19.12    69.96     0.57   125.95     0.00
 2013  4  7 15.00   149  560599.0 7626795.2    91.0   -15.66    69.50     1.11    17.08     0.00
 2013  4  7 16.00   149  560599.0 7626795.2    91.0   -16.60    70.47     1.56   340.10     0.00
 2013  4  7 17.00   149  560599.0 7626795.2    91.0   -18.26    70.37     1.81    30.56     0.00
 2013  4  7 18.00   149  560599.0 7626795.2    91.0   -18.68    73.60     1.63   188.29     0.00
 2013  4  7 19.00   149  560599.0 7626795.2    91.0   -21.06    75.50     2.46   350.10     0.00
 2013  4  7 20.00   149  560599.0 7626795.2    91.0   -23.30    79.85     2.29   337.35     0.00
 2013  4  7 21.00   149  560599.0 7626795.2    91.0   -24.39    83.90     2.73   323.80     0.00
 2013  4  7 22.00   149  560599.0 7626795.2    91.0   -24.44    87.15     1.88   317.25     0.00
 2013  4  7 23.00   149  560599.0 7626795.2    91.0   -23.99    87.50     1.46   290.80     0.00
 2013  4  8  0.00   149  560599.0 7626795.2    91.0   -23.98    87.40     1.94   312.55     0.00
 2013  4  8  1.00   149  560599.0 7626795.2    91.0   -24.98    86.10     2.01   325.40     0.00
 2013  4  8  2.00   149  560599.0 7626795.2    91.0   -23.84    88.40     2.40   298.35     0.00
 2013  4  8  3.00   149  560599.0 7626795.2    91.0   -23.07    88.55     4.38   318.15     0.00
 2013  4  8  4.00   149  560599.0 7626795.2    91.0   -22.29    89.80     4.82   316.10     0.00
 2013  4  8  5.00   149  560599.0 7626795.2    91.0   -21.02    91.15     5.22   305.35     0.00
 2013  4  8  6.00   149  560599.0 7626795.2    91.0   -21.59    90.05     6.71   300.00     0.00
 2013  4  8  7.00   149  560599.0 7626795.2    91.0   -21.29    90.65     6.62   311.60     0.00
 2013  4  8  8.00   149  560599.0 7626795.2    91.0   -20.88    89.40     5.17   310.75     0.00
 2013  4  8  9.00   149  560599.0 7626795.2    91.0   -21.30    87.30     4.83   304.85     0.00
 2013  4  8 10.00   149  560599.0 7626795.2    91.0   -21.20    82.70     5.03   307.70     0.00
 2013  4  8 11.00   149  560599.0 7626795.2    91.0   -19.33    79.65     5.18   324.50     0.00
 2013  4  8 12.00   149  560599.0 7626795.2    91.0   -20.59    79.75     7.67   336.10     0.00
 2013  4  8 13.00   149  560599.0 7626795.2    91.0   -20.39    79.80     7.39   332.10     0.00
 2013  4  8 14.00   149  560599.0 7626795.2    91.0   -21.09    81.45     8.16   334.40     0.00
 2013  4  8 15.00   149  560599.0 7626795.2    91.0   -21.16    81.60     7.27   336.20     0.00
 2013  4  8 16.00   149  560599.0 7626795.2    91.0   -21.25    82.50     6.81   334.45     0.00
 2013  4  8 17.00   149  560599.0 7626795.2    91.0   -21.24    83.75     5.96   336.15     0.00
 2013  4  8 18.00   149  560599.0 7626795.2    91.0   -21.54    84.85     5.17   349.25     0.00
 2013  4  8 19.00   149  560599.0 7626795.2    91.0   -22.35    85.85     5.49   353.80     0.00
 2013  4  8 20.00   149  560599.0 7626795.2    91.0   -23.08    86.85     5.67   352.65     0.00
 2013  4  8 21.00   149  560599.0 7626795.2    91.0   -23.39    87.75     5.82   354.45     0.00
 2013  4  8 22.00   149  560599.0 7626795.2    91.0   -23.27    88.20     5.37   178.79     0.00
 2013  4  8 23.00   149  560599.0 7626795.2    91.0   -23.20    88.35     4.76   178.89     0.00
 2013  4  9  0.00   149  560599.0 7626795.2    91.0   -23.19    88.40     5.29   178.60     0.00
 2013  4  9  1.00   149  560599.0 7626795.2    91.0   -23.97    87.65     4.64     2.12     0.00
 2013  4  9  2.00   149  560599.0 7626795.2    91.0   -24.49    87.70     3.88   354.70     0.00
 2013  4  9  3.00   149  560599.0 7626795.2    91.0   -23.59    88.70     4.16   356.60     0.00
 2013  4  9  4.00   149  560599.0 7626795.2    91.0   -23.84    88.30     4.07   347.20     0.00
 2013  4  9  5.00   149  560599.0 7626795.2    91.0   -24.23    88.20     5.01   347.85     0.00
 2013  4  9  6.00   149  560599.0 7626795.2    91.0   -24.11    88.15     5.67   341.45     0.00
 2013  4  9  7.00   149  560599.0 7626795.2    91.0   -23.70    88.40     6.04   343.65     0.00
 2013  4  9  8.00   149  560599.0 7626795.2    91.0   -23.32    88.50     7.19   331.25     0.00
 2013  4  9  9.00   149  560599.0 7626795.2    91.0   -22.49    88.65     7.62   330.65     0.00
 2013  4  9 10.00   149  560599.0 7626795.2    91.0   -21.85    88.75     8.38   328.90     0.00
 2013  4  9 11.00   149  560599.0 7626795.2    91.0   -21.13    88.65     7.84   326.60     0.00
 2013  4  9 12.00   149  560599.0 7626795.2    91.0   -20.24    88.90     8.10   334.90     0.00
 2013  4  9 13.00   149  560599.0 7626795.2    91.0   -20.00    90.05     9.00   322.80     0.00
 2013  4  9 14.00   149  560599.0 7626795.2    91.0   -19.07    91.00     7.60   323.80     0.00
 2013  4  9 15.00   149  560599.0 7626795.2    91.0   -18.15    91.50     7.90   321.20     0.00
 2013  4  9 16.00   149  560599.0 7626795.2    91.0   -18.07    92.35     8.12   312.35     0.00
 2013  4  9 17.00   149  560599.0 7626795.2    91.0   -17.64    93.30     7.77   312.50     0.00
 2013  4  9 18.00   149  560599.0 7626795.2    91.0   -17.66    93.60     7.95   302.15     0.00
 2013  4  9 19.00   149  560599.0 7626795.2    91.0   -17.75    94.05     8.91   306.60     0.00
 2013  4  9 20.00   149  560599.0 7626795.2    91.0   -17.82    94.40     8.40   302.70     0.00
 2013  4  9 21.00   149  560599.0 7626795.2    91.0   -18.05    94.55     7.97   297.35     0.00
 2013  4  9 22.00   149  560599.0 7626795.2    91.0   -18.43    94.10     9.15   289.45     0.00
 2013  4  9 23.00   149  560599.0 7626795.2    91.0   -18.47    94.40    10.17   302.60     0.00
 2013  4 10  0.00   149  560599.0 7626795.2    91.0   -18.25    94.65    10.14   307.35     0.00
 2013  4 10  1.00   149  560599.0 7626795.2    91.0   -18.14    94.65    10.53   310.05     0.00
 2013  4 10  2.00   149  560599.0 7626795.2    91.0   -18.12    94.70    10.27   306.15     0.00
 2013  4 10  3.00   149  560599.0 7626795.2    91.0   -18.38    94.45    10.26   300.45     0.00
 2013  4 10  4.00   149  560599.0 7626795.2    91.0   -18.59    94.20    11.50   301.80     1.22
 2013  4 10  5.00   149  560599.0 7626795.2    91.0   -18.82    93.95    11.25   298.50     0.00
 2013  4 10  6.00   149  560599.0 7626795.2    91.0   -19.16    93.60    11.23   293.75     0.90
 2013  4 10  7.00   149  560599.0 7626795.2    91.0   -19.27    93.45    11.25   291.40     0.00
 2013  4 10  8.00   149  560599.0 7626795.2    91.0   -19.20    93.30    11.52   287.65     0.00
 2013  4 10  9.00   149  560599.0 7626795.2    91.0   -19.05    93.15    12.25   289.65     0.00
 2013  4 10 10.00   149  560599.0 7626795.2    91.0   -18.80    92.95    12.44   294.55     0.00
 2013  4 10 11.00   149  560599.0 7626795.2    91.0   -18.61    93.00    11.98   295.35     0.43
 2013  4 10 12.00   149  560599.0 7626795.2    91.0   -18.23    93.20    11.38   288.85     0.00
 2013  4 10 13.00   149  560599.0 7626795.2    91.0   -18.00    93.40    12.36   294.05     0.00
 2013  4 10 14.00   149  560599.0 7626795.2    91.0   -17.58    93.65    12.56   298.35     0.00
 2013  4 10 15.00   149  560599.0 7626795.2    91.0   -17.11    93.95    11.79   295.10     0.00
 2013  4 10 16.00   149  560599.0 7626795.2    91.0   -16.76    94.25    11.14   295.60     0.00
 2013  4 10 17.00   149  560599.0 7626795.2    91.0   -16.85    94.30    10.65   298.30     0.00
 2013  4 10 18.00   149  560599.0 7626795.2    91.0   -16.96    94.65    10.69   293.25     0.46
 2013  4 10 19.00   149  560599.0 7626795.2    91.0   -16.94    94.90     9.32   287.90     0.45
 2013  4 10 20.00   149  560599.0 7626795.2    91.0   -17.02    95.00     9.43   285.45     0.00
 2013  4 10 21.00   149  560599.0 7626795.2    91.0   -17.14    95.00     9.15   285.75     0.37
 2013  4 10 22.00   149  560599.0 7626795.2    91.0   -17.32    95.00    10.23   284.10     0.00
 2013  4 10 23.00   149  560599.0 7626795.2    91.0   -17.26    95.00    10.43   288.90     0.00
 2013  4 11  0.00   149  560599.0 7626795.2    91.0   -17.20    95.00    11.13   290.65     0.64
 2013  4 11  1.00   149  560599.0 7626795.2    91.0   -16.97    95.00    11.02   283.35     0.00
 2013  4 11  2.00   149  560599.0 7626795.2    91.0   -17.16    95.00    11.73   280.80     0.00
 2013  4 11  3.00   149  560599.0 7626795.2    91.0   -17.37    94.90    10.38   278.65     0.00
 2013  4 11  4.00   149  560599.0 7626795.2    91.0   -17.58    94.70     9.69   279.25     0.00
 2013  4 11  5.00   149  560599.0 7626795.2    91.0   -17.69    94.60     8.82   275.50     0.00
 2013  4 11  6.00   149  560599.0 7626795.2    91.0   -17.62    94.45     8.91   272.95     0.00
 2013  4 11  7.00   149  560599.0 7626795.2    91.0   -17.70    94.25     9.73   273.00     0.00
 2013  4 11  8.00   149  560599.0 7626795.2    91.0   -17.59    94.00    10.00   275.45     0.00
 2013  4 11  9.00   149  560599.0 7626795.2    91.0   -17.38    93.60     9.97   280.05     0.66
 2013  4 11 10.00   149  560599.0 7626795.2    91.0   -17.50    93.25    10.25   282.45     0.00
 2013  4 11 11.00   149  560599.0 7626795.2    91.0   -17.45    92.85    10.64   283.00     0.00
 2013  4 11 12.00   149  560599.0 7626795.2    91.0   -17.38    92.05    11.21   283.05     0.00
 2013  4 11 13.00   149  560599.0 7626795.2    91.0   -17.32    91.95    11.00   281.25     0.00
 2013  4 11 14.00   149  560599.0 7626795.2    91.0   -17.31    92.25    10.37   285.30     0.00
 2013  4 11 15.00   149  560599.0 7626795.2    91.0   -17.30    92.40    11.29   287.40     0.00
 2013  4 11 16.00   149  560599.0 7626795.2    91.0   -17.66    92.55    11.91   286.70     0.56
 2013  4 11 17.00   149  560599.0 7626795.2    91.0   -17.74    92.85    10.79   285.95     0.00
 2013  4 11 18.00   149  560599.0 7626795.2    91.0   -17.76    93.40    10.51   288.80     0.00
 2013  4 11 19.00   149  560599.0 7626795.2    91.0   -17.55    94.15    11.80   293.05     0.00
 2013  4 11 20.00   149  560599.0 7626795.2    91.0   -17.30    94.80    12.18   292.25     0.00
 2013  4 11 21.00   149  560599.0 7626795.2    91.0   -17.06    95.00    11.79   293.25     0.64
 2013  4 11 22.00   149  560599.0 7626795.2    91.0   -17.02    95.00    12.34   295.25     0.73
 2013  4 11 23.00   149  560599.0 7626795.2    91.0   -17.06    95.00    12.25   297.40     0.00
 2013  4 12  0.00   149  560599.0 7626795.2    91.0   -17.00    95.00    11.21   296.00     0.00
 2013  4 12  1.00   149  560599.0 7626795.2    91.0   -17.19    95.00    10.29   297.60     0.66
 2013  4 12  2.00   149  560599.0 7626795.2    91.0   -17.49    95.00    11.54   297.00     0.00
 2013  4 12  3.00   149  560599.0 7626795.2    91.0   -17.59    95.00    12.12   296.90     0.56
 2013  4 12  4.00   149  560599.0 7626795.2    91.0   -17.49    95.00    12.79   295.35     0.00
 2013  4 12  5.00   149  560599.0 7626795.2    91.0   -17.37    95.00    13.55   294.40     0.00
 2013  4 12  6.00   149  560599.0 7626795.2    91.0   -17.24    95.00    13.77   292.05     0.73
 2013  4 12  7.00   149  560599.0 7626795.2    91.0   -17.15    95.00    13.48   293.10     0.86
 2013  4 12  8.00   149  560599.0 7626795.2    91.0   -17.02    95.00    13.41   293.30     0.00
 2013  4 12  9.00   149  560599.0 7626795.2    91.0   -17.04    95.00    13.43   292.05     0.00
 2013  4 12 10.00   149  560599.0 7626795.2    91.0   -17.07    94.55    13.37   293.60     0.00
 2013  4 12 11.00   149  560599.0 7626795.2    91.0   -17.02    94.20    12.68   295.35     0.43
 2013  4 12 12.00   149  560599.0 7626795.2    91.0   -16.87    93.55    12.79   296.45     1.54
 2013  4 12 13.00   149  560599.0 7626795.2    91.0   -16.66    94.10    12.68   299.90     0.00
 2013  4 12 14.00   149  560599.0 7626795.2    91.0   -16.12    94.35    10.96   293.60     0.00
 2013  4 12 15.00   149  560599.0 7626795.2    91.0   -15.70    94.55    11.17   291.35     0.00
 2013  4 12 16.00   149  560599.0 7626795.2    91.0   -15.12    94.95    11.95   289.60     0.00
 2013  4 12 17.00   149  560599.0 7626795.2    91.0   -15.08    95.00    11.96   292.25     0.00
 2013  4 12 18.00   149  560599.0 7626795.2    91.0   -15.10    95.00    11.91   290.95     0.00
 2013  4 12 19.00   149  560599.0 7626795.2    91.0   -15.05    95.00    10.77   285.10     0.00
 2013  4 12 20.00   149  560599.0 7626795.2    91.0   -15.06    95.00    10.95   286.95     0.00
 2013  4 12 21.00   149  560599.0 7626795.2    91.0   -15.20    95.00    10.48   289.90     0.00
 2013  4 12 22.00   149  560599.0 7626795.2    91.0   -15.38    95.00    10.10   290.15     0.00
 2013  4 12 23.00   149  560599.0 7626795.2    91.0   -15.24    95.00     9.97   290.90     0.00
 2013  4 13  0.00   149  560599.0 7626795.2    91.0   -15.30    95.00     9.51   293.85     0.00
 2013  4 13  1.00   149  560599.0 7626795.2    91.0   -16.27    95.00     8.45   285.60     0.00
 2013  4 13  2.00   149  560599.0 7626795.2    91.0   -17.13    95.00     9.09   284.75     0.00
 2013  4 13  3.00   149  560599.0 7626795.2    91.0   -17.02    95.00     8.98   280.30     0.00
 2013  4 13  4.00   149  560599.0 7626795.2    91.0   -17.08    95.00     8.29   282.85     0.00
 2013  4 13  5.00   149  560599.0 7626795.2    91.0   -17.09    95.00     7.94   287.25     0.00
 2013  4 13  6.00   149  560599.0 7626795.2    91.0   -17.04    94.95     7.55   278.95     0.00
 2013  4 13  7.00   149  560599.0 7626795.2    91.0   -18.13    93.30     7.39   272.65     0.00
 2013  4 13  8.00   149  560599.0 7626795.2    91.0   -17.55    92.40     8.51   280.10     0.00
 2013  4 13  9.00   149  560599.0 7626795.2    91.0   -17.01    91.95     9.21   282.35     0.00
 2013  4 13 10.00   149  560599.0 7626795.2    91.0   -16.08    89.25     7.23   260.60     0.00
 2013  4 13 11.00   149  560599.0 7626795.2    91.0   -14.88    88.20     7.81   267.35     0.00
 2013  4 13 12.00   149  560599.0 7626795.2    91.0   -13.61    82.55     5.97   260.90     0.00
 2013  4 13 13.00   149  560599.0 7626795.2    91.0   -12.48    77.85     3.90   251.75     0.00
 2013  4 13 14.00   149  560599.0 7626795.2    91.0   -11.39    76.75     4.36   230.95     0.00
 2013  4 13 15.00   149  560599.0 7626795.2    91.0   -10.60    75.30     4.34   218.40     0.00
 2013  4 13 16.00   149  560599.0 7626795.2    91.0   -10.04    75.70     3.26   212.95     0.00
 2013  4 13 17.00   149  560599.0 7626795.2    91.0    -9.57    73.95     2.32   228.90     0.00
 2013  4 13 18.00   149  560599.0 7626795.2    91.0    -9.91    74.40     2.38   226.60     0.00
 2013  4 13 19.00   149  560599.0 7626795.2    91.0   -10.66    74.90     2.08   246.65     0.00
 2013  4 13 20.00   149  560599.0 7626795.2    91.0   -11.82    76.10     1.72   259.65     0.00
 2013  4 13 21.00   149  560599.0 7626795.2    91.0   -14.18    78.50     2.36   272.70     0.00
 2013  4 13 22.00   149  560599.0 7626795.2    91.0   -15.59    81.25     1.95   267.75     0.00
 2013  4 13 23.00   149  560599.0 7626795.2    91.0   -15.31    81.70     1.84   263.55     0.00
 2013  4 14  0.00   149  560599.0 7626795.2    91.0   -16.12    80.90     1.79   274.85     0.00
 2013  4 14  1.00   149  560599.0 7626795.2    91.0   -18.03    83.50     1.78   291.65     0.00
 2013  4 14  2.00   149  560599.0 7626795.2    91.0   -19.35    85.55     2.29   263.40     0.00
 2013  4 14  3.00   149  560599.0 7626795.2    91.0   -18.83    87.05     1.74   277.20     0.00
 2013  4 14  4.00   149  560599.0 7626795.2    91.0   -20.18    90.65     1.49   271.50     0.00
 2013  4 14  5.00   149  560599.0 7626795.2    91.0   -20.49    91.00     1.81   266.65     0.00
 2013  4 14  6.00   149  560599.0 7626795.2    91.0   -20.96    89.60     3.02   281.20     0.00
 2013  4 14  7.00   149  560599.0 7626795.2    91.0   -19.96    93.10     2.05   236.05     0.00
 2013  4 14  8.00   149  560599.0 7626795.2    91.0   -17.94    85.50     1.11   231.65     0.00
 2013  4 14  9.00   149  560599.0 7626795.2    91.0   -17.98    83.45     3.31   261.55     0.00
 2013  4 14 10.00   149  560599.0 7626795.2    91.0   -17.05    83.60     4.07   277.20     0.00
 2013  4 14 11.00   149  560599.0 7626795.2    91.0   -16.54    81.15     4.26   270.80     0.00
 2013  4 14 12.00   149  560599.0 7626795.2    91.0   -15.90    81.10     3.80   262.20     0.00
 2013  4 14 13.00   149  560599.0 7626795.2    91.0   -15.34    82.30     4.64   284.45     0.00
 2013  4 14 14.00   149  560599.0 7626795.2    91.0   -14.98    81.85     3.85   278.50     0.00
 2013  4 14 15.00   149  560599.0 7626795.2    91.0   -13.85    79.75     3.19   280.85     0.00
 2013  4 14 16.00   149  560599.0 7626795.2    91.0   -13.29    80.00     2.83   291.90     0.00
 2013  4 14 17.00   149  560599.0 7626795.2    91.0   -13.25    81.85     3.21   288.95     0.00
 2013  4 14 18.00   149  560599.0 7626795.2    91.0   -13.61    82.95     2.81   291.10     0.00
 2013  4 14 19.00   149  560599.0 7626795.2    91.0   -14.54    84.15     2.94   275.20     0.00
 2013  4 14 20.00   149  560599.0 7626795.2    91.0   -15.70    84.90     2.40   268.45     0.00
 2013  4 14 21.00   149  560599.0 7626795.2    91.0   -17.58    87.00     2.36   271.65     0.00
 2013  4 14 22.00   149  560599.0 7626795.2    91.0   -18.62    89.20     1.83   276.15     0.00
 2013  4 14 23.00   149  560599.0 7626795.2    91.0   -19.70    90.00     1.97   275.70     0.00
 2013  4 15  0.00   149  560599.0 7626795.2    91.0   -20.16    92.05     1.65   272.60     0.00
 2013  4 15  1.00   149  560599.0 7626795.2    91.0   -20.63    93.40     1.79   266.60     0.00
 2013  4 15  2.00   149  560599.0 7626795.2    91.0   -21.14    94.00     1.62   277.00     0.00
 2013  4 15  3.00   149  560599.0 7626795.2    91.0   -21.99    93.40     1.75   267.10     0.00
 2013  4 15  4.00   149  560599.0 7626795.2    91.0   -21.96    93.00     1.62   274.90     0.00
 2013  4 15  5.00   149  560599.0 7626795.2    91.0   -22.46    91.30     1.56   266.35     0.00
 2013  4 15  6.00   149  560599.0 7626795.2    91.0   -23.43    89.95     1.85   264.85     0.00
 2013  4 15  7.00   149  560599.0 7626795.2    91.0   -23.13    89.75     1.98   261.60     0.00
 2013  4 15  8.00   149  560599.0 7626795.2    91.0   -22.12    87.25     2.37   259.45     0.00
 2013  4 15  9.00   149  560599.0 7626795.2    91.0   -20.42    85.95     2.17   265.15     0.00
 2013  4 15 10.00   149  560599.0 7626795.2    91.0   -18.71    81.80     2.29   275.15     0.00
 2013  4 15 11.00   149  560599.0 7626795.2    91.0   -16.95    75.35     1.56   269.20     0.00
 2013  4 15 12.00   149  560599.0 7626795.2    91.0   -15.46    69.97     0.97   269.05     0.00
 2013  4 15 13.00   149  560599.0 7626795.2    91.0   -14.59    67.00     0.79   248.60     0.00
 2013  4 15 14.00   149  560599.0 7626795.2    91.0   -14.62    70.00     1.19   252.45     0.00
 2013  4 15 15.00   149  560599.0 7626795.2    91.0   -14.88    73.05     1.48   262.05     0.00
 2013  4 15 16.00   149  560599.0 7626795.2    91.0   -14.92    75.20     1.81   276.15     0.00
 2013  4 15 17.00   149  560599.0 7626795.2    91.0   -15.38    78.70     2.30   295.85     0.00
 2013  4 15 18.00   149  560599.0 7626795.2    91.0   -15.32    76.45     1.63   290.60     0.00
 2013  4 15 19.00   149  560599.0 7626795.2    91.0   -16.47    76.75     1.47   316.30     0.00
 2013  4 15 20.00   149  560599.0 7626795.2    91.0   -18.12    81.10     1.19    27.68     0.00
 2013  4 15 21.00   149  560599.0 7626795.2    91.0   -18.71    84.80     0.59    99.40     0.00
 2013  4 15 22.00   149  560599.0 7626795.2    91.0   -20.99    93.10     0.48   220.70     0.00
 2013  4 15 23.00   149  560599.0 7626795.2    91.0   -22.16    93.80     0.49   256.30     0.00
 2013  4 16  0.00   149  560599.0 7626795.2    91.0   -23.06    92.15     0.27   254.15     0.00
 2013  4 16  1.00   149  560599.0 7626795.2    91.0   -23.48    90.60     0.58   157.03     0.00
 2013  4 16  2.00   149  560599.0 7626795.2    91.0   -24.36    90.05     0.73   268.25     0.00
 2013  4 16  3.00   149  560599.0 7626795.2    91.0   -24.45    89.20     0.45   282.15     0.00
 2013  4 16  4.00   149  560599.0 7626795.2    91.0   -25.31    87.60     0.57   283.70     0.00
 2013  4 16  5.00   149  560599.0 7626795.2    91.0   -24.80    88.20     0.59   308.25     0.00
 2013  4 16  6.00   149  560599.0 7626795.2    91.0   -24.95    87.45     0.82   320.60     0.00
 2013  4 16  7.00   149  560599.0 7626795.2    91.0   -23.92    86.95     0.72   275.50     0.00
 2013  4 16  8.00   149  560599.0 7626795.2    91.0   -22.59    84.05     0.83   310.45     0.00
 2013  4 16  9.00   149  560599.0 7626795.2    91.0   -21.30    78.20     1.28   273.05     0.00
 2013  4 16 10.00   149  560599.0 7626795.2    91.0   -19.77    71.10     1.66   267.30     0.00
 2013  4 16 11.00   149  560599.0 7626795.2    91.0   -17.50    65.89     1.31   270.60     0.00
 2013  4 16 12.00   149  560599.0 7626795.2    91.0   -15.51    65.91     1.09   160.03     0.00
 2013  4 16 13.00   149  560599.0 7626795.2    91.0   -17.35    77.25     1.95    13.34     0.00
 2013  4 16 14.00   149  560599.0 7626795.2    91.0   -14.29    68.79     0.79   189.41     0.00
 2013  4 16 15.00   149  560599.0 7626795.2    91.0   -15.41    73.90     1.68    24.73     0.00
 2013  4 16 16.00   149  560599.0 7626795.2    91.0   -16.39    79.95     2.40    26.77     0.00
 2013  4 16 17.00   149  560599.0 7626795.2    91.0   -16.56    82.15     2.55    36.17     0.00
 2013  4 16 18.00   149  560599.0 7626795.2    91.0   -16.83    84.80     2.71    30.96     0.00
 2013  4 16 19.00   149  560599.0 7626795.2    91.0   -17.00    83.80     1.92    28.68     0.00
 2013  4 16 20.00   149  560599.0 7626795.2    91.0   -17.97    84.65     1.81    19.29     0.00
 2013  4 16 21.00   149  560599.0 7626795.2    91.0   -19.84    90.55     1.84    12.91     0.00
 2013  4 16 22.00   149  560599.0 7626795.2    91.0   -21.31    94.25     2.10     9.89     0.00
 2013  4 16 23.00   149  560599.0 7626795.2    91.0   -21.73    93.30     2.71    13.34     0.00
 2013  4 17  0.00   149  560599.0 7626795.2    91.0   -22.26    91.85     1.95     7.49     0.00
 2013  4 17  1.00   149  560599.0 7626795.2    91.0   -22.94    91.25     1.65   162.27     0.00
 2013  4 17  2.00   149  560599.0 7626795.2    91.0   -24.23    90.10     1.33   334.80     0.00
 2013  4 17  3.00   149  560599.0 7626795.2    91.0   -24.51    90.15     1.66   321.80     0.00
 2013  4 17  4.00   149  560599.0 7626795.2    91.0   -24.52    89.15     1.81   350.20     0.00
 2013  4 17  5.00   149  560599.0 7626795.2    91.0   -25.74    87.25     1.14   322.20     0.00
 2013  4 17  6.00   149  560599.0 7626795.2    91.0   -26.70    86.45     1.35   313.40     0.00
 2013  4 17  7.00   149  560599.0 7626795.2    91.0   -26.25    84.70     1.46   312.35     0.00
 2013  4 17  8.00   149  560599.0 7626795.2    91.0   -24.96    82.65     1.32   300.35     0.00
 2013  4 17  9.00   149  560599.0 7626795.2    91.0   -23.62    80.80     1.44   306.05     0.00
 2013  4 17 10.00   149  560599.0 7626795.2    91.0   -22.94    79.20     2.25   301.00     0.00
 2013  4 17 11.00   149  560599.0 7626795.2    91.0   -21.54    76.10     1.85   317.50     0.00
 2013  4 17 12.00   149  560599.0 7626795.2    91.0   -20.94    79.60     3.33   330.40     0.00
 2013  4 17 13.00   149  560599.0 7626795.2    91.0   -19.05    79.10     2.78   173.84     0.00
 2013  4 17 14.00   149  560599.0 7626795.2    91.0   -18.88    80.30     3.26   182.85     0.00
 2013  4 17 15.00   149  560599.0 7626795.2    91.0   -18.25    82.25     3.42     5.81     0.00
 2013  4 17 16.00   149  560599.0 7626795.2    91.0   -17.29    81.65     3.34   182.73     0.00
 2013  4 17 17.00   149  560599.0 7626795.2    91.0   -17.03    83.30     3.68    16.87     0.00
 2013  4 17 18.00   149  560599.0 7626795.2    91.0   -17.08    84.15     3.35     8.24     0.00
 2013  4 17 19.00   149  560599.0 7626795.2    91.0   -17.95    85.30     3.25   347.40     0.00
 2013  4 17 20.00   149  560599.0 7626795.2    91.0   -18.64    87.20     3.17   351.10     0.00
 2013  4 17 21.00   149  560599.0 7626795.2    91.0   -19.70    90.00     2.97   343.90     0.00
 2013  4 17 22.00   149  560599.0 7626795.2    91.0   -20.91    92.35     3.18   346.60     0.00
 2013  4 17 23.00   149  560599.0 7626795.2    91.0   -21.86    92.05     3.25   343.10     0.00
 2013  4 18  0.00   149  560599.0 7626795.2    91.0   -21.95    92.05     3.75   340.10     0.00
 2013  4 18  1.00   149  560599.0 7626795.2    91.0   -22.18    91.70     4.28   347.05     0.00
 2013  4 18  2.00   149  560599.0 7626795.2    91.0   -21.61    92.00     3.34   176.66     0.00
 2013  4 18  3.00   149  560599.0 7626795.2    91.0   -21.80    91.50     3.48   347.65     0.00
 2013  4 18  4.00   149  560599.0 7626795.2    91.0   -21.57    91.35     4.12   356.35     0.00
 2013  4 18  5.00   149  560599.0 7626795.2    91.0   -21.34    91.60     4.29   354.55     0.00
 2013  4 18  6.00   149  560599.0 7626795.2    91.0   -21.44    91.35     3.97     6.93     0.00
 2013  4 18  7.00   149  560599.0 7626795.2    91.0   -21.53    90.95     4.10     5.60     0.00
 2013  4 18  8.00   149  560599.0 7626795.2    91.0   -21.24    90.75     3.66     5.84     0.00
 2013  4 18  9.00   149  560599.0 7626795.2    91.0   -20.88    90.80     3.48     3.61     0.00
 2013  4 18 10.00   149  560599.0 7626795.2    91.0   -20.38    90.50     3.02   353.55     0.00
 2013  4 18 11.00   149  560599.0 7626795.2    91.0   -20.12    90.25     3.38   354.95     0.00
 2013  4 18 12.00   149  560599.0 7626795.2    91.0   -19.68    90.40     3.65   344.70     0.00
 2013  4 18 13.00   149  560599.0 7626795.2    91.0   -18.97    90.30     3.02   346.60     0.00
 2013  4 18 14.00   149  560599.0 7626795.2    91.0   -18.31    89.60     3.03   341.60     0.00
 2013  4 18 15.00   149  560599.0 7626795.2    91.0   -17.12    88.95     2.83   341.15     0.00
 2013  4 18 16.00   149  560599.0 7626795.2    91.0   -16.55    88.00     2.85   347.60     0.00
 2013  4 18 17.00   149  560599.0 7626795.2    91.0   -16.71    85.85     3.17   352.25     0.00
 2013  4 18 18.00   149  560599.0 7626795.2    91.0   -16.17    85.25     2.17   352.00     0.00
 2013  4 18 19.00   149  560599.0 7626795.2    91.0   -15.81    85.90     1.60   347.20     0.00
 2013  4 18 20.00   149  560599.0 7626795.2    91.0   -17.45    85.85     1.12   313.75     0.00
 2013  4 18 21.00   149  560599.0 7626795.2    91.0   -21.83    87.90     1.62   255.20     0.00
 2013  4 18 22.00   149  560599.0 7626795.2    91.0   -23.41    90.30     2.21   258.20     0.00
 2013  4 18 23.00   149  560599.0 7626795.2    91.0   -23.15    90.95     2.79   272.55     0.00
 2013  4 19  0.00   149  560599.0 7626795.2    91.0   -21.91    91.10     2.75   274.95     0.00
 2013  4 19  1.00   149  560599.0 7626795.2    91.0   -21.06    92.05     2.18   260.00     0.00
 2013  4 19  2.00   149  560599.0 7626795.2    91.0   -19.41    93.70     2.98   257.85     0.00
 2013  4 19  3.00   149  560599.0 7626795.2    91.0   -18.06    94.40     4.07   261.35     0.00
 2013  4 19  4.00   149  560599.0 7626795.2    91.0   -17.73    93.85     5.09   273.30     0.00
 2013  4 19  5.00   149  560599.0 7626795.2    91.0   -17.39    93.65     4.25   270.05     0.00
 2013  4 19  6.00   149  560599.0 7626795.2    91.0   -16.63    94.15     5.99   276.35     0.00
 2013  4 19  7.00   149  560599.0 7626795.2    91.0   -16.64    92.75     4.82   269.35     0.00
 2013  4 19  8.00   149  560599.0 7626795.2    91.0   -16.22    91.90     6.85   284.50     0.00
 2013  4 19  9.00   149  560599.0 7626795.2    91.0   -15.59    89.00     7.22   282.05     0.00
 2013  4 19 10.00   149  560599.0 7626795.2    91.0   -15.11    85.65     7.15   267.35     0.00
 2013  4 19 11.00   149  560599.0 7626795.2    91.0   -13.75    82.15     7.75   268.30     0.00
 2013  4 19 12.00   149  560599.0 7626795.2    91.0   -12.95    81.45     7.50   268.65     0.00
 2013  4 19 13.00   149  560599.0 7626795.2    91.0   -11.52    79.10     8.34   275.30     0.00
 2013  4 19 14.00   149  560599.0 7626795.2    91.0   -10.85    80.05     9.00   283.15     0.00
 2013  4 19 15.00   149  560599.0 7626795.2    91.0   -10.14    79.45     8.23   283.45     0.00
 2013  4 19 16.00   149  560599.0 7626795.2    91.0    -9.83    79.05     8.47   285.15     0.00
 2013  4 19 17.00   149  560599.0 7626795.2    91.0    -9.75    76.15     7.95   282.60     0.00
 2013  4 19 18.00   149  560599.0 7626795.2    91.0    -9.86    76.15     7.00   284.60     0.00
 2013  4 19 19.00   149  560599.0 7626795.2    91.0   -10.02    78.25     6.71   290.10     0.00
 2013  4 19 20.00   149  560599.0 7626795.2    91.0    -9.65    80.75     5.96   282.40     0.00
 2013  4 19 21.00   149  560599.0 7626795.2    91.0   -10.18    80.85     4.78   266.40     0.00
 2013  4 19 22.00   149  560599.0 7626795.2    91.0   -11.18    82.70     5.44   270.10     0.00
 2013  4 19 23.00   149  560599.0 7626795.2    91.0   -11.65    83.05     4.74   264.10     0.00
 2013  4 20  0.00   149  560599.0 7626795.2    91.0   -11.51    82.70     3.15   246.40     0.00
 2013  4 20  1.00   149  560599.0 7626795.2    91.0    -9.18    69.99     5.55   269.25     0.00
 2013  4 20  2.00   149  560599.0 7626795.2    91.0    -9.57    68.22     5.98   267.55     0.00
 2013  4 20  3.00   149  560599.0 7626795.2    91.0    -9.71    66.48     5.53   269.30     0.00
 2013  4 20  4.00   149  560599.0 7626795.2    91.0    -9.83    66.31     4.75   261.35     0.00
 2013  4 20  5.00   149  560599.0 7626795.2    91.0   -10.74    70.46     4.08   239.55     0.00
 2013  4 20  6.00   149  560599.0 7626795.2    91.0   -11.23    74.55     4.02   232.90     0.00
 2013  4 20  7.00   149  560599.0 7626795.2    91.0   -10.39    74.25     3.80   237.50     0.00
 2013  4 20  8.00   149  560599.0 7626795.2    91.0    -9.43    72.55     4.08   242.65     0.00
 2013  4 20  9.00   149  560599.0 7626795.2    91.0    -8.30    69.25     4.33   237.25     0.00
 2013  4 20 10.00   149  560599.0 7626795.2    91.0    -5.71    64.72     4.92   257.05     0.00
 2013  4 20 11.00   149  560599.0 7626795.2    91.0    -4.80    65.01     6.80   275.95     0.00
 2013  4 20 12.00   149  560599.0 7626795.2    91.0    -4.81    68.53     8.15   281.05     0.00
 2013  4 20 13.00   149  560599.0 7626795.2    91.0    -4.94    73.40     9.38   281.70     0.00
 2013  4 20 14.00   149  560599.0 7626795.2    91.0    -4.45    73.85     8.58   276.10     0.00
 2013  4 20 15.00   149  560599.0 7626795.2    91.0    -4.04    70.81     7.16   277.65     0.00
 2013  4 20 16.00   149  560599.0 7626795.2    91.0    -4.42    69.87     5.02   279.55     0.00
 2013  4 20 17.00   149  560599.0 7626795.2    91.0    -4.59    73.25     4.66   291.15     0.00
 2013  4 20 18.00   149  560599.0 7626795.2    91.0    -5.14    75.95     5.60   292.60     0.00
 2013  4 20 19.00   149  560599.0 7626795.2    91.0    -5.78    77.25     4.96   297.65     0.00
 2013  4 20 20.00   149  560599.0 7626795.2    91.0    -6.29    72.40     7.98   306.20     0.00
 2013  4 20 21.00   149  560599.0 7626795.2    91.0    -7.09    76.15     7.63   295.95     0.00
 2013  4 20 22.00   149  560599.0 7626795.2    91.0    -7.52    77.90     8.90   298.60     0.00
 2013  4 20 23.00   149  560599.0 7626795.2    91.0    -7.66    80.30     8.00   293.75     0.00
 2013  4 21  0.00   149  560599.0 7626795.2    91.0    -7.76    85.35     8.16   293.70     0.00
 2013  4 21  1.00   149  560599.0 7626795.2    91.0    -8.38    88.45     6.92   298.40     0.00
 2013  4 21  2.00   149  560599.0 7626795.2    91.0    -9.12    91.00     7.03   295.95     0.00
 2013  4 21  3.00   149  560599.0 7626795.2    91.0   -10.15    90.05     8.82   291.55     0.00
 2013  4 21  4.00   149  560599.0 7626795.2    91.0   -10.95    89.95     8.14   281.45     0.00
 2013  4 21  5.00   149  560599.0 7626795.2    91.0   -10.79    89.70     9.14   289.35     0.00
 2013  4 21  6.00   149  560599.0 7626795.2    91.0   -11.44    89.65     8.32   284.45     0.00
 2013  4 21  7.00   149  560599.0 7626795.2    91.0   -10.98    88.45     8.99   287.40     0.00
 2013  4 21  8.00   149  560599.0 7626795.2    91.0   -10.79    86.75     9.28   287.20     0.00
 2013  4 21  9.00   149  560599.0 7626795.2    91.0   -10.65    87.65    10.11   285.85     0.00
 2013  4 21 10.00   149  560599.0 7626795.2    91.0    -9.89    85.50    10.29   286.25     0.00
 2013  4 21 11.00   149  560599.0 7626795.2    91.0    -9.12    86.85    10.71   288.85     0.00
 2013  4 21 12.00   149  560599.0 7626795.2    91.0    -8.77    93.10    10.37   290.75     0.00
 2013  4 21 13.00   149  560599.0 7626795.2    91.0    -8.05    95.00    11.27   289.80     0.00
 2013  4 21 14.00   149  560599.0 7626795.2    91.0    -7.28    95.00    12.06   292.80     0.00
 2013  4 21 15.00   149  560599.0 7626795.2    91.0    -6.85    95.00    13.08   289.95     0.00
 2013  4 21 16.00   149  560599.0 7626795.2    91.0    -6.09    94.85    11.01   282.65     0.00
 2013  4 21 17.00   149  560599.0 7626795.2    91.0    -5.74    93.45     8.68   279.45     0.00
 2013  4 21 18.00   149  560599.0 7626795.2    91.0    -5.73    89.25     8.95   280.65     0.00
 2013  4 21 19.00   149  560599.0 7626795.2    91.0    -5.34    86.75     7.74   270.90     0.00
 2013  4 21 20.00   149  560599.0 7626795.2    91.0    -5.88    85.05     7.40   273.50     0.00
 2013  4 21 21.00   149  560599.0 7626795.2    91.0    -6.37    88.80     9.66   283.45     0.00
 2013  4 21 22.00   149  560599.0 7626795.2    91.0    -7.21    92.70     9.32   286.35     0.00
 2013  4 21 23.00   149  560599.0 7626795.2    91.0    -7.09    94.75     9.93   288.95     0.00
 2013  4 22  0.00   149  560599.0 7626795.2    91.0    -7.04    94.15     9.34   289.10     0.00
 2013  4 22  1.00   149  560599.0 7626795.2    91.0    -6.88    95.00     9.97   293.10     0.00
 2013  4 22  2.00   149  560599.0 7626795.2    91.0    -7.02    95.00     9.71   291.95     0.00
 2013  4 22  3.00   149  560599.0 7626795.2    91.0    -7.79    95.00     8.23   285.40     0.00
 2013  4 22  4.00   149  560599.0 7626795.2    91.0    -8.29    94.35     6.76   280.50     0.00
 2013  4 22  5.00   149  560599.0 7626795.2    91.0    -8.55    92.80     8.07   282.95     0.00
 2013  4 22  6.00   149  560599.0 7626795.2    91.0    -8.82    92.85     9.55   296.70     0.00
 2013  4 22  7.00   149  560599.0 7626795.2    91.0    -8.68    87.85     9.52   293.75     0.00
 2013  4 22  8.00   149  560599.0 7626795.2    91.0    -8.00    81.70     8.99   286.90     0.00
 2013  4 22  9.00   149  560599.0 7626795.2    91.0    -7.38    77.45     7.62   278.25     0.00
 2013  4 22 10.00   149  560599.0 7626795.2    91.0    -6.75    75.30     6.80   274.30     0.00
 2013  4 22 11.00   149  560599.0 7626795.2    91.0    -5.79    73.25     6.29   272.05     0.00
 2013  4 22 12.00   149  560599.0 7626795.2    91.0    -4.67    73.15     5.35   268.55     0.00
 2013  4 22 13.00   149  560599.0 7626795.2    91.0    -3.07    71.50     5.43   265.15     0.00
 2013  4 22 14.00   149  560599.0 7626795.2    91.0    -1.89    70.03     5.40   269.70     0.00
 2013  4 22 15.00   149  560599.0 7626795.2    91.0    -1.19    72.75     4.75   275.45     0.00
 2013  4 22 16.00   149  560599.0 7626795.2    91.0    -0.84    71.50     5.36   276.10     0.00
 2013  4 22 17.00   149  560599.0 7626795.2    91.0    -1.28    70.85     6.44   279.65     0.00
 2013  4 22 18.00   149  560599.0 7626795.2    91.0    -1.49    72.15     5.88   278.45     0.00
 2013  4 22 19.00   149  560599.0 7626795.2    91.0    -1.68    70.75     7.01   290.95     0.00
 2013  4 22 20.00   149  560599.0 7626795.2    91.0    -2.26    72.60     6.85   283.85     0.00
 2013  4 22 21.00   149  560599.0 7626795.2    91.0    -2.94    78.15     5.84   279.30     0.00
 2013  4 22 22.00   149  560599.0 7626795.2    91.0    -3.56    80.90     5.50   272.90     0.00
 2013  4 22 23.00   149  560599.0 7626795.2    91.0    -2.99    78.75     6.16   278.30     0.00
 2013  4 23  0.00   149  560599.0 7626795.2    91.0    -2.54    78.00     6.21   287.45     0.00
 2013  4 23  1.00   149  560599.0 7626795.2    91.0    -2.54    73.30     6.26   288.65     0.00
 2013  4 23  2.00   149  560599.0 7626795.2    91.0    -2.73    73.40     5.69   278.50     0.00
 2013  4 23  3.00   149  560599.0 7626795.2    91.0    -2.63    74.25     5.35   285.95     0.00
 2013  4 23  4.00   149  560599.0 7626795.2    91.0    -3.43    83.20     3.62   274.95     0.00
 2013  4 23  5.00   149  560599.0 7626795.2    91.0    -3.17    80.70     4.13   273.60     0.00
 2013  4 23  6.00   149  560599.0 7626795.2    91.0    -3.54    79.20     4.62   271.35     0.00
 2013  4 23  7.00   149  560599.0 7626795.2    91.0    -3.80    79.80     4.65   265.80     0.00
 2013  4 23  8.00   149  560599.0 7626795.2    91.0    -3.40    75.95     4.96   266.45     0.00
 2013  4 23  9.00   149  560599.0 7626795.2    91.0    -2.56    71.75     5.12   267.20     0.00
 2013  4 23 10.00   149  560599.0 7626795.2    91.0    -1.73    70.70     5.91   272.60     0.00
 2013  4 23 11.00   149  560599.0 7626795.2    91.0    -1.47    72.90     7.01   290.55     0.00
 2013  4 23 12.00   149  560599.0 7626795.2    91.0    -1.03    77.65     5.47   285.70     0.00
 2013  4 23 13.00   149  560599.0 7626795.2    91.0    -0.40    82.00     4.94   292.90     0.00
 2013  4 23 14.00   149  560599.0 7626795.2    91.0     0.42    80.45     4.83   278.45     0.00
 2013  4 23 15.00   149  560599.0 7626795.2    91.0     1.06    78.70     4.03   298.65     0.00
 2013  4 23 16.00   149  560599.0 7626795.2    91.0     1.32    78.10     2.73   297.90     0.00
 2013  4 23 17.00   149  560599.0 7626795.2    91.0     1.41    75.90     2.96   287.25     0.00
 2013  4 23 18.00   149  560599.0 7626795.2    91.0    -0.07    78.60     5.25   295.70     0.00
 2013  4 23 19.00   149  560599.0 7626795.2    91.0    -1.07    83.10     4.23   317.55     0.00
 2013  4 23 20.00   149  560599.0 7626795.2    91.0    -2.30    93.35     4.58   313.05     0.00
 2013  4 23 21.00   149  560599.0 7626795.2    91.0    -2.79    95.00     4.09   296.85     0.00
 2013  4 23 22.00   149  560599.0 7626795.2    91.0    -3.29    95.00     4.57   282.90     0.00
 2013  4 23 23.00   149  560599.0 7626795.2    91.0    -5.14    95.00     4.60   268.55     0.00
 2013  4 24  0.00   149  560599.0 7626795.2    91.0    -6.30    95.00     4.08   256.85     0.00
 2013  4 24  1.00   149  560599.0 7626795.2    91.0    -6.99    95.00     4.42   258.75     0.00
 2013  4 24  2.00   149  560599.0 7626795.2    91.0    -7.01    95.00     4.40   261.95     0.00
 2013  4 24  3.00   149  560599.0 7626795.2    91.0    -6.60    95.00     4.76   257.80     0.00
 2013  4 24  4.00   149  560599.0 7626795.2    91.0    -6.14    95.00     5.30   257.25     0.00
 2013  4 24  5.00   149  560599.0 7626795.2    91.0    -5.46    95.00     4.75   245.90     0.00
 2013  4 24  6.00   149  560599.0 7626795.2    91.0    -4.96    95.00     4.89   257.20     0.00
 2013  4 24  7.00   149  560599.0 7626795.2    91.0    -4.52    95.00     4.82   253.35     0.00
 2013  4 24  8.00   149  560599.0 7626795.2    91.0    -4.24    95.00     3.65   225.95     0.00
 2013  4 24  9.00   149  560599.0 7626795.2    91.0    -4.50    95.00     3.21   233.15     0.00
 2013  4 24 10.00   149  560599.0 7626795.2    91.0    -4.43    95.00     3.03   283.55     0.00
 2013  4 24 11.00   149  560599.0 7626795.2    91.0    -3.13    94.10     5.60   307.20     0.00
 2013  4 24 12.00   149  560599.0 7626795.2    91.0    -3.54    95.00    11.36   302.90     0.00
 2013  4 24 13.00   149  560599.0 7626795.2    91.0    -4.70    95.00    12.96   285.85     0.00
 2013  4 24 14.00   149  560599.0 7626795.2    91.0    -6.68    95.00    13.81   296.90     0.00
 2013  4 24 15.00   149  560599.0 7626795.2    91.0    -7.53    95.00    14.12   302.45     0.00
 2013  4 24 16.00   149  560599.0 7626795.2    91.0    -8.79    95.00    16.14   309.70     0.00
 2013  4 24 17.00   149  560599.0 7626795.2    91.0    -9.72    95.00    15.91   308.45     1.07
 2013  4 24 18.00   149  560599.0 7626795.2    91.0   -11.02    95.00    16.53   306.90     0.56
 2013  4 24 19.00   149  560599.0 7626795.2    91.0   -12.02    95.00    16.13   309.85     1.11
 2013  4 24 20.00   149  560599.0 7626795.2    91.0   -12.47    95.00    13.88   309.35     0.00
 2013  4 24 21.00   149  560599.0 7626795.2    91.0   -12.93    95.00    15.64   312.40     0.90
 2013  4 24 22.00   149  560599.0 7626795.2    91.0   -13.14    95.00    14.07   310.95     1.16
 2013  4 24 23.00   149  560599.0 7626795.2    91.0   -13.58    95.00    13.75   310.65     0.00
 2013  4 25  0.00   149  560599.0 7626795.2    91.0   -13.87    95.00    12.81   306.75     0.73
 2013  4 25  1.00   149  560599.0 7626795.2    91.0   -13.94    95.00    13.08   307.25     0.00
 2013  4 25  2.00   149  560599.0 7626795.2    91.0   -13.99    95.00    14.02   315.75     0.00
 2013  4 25  3.00   149  560599.0 7626795.2    91.0   -14.00    95.00    14.09   316.40     1.07
 2013  4 25  4.00   149  560599.0 7626795.2    91.0   -14.00    95.00    15.14   317.35     0.00
 2013  4 25  5.00   149  560599.0 7626795.2    91.0   -14.21    95.00    15.34   318.70     1.03
 2013  4 25  6.00   149  560599.0 7626795.2    91.0   -15.09    95.00    13.48   316.30     0.90
 2013  4 25  7.00   149  560599.0 7626795.2    91.0   -15.51    95.00    12.04   315.70     0.00
 2013  4 25  8.00   149  560599.0 7626795.2    91.0   -15.76    95.00    12.95   316.40     0.00
 2013  4 25  9.00   149  560599.0 7626795.2    91.0   -15.78    95.00    12.84   319.55     0.47
 2013  4 25 10.00   149  560599.0 7626795.2    91.0   -15.62    95.00    12.75   320.95     0.90
 2013  4 25 11.00   149  560599.0 7626795.2    91.0   -14.91    95.00    10.87   316.75     0.43
 2013  4 25 12.00   149  560599.0 7626795.2    91.0   -14.48    95.00    10.32   315.70     1.17
 2013  4 25 13.00   149  560599.0 7626795.2    91.0   -14.02    95.00    10.54   318.90     1.57
 2013  4 25 14.00   149  560599.0 7626795.2    91.0   -13.65    94.90    10.29   316.65     0.86
 2013  4 25 15.00   149  560599.0 7626795.2    91.0   -13.56    95.00     9.91   312.75     0.00
 2013  4 25 16.00   149  560599.0 7626795.2    91.0   -13.43    94.60     9.08   313.15     0.00
 2013  4 25 17.00   149  560599.0 7626795.2    91.0   -13.74    94.60     8.20   312.05     0.00
 2013  4 25 18.00   149  560599.0 7626795.2    91.0   -13.96    95.00     8.92   312.95     0.00
 2013  4 25 19.00   149  560599.0 7626795.2    91.0   -14.27    95.00     9.21   313.10     0.00
 2013  4 25 20.00   149  560599.0 7626795.2    91.0   -14.47    95.00     7.57   309.45     0.00
 2013  4 25 21.00   149  560599.0 7626795.2    91.0   -14.55    95.00     6.86   313.05     0.00
 2013  4 25 22.00   149  560599.0 7626795.2    91.0   -15.37    95.00     7.79   313.75     0.00
 2013  4 25 23.00   149  560599.0 7626795.2    91.0   -16.39    95.00     6.35   304.15     0.00
 2013  4 26  0.00   149  560599.0 7626795.2    91.0   -16.96    95.00     6.08   297.65     0.00
 2013  4 26  1.00   149  560599.0 7626795.2    91.0   -17.21    95.00     6.03   288.20     0.00
 2013  4 26  2.00   149  560599.0 7626795.2    91.0   -16.80    95.00     5.92   297.60     0.00
 2013  4 26  3.00   149  560599.0 7626795.2    91.0   -16.90    95.00     4.90   292.00     0.00
 2013  4 26  4.00   149  560599.0 7626795.2    91.0   -17.18    95.00     3.54   272.75     0.00
 2013  4 26  5.00   149  560599.0 7626795.2    91.0   -17.18    95.00     3.42   263.75     0.00
 2013  4 26  6.00   149  560599.0 7626795.2    91.0   -16.77    95.00     3.42   264.95     0.00
 2013  4 26  7.00   149  560599.0 7626795.2    91.0   -16.03    95.00     2.77   264.75     0.00
 2013  4 26  8.00   149  560599.0 7626795.2    91.0   -16.12    94.60     1.98   250.05     0.00
 2013  4 26  9.00   149  560599.0 7626795.2    91.0   -15.06    93.95     2.35   248.25     0.00
 2013  4 26 10.00   149  560599.0 7626795.2    91.0   -14.01    91.00     3.01   250.30     0.00
 2013  4 26 11.00   149  560599.0 7626795.2    91.0   -13.07    90.00     2.90   257.40     0.00
 2013  4 26 12.00   149  560599.0 7626795.2    91.0   -12.30    88.35     3.23   259.20     0.00
 2013  4 26 13.00   149  560599.0 7626795.2    91.0   -11.29    85.95     2.14   292.75     0.00
 2013  4 26 14.00   149  560599.0 7626795.2    91.0   -10.50    84.30     1.59   177.88     0.00
 2013  4 26 15.00   149  560599.0 7626795.2    91.0    -9.94    81.35     1.74    51.22     0.00
 2013  4 26 16.00   149  560599.0 7626795.2    91.0   -11.21    82.35     2.21    71.43     0.00
 2013  4 26 17.00   149  560599.0 7626795.2    91.0   -12.63    86.80     3.31    72.60     0.00
 2013  4 26 18.00   149  560599.0 7626795.2    91.0   -13.25    88.90     4.22    71.19     0.00
 2013  4 26 19.00   149  560599.0 7626795.2    91.0   -14.01    91.45     4.07    70.92     0.00
 2013  4 26 20.00   149  560599.0 7626795.2    91.0   -14.86    91.95     4.00    59.41     0.00
 2013  4 26 21.00   149  560599.0 7626795.2    91.0   -16.39    92.25     3.43    50.58     0.00
 2013  4 26 22.00   149  560599.0 7626795.2    91.0   -18.17    94.10     3.10    40.75     0.00
 2013  4 26 23.00   149  560599.0 7626795.2    91.0   -19.94    93.55     3.65    38.53     0.26
 2013  4 27  0.00   149  560599.0 7626795.2    91.0   -21.45    92.65     4.04    37.95     0.00
 2013  4 27  1.00   149  560599.0 7626795.2    91.0   -22.08    93.10     4.29    44.27     0.00
 2013  4 27  2.00   149  560599.0 7626795.2    91.0   -21.71    92.25     4.47    48.52     0.00
 2013  4 27  3.00   149  560599.0 7626795.2    91.0   -22.14    91.20     4.50    41.34     0.00
 2013  4 27  4.00   149  560599.0 7626795.2    91.0   -22.17    91.00     4.00    33.91     0.00
 2013  4 27  5.00   149  560599.0 7626795.2    91.0   -22.16    91.05     3.12    19.95     0.00
 2013  4 27  6.00   149  560599.0 7626795.2    91.0   -21.75    91.30     2.64   182.86     0.00
 2013  4 27  7.00   149  560599.0 7626795.2    91.0   -20.63    92.00     3.94     9.47     0.00
 2013  4 27  8.00   149  560599.0 7626795.2    91.0   -20.60    91.20     4.39   346.55     0.00
 2013  4 27  9.00   149  560599.0 7626795.2    91.0   -20.29    90.45     4.25   334.10     0.00
 2013  4 27 10.00   149  560599.0 7626795.2    91.0   -20.06    89.15     4.69   329.80     0.00
 2013  4 27 11.00   149  560599.0 7626795.2    91.0   -19.56    86.30     4.64   333.40     0.00
 2013  4 27 12.00   149  560599.0 7626795.2    91.0   -19.15    83.95     4.34   330.50     0.00
 2013  4 27 13.00   149  560599.0 7626795.2    91.0   -18.69    82.80     4.15   316.20     0.00
 2013  4 27 14.00   149  560599.0 7626795.2    91.0   -18.27    80.00     3.73   337.25     0.00
 2013  4 27 15.00   149  560599.0 7626795.2    91.0   -17.51    78.20     3.28   321.65     0.00
 2013  4 27 16.00   149  560599.0 7626795.2    91.0   -17.75    76.95     4.08   320.20     0.00
 2013  4 27 17.00   149  560599.0 7626795.2    91.0   -18.39    77.85     4.59   330.35     0.00
 2013  4 27 18.00   149  560599.0 7626795.2    91.0   -18.79    81.75     4.62   332.30     0.00
 2013  4 27 19.00   149  560599.0 7626795.2    91.0   -18.74    84.55     3.96   329.70     0.00
 2013  4 27 20.00   149  560599.0 7626795.2    91.0   -19.07    85.95     3.56   325.80     0.00
 2013  4 27 21.00   149  560599.0 7626795.2    91.0   -19.61    86.85     2.25   323.60     0.00
 2013  4 27 22.00   149  560599.0 7626795.2    91.0   -20.77    90.85     1.67   294.45     0.00
 2013  4 27 23.00   149  560599.0 7626795.2    91.0   -22.01    91.95     2.47   303.10     0.00
 2013  4 28  0.00   149  560599.0 7626795.2    91.0   -20.95    93.40     2.35   301.55     0.00
 2013  4 28  1.00   149  560599.0 7626795.2    91.0   -19.46    94.60     2.49   290.85     0.00
 2013  4 28  2.00   149  560599.0 7626795.2    91.0   -19.35    94.35     2.02   295.40     0.00
 2013  4 28  3.00   149  560599.0 7626795.2    91.0   -21.31    92.30     1.23   259.10     0.00
 2013  4 28  4.00   149  560599.0 7626795.2    91.0   -22.61    92.25     1.55   244.15     0.00
 2013  4 28  5.00   149  560599.0 7626795.2    91.0   -21.97    93.35     2.41   251.50     0.00
 2013  4 28  6.00   149  560599.0 7626795.2    91.0   -21.59    92.40     2.76   250.15     0.00
 2013  4 28  7.00   149  560599.0 7626795.2    91.0   -21.05    90.50     2.60   245.10     0.00
 2013  4 28  8.00   149  560599.0 7626795.2    91.0   -19.66    87.95     2.25   247.45     0.00
 2013  4 28  9.00   149  560599.0 7626795.2    91.0   -19.65    89.15     5.19   208.85     0.00
 2013  4 28 10.00   149  560599.0 7626795.2    91.0   -18.86    88.50     4.89   200.30     0.00
 2013  4 28 11.00   149  560599.0 7626795.2    91.0   -17.84    87.80     4.71   196.50     0.00
 2013  4 28 12.00   149  560599.0 7626795.2    91.0   -16.46    84.25     4.37   193.05     0.00
 2013  4 28 13.00   149  560599.0 7626795.2    91.0   -15.50    81.00     4.56   186.90     0.00
 2013  4 28 14.00   149  560599.0 7626795.2    91.0   -14.04    78.70     3.50   165.30     0.00
 2013  4 28 15.00   149  560599.0 7626795.2    91.0   -13.73    79.00     3.19   143.80     0.00
 2013  4 28 16.00   149  560599.0 7626795.2    91.0   -12.77    75.15     2.55   146.15     0.00
 2013  4 28 17.00   149  560599.0 7626795.2    91.0   -12.47    75.75     2.26   126.60     0.00
 2013  4 28 18.00   149  560599.0 7626795.2    91.0   -13.19    79.90     2.92   112.95     0.00
 2013  4 28 19.00   149  560599.0 7626795.2    91.0   -13.88    78.85     2.61   122.25     0.00
 2013  4 28 20.00   149  560599.0 7626795.2    91.0   -14.69    78.55     2.19   102.00     0.00
 2013  4 28 21.00   149  560599.0 7626795.2    91.0   -16.06    81.50     1.46    63.99     0.00
 2013  4 28 22.00   149  560599.0 7626795.2    91.0   -16.79    85.10     1.32    58.00     0.00
 2013  4 28 23.00   149  560599.0 7626795.2    91.0   -17.38    86.20     1.73    44.50     0.00
 2013  4 29  0.00   149  560599.0 7626795.2    91.0   -19.15    89.15     1.12    28.75     0.00
 2013  4 29  1.00   149  560599.0 7626795.2    91.0   -20.44    91.30     1.18   139.69     0.00
 2013  4 29  2.00   149  560599.0 7626795.2    91.0   -20.91    89.75     1.04   177.50     0.00
 2013  4 29  3.00   149  560599.0 7626795.2    91.0   -22.02    91.10     0.65   280.15     0.00
 2013  4 29  4.00   149  560599.0 7626795.2    91.0   -21.62    91.45     0.60   183.73     0.00
 2013  4 29  5.00   149  560599.0 7626795.2    91.0   -23.22    88.70     0.56   357.40     0.00
 2013  4 29  6.00   149  560599.0 7626795.2    91.0   -22.48    85.70     0.57   149.49     0.00
 2013  4 29  7.00   149  560599.0 7626795.2    91.0   -20.98    78.95     0.59   286.70     0.00
 2013  4 29  8.00   149  560599.0 7626795.2    91.0   -20.67    81.90     0.89   282.40     0.00
 2013  4 29  9.00   149  560599.0 7626795.2    91.0   -18.34    73.90     0.49    22.62     0.00
 2013  4 29 10.00   149  560599.0 7626795.2    91.0   -18.11    72.85     0.90   179.20     0.00
 2013  4 29 11.00   149  560599.0 7626795.2    91.0   -17.25    69.91     1.09    22.49     0.00
 2013  4 29 12.00   149  560599.0 7626795.2    91.0   -15.94    65.38     0.83    44.71     0.00
 2013  4 29 13.00   149  560599.0 7626795.2    91.0   -16.59    70.21     1.40    29.41     0.00
 2013  4 29 14.00   149  560599.0 7626795.2    91.0   -16.41    70.20     1.64    27.07     0.00
 2013  4 29 15.00   149  560599.0 7626795.2    91.0   -15.23    67.89     1.62    28.78     0.00
 2013  4 29 16.00   149  560599.0 7626795.2    91.0   -15.12    70.70     1.58   183.06     0.00
 2013  4 29 17.00   149  560599.0 7626795.2    91.0   -14.93    73.85     1.80   178.12     0.00
 2013  4 29 18.00   149  560599.0 7626795.2    91.0   -15.12    79.40     2.52   179.69     0.00
 2013  4 29 19.00   149  560599.0 7626795.2    91.0   -15.19    85.40     3.33    13.61     0.00
 2013  4 29 20.00   149  560599.0 7626795.2    91.0   -15.98    88.05     4.00    20.25     0.00
 2013  4 29 21.00   149  560599.0 7626795.2    91.0   -17.02    90.30     3.99    17.48     0.21
 2013  4 29 22.00   149  560599.0 7626795.2    91.0   -18.05    91.30     4.04    20.86     0.00
 2013  4 29 23.00   149  560599.0 7626795.2    91.0   -20.11    92.20     3.80    18.84     0.00
 2013  4 30  0.00   149  560599.0 7626795.2    91.0   -21.84    92.50     1.18   326.05     0.00
 2013  4 30  1.00   149  560599.0 7626795.2    91.0   -22.83    91.85     2.09   349.55     0.00
 2013  4 30  2.00   149  560599.0 7626795.2    91.0   -24.46    90.10     2.62   318.65     0.00
 2013  4 30  3.00   149  560599.0 7626795.2    91.0   -25.52    88.85     2.46   319.00     0.00
 2013  4 30  4.00   149  560599.0 7626795.2    91.0   -25.70    88.80     2.06   299.45     0.00
 2013  4 30  5.00   149  560599.0 7626795.2    91.0   -25.09    88.95     1.58   308.65     0.00
 2013  4 30  6.00   149  560599.0 7626795.2    91.0   -25.05    87.30     2.56   332.50     0.00
 2013  4 30  7.00   149  560599.0 7626795.2    91.0   -24.55    84.25     2.28   317.15     0.00
 2013  4 30  8.00   149  560599.0 7626795.2    91.0   -23.64    81.55     1.73   313.90     0.00
 2013  4 30  9.00   149  560599.0 7626795.2    91.0   -22.54    77.90     1.52   296.40     0.00
 2013  4 30 10.00   149  560599.0 7626795.2    91.0   -21.29    74.85     1.61   330.20     0.00
 2013  4 30 11.00   149  560599.0 7626795.2    91.0   -20.91    76.75     2.40   341.00     0.00
 2013  4 30 12.00   149  560599.0 7626795.2    91.0   -20.45    79.95     3.29   355.75     0.00
 2013  4 30 13.00   149  560599.0 7626795.2    91.0   -19.16    79.55     2.83   348.20     0.00
 2013  4 30 14.00   149  560599.0 7626795.2    91.0   -18.23    82.60     3.21   357.90     0.00
 2013  4 30 15.00   149  560599.0 7626795.2    91.0   -17.86    83.55     3.44   358.20     0.00
 2013  4 30 16.00   149  560599.0 7626795.2    91.0   -17.68    83.10     3.67   357.25     0.00
 2013  4 30 17.00   149  560599.0 7626795.2    91.0   -17.48    81.60     3.18   356.25     0.00
 2013  4 30 18.00   149  560599.0 7626795.2    91.0   -17.61    81.80     3.37   178.50     0.00
 2013  4 30 19.00   149  560599.0 7626795.2    91.0   -17.88    82.30     2.74   354.40     0.00
 2013  4 30 20.00   149  560599.0 7626795.2    91.0   -18.52    80.10     2.25   337.55     0.00
 2013  4 30 21.00   149  560599.0 7626795.2    91.0   -20.24    82.20     2.61   326.75     0.00
 2013  4 30 22.00   149  560599.0 7626795.2    91.0   -22.72    88.45     3.08   322.30     0.00
 2013  4 30 23.00   149  560599.0 7626795.2    91.0   -23.91    90.60     2.73   306.10     0.00
 2013  5  1  0.00   149  560599.0 7626795.2    91.0   -21.97    92.25     3.16   334.10     0.00
 2013  5  1  1.00   149  560599.0 7626795.2    91.0   -20.56    92.60     2.25   348.50     0.00
 2013  5  1  2.00   149  560599.0 7626795.2    91.0   -21.45    91.30     1.80     2.66     0.00
 2013  5  1  3.00   149  560599.0 7626795.2    91.0   -23.02    89.75     1.20   309.35     0.00
 2013  5  1  4.00   149  560599.0 7626795.2    91.0   -24.51    88.05     1.55   264.40     0.00
 2013  5  1  5.00   149  560599.0 7626795.2    91.0   -24.88    88.05     1.89   262.05     0.00
 2013  5  1  6.00   149  560599.0 7626795.2    91.0   -24.38    87.65     1.80   272.85     0.00
 2013  5  1  7.00   149  560599.0 7626795.2    91.0   -23.71    88.05     1.45   263.10     0.00
 2013  5  1  8.00   149  560599.0 7626795.2    91.0   -21.66    89.25     1.13   280.30     0.00
 2013  5  1  9.00   149  560599.0 7626795.2    91.0   -19.63    89.45     0.74   314.70     0.00
 2013  5  1 10.00   149  560599.0 7626795.2    91.0   -18.42    88.25     1.00   345.05     0.00
 2013  5  1 11.00   149  560599.0 7626795.2    91.0   -17.73    84.70     1.01   194.46     0.00
 2013  5  1 12.00   149  560599.0 7626795.2    91.0   -17.16    82.70     0.95    49.83     0.00
 2013  5  1 13.00   149  560599.0 7626795.2    91.0   -16.98    79.45     1.28    46.49     0.00
 2013  5  1 14.00   149  560599.0 7626795.2    91.0   -16.37    75.75     1.10    28.61     0.00
 2013  5  1 15.00   149  560599.0 7626795.2    91.0   -16.13    74.75     1.11    18.69     0.00
 2013  5  1 16.00   149  560599.0 7626795.2    91.0   -16.68    79.00     1.58    30.32     0.00
 2013  5  1 17.00   149  560599.0 7626795.2    91.0   -17.62    85.25     2.22    43.32     0.00
 2013  5  1 18.00   149  560599.0 7626795.2    91.0   -18.13    86.80     2.62    37.35     0.00
 2013  5  1 19.00   149  560599.0 7626795.2    91.0   -18.09    85.35     2.64    35.84     0.00
 2013  5  1 20.00   149  560599.0 7626795.2    91.0   -18.89    87.90     2.92    25.14     0.00
 2013  5  1 21.00   149  560599.0 7626795.2    91.0   -19.16    88.55     2.92    30.59     0.00
 2013  5  1 22.00   149  560599.0 7626795.2    91.0   -19.89    92.60     3.08    31.88     0.00
 2013  5  1 23.00   149  560599.0 7626795.2    91.0   -20.85    92.40     3.38    29.48     0.20
 2013  5  2  0.00   149  560599.0 7626795.2    91.0   -21.30    92.10     3.02    26.52     0.00
 2013  5  2  1.00   149  560599.0 7626795.2    91.0   -20.80    92.35     3.41    22.73     0.00
 2013  5  2  2.00   149  560599.0 7626795.2    91.0   -20.77    92.00     3.82    19.10     0.44
 2013  5  2  3.00   149  560599.0 7626795.2    91.0   -21.26    91.55     4.58    13.27     0.29
 2013  5  2  4.00   149  560599.0 7626795.2    91.0   -21.44    91.40     4.16     3.31     0.00
 2013  5  2  5.00   149  560599.0 7626795.2    91.0   -21.20    91.35     4.24    10.56     0.26
 2013  5  2  6.00   149  560599.0 7626795.2    91.0   -21.55    90.45     4.50     9.93     0.00
 2013  5  2  7.00   149  560599.0 7626795.2    91.0   -22.11    88.65     4.11   177.64     0.00
 2013  5  2  8.00   149  560599.0 7626795.2    91.0   -22.16    87.40     3.97   352.30     0.00
 2013  5  2  9.00   149  560599.0 7626795.2    91.0   -21.36    88.25     4.14   355.00     0.19
 2013  5  2 10.00   149  560599.0 7626795.2    91.0   -20.27    88.75     5.04     8.21     0.00
 2013  5  2 11.00   149  560599.0 7626795.2    91.0   -19.65    88.25     5.20     5.43     0.56
 2013  5  2 12.00   149  560599.0 7626795.2    91.0   -18.96    88.25     5.47     2.95     0.00
 2013  5  2 13.00   149  560599.0 7626795.2    91.0   -18.13    88.75     5.41     7.48     0.00
 2013  5  2 14.00   149  560599.0 7626795.2    91.0   -17.32    89.10     5.55     7.68     0.59
 2013  5  2 15.00   149  560599.0 7626795.2    91.0   -16.68    89.05     5.60     7.76     0.00
 2013  5  2 16.00   149  560599.0 7626795.2    91.0   -16.23    89.30     5.20     6.53     0.00
 2013  5  2 17.00   149  560599.0 7626795.2    91.0   -15.85    89.00     4.93     8.22     0.27
 2013  5  2 18.00   149  560599.0 7626795.2    91.0   -15.80    88.80     5.16     7.53     0.00
 2013  5  2 19.00   149  560599.0 7626795.2    91.0   -16.09    90.10     4.89    11.13     0.00
 2013  5  2 20.00   149  560599.0 7626795.2    91.0   -16.75    91.40     4.02     9.76     0.23
 2013  5  2 21.00   149  560599.0 7626795.2    91.0   -17.43    92.85     3.21   179.17     0.00
 2013  5  2 22.00   149  560599.0 7626795.2    91.0   -17.75    93.95     2.97   353.70     0.00
 2013  5  2 23.00   149  560599.0 7626795.2    91.0   -18.85    93.70     3.21   353.15     0.32
 2013  5  3  0.00   149  560599.0 7626795.2    91.0   -20.28    93.15     3.20   350.35     0.15
 2013  5  3  1.00   149  560599.0 7626795.2    91.0   -20.20    92.90     3.55   347.90     0.00
 2013  5  3  2.00   149  560599.0 7626795.2    91.0   -21.33    91.80     3.43   353.65     0.00
 2013  5  3  3.00   149  560599.0 7626795.2    91.0   -21.77    91.85     2.22     4.47     0.00
 2013  5  3  4.00   149  560599.0 7626795.2    91.0   -22.02    91.00     2.09   353.00     0.00
 2013  5  3  5.00   149  560599.0 7626795.2    91.0   -23.15    89.90     1.96   333.50     0.00
 2013  5  3  6.00   149  560599.0 7626795.2    91.0   -22.56    89.75     1.52   346.90     0.00
 2013  5  3  7.00   149  560599.0 7626795.2    91.0   -21.72    87.80     1.06   276.00     0.00
 2013  5  3  8.00   149  560599.0 7626795.2    91.0   -20.40    86.20     1.55   336.45     0.00
 2013  5  3  9.00   149  560599.0 7626795.2    91.0   -18.41    85.00     0.82   324.15     0.00
 2013  5  3 10.00   149  560599.0 7626795.2    91.0   -17.48    84.30     0.89   304.25     0.00
 2013  5  3 11.00   149  560599.0 7626795.2    91.0   -15.16    85.75     1.14    31.31     0.00
 2013  5  3 12.00   149  560599.0 7626795.2    91.0   -16.04    86.70     2.29    23.44     0.00
 2013  5  3 13.00   149  560599.0 7626795.2    91.0   -15.13    86.20     2.71    37.61     0.00
 2013  5  3 14.00   149  560599.0 7626795.2    91.0   -15.16    85.90     3.70    40.68     0.00
 2013  5  3 15.00   149  560599.0 7626795.2    91.0   -14.53    84.80     3.75    41.47     0.00
 2013  5  3 16.00   149  560599.0 7626795.2    91.0   -14.44    85.30     4.11    40.00     0.00
 2013  5  3 17.00   149  560599.0 7626795.2    91.0   -14.32    85.10     4.22    38.90     0.00
 2013  5  3 18.00   149  560599.0 7626795.2    91.0   -14.52    85.30     4.50    39.47     0.00
 2013  5  3 19.00   149  560599.0 7626795.2    91.0   -14.97    86.25     4.26    36.81     0.00
 2013  5  3 20.00   149  560599.0 7626795.2    91.0   -15.77    87.50     4.42    35.94     0.00
 2013  5  3 21.00   149  560599.0 7626795.2    91.0   -16.70    88.65     3.85    34.27     0.00
 2013  5  3 22.00   149  560599.0 7626795.2    91.0   -18.14    91.30     4.13    31.61     0.00
 2013  5  3 23.00   149  560599.0 7626795.2    91.0   -18.58    93.90     4.17    23.48     0.00
 2013  5  4  0.00   149  560599.0 7626795.2    91.0   -18.20    94.30     3.58    16.55     0.00
 2013  5  4  1.00   149  560599.0 7626795.2    91.0   -18.43    94.40     3.39    16.98     0.00
 2013  5  4  2.00   149  560599.0 7626795.2    91.0   -18.67    94.70     3.64    16.18     0.00
 2013  5  4  3.00   149  560599.0 7626795.2    91.0   -18.69    94.85     3.35    16.89     0.00
 2013  5  4  4.00   149  560599.0 7626795.2    91.0   -18.88    94.70     3.35    19.55     0.00
 2013  5  4  5.00   149  560599.0 7626795.2    91.0   -19.05    94.15     3.16    11.20     0.00
 2013  5  4  6.00   149  560599.0 7626795.2    91.0   -19.00    93.85     3.21    14.18     0.00
 2013  5  4  7.00   149  560599.0 7626795.2    91.0   -18.62    93.35     2.72   185.40     0.00
 2013  5  4  8.00   149  560599.0 7626795.2    91.0   -18.05    92.80     2.76   190.60     0.00
 2013  5  4  9.00   149  560599.0 7626795.2    91.0   -17.48    91.55     2.58   183.17     0.00
 2013  5  4 10.00   149  560599.0 7626795.2    91.0   -16.87    91.45     3.52     8.62     0.00
 2013  5  4 11.00   149  560599.0 7626795.2    91.0   -16.09    90.30     3.42    21.24     0.00
 2013  5  4 12.00   149  560599.0 7626795.2    91.0   -15.26    88.90     3.41    16.47     0.00
 2013  5  4 13.00   149  560599.0 7626795.2    91.0   -14.20    87.90     3.80    22.02     0.00
 2013  5  4 14.00   149  560599.0 7626795.2    91.0   -13.66    89.10     3.79    22.24     0.00
 2013  5  4 15.00   149  560599.0 7626795.2    91.0   -12.83    88.55     4.92    27.51     0.00
 2013  5  4 16.00   149  560599.0 7626795.2    91.0   -12.32    90.30     4.86    28.80     0.00
 2013  5  4 17.00   149  560599.0 7626795.2    91.0   -11.97    93.15     5.78    26.20     0.00
 2013  5  4 18.00   149  560599.0 7626795.2    91.0   -11.42    94.85     5.81    21.84     0.29
 2013  5  4 19.00   149  560599.0 7626795.2    91.0   -11.02    95.00     5.88    33.29     0.46
 2013  5  4 20.00   149  560599.0 7626795.2    91.0   -11.04    95.00     5.82    31.23     0.33
 2013  5  4 21.00   149  560599.0 7626795.2    91.0   -11.42    95.00     6.10    27.55     0.43
 2013  5  4 22.00   149  560599.0 7626795.2    91.0   -11.98    95.00     6.45    23.88     0.55
 2013  5  4 23.00   149  560599.0 7626795.2    91.0   -12.54    95.00     6.20    24.51     0.29
 2013  5  5  0.00   149  560599.0 7626795.2    91.0   -13.02    95.00     6.04    21.32     0.00
 2013  5  5  1.00   149  560599.0 7626795.2    91.0   -13.56    95.00     6.24    15.28     0.85
 2013  5  5  2.00   149  560599.0 7626795.2    91.0   -13.79    95.00     6.77    14.06     0.72
 2013  5  5  3.00   149  560599.0 7626795.2    91.0   -13.82    95.00     6.28    14.16     0.73
 2013  5  5  4.00   149  560599.0 7626795.2    91.0   -13.97    95.00     5.69     8.47     0.53
 2013  5  5  5.00   149  560599.0 7626795.2    91.0   -14.46    95.00     5.78     4.88     0.85
 2013  5  5  6.00   149  560599.0 7626795.2    91.0   -14.93    95.00     6.12     6.11     0.85
 2013  5  5  7.00   149  560599.0 7626795.2    91.0   -15.18    95.00     6.15     2.96     0.83
 2013  5  5  8.00   149  560599.0 7626795.2    91.0   -15.04    95.00     5.76   180.34     0.86
 2013  5  5  9.00   149  560599.0 7626795.2    91.0   -14.71    94.85     5.80   358.05     0.84
 2013  5  5 10.00   149  560599.0 7626795.2    91.0   -14.20    93.55     5.70     0.79     0.51
 2013  5  5 11.00   149  560599.0 7626795.2    91.0   -13.55    90.95     5.53   351.40     0.00
 2013  5  5 12.00   149  560599.0 7626795.2    91.0   -13.42    90.20     5.36   347.40     0.00
 2013  5  5 13.00   149  560599.0 7626795.2    91.0   -12.98    87.90     4.78   344.60     0.00
 2013  5  5 14.00   149  560599.0 7626795.2    91.0   -12.65    87.80     4.75   341.95     0.00
 2013  5  5 15.00   149  560599.0 7626795.2    91.0   -12.18    87.05     4.63   345.00     0.00
 2013  5  5 16.00   149  560599.0 7626795.2    91.0   -11.81    86.45     4.58   344.50     0.00
 2013  5  5 17.00   149  560599.0 7626795.2    91.0   -11.69    86.25     3.72   351.90     0.00
 2013  5  5 18.00   149  560599.0 7626795.2    91.0   -11.62    85.70     2.85   354.65     0.00
 2013  5  5 19.00   149  560599.0 7626795.2    91.0   -11.81    82.85     2.29   334.50     0.00
 2013  5  5 20.00   149  560599.0 7626795.2    91.0   -12.80    85.80     2.48   325.45     0.00
 2013  5  5 21.00   149  560599.0 7626795.2    91.0   -14.06    90.30     2.48   327.70     0.00
 2013  5  5 22.00   149  560599.0 7626795.2    91.0   -16.28    94.45     1.65   326.15     0.00
 2013  5  5 23.00   149  560599.0 7626795.2    91.0   -17.83    95.00     1.42   272.95     0.00
 2013  5  6  0.00   149  560599.0 7626795.2    91.0   -19.46    95.00     1.48   271.00     0.00
 2013  5  6  1.00   149  560599.0 7626795.2    91.0   -20.32    93.95     1.21   271.85     0.00
 2013  5  6  2.00   149  560599.0 7626795.2    91.0   -21.02    93.35     1.08   272.40     0.00
 2013  5  6  3.00   149  560599.0 7626795.2    91.0   -20.95    93.45     0.83   267.70     0.00
 2013  5  6  4.00   149  560599.0 7626795.2    91.0   -19.27    94.40     0.48   268.25     0.00
 2013  5  6  5.00   149  560599.0 7626795.2    91.0   -20.45    92.85     0.53   265.85     0.00
 2013  5  6  6.00   149  560599.0 7626795.2    91.0   -19.51    93.25     0.77   262.75     0.00
 2013  5  6  7.00   149  560599.0 7626795.2    91.0   -17.38    92.45     1.96   259.85     0.00
 2013  5  6  8.00   149  560599.0 7626795.2    91.0   -15.68    90.10     1.98   256.05     0.00
 2013  5  6  9.00   149  560599.0 7626795.2    91.0   -12.79    85.05     1.27   240.00     0.00
 2013  5  6 10.00   149  560599.0 7626795.2    91.0   -11.32    80.80     1.01   211.60     0.00
 2013  5  6 11.00   149  560599.0 7626795.2    91.0    -9.34    74.00     0.82   182.60     0.00
 2013  5  6 12.00   149  560599.0 7626795.2    91.0   -10.79    80.85     2.51   171.75     0.00
 2013  5  6 13.00   149  560599.0 7626795.2    91.0   -10.20    78.05     2.09   147.25     0.00
 2013  5  6 14.00   149  560599.0 7626795.2    91.0    -9.41    76.30     1.65   126.55     0.00
 2013  5  6 15.00   149  560599.0 7626795.2    91.0    -8.52    75.50     1.55   106.60     0.00
 2013  5  6 16.00   149  560599.0 7626795.2    91.0    -8.33    78.65     2.00   116.25     0.00
 2013  5  6 17.00   149  560599.0 7626795.2    91.0    -6.98    74.70     1.71   143.25     0.00
 2013  5  6 18.00   149  560599.0 7626795.2    91.0    -6.04    69.42     1.39   141.65     0.00
 2013  5  6 19.00   149  560599.0 7626795.2    91.0    -5.68    66.78     0.79   104.45     0.00
 2013  5  6 20.00   149  560599.0 7626795.2    91.0    -6.32    65.95     0.48    56.39     0.00
 2013  5  6 21.00   149  560599.0 7626795.2    91.0    -9.29    74.45     0.70   273.95     0.00
 2013  5  6 22.00   149  560599.0 7626795.2    91.0   -12.60    86.35     2.10   259.15     0.00
 2013  5  6 23.00   149  560599.0 7626795.2    91.0   -13.38    88.55     2.37   258.70     0.00
 2013  5  7  0.00   149  560599.0 7626795.2    91.0   -13.41    87.85     1.96   264.55     0.00
 2013  5  7  1.00   149  560599.0 7626795.2    91.0   -14.43    88.90     1.61   276.00     0.00
 2013  5  7  2.00   149  560599.0 7626795.2    91.0   -15.81    90.05     1.99   269.90     0.00
 2013  5  7  3.00   149  560599.0 7626795.2    91.0   -16.23    90.30     2.00   263.80     0.00
 2013  5  7  4.00   149  560599.0 7626795.2    91.0   -16.73    90.55     1.58   272.35     0.00
 2013  5  7  5.00   149  560599.0 7626795.2    91.0   -16.62    89.25     2.17   260.85     0.00
 2013  5  7  6.00   149  560599.0 7626795.2    91.0   -14.63    84.30     2.52   267.45     0.00
 2013  5  7  7.00   149  560599.0 7626795.2    91.0   -12.29    78.50     2.21   268.50     0.00
 2013  5  7  8.00   149  560599.0 7626795.2    91.0   -11.13    76.50     2.23   263.70     0.00
 2013  5  7  9.00   149  560599.0 7626795.2    91.0    -8.41    69.39     1.10   265.10     0.00
 2013  5  7 10.00   149  560599.0 7626795.2    91.0    -8.44    70.33     1.49   263.50     0.00
 2013  5  7 11.00   149  560599.0 7626795.2    91.0    -5.92    68.41     1.46   266.05     0.00
 2013  5  7 12.00   149  560599.0 7626795.2    91.0    -3.00    62.30     0.86   251.60     0.00
 2013  5  7 13.00   149  560599.0 7626795.2    91.0    -2.46    61.37     1.40   208.25     0.00
 2013  5  7 14.00   149  560599.0 7626795.2    91.0    -2.73    66.89     2.08   237.10     0.00
 2013  5  7 15.00   149  560599.0 7626795.2    91.0    -3.90    74.55     3.86   197.50     0.00
 2013  5  7 16.00   149  560599.0 7626795.2    91.0    -3.50    73.70     3.35   194.25     0.00
 2013  5  7 17.00   149  560599.0 7626795.2    91.0    -3.10    74.40     3.14   189.85     0.00
 2013  5  7 18.00   149  560599.0 7626795.2    91.0    -1.88    68.34     1.61   173.30     0.00
 2013  5  7 19.00   149  560599.0 7626795.2    91.0    -2.98    68.75     1.79   156.80     0.00
 2013  5  7 20.00   149  560599.0 7626795.2    91.0    -3.81    69.05     1.78   113.35     0.00
 2013  5  7 21.00   149  560599.0 7626795.2    91.0    -3.89    68.44     1.46    95.55     0.00
 2013  5  7 22.00   149  560599.0 7626795.2    91.0    -4.40    69.04     0.78   127.45     0.00
 2013  5  7 23.00   149  560599.0 7626795.2    91.0    -5.13    76.45     5.09   207.90     0.00
 2013  5  8  0.00   149  560599.0 7626795.2    91.0    -4.91    77.10     5.36   211.10     0.00
 2013  5  8  1.00   149  560599.0 7626795.2    91.0    -4.93    81.00     4.53   216.55     0.00
 2013  5  8  2.00   149  560599.0 7626795.2    91.0    -3.66    81.20     5.59   224.35     0.00
 2013  5  8  3.00   149  560599.0 7626795.2    91.0    -5.53    86.65     4.28   267.85     0.00
 2013  5  8  4.00   149  560599.0 7626795.2    91.0    -7.24    88.55     4.75   297.05     0.00
 2013  5  8  5.00   149  560599.0 7626795.2    91.0    -8.81    89.55     3.04   267.40     0.00
 2013  5  8  6.00   149  560599.0 7626795.2    91.0    -9.32    88.60     2.78   282.95     0.00
 2013  5  8  7.00   149  560599.0 7626795.2    91.0    -7.61    84.55     1.77   264.20     0.00
 2013  5  8  8.00   149  560599.0 7626795.2    91.0    -6.93    81.85     1.56   286.35     0.00
 2013  5  8  9.00   149  560599.0 7626795.2    91.0    -6.42    81.90     2.50   320.20     0.00
 2013  5  8 10.00   149  560599.0 7626795.2    91.0    -5.96    84.55     2.64   291.60     0.00
 2013  5  8 11.00   149  560599.0 7626795.2    91.0    -4.88    83.65     3.09   311.45     0.00
 2013  5  8 12.00   149  560599.0 7626795.2    91.0    -3.21    76.80     2.48   312.10     0.00
 2013  5  8 13.00   149  560599.0 7626795.2    91.0    -3.10    77.70     3.12   329.85     0.00
 2013  5  8 14.00   149  560599.0 7626795.2    91.0    -3.59    82.30     3.13   337.20     0.00
 2013  5  8 15.00   149  560599.0 7626795.2    91.0    -2.25    78.10     2.77   312.40     0.00
 2013  5  8 16.00   149  560599.0 7626795.2    91.0    -1.89    77.70     2.65   299.75     0.00
 2013  5  8 17.00   149  560599.0 7626795.2    91.0    -1.61    74.70     2.49   275.35     0.00
 2013  5  8 18.00   149  560599.0 7626795.2    91.0    -2.53    77.55     3.17   271.00     0.00
 2013  5  8 19.00   149  560599.0 7626795.2    91.0    -3.35    79.45     3.59   288.95     0.00
 2013  5  8 20.00   149  560599.0 7626795.2    91.0    -4.43    80.45     3.25   266.30     0.00
 2013  5  8 21.00   149  560599.0 7626795.2    91.0    -5.71    83.00     3.10   257.25     0.00
 2013  5  8 22.00   149  560599.0 7626795.2    91.0    -6.07    84.90     4.97   278.90     0.00
 2013  5  8 23.00   149  560599.0 7626795.2    91.0    -8.23    91.60     3.12   254.80     0.00
 2013  5  9  0.00   149  560599.0 7626795.2    91.0    -6.43    93.50     5.09   278.25     0.00
 2013  5  9  1.00   149  560599.0 7626795.2    91.0    -5.12    95.00     5.47   274.45     0.00
 2013  5  9  2.00   149  560599.0 7626795.2    91.0    -4.94    94.25     6.45   271.60     0.00
 2013  5  9  3.00   149  560599.0 7626795.2    91.0    -4.77    94.70     6.45   272.40     0.00
 2013  5  9  4.00   149  560599.0 7626795.2    91.0    -4.37    95.00     6.61   276.20     0.00
 2013  5  9  5.00   149  560599.0 7626795.2    91.0    -3.88    95.00     6.86   291.65     0.00
 2013  5  9  6.00   149  560599.0 7626795.2    91.0    -4.50    95.00     6.25   298.60     0.00
 2013  5  9  7.00   149  560599.0 7626795.2    91.0    -4.69    95.00     4.90   288.15     0.00
 2013  5  9  8.00   149  560599.0 7626795.2    91.0    -5.03    94.85     2.81   264.55     0.00
 2013  5  9  9.00   149  560599.0 7626795.2    91.0    -4.45    94.85     3.20   266.60     0.00
 2013  5  9 10.00   149  560599.0 7626795.2    91.0    -3.20    90.95     3.30   264.65     0.00
 2013  5  9 11.00   149  560599.0 7626795.2    91.0    -2.80    88.55     4.14   297.15     0.00
 2013  5  9 12.00   149  560599.0 7626795.2    91.0    -2.77    90.95     3.63   304.80     0.00
 2013  5  9 13.00   149  560599.0 7626795.2    91.0    -1.39    83.40     1.93   293.15     0.00
 2013  5  9 14.00   149  560599.0 7626795.2    91.0     0.08    76.90     1.27   324.90     0.00
 2013  5  9 15.00   149  560599.0 7626795.2    91.0     0.88    75.60     0.69    28.83     0.00
 2013  5  9 16.00   149  560599.0 7626795.2    91.0    -0.35    81.70     1.50   138.65     0.00
 2013  5  9 17.00   149  560599.0 7626795.2    91.0    -1.52    88.70     2.38   138.70     0.00
 2013  5  9 18.00   149  560599.0 7626795.2    91.0    -0.97    85.25     2.34   157.25     0.00
 2013  5  9 19.00   149  560599.0 7626795.2    91.0    -0.94    83.95     1.70   105.20     0.00
 2013  5  9 20.00   149  560599.0 7626795.2    91.0    -2.15    85.90     1.15    92.10     0.00
 2013  5  9 21.00   149  560599.0 7626795.2    91.0    -1.50    81.70     0.46   103.75     0.00
 2013  5  9 22.00   149  560599.0 7626795.2    91.0    -3.83    90.05     0.57   107.60     0.00
 2013  5  9 23.00   149  560599.0 7626795.2    91.0    -4.88    87.75     2.46   131.85     0.00
 2013  5 10  0.00   149  560599.0 7626795.2    91.0    -5.04    85.80     1.74   114.95     0.00
 2013  5 10  1.00   149  560599.0 7626795.2    91.0    -7.54    95.00     0.28   187.80     0.00
 2013  5 10  2.00   149  560599.0 7626795.2    91.0    -9.65    95.00     0.97   281.35     0.00
 2013  5 10  3.00   149  560599.0 7626795.2    91.0    -7.98    93.00     2.67   284.30     0.00
 2013  5 10  4.00   149  560599.0 7626795.2    91.0    -6.38    88.90     3.04   258.55     0.00
 2013  5 10  5.00   149  560599.0 7626795.2    91.0    -6.05    87.15     3.06   259.10     0.00
 2013  5 10  6.00   149  560599.0 7626795.2    91.0    -5.98    86.15     2.61   266.60     0.00
 2013  5 10  7.00   149  560599.0 7626795.2    91.0    -5.14    78.60     2.02   256.30     0.00
 2013  5 10  8.00   149  560599.0 7626795.2    91.0    -3.17    72.30     2.40   266.10     0.00
 2013  5 10  9.00   149  560599.0 7626795.2    91.0    -1.11    66.28     1.16   258.30     0.00
 2013  5 10 10.00   149  560599.0 7626795.2    91.0    -0.29    64.07     1.12   260.00     0.00
 2013  5 10 11.00   149  560599.0 7626795.2    91.0     1.24    64.83     1.19   261.95     0.00
 2013  5 10 12.00   149  560599.0 7626795.2    91.0     1.77    64.75     1.52   254.60     0.00
 2013  5 10 13.00   149  560599.0 7626795.2    91.0     2.62    63.55     1.79   242.40     0.00
 2013  5 10 14.00   149  560599.0 7626795.2    91.0     2.80    66.36     2.26   261.55     0.00
 2013  5 10 15.00   149  560599.0 7626795.2    91.0     3.96    66.02     2.00   263.30     0.00
 2013  5 10 16.00   149  560599.0 7626795.2    91.0     4.46    64.20     1.74   267.30     0.00
 2013  5 10 17.00   149  560599.0 7626795.2    91.0     3.37    68.86     2.35   260.95     0.00
 2013  5 10 18.00   149  560599.0 7626795.2    91.0     3.35    68.80     1.90   262.95     0.00
 2013  5 10 19.00   149  560599.0 7626795.2    91.0     4.53    62.16     0.89   257.40     0.00
 2013  5 10 20.00   149  560599.0 7626795.2    91.0     3.62    63.06     0.36   257.90     0.00
 2013  5 10 21.00   149  560599.0 7626795.2    91.0     2.86    61.15     0.38   155.05     0.00
 2013  5 10 22.00   149  560599.0 7626795.2    91.0     1.29    63.64     0.81   116.90     0.00
 2013  5 10 23.00   149  560599.0 7626795.2    91.0    -0.59    70.30     0.59   110.45     0.00
 2013  5 11  0.00   149  560599.0 7626795.2    91.0    -1.65    71.31     0.88   165.35     0.00
 2013  5 11  1.00   149  560599.0 7626795.2    91.0    -1.06    68.34     0.72    84.60     0.00
 2013  5 11  2.00   149  560599.0 7626795.2    91.0    -4.27    84.90     0.88    53.24     0.00
 2013  5 11  3.00   149  560599.0 7626795.2    91.0    -7.17    92.35     0.66   262.95     0.00
 2013  5 11  4.00   149  560599.0 7626795.2    91.0    -6.67    91.80     0.42   303.40     0.00
 2013  5 11  5.00   149  560599.0 7626795.2    91.0    -6.27    89.20     0.48   224.05     0.00
 2013  5 11  6.00   149  560599.0 7626795.2    91.0    -5.94    81.90     0.06   147.60     0.00
 2013  5 11  7.00   149  560599.0 7626795.2    91.0    -4.18    79.90     0.06   155.95     0.00
 2013  5 11  8.00   149  560599.0 7626795.2    91.0    -1.97    74.90     0.27    89.25     0.00
 2013  5 11  9.00   149  560599.0 7626795.2    91.0     0.30    64.00     0.10    38.15     0.00
 2013  5 11 10.00   149  560599.0 7626795.2    91.0     1.69    59.23     0.30    47.08     0.00
 2013  5 11 11.00   149  560599.0 7626795.2    91.0     1.43    64.85     0.48    38.24     0.00
 2013  5 11 12.00   149  560599.0 7626795.2    91.0     4.47    58.68     0.33    27.83     0.00
 2013  5 11 13.00   149  560599.0 7626795.2    91.0     4.65    63.16     0.59     8.32     0.00
 2013  5 11 14.00   149  560599.0 7626795.2    91.0     3.87    69.03     0.63   181.11     0.00
 2013  5 11 15.00   149  560599.0 7626795.2    91.0     7.45    56.80     0.21   322.50     0.00
 2013  5 11 16.00   149  560599.0 7626795.2    91.0     5.37    66.84     0.70    30.43     0.00
 2013  5 11 17.00   149  560599.0 7626795.2    91.0     3.18    74.45     0.99   337.35     0.00
 2013  5 11 18.00   149  560599.0 7626795.2    91.0     2.48    78.50     1.25   347.20     0.00
 2013  5 11 19.00   149  560599.0 7626795.2    91.0     3.43    72.35     0.76   169.76     0.00
 2013  5 11 20.00   149  560599.0 7626795.2    91.0     1.77    86.35     1.04   299.05     0.00
 2013  5 11 21.00   149  560599.0 7626795.2    91.0     0.24    94.40     1.94   290.70     0.00
 2013  5 11 22.00   149  560599.0 7626795.2    91.0     0.21    95.00     1.99   292.45     0.00
 2013  5 11 23.00   149  560599.0 7626795.2    91.0     0.20    95.00     1.62   273.15     0.00
 2013  5 12  0.00   149  560599.0 7626795.2    91.0     0.12    95.00     1.12   270.60     0.00
 2013  5 12  1.00   149  560599.0 7626795.2    91.0     0.33    95.00     1.65   283.65     0.00
 2013  5 12  2.00   149  560599.0 7626795.2    91.0     0.12    95.00     3.17   271.10     0.00
 2013  5 12  3.00   149  560599.0 7626795.2    91.0    -0.95    95.00     4.03   279.05     0.00
 2013  5 12  4.00   149  560599.0 7626795.2    91.0    -0.39    95.00     2.67   285.20     0.00
 2013  5 12  5.00   149  560599.0 7626795.2    91.0    -0.49    95.00     1.98   275.45     0.00
 2013  5 12  6.00   149  560599.0 7626795.2    91.0    -0.62    95.00     2.68   264.35     0.00
 2013  5 12  7.00   149  560599.0 7626795.2    91.0    -1.31    95.00     4.42   278.75     0.00
 2013  5 12  8.00   149  560599.0 7626795.2    91.0    -1.22    95.00     4.41   284.05     0.00
 2013  5 12  9.00   149  560599.0 7626795.2    91.0    -0.72    95.00     5.55   297.40     0.00
 2013  5 12 10.00   149  560599.0 7626795.2    91.0    -0.57    95.00     6.04   300.65     0.00
 2013  5 12 11.00   149  560599.0 7626795.2    91.0    -0.43    95.00     5.54   286.75     0.00
 2013  5 12 12.00   149  560599.0 7626795.2    91.0    -0.27    95.00     5.22   282.05     0.00
 2013  5 12 13.00   149  560599.0 7626795.2    91.0    -0.07    95.00     7.07   296.45     0.00
 2013  5 12 14.00   149  560599.0 7626795.2    91.0    -0.16    95.00     7.36   295.50     0.00
 2013  5 12 15.00   149  560599.0 7626795.2    91.0    -0.29    95.00     6.12   294.70     0.00
 2013  5 12 16.00   149  560599.0 7626795.2    91.0    -0.19    95.00     5.94   301.90     0.00
 2013  5 12 17.00   149  560599.0 7626795.2    91.0    -0.20    95.00     4.36   308.85     0.00
 2013  5 12 18.00   149  560599.0 7626795.2    91.0    -0.46    95.00     3.92   294.85     0.00
 2013  5 12 19.00   149  560599.0 7626795.2    91.0    -0.40    95.00     3.21   317.75     0.00
 2013  5 12 20.00   149  560599.0 7626795.2    91.0    -0.42    95.00     2.65   298.65     0.00
 2013  5 12 21.00   149  560599.0 7626795.2    91.0    -0.90    95.00     1.59   319.55     0.00
 2013  5 12 22.00   149  560599.0 7626795.2    91.0    -1.25    95.00     0.76   192.45     0.00
 2013  5 12 23.00   149  560599.0 7626795.2    91.0    -1.71    95.00     1.01   191.45     0.00
 2013  5 13  0.00   149  560599.0 7626795.2    91.0    -1.95    95.00     1.77   211.95     0.00
 2013  5 13  1.00   149  560599.0 7626795.2    91.0    -2.03    95.00     0.99   196.10     0.00
 2013  5 13  2.00   149  560599.0 7626795.2    91.0    -1.91    95.00     1.99   156.50     0.00
 2013  5 13  3.00   149  560599.0 7626795.2    91.0    -2.42    95.00     2.50   145.00     0.00
 2013  5 13  4.00   149  560599.0 7626795.2    91.0    -2.66    95.00     2.56   141.00     0.00
 2013  5 13  5.00   149  560599.0 7626795.2    91.0    -2.74    95.00     2.74   131.15     0.00
 2013  5 13  6.00   149  560599.0 7626795.2    91.0    -2.75    95.00     2.60   118.90     0.00
 2013  5 13  7.00   149  560599.0 7626795.2    91.0    -3.06    95.00     2.46   115.30     0.00
 2013  5 13  8.00   149  560599.0 7626795.2    91.0    -3.25    95.00     2.25   110.05     0.00
 2013  5 13  9.00   149  560599.0 7626795.2    91.0    -3.07    95.00     1.69   100.45     0.00
 2013  5 13 10.00   149  560599.0 7626795.2    91.0    -2.29    95.00     1.54    95.15     0.00
 2013  5 13 11.00   149  560599.0 7626795.2    91.0    -1.54    95.00     1.29    86.20     0.00
 2013  5 13 12.00   149  560599.0 7626795.2    91.0    -0.33    95.00     1.34    73.20     0.00
 2013  5 13 13.00   149  560599.0 7626795.2    91.0     0.34    95.00     1.85    70.36     0.00
 2013  5 13 14.00   149  560599.0 7626795.2    91.0     1.36    94.50     1.66    72.40     0.00
 2013  5 13 15.00   149  560599.0 7626795.2    91.0     2.43    89.85     1.52    81.55     0.00
 2013  5 13 16.00   149  560599.0 7626795.2    91.0     2.88    86.75     2.00    80.75     0.00
 2013  5 13 17.00   149  560599.0 7626795.2    91.0     2.85    88.60     1.96   111.05     0.00
 2013  5 13 18.00   149  560599.0 7626795.2    91.0     4.41    82.90     1.07   221.45     0.00
 2013  5 13 19.00   149  560599.0 7626795.2    91.0     2.24    91.20     1.66   334.55     0.00
 2013  5 13 20.00   149  560599.0 7626795.2    91.0     2.33    88.95     1.30   296.65     0.00
 2013  5 13 21.00   149  560599.0 7626795.2    91.0     0.10    95.00     4.75   318.40     0.00
 2013  5 13 22.00   149  560599.0 7626795.2    91.0    -0.18    95.00     6.93   331.80     0.00
 2013  5 13 23.00   149  560599.0 7626795.2    91.0    -1.78    95.00     9.52   331.85     0.00
 2013  5 14  0.00   149  560599.0 7626795.2    91.0    -2.93    95.00     9.44   330.65     0.00
 2013  5 14  1.00   149  560599.0 7626795.2    91.0    -3.97    95.00     9.47   326.90     0.00
 2013  5 14  2.00   149  560599.0 7626795.2    91.0    -4.73    95.00     9.14   326.15     0.00
 2013  5 14  3.00   149  560599.0 7626795.2    91.0    -5.82    95.00     8.58   330.15     0.00
 2013  5 14  4.00   149  560599.0 7626795.2    91.0    -6.49    95.00     7.87   326.95     0.00
 2013  5 14  5.00   149  560599.0 7626795.2    91.0    -7.01    95.00     7.06   331.55     0.00
 2013  5 14  6.00   149  560599.0 7626795.2    91.0    -7.36    95.00     6.84   331.50     0.00
 2013  5 14  7.00   149  560599.0 7626795.2    91.0    -7.52    95.00     6.87   337.25     0.00
 2013  5 14  8.00   149  560599.0 7626795.2    91.0    -7.13    95.00     5.72   174.65     0.00
 2013  5 14  9.00   149  560599.0 7626795.2    91.0    -6.85    95.00     5.82   357.90     0.00
 2013  5 14 10.00   149  560599.0 7626795.2    91.0    -7.12    95.00     6.78   183.04     0.00
 2013  5 14 11.00   149  560599.0 7626795.2    91.0    -6.67    94.00     6.18    14.93     0.00
 2013  5 14 12.00   149  560599.0 7626795.2    91.0    -7.09    92.55     5.86    16.77     0.00
 2013  5 14 13.00   149  560599.0 7626795.2    91.0    -7.26    83.10     5.68    24.89     0.00
 2013  5 14 14.00   149  560599.0 7626795.2    91.0    -6.61    79.30     3.88    37.98     0.00
 2013  5 14 15.00   149  560599.0 7626795.2    91.0    -6.47    77.55     4.09    46.66     0.00
 2013  5 14 16.00   149  560599.0 7626795.2    91.0    -6.29    77.55     3.11    52.09     0.00
 2013  5 14 17.00   149  560599.0 7626795.2    91.0    -6.71    80.20     2.61    86.20     0.00
 2013  5 14 18.00   149  560599.0 7626795.2    91.0    -6.71    80.05     2.29   121.50     0.00
 2013  5 14 19.00   149  560599.0 7626795.2    91.0    -6.64    79.70     2.42   126.70     0.00
 2013  5 14 20.00   149  560599.0 7626795.2    91.0    -7.00    79.60     2.37   126.25     0.00
 2013  5 14 21.00   149  560599.0 7626795.2    91.0    -7.53    81.40     1.97   128.25     0.00
 2013  5 14 22.00   149  560599.0 7626795.2    91.0    -8.27    84.10     1.52   119.20     0.00
 2013  5 14 23.00   149  560599.0 7626795.2    91.0    -9.03    88.10     1.72   112.25     0.00
 2013  5 15  0.00   149  560599.0 7626795.2    91.0    -9.26    91.25     1.63   101.25     0.00
 2013  5 15  1.00   149  560599.0 7626795.2    91.0   -10.13    92.15     1.91    92.80     0.00
 2013  5 15  2.00   149  560599.0 7626795.2    91.0   -10.82    93.70     2.13    93.70     0.00
 2013  5 15  3.00   149  560599.0 7626795.2    91.0   -10.62    89.75     2.81   121.25     0.00
 2013  5 15  4.00   149  560599.0 7626795.2    91.0   -10.00    86.95     3.04   139.10     0.00
 2013  5 15  5.00   149  560599.0 7626795.2    91.0   -10.67    86.65     2.65   110.65     0.00
 2013  5 15  6.00   149  560599.0 7626795.2    91.0   -10.35    84.45     1.75    69.16     0.00
 2013  5 15  7.00   149  560599.0 7626795.2    91.0    -9.40    79.15     1.63    68.61     0.00
 2013  5 15  8.00   149  560599.0 7626795.2    91.0    -8.94    77.65     1.29    79.90     0.00
 2013  5 15  9.00   149  560599.0 7626795.2    91.0    -6.44    68.79     0.75    41.84     0.00
 2013  5 15 10.00   149  560599.0 7626795.2    91.0    -5.55    68.73     1.28    50.86     0.00
 2013  5 15 11.00   149  560599.0 7626795.2    91.0    -4.48    70.89     1.46    84.36     0.00
 2013  5 15 12.00   149  560599.0 7626795.2    91.0    -3.40    72.35     1.81   112.05     0.00
 2013  5 15 13.00   149  560599.0 7626795.2    91.0    -2.59    72.80     2.43   126.00     0.00
 2013  5 15 14.00   149  560599.0 7626795.2    91.0    -1.86    71.30     2.24    93.65     0.00
 2013  5 15 15.00   149  560599.0 7626795.2    91.0    -1.65    72.70     2.38   101.90     0.00
 2013  5 15 16.00   149  560599.0 7626795.2    91.0    -1.07    71.90     2.56   105.00     0.00
 2013  5 15 17.00   149  560599.0 7626795.2    91.0    -0.66    71.65     2.42   118.95     0.00
 2013  5 15 18.00   149  560599.0 7626795.2    91.0    -0.83    69.59     3.38   129.20     0.00
 2013  5 15 19.00   149  560599.0 7626795.2    91.0    -0.73    71.10     3.15   128.90     0.00
 2013  5 15 20.00   149  560599.0 7626795.2    91.0    -0.62    72.95     2.87   135.30     0.00
 2013  5 15 21.00   149  560599.0 7626795.2    91.0     0.07    68.48     1.35   139.75     0.00
 2013  5 15 22.00   149  560599.0 7626795.2    91.0    -0.41    70.10     0.93   146.60     0.00
 2013  5 15 23.00   149  560599.0 7626795.2    91.0    -1.24    73.40     1.59   163.80     0.00
 2013  5 16  0.00   149  560599.0 7626795.2    91.0    -2.40    78.00     2.00   213.70     0.00
 2013  5 16  1.00   149  560599.0 7626795.2    91.0    -3.41    85.00     5.01   206.55     0.00
 2013  5 16  2.00   149  560599.0 7626795.2    91.0    -3.46    86.45     5.43   207.35     0.00
 2013  5 16  3.00   149  560599.0 7626795.2    91.0    -4.22    88.20     5.13   205.30     0.00
 2013  5 16  4.00   149  560599.0 7626795.2    91.0    -4.43    89.35     5.35   206.70     0.00
 2013  5 16  5.00   149  560599.0 7626795.2    91.0    -3.70    85.30     5.70   202.75     0.00
 2013  5 16  6.00   149  560599.0 7626795.2    91.0    -2.97    83.50     6.44   204.25     0.00
 2013  5 16  7.00   149  560599.0 7626795.2    91.0    -2.17    80.80     7.05   204.60     0.00
 2013  5 16  8.00   149  560599.0 7626795.2    91.0    -1.75    80.20     7.13   204.10     0.00
 2013  5 16  9.00   149  560599.0 7626795.2    91.0    -0.54    77.70     7.72   204.35     0.00
 2013  5 16 10.00   149  560599.0 7626795.2    91.0     0.82    74.85     7.02   201.95     0.00
 2013  5 16 11.00   149  560599.0 7626795.2    91.0     2.07    74.05     6.88   203.70     0.00
 2013  5 16 12.00   149  560599.0 7626795.2    91.0     3.03    73.90     7.05   198.80     0.00
 2013  5 16 13.00   149  560599.0 7626795.2    91.0     3.51    75.40     6.83   200.05     0.00
 2013  5 16 14.00   149  560599.0 7626795.2    91.0     3.71    76.30     6.64   198.55     0.00
 2013  5 16 15.00   149  560599.0 7626795.2    91.0     3.82    77.00     6.03   194.55     0.00
 2013  5 16 16.00   149  560599.0 7626795.2    91.0     3.92    77.45     5.65   194.20     0.00
 2013  5 16 17.00   149  560599.0 7626795.2    91.0     4.12    76.30     5.39   197.00     0.00
 2013  5 16 18.00   149  560599.0 7626795.2    91.0     4.11    74.85     5.47   196.35     0.00
 2013  5 16 19.00   149  560599.0 7626795.2    91.0     4.02    74.85     5.27   195.90     0.00
 2013  5 16 20.00   149  560599.0 7626795.2    91.0     3.83    74.45     4.36   191.00     0.00
 2013  5 16 21.00   149  560599.0 7626795.2    91.0     3.28    77.75     3.50   192.85     0.00
 2013  5 16 22.00   149  560599.0 7626795.2    91.0     2.61    79.00     3.54   183.60     0.00
 2013  5 16 23.00   149  560599.0 7626795.2    91.0     1.89    80.15     3.28   194.95     0.00
 2013  5 17  0.00   149  560599.0 7626795.2    91.0     1.21    81.20     3.02   176.75     0.00
 2013  5 17  1.00   149  560599.0 7626795.2    91.0     0.56    82.80     2.34   179.55     0.00
 2013  5 17  2.00   149  560599.0 7626795.2    91.0    -0.15    85.15     2.72   181.10     0.00
 2013  5 17  3.00   149  560599.0 7626795.2    91.0    -0.14    85.00     3.15   171.50     0.00
 2013  5 17  4.00   149  560599.0 7626795.2    91.0     0.50    80.85     3.40   167.90     0.00
 2013  5 17  5.00   149  560599.0 7626795.2    91.0     0.18    81.25     2.67   157.15     0.00
 2013  5 17  6.00   149  560599.0 7626795.2    91.0     1.56    73.35     1.81    93.40     0.00
 2013  5 17  7.00   149  560599.0 7626795.2    91.0     2.35    73.95     2.40   128.70     0.00
 2013  5 17  8.00   149  560599.0 7626795.2    91.0     2.91    76.20     3.35   153.65     0.00
 2013  5 17  9.00   149  560599.0 7626795.2    91.0     4.29    73.20     2.46   101.54     0.00
 2013  5 17 10.00   149  560599.0 7626795.2    91.0     3.87    75.05     2.75    96.90     0.00
 2013  5 17 11.00   149  560599.0 7626795.2    91.0     4.43    71.95     3.18   105.80     0.00
 2013  5 17 12.00   149  560599.0 7626795.2    91.0     5.39    68.08     3.24   109.85     0.00
 2013  5 17 13.00   149  560599.0 7626795.2    91.0     5.59    67.91     4.05   122.00     0.00
 2013  5 17 14.00   149  560599.0 7626795.2    91.0     5.79    69.00     4.75   114.40     0.00
 2013  5 17 15.00   149  560599.0 7626795.2    91.0     6.06    68.69     4.21   116.35     0.00
 2013  5 17 16.00   149  560599.0 7626795.2    91.0     5.96    71.20     3.35   107.60     0.00
 2013  5 17 17.00   149  560599.0 7626795.2    91.0     5.97    71.30     4.45   119.90     0.00
 2013  5 17 18.00   149  560599.0 7626795.2    91.0     6.17    71.75     2.94   122.00     0.00
 2013  5 17 19.00   149  560599.0 7626795.2    91.0     6.40    71.10     2.17   119.00     0.00
 2013  5 17 20.00   149  560599.0 7626795.2    91.0     5.78    73.75     2.98   120.30     0.00
 2013  5 17 21.00   149  560599.0 7626795.2    91.0     6.46    70.86     1.91    78.40     0.00
 2013  5 17 22.00   149  560599.0 7626795.2    91.0     6.89    67.39     1.73    91.95     0.00
 2013  5 17 23.00   149  560599.0 7626795.2    91.0     4.70    77.94     2.28   187.70     0.00
 2013  5 18  0.00   149  560599.0 7626795.2    91.0    -0.03    95.00     5.81   271.35     0.00
 2013  5 18  1.00   149  560599.0 7626795.2    91.0    -1.64    95.00     8.71   299.80     0.00
 2013  5 18  2.00   149  560599.0 7626795.2    91.0    -2.25    95.00     7.17   305.80     0.00
 2013  5 18  3.00   149  560599.0 7626795.2    91.0    -2.44    95.00     6.91   317.40     0.00
 2013  5 18  4.00   149  560599.0 7626795.2    91.0    -2.71    95.00     6.97   322.50     0.00
 2013  5 18  5.00   149  560599.0 7626795.2    91.0    -3.26    95.00     7.17   331.90     0.00
 2013  5 18  6.00   149  560599.0 7626795.2    91.0    -3.71    95.00     7.29   333.10     0.00
 2013  5 18  7.00   149  560599.0 7626795.2    91.0    -3.64    95.00     6.67   333.75     0.00
 2013  5 18  8.00   149  560599.0 7626795.2    91.0    -3.40    95.00     6.42   337.40     0.00
 2013  5 18  9.00   149  560599.0 7626795.2    91.0    -3.31    95.00     6.17   336.95     0.00
 2013  5 18 10.00   149  560599.0 7626795.2    91.0    -3.08    95.00     6.03   337.85     0.00
 2013  5 18 11.00   149  560599.0 7626795.2    91.0    -2.69    95.00     6.29   335.55     0.00
 2013  5 18 12.00   149  560599.0 7626795.2    91.0    -2.40    95.00     6.60   332.90     0.00
 2013  5 18 13.00   149  560599.0 7626795.2    91.0    -2.58    95.00     6.42   332.45     0.00
 2013  5 18 14.00   149  560599.0 7626795.2    91.0    -2.40    95.00     5.95   330.30     0.00
 2013  5 18 15.00   149  560599.0 7626795.2    91.0    -2.58    95.00     7.77   326.50     0.00
 2013  5 18 16.00   149  560599.0 7626795.2    91.0    -2.99    95.00     8.60   323.35     0.00
 2013  5 18 17.00   149  560599.0 7626795.2    91.0    -3.82    95.00     9.70   326.15     0.00
 2013  5 18 18.00   149  560599.0 7626795.2    91.0    -4.74    95.00    10.54   324.00     0.00
 2013  5 18 19.00   149  560599.0 7626795.2    91.0    -5.05    95.00    10.37   324.15     0.00
 2013  5 18 20.00   149  560599.0 7626795.2    91.0    -5.66    95.00    10.74   326.65     0.00
 2013  5 18 21.00   149  560599.0 7626795.2    91.0    -6.17    95.00    10.33   324.55     0.00
 2013  5 18 22.00   149  560599.0 7626795.2    91.0    -6.66    95.00    10.85   323.10     0.00
 2013  5 18 23.00   149  560599.0 7626795.2    91.0    -6.96    95.00    10.19   321.80     0.00
 2013  5 19  0.00   149  560599.0 7626795.2    91.0    -7.27    95.00    10.31   321.05     0.00
 2013  5 19  1.00   149  560599.0 7626795.2    91.0    -7.33    95.00    10.11   322.80     0.00
 2013  5 19  2.00   149  560599.0 7626795.2    91.0    -7.35    95.00    10.05   324.45     0.00
 2013  5 19  3.00   149  560599.0 7626795.2    91.0    -7.54    95.00    10.04   326.10     0.00
 2013  5 19  4.00   149  560599.0 7626795.2    91.0    -7.67    95.00    10.09   327.10     0.00
 2013  5 19  5.00   149  560599.0 7626795.2    91.0    -7.91    95.00    10.46   327.25     0.00
 2013  5 19  6.00   149  560599.0 7626795.2    91.0    -8.05    95.00     9.43   324.80     0.00
 2013  5 19  7.00   149  560599.0 7626795.2    91.0    -7.92    95.00     9.79   321.15     0.00
 2013  5 19  8.00   149  560599.0 7626795.2    91.0    -7.99    95.00    10.45   318.75     0.00
 2013  5 19  9.00   149  560599.0 7626795.2    91.0    -7.74    95.00    10.36   319.80     0.00
 2013  5 19 10.00   149  560599.0 7626795.2    91.0    -7.72    94.80    10.10   317.20     0.00
 2013  5 19 11.00   149  560599.0 7626795.2    91.0    -7.42    92.55    10.29   317.00     0.00
 2013  5 19 12.00   149  560599.0 7626795.2    91.0    -6.80    88.85     9.91   316.30     0.00
 2013  5 19 13.00   149  560599.0 7626795.2    91.0    -6.61    85.85     9.84   316.00     0.00
 2013  5 19 14.00   149  560599.0 7626795.2    91.0    -6.30    81.95    10.10   318.15     0.00
 2013  5 19 15.00   149  560599.0 7626795.2    91.0    -6.09    78.40     9.75   314.35     0.00
 2013  5 19 16.00   149  560599.0 7626795.2    91.0    -5.93    78.30     9.12   317.05     0.00
 2013  5 19 17.00   149  560599.0 7626795.2    91.0    -6.08    80.05     8.98   316.65     0.00
 2013  5 19 18.00   149  560599.0 7626795.2    91.0    -5.92    78.30     8.57   319.60     0.00
 2013  5 19 19.00   149  560599.0 7626795.2    91.0    -6.11    79.65     8.12   320.00     0.00
 2013  5 19 20.00   149  560599.0 7626795.2    91.0    -6.64    88.45     7.72   312.25     0.00
 2013  5 19 21.00   149  560599.0 7626795.2    91.0    -6.87    87.35     6.58   315.45     0.00
 2013  5 19 22.00   149  560599.0 7626795.2    91.0    -7.28    91.55     5.54   318.05     0.00
 2013  5 19 23.00   149  560599.0 7626795.2    91.0    -7.81    94.50     4.48   311.70     0.00
 2013  5 20  0.00   149  560599.0 7626795.2    91.0    -7.87    95.00     4.29   312.50     0.00
 2013  5 20  1.00   149  560599.0 7626795.2    91.0    -7.66    94.95     4.18   323.10     0.00
 2013  5 20  2.00   149  560599.0 7626795.2    91.0    -7.64    95.00     3.82   328.10     0.00
 2013  5 20  3.00   149  560599.0 7626795.2    91.0    -7.62    95.00     3.47   328.10     0.00
 2013  5 20  4.00   149  560599.0 7626795.2    91.0    -7.49    95.00     3.13   319.45     0.00
 2013  5 20  5.00   149  560599.0 7626795.2    91.0    -7.31    95.00     3.17   327.50     0.00
 2013  5 20  6.00   149  560599.0 7626795.2    91.0    -7.03    93.20     3.33   336.65     0.00
 2013  5 20  7.00   149  560599.0 7626795.2    91.0    -6.77    90.95     3.38   335.10     0.00
 2013  5 20  8.00   149  560599.0 7626795.2    91.0    -6.31    89.50     3.42   327.10     0.00
 2013  5 20  9.00   149  560599.0 7626795.2    91.0    -5.54    79.50     3.11   332.90     0.00
 2013  5 20 10.00   149  560599.0 7626795.2    91.0    -5.20    75.25     3.08   339.15     0.00
 2013  5 20 11.00   149  560599.0 7626795.2    91.0    -4.93    72.40     3.00   346.35     0.00
 2013  5 20 12.00   149  560599.0 7626795.2    91.0    -3.93    68.31     2.40   341.45     0.00
 2013  5 20 13.00   149  560599.0 7626795.2    91.0    -3.56    66.83     3.05   330.85     0.00
 2013  5 20 14.00   149  560599.0 7626795.2    91.0    -2.76    61.88     2.87   332.05     0.00
 2013  5 20 15.00   149  560599.0 7626795.2    91.0    -1.86    57.62     2.58   340.95     0.00
 2013  5 20 16.00   149  560599.0 7626795.2    91.0    -1.41    55.55     2.72    21.80     0.00
 2013  5 20 17.00   149  560599.0 7626795.2    91.0    -0.83    52.59     2.47    33.20     0.00
 2013  5 20 18.00   149  560599.0 7626795.2    91.0    -0.74    49.99     2.06    51.33     0.00
 2013  5 20 19.00   149  560599.0 7626795.2    91.0    -1.44    56.89     1.98    77.25     0.00
 2013  5 20 20.00   149  560599.0 7626795.2    91.0    -1.73    56.80     2.34    63.89     0.00
 2013  5 20 21.00   149  560599.0 7626795.2    91.0    -2.99    66.31     2.41    82.50     0.00
 2013  5 20 22.00   149  560599.0 7626795.2    91.0    -4.15    71.10     2.37    81.70     0.00
 2013  5 20 23.00   149  560599.0 7626795.2    91.0    -5.58    76.75     1.86    84.05     0.00
 2013  5 21  0.00   149  560599.0 7626795.2    91.0    -6.42    80.15     1.40    95.50     0.00
 2013  5 21  1.00   149  560599.0 7626795.2    91.0    -7.17    83.45     1.29   109.75     0.00
 2013  5 21  2.00   149  560599.0 7626795.2    91.0    -8.02    85.75     1.06   155.80     0.00
 2013  5 21  3.00   149  560599.0 7626795.2    91.0    -7.93    82.20     0.99   120.25     0.00
 2013  5 21  4.00   149  560599.0 7626795.2    91.0    -8.25    80.90     1.00   164.20     0.00
 2013  5 21  5.00   149  560599.0 7626795.2    91.0    -7.91    79.20     1.59   131.10     0.00
 2013  5 21  6.00   149  560599.0 7626795.2    91.0    -7.11    76.20     3.03   135.50     0.00
 2013  5 21  7.00   149  560599.0 7626795.2    91.0    -5.42    69.91     3.00   147.15     0.00
 2013  5 21  8.00   149  560599.0 7626795.2    91.0    -3.65    64.78     3.09   149.25     0.00
 2013  5 21  9.00   149  560599.0 7626795.2    91.0    -2.45    66.50     2.83   140.55     0.00
 2013  5 21 10.00   149  560599.0 7626795.2    91.0    -1.24    66.75     2.46   123.15     0.00
 2013  5 21 11.00   149  560599.0 7626795.2    91.0     0.75    57.56     3.37   154.10     0.00
 2013  5 21 12.00   149  560599.0 7626795.2    91.0     2.08    51.92     3.62   149.45     0.00
 2013  5 21 13.00   149  560599.0 7626795.2    91.0     2.81    54.05     3.89   150.05     0.00
 2013  5 21 14.00   149  560599.0 7626795.2    91.0     3.40    57.52     4.17   149.20     0.00
 2013  5 21 15.00   149  560599.0 7626795.2    91.0     4.17    58.25     3.79   147.75     0.00
 2013  5 21 16.00   149  560599.0 7626795.2    91.0     4.93    56.37     4.36   160.20     0.00
 2013  5 21 17.00   149  560599.0 7626795.2    91.0     5.27    54.45     4.73   168.10     0.00
 2013  5 21 18.00   149  560599.0 7626795.2    91.0     5.21    58.51     5.10   171.00     0.00
 2013  5 21 19.00   149  560599.0 7626795.2    91.0     5.30    61.62     4.54   171.20     0.00
 2013  5 21 20.00   149  560599.0 7626795.2    91.0     4.98    65.12     4.96   175.00     0.00
 2013  5 21 21.00   149  560599.0 7626795.2    91.0     4.51    69.52     5.10   176.55     0.00
 2013  5 21 22.00   149  560599.0 7626795.2    91.0     3.98    72.65     4.81   187.55     0.00
 2013  5 21 23.00   149  560599.0 7626795.2    91.0     3.27    76.40     5.58   193.45     0.00
 2013  5 22  0.00   149  560599.0 7626795.2    91.0     2.35    81.75     5.12   192.60     0.00
 2013  5 22  1.00   149  560599.0 7626795.2    91.0     1.32    85.40     4.57   191.80     0.00
 2013  5 22  2.00   149  560599.0 7626795.2    91.0     0.67    85.75     4.49   192.60     0.00
 2013  5 22  3.00   149  560599.0 7626795.2    91.0     0.25    85.55     4.63   196.50     0.00
 2013  5 22  4.00   149  560599.0 7626795.2    91.0    -0.11    85.25     4.69   194.00     0.00
 2013  5 22  5.00   149  560599.0 7626795.2    91.0     0.73    80.05     5.48   195.30     0.00
 2013  5 22  6.00   149  560599.0 7626795.2    91.0     1.14    77.95     6.28   197.25     0.00
 2013  5 22  7.00   149  560599.0 7626795.2    91.0     1.64    76.20     6.37   193.65     0.00
 2013  5 22  8.00   149  560599.0 7626795.2    91.0     2.30    75.75     5.97   195.35     0.00
 2013  5 22  9.00   149  560599.0 7626795.2    91.0     3.09    74.20     5.23   188.10     0.00
 2013  5 22 10.00   149  560599.0 7626795.2    91.0     4.07    70.32     5.29   179.45     0.00
 2013  5 22 11.00   149  560599.0 7626795.2    91.0     4.68    69.60     5.06   178.55     0.00
 2013  5 22 12.00   149  560599.0 7626795.2    91.0     5.32    67.85     5.38   172.65     0.00
 2013  5 22 13.00   149  560599.0 7626795.2    91.0     6.13    64.72     5.13   172.35     0.00
 2013  5 22 14.00   149  560599.0 7626795.2    91.0     6.97    61.66     5.04   171.20     0.00
 2013  5 22 15.00   149  560599.0 7626795.2    91.0     7.42    62.13     4.35   155.90     0.00
 2013  5 22 16.00   149  560599.0 7626795.2    91.0     7.38    62.23     4.75   152.30     0.00
 2013  5 22 17.00   149  560599.0 7626795.2    91.0     7.76    60.33     4.39   152.25     0.00
 2013  5 22 18.00   149  560599.0 7626795.2    91.0     7.75    59.18     4.06   149.10     0.00
 2013  5 22 19.00   149  560599.0 7626795.2    91.0     7.63    59.70     3.56   141.90     0.00
 2013  5 22 20.00   149  560599.0 7626795.2    91.0     8.32    59.50     1.78    99.75     0.00
 2013  5 22 21.00   149  560599.0 7626795.2    91.0     7.01    66.59     2.40    98.00     0.00
 2013  5 22 22.00   149  560599.0 7626795.2    91.0     6.12    70.05     2.33    94.60     0.00
 2013  5 22 23.00   149  560599.0 7626795.2    91.0     5.92    69.81     1.53    73.75     0.00
 2013  5 23  0.00   149  560599.0 7626795.2    91.0     5.12    72.70     1.36    76.38     0.00
 2013  5 23  1.00   149  560599.0 7626795.2    91.0     3.96    78.60     1.46    87.00     0.00
 2013  5 23  2.00   149  560599.0 7626795.2    91.0     3.75    79.80     1.33    65.15     0.00
 2013  5 23  3.00   149  560599.0 7626795.2    91.0     3.42    80.35     0.90    46.40     0.00
 2013  5 23  4.00   149  560599.0 7626795.2    91.0     1.05    90.50     0.89   302.55     0.00
 2013  5 23  5.00   149  560599.0 7626795.2    91.0     0.75    94.40     1.22   321.65     0.00
 2013  5 23  6.00   149  560599.0 7626795.2    91.0     1.53    92.45     0.96   315.35     0.00
 2013  5 23  7.00   149  560599.0 7626795.2    91.0     1.82    93.00     1.26   177.71     0.00
 2013  5 23  8.00   149  560599.0 7626795.2    91.0     2.30    90.75     1.01   348.90     0.00
 2013  5 23  9.00   149  560599.0 7626795.2    91.0     2.46    90.60     2.38   169.65     0.00
 2013  5 23 10.00   149  560599.0 7626795.2    91.0     2.43    91.85     2.92    12.36     0.00
 2013  5 23 11.00   149  560599.0 7626795.2    91.0     3.14    89.55     3.08    12.49     0.00
 2013  5 23 12.00   149  560599.0 7626795.2    91.0     4.00    85.55     2.95    30.82     0.00
 2013  5 23 13.00   149  560599.0 7626795.2    91.0     5.16    80.40     2.90    55.51     0.00
 2013  5 23 14.00   149  560599.0 7626795.2    91.0     5.87    77.25     2.64    45.52     0.00
 2013  5 23 15.00   149  560599.0 7626795.2    91.0     4.62    83.60     2.83    30.87     0.00
 2013  5 23 16.00   149  560599.0 7626795.2    91.0     4.33    85.65     2.62    31.55     0.00
 2013  5 23 17.00   149  560599.0 7626795.2    91.0     4.29    86.50     1.87    24.13     0.00
 2013  5 23 18.00   149  560599.0 7626795.2    91.0     5.37    82.00     0.79    20.21     0.00
 2013  5 23 19.00   149  560599.0 7626795.2    91.0     5.59    81.20     0.70   322.20     0.00
 2013  5 23 20.00   149  560599.0 7626795.2    91.0     5.10    85.35     1.47   250.95     0.00
 2013  5 23 21.00   149  560599.0 7626795.2    91.0     3.99    91.90     1.98   252.60     0.00
 2013  5 23 22.00   149  560599.0 7626795.2    91.0     3.25    95.00     2.41   257.85     0.00
 2013  5 23 23.00   149  560599.0 7626795.2    91.0     2.55    95.00     2.92   268.10     0.00
 2013  5 24  0.00   149  560599.0 7626795.2    91.0     1.77    95.00     2.98   263.20     0.00
 2013  5 24  1.00   149  560599.0 7626795.2    91.0     1.26    95.00     3.88   268.20     0.00
 2013  5 24  2.00   149  560599.0 7626795.2    91.0     0.63    95.00     4.66   270.50     0.00
 2013  5 24  3.00   149  560599.0 7626795.2    91.0     0.51    95.00     4.42   270.55     0.00
 2013  5 24  4.00   149  560599.0 7626795.2    91.0     0.33    95.00     4.42   275.85     0.00
 2013  5 24  5.00   149  560599.0 7626795.2    91.0     0.14    95.00     5.37   286.25     0.00
 2013  5 24  6.00   149  560599.0 7626795.2    91.0     0.26    95.00     4.83   289.35     0.00
 2013  5 24  7.00   149  560599.0 7626795.2    91.0     0.43    95.00     4.54   294.55     0.00
 2013  5 24  8.00   149  560599.0 7626795.2    91.0     0.59    95.00     4.01   299.65     0.00
 2013  5 24  9.00   149  560599.0 7626795.2    91.0     1.01    95.00     5.04   309.90     0.00
 2013  5 24 10.00   149  560599.0 7626795.2    91.0     1.50    95.00     5.12   295.10     0.00
 2013  5 24 11.00   149  560599.0 7626795.2    91.0     1.56    95.00     5.44   294.60     0.00
 2013  5 24 12.00   149  560599.0 7626795.2    91.0     2.00    95.00     5.79   292.30     0.00
 2013  5 24 13.00   149  560599.0 7626795.2    91.0     2.33    95.00     5.26   286.40     0.00
 2013  5 24 14.00   149  560599.0 7626795.2    91.0     3.38    91.30     4.86   287.35     0.00
 2013  5 24 15.00   149  560599.0 7626795.2    91.0     4.01    88.40     5.06   294.95     0.00
 2013  5 24 16.00   149  560599.0 7626795.2    91.0     3.96    88.30     5.04   295.10     0.00
 2013  5 24 17.00   149  560599.0 7626795.2    91.0     4.11    87.65     4.82   294.45     0.00
 2013  5 24 18.00   149  560599.0 7626795.2    91.0     4.30    86.75     4.62   295.35     0.00
 2013  5 24 19.00   149  560599.0 7626795.2    91.0     4.96    83.35     2.83   317.25     0.00
 2013  5 24 20.00   149  560599.0 7626795.2    91.0     4.80    83.50     2.09   338.40     0.00
 2013  5 24 21.00   149  560599.0 7626795.2    91.0     3.56    88.95     2.44   178.21     0.00
 2013  5 24 22.00   149  560599.0 7626795.2    91.0     1.90    94.95     2.73    26.98     0.00
 2013  5 24 23.00   149  560599.0 7626795.2    91.0     0.76    95.00     1.79    37.67     0.00
 2013  5 25  0.00   149  560599.0 7626795.2    91.0    -1.25    95.00     1.18    45.54     0.00
 2013  5 25  1.00   149  560599.0 7626795.2    91.0    -2.35    95.00     0.38   135.25     0.00
 2013  5 25  2.00   149  560599.0 7626795.2    91.0    -3.38    95.00     0.96   248.45     0.00
 2013  5 25  3.00   149  560599.0 7626795.2    91.0    -3.13    95.00     0.43   198.50     0.00
 2013  5 25  4.00   149  560599.0 7626795.2    91.0    -2.35    95.00     0.92   274.65     0.00
 2013  5 25  5.00   149  560599.0 7626795.2    91.0    -1.83    95.00     0.56   185.75     0.00
 2013  5 25  6.00   149  560599.0 7626795.2    91.0     0.05    95.00     0.26    71.75     0.00
 2013  5 25  7.00   149  560599.0 7626795.2    91.0     1.42    93.85     0.79    77.43     0.00
 2013  5 25  8.00   149  560599.0 7626795.2    91.0     3.05    87.95     1.08    79.50     0.00
 2013  5 25  9.00   149  560599.0 7626795.2    91.0     3.72    86.85     1.76    83.40     0.00
 2013  5 25 10.00   149  560599.0 7626795.2    91.0     4.51    83.60     2.10    80.50     0.00
 2013  5 25 11.00   149  560599.0 7626795.2    91.0     5.36    81.00     2.31    82.25     0.00
 2013  5 25 12.00   149  560599.0 7626795.2    91.0     6.20    78.00     2.50    87.20     0.00
 2013  5 25 13.00   149  560599.0 7626795.2    91.0     6.74    75.85     2.99    97.05     0.00
 2013  5 25 14.00   149  560599.0 7626795.2    91.0     8.01    70.47     3.41   111.90     0.00
 2013  5 25 15.00   149  560599.0 7626795.2    91.0     8.68    66.53     3.38   111.00     0.00
 2013  5 25 16.00   149  560599.0 7626795.2    91.0     8.31    67.75     4.31    93.45     0.00
 2013  5 25 17.00   149  560599.0 7626795.2    91.0     7.97    71.50     4.05    79.30     0.00
 2013  5 25 18.00   149  560599.0 7626795.2    91.0     7.98    69.77     3.94    74.13     0.00
 2013  5 25 19.00   149  560599.0 7626795.2    91.0     8.24    68.45     3.42    73.35     0.00
 2013  5 25 20.00   149  560599.0 7626795.2    91.0     7.71    70.37     3.50    69.58     0.00
 2013  5 25 21.00   149  560599.0 7626795.2    91.0     6.05    78.85     3.22    66.19     0.00
 2013  5 25 22.00   149  560599.0 7626795.2    91.0     5.40    81.95     2.20    78.35     0.00
 2013  5 25 23.00   149  560599.0 7626795.2    91.0     5.17    82.55     0.97    61.92     0.00
 2013  5 26  0.00   149  560599.0 7626795.2    91.0     4.45    85.70     1.75    66.85     0.00
 2013  5 26  1.00   149  560599.0 7626795.2    91.0     3.02    92.70     1.60    56.41     0.00
 2013  5 26  2.00   149  560599.0 7626795.2    91.0     2.13    95.00     1.71    28.59     0.00
 2013  5 26  3.00   149  560599.0 7626795.2    91.0    -0.00    95.00     0.99   300.75     0.00
 2013  5 26  4.00   149  560599.0 7626795.2    91.0    -0.51    95.00     1.01   294.85     0.00
 2013  5 26  5.00   149  560599.0 7626795.2    91.0    -1.21    95.00     1.31   283.85     0.00
 2013  5 26  6.00   149  560599.0 7626795.2    91.0    -0.68    95.00     0.97   291.15     0.00
 2013  5 26  7.00   149  560599.0 7626795.2    91.0     1.63    95.00     0.82   295.95     0.00
 2013  5 26  8.00   149  560599.0 7626795.2    91.0     5.06    82.20     0.64    13.11     0.00
 2013  5 26  9.00   149  560599.0 7626795.2    91.0     7.47    73.25     0.83    45.18     0.00
 2013  5 26 10.00   149  560599.0 7626795.2    91.0     7.88    74.30     1.98    74.10     0.00
 2013  5 26 11.00   149  560599.0 7626795.2    91.0     8.59    72.45     2.31    80.75     0.00
 2013  5 26 12.00   149  560599.0 7626795.2    91.0    10.16    67.31     2.59    96.65     0.00
 2013  5 26 13.00   149  560599.0 7626795.2    91.0    11.06    63.83     3.28   102.25     0.00
 2013  5 26 14.00   149  560599.0 7626795.2    91.0    12.71    58.60     2.59   107.10     0.00
 2013  5 26 15.00   149  560599.0 7626795.2    91.0    13.84    55.09     3.45   122.90     0.00
 2013  5 26 16.00   149  560599.0 7626795.2    91.0    14.54    52.58     2.99   140.30     0.00
 2013  5 26 17.00   149  560599.0 7626795.2    91.0    14.75    49.40     2.81   157.10     0.00
 2013  5 26 18.00   149  560599.0 7626795.2    91.0    15.04    47.06     2.50   158.05     0.00
 2013  5 26 19.00   149  560599.0 7626795.2    91.0    15.04    46.95     2.27   160.25     0.00
 2013  5 26 20.00   149  560599.0 7626795.2    91.0    15.09    46.67     1.77   153.00     0.00
 2013  5 26 21.00   149  560599.0 7626795.2    91.0    15.39    48.29     1.09    96.70     0.00
 2013  5 26 22.00   149  560599.0 7626795.2    91.0    14.98    49.11     0.76    81.71     0.00
 2013  5 26 23.00   149  560599.0 7626795.2    91.0    13.21    53.44     0.33    85.05     0.00
 2013  5 27  0.00   149  560599.0 7626795.2    91.0    10.62    61.98     0.29   245.30     0.00
 2013  5 27  1.00   149  560599.0 7626795.2    91.0     6.31    77.70     1.50   320.60     0.00
 2013  5 27  2.00   149  560599.0 7626795.2    91.0     4.26    87.85     2.13   266.80     0.00
 2013  5 27  3.00   149  560599.0 7626795.2    91.0     3.77    89.50     2.27   269.00     0.00
 2013  5 27  4.00   149  560599.0 7626795.2    91.0     4.38    87.90     2.47   266.35     0.00
 2013  5 27  5.00   149  560599.0 7626795.2    91.0     5.42    83.35     2.19   271.40     0.00
 2013  5 27  6.00   149  560599.0 7626795.2    91.0     8.13    72.43     1.52   292.30     0.00
 2013  5 27  7.00   149  560599.0 7626795.2    91.0    10.45    63.95     1.47   281.25     0.00
 2013  5 27  8.00   149  560599.0 7626795.2    91.0    10.82    60.48     3.25   305.85     0.00
 2013  5 27  9.00   149  560599.0 7626795.2    91.0     8.24    71.14     6.24   292.85     0.00
 2013  5 27 10.00   149  560599.0 7626795.2    91.0     5.81    80.30     7.12   281.80     0.00
 2013  5 27 11.00   149  560599.0 7626795.2    91.0     5.10    84.20     7.63   290.00     0.00
 2013  5 27 12.00   149  560599.0 7626795.2    91.0     4.49    87.50     6.74   290.00     0.00
 2013  5 27 13.00   149  560599.0 7626795.2    91.0     4.25    89.45     6.40   297.00     0.00
 2013  5 27 14.00   149  560599.0 7626795.2    91.0     4.59    87.70     5.48   298.20     0.00
 2013  5 27 15.00   149  560599.0 7626795.2    91.0     4.88    87.25     6.14   312.05     0.00
 2013  5 27 16.00   149  560599.0 7626795.2    91.0     3.84    92.25     5.87   307.40     0.00
 2013  5 27 17.00   149  560599.0 7626795.2    91.0     3.90    91.10     5.35   322.75     0.00
 2013  5 27 18.00   149  560599.0 7626795.2    91.0     3.23    93.55     5.64   323.65     0.00
 2013  5 27 19.00   149  560599.0 7626795.2    91.0     2.37    95.00     4.75   331.25     0.00
 2013  5 27 20.00   149  560599.0 7626795.2    91.0     1.28    95.00     3.96   338.10     0.00
 2013  5 27 21.00   149  560599.0 7626795.2    91.0     0.63    95.00     4.12   338.65     0.00
 2013  5 27 22.00   149  560599.0 7626795.2    91.0     0.08    95.00     4.22   336.15     0.00
 2013  5 27 23.00   149  560599.0 7626795.2    91.0    -0.20    95.00     3.57   327.05     0.00
 2013  5 28  0.00   149  560599.0 7626795.2    91.0    -0.61    95.00     3.35   346.20     0.00
 2013  5 28  1.00   149  560599.0 7626795.2    91.0    -0.89    95.00     3.16   340.25     0.00
 2013  5 28  2.00   149  560599.0 7626795.2    91.0    -0.72    95.00     1.89   297.85     0.00
 2013  5 28  3.00   149  560599.0 7626795.2    91.0    -0.34    95.00     2.25   288.50     0.00
 2013  5 28  4.00   149  560599.0 7626795.2    91.0    -0.33    95.00     3.19   299.75     0.00
 2013  5 28  5.00   149  560599.0 7626795.2    91.0    -0.18    95.00     3.27   295.65     0.00
 2013  5 28  6.00   149  560599.0 7626795.2    91.0    -0.07    95.00     3.10   299.15     0.00
 2013  5 28  7.00   149  560599.0 7626795.2    91.0     0.25    95.00     3.02   313.20     0.00
 2013  5 28  8.00   149  560599.0 7626795.2    91.0     0.65    95.00     2.80   308.40     0.00
 2013  5 28  9.00   149  560599.0 7626795.2    91.0     0.98    95.00     2.95   319.70     0.00
 2013  5 28 10.00   149  560599.0 7626795.2    91.0     1.55    95.00     2.85   340.60     0.00
 2013  5 28 11.00   149  560599.0 7626795.2    91.0     2.07    95.00     2.88   180.26     0.00
 2013  5 28 12.00   149  560599.0 7626795.2    91.0     2.73    94.15     2.17    19.32     0.00
 2013  5 28 13.00   149  560599.0 7626795.2    91.0     3.44    90.20     2.17    50.78     0.00
 2013  5 28 14.00   149  560599.0 7626795.2    91.0     3.52    92.05     2.42    38.70     0.00
 2013  5 28 15.00   149  560599.0 7626795.2    91.0     3.64    93.20     2.21    38.61     0.00
 2013  5 28 16.00   149  560599.0 7626795.2    91.0     3.80    93.00     2.17    37.17     0.00
 2013  5 28 17.00   149  560599.0 7626795.2    91.0     3.87    94.35     2.96    47.78     0.00
 2013  5 28 18.00   149  560599.0 7626795.2    91.0     4.14    92.15     3.16    74.25     0.00
 2013  5 28 19.00   149  560599.0 7626795.2    91.0     4.16    91.00     3.64    68.02     0.00
 2013  5 28 20.00   149  560599.0 7626795.2    91.0     4.04    91.10     3.64    79.28     0.00
 2013  5 28 21.00   149  560599.0 7626795.2    91.0     3.75    92.80     3.47    75.67     0.00
 2013  5 28 22.00   149  560599.0 7626795.2    91.0     3.31    94.00     2.98    48.27     0.00
 2013  5 28 23.00   149  560599.0 7626795.2    91.0     2.40    95.00     3.32    51.89     0.00
 2013  5 29  0.00   149  560599.0 7626795.2    91.0     2.04    95.00     3.24    56.66     0.00
 2013  5 29  1.00   149  560599.0 7626795.2    91.0     1.18    95.00     3.21    60.65     0.00
 2013  5 29  2.00   149  560599.0 7626795.2    91.0     1.02    95.00     3.10    69.50     0.00
 2013  5 29  3.00   149  560599.0 7626795.2    91.0     1.17    95.00     3.25    75.35     0.00
 2013  5 29  4.00   149  560599.0 7626795.2    91.0     1.41    95.00     3.29    75.05     0.00
 2013  5 29  5.00   149  560599.0 7626795.2    91.0     1.81    95.00     2.97    83.65     0.00
 2013  5 29  6.00   149  560599.0 7626795.2    91.0     2.77    95.00     3.58    77.40     0.00
 2013  5 29  7.00   149  560599.0 7626795.2    91.0     3.08    95.00     4.00    74.90     0.00
 2013  5 29  8.00   149  560599.0 7626795.2    91.0     4.18    90.05     4.38    90.45     0.00
 2013  5 29  9.00   149  560599.0 7626795.2    91.0     4.42    89.25     4.21    94.05     0.00
 2013  5 29 10.00   149  560599.0 7626795.2    91.0     5.54    84.45     3.76    94.95     0.00
 2013  5 29 11.00   149  560599.0 7626795.2    91.0     6.19    82.25     3.38    98.00     0.00
 2013  5 29 12.00   149  560599.0 7626795.2    91.0     8.64    73.65     3.50    95.55     0.00
 2013  5 29 13.00   149  560599.0 7626795.2    91.0    10.34    67.81     3.03    86.70     0.00
 2013  5 29 14.00   149  560599.0 7626795.2    91.0    12.19    60.80     1.88    94.40     0.00
 2013  5 29 15.00   149  560599.0 7626795.2    91.0    12.05    61.64     3.08    41.17     0.00
 2013  5 29 16.00   149  560599.0 7626795.2    91.0    11.54    63.37     3.51    26.92     0.00
 2013  5 29 17.00   149  560599.0 7626795.2    91.0    12.50    60.63     2.93    25.83     0.00
 2013  5 29 18.00   149  560599.0 7626795.2    91.0    11.47    64.66     3.43    40.81     0.00
 2013  5 29 19.00   149  560599.0 7626795.2    91.0    10.51    67.40     3.38    40.50     0.00
 2013  5 29 20.00   149  560599.0 7626795.2    91.0    10.16    68.22     3.04    30.93     0.00
 2013  5 29 21.00   149  560599.0 7626795.2    91.0     7.59    77.60     4.50   340.45     0.00
 2013  5 29 22.00   149  560599.0 7626795.2    91.0     5.67    84.60     4.40   330.30     0.00
 2013  5 29 23.00   149  560599.0 7626795.2    91.0     3.17    94.00     5.30   325.90     0.00
 2013  5 30  0.00   149  560599.0 7626795.2    91.0     1.27    95.00     5.00   326.10     0.00
 2013  5 30  1.00   149  560599.0 7626795.2    91.0     0.44    95.00     5.64   325.50     0.00
 2013  5 30  2.00   149  560599.0 7626795.2    91.0     0.16    95.00     5.23   324.75     0.00
 2013  5 30  3.00   149  560599.0 7626795.2    91.0    -0.10    95.00     4.47   334.30     0.00
 2013  5 30  4.00   149  560599.0 7626795.2    91.0    -0.36    95.00     4.59   347.05     0.00
 2013  5 30  5.00   149  560599.0 7626795.2    91.0    -0.54    95.00     4.15   352.00     0.00
 2013  5 30  6.00   149  560599.0 7626795.2    91.0    -0.51    95.00     4.29   353.35     0.00
 2013  5 30  7.00   149  560599.0 7626795.2    91.0    -0.36    95.00     4.58   348.95     0.00
 2013  5 30  8.00   149  560599.0 7626795.2    91.0    -0.01    95.00     3.80   351.15     0.00
 2013  5 30  9.00   149  560599.0 7626795.2    91.0     0.32    95.00     3.20   344.30     0.00
 2013  5 30 10.00   149  560599.0 7626795.2    91.0     0.68    95.00     3.01   179.49     0.00
 2013  5 30 11.00   149  560599.0 7626795.2    91.0     1.72    94.10     3.01   344.50     0.00
 2013  5 30 12.00   149  560599.0 7626795.2    91.0     3.02    88.05     3.27   344.35     0.00
 2013  5 30 13.00   149  560599.0 7626795.2    91.0     3.92    83.55     3.46   353.40     0.00
 2013  5 30 14.00   149  560599.0 7626795.2    91.0     5.17    77.35     3.31   176.32     0.00
 2013  5 30 15.00   149  560599.0 7626795.2    91.0     5.84    74.70     3.10   183.03     0.00
 2013  5 30 16.00   149  560599.0 7626795.2    91.0     6.25    73.10     3.35    22.70     0.00
 2013  5 30 17.00   149  560599.0 7626795.2    91.0     6.24    73.00     3.56    14.22     0.00
 2013  5 30 18.00   149  560599.0 7626795.2    91.0     6.24    72.70     3.33    22.38     0.00
 2013  5 30 19.00   149  560599.0 7626795.2    91.0     5.69    75.85     3.85    28.34     0.00
 2013  5 30 20.00   149  560599.0 7626795.2    91.0     5.00    79.30     3.46    29.22     0.00
 2013  5 30 21.00   149  560599.0 7626795.2    91.0     2.83    88.80     3.35    40.34     0.00
 2013  5 30 22.00   149  560599.0 7626795.2    91.0     2.58    90.30     3.33    40.97     0.00
 2013  5 30 23.00   149  560599.0 7626795.2    91.0     1.58    95.00     3.00    28.81     0.00
 2013  5 31  0.00   149  560599.0 7626795.2    91.0     1.01    95.00     2.50    22.48     0.00
 2013  5 31  1.00   149  560599.0 7626795.2    91.0     0.09    95.00     2.34    18.68     0.00
 2013  5 31  2.00   149  560599.0 7626795.2    91.0    -0.77    95.00     2.08    27.71     0.00
 2013  5 31  3.00   149  560599.0 7626795.2    91.0    -0.70    95.00     2.08    41.00     0.00
 2013  5 31  4.00   149  560599.0 7626795.2    91.0    -0.78    95.00     2.66    30.36     0.00
 2013  5 31  5.00   149  560599.0 7626795.2    91.0    -0.73    95.00     2.66    28.66     0.00
 2013  5 31  6.00   149  560599.0 7626795.2    91.0    -0.59    95.00     3.08    39.61     0.00
 2013  5 31  7.00   149  560599.0 7626795.2    91.0    -0.61    95.00     2.65    34.30     0.00
 2013  5 31  8.00   149  560599.0 7626795.2    91.0    -0.28    95.00     2.64    40.72     0.00
 2013  5 31  9.00   149  560599.0 7626795.2    91.0     0.48    95.00     2.98    44.92     0.00
 2013  5 31 10.00   149  560599.0 7626795.2    91.0     1.23    94.45     2.63    30.77     0.00
 2013  5 31 11.00   149  560599.0 7626795.2    91.0     3.11    85.90     3.04    38.56     0.00
 2013  5 31 12.00   149  560599.0 7626795.2    91.0     4.54    80.00     3.08    30.48     0.00
 2013  5 31 13.00   149  560599.0 7626795.2    91.0     5.38    76.80     3.25    32.36     0.00
 2013  5 31 14.00   149  560599.0 7626795.2    91.0     6.30    73.60     3.52    42.62     0.00
 2013  5 31 15.00   149  560599.0 7626795.2    91.0     6.66    71.75     4.12    44.30     0.00
 2013  5 31 16.00   149  560599.0 7626795.2    91.0     7.10    68.19     4.04    38.31     0.00
 2013  5 31 17.00   149  560599.0 7626795.2    91.0     6.79    70.97     4.90    37.05     0.00
 2013  5 31 18.00   149  560599.0 7626795.2    91.0     5.34    77.80     6.59    14.86     0.00
 2013  5 31 19.00   149  560599.0 7626795.2    91.0     3.30    85.20     6.12   181.03     0.00
 2013  5 31 20.00   149  560599.0 7626795.2    91.0     2.29    88.85     5.65     6.00     0.00
 2013  5 31 21.00   149  560599.0 7626795.2    91.0     1.82    91.80     4.30     7.48     0.00
 2013  5 31 22.00   149  560599.0 7626795.2    91.0     1.14    95.00     4.54   177.96     0.00
 2013  5 31 23.00   149  560599.0 7626795.2    91.0     0.32    95.00     4.15   347.90     0.00
 2013  6  1  0.00   149  560599.0 7626795.2    91.0    -0.02    95.00     4.31   328.85     0.27
 2013  6  1  1.00   149  560599.0 7626795.2    91.0    -0.07    95.00     4.52   336.50     2.05
 2013  6  1  2.00   149  560599.0 7626795.2    91.0    -0.24    95.00     3.81   350.20     2.66
 2013  6  1  3.00   149  560599.0 7626795.2    91.0    -0.60    95.00     3.41   353.15     0.00
 2013  6  1  4.00   149  560599.0 7626795.2    91.0    -0.78    95.00     3.18   353.05     0.00
 2013  6  1  5.00   149  560599.0 7626795.2    91.0    -0.74    95.00     3.06   350.65     0.00
 2013  6  1  6.00   149  560599.0 7626795.2    91.0    -0.48    95.00     2.49   342.45     0.00
 2013  6  1  7.00   149  560599.0 7626795.2    91.0    -0.18    95.00     2.25   346.30     0.00
 2013  6  1  8.00   149  560599.0 7626795.2    91.0     0.51    95.00     3.47   338.65     0.78
 2013  6  1  9.00   149  560599.0 7626795.2    91.0     0.73    95.00     4.05   322.00     0.00
 2013  6  1 10.00   149  560599.0 7626795.2    91.0     1.58    91.10     2.85   326.50     0.00
 2013  6  1 11.00   149  560599.0 7626795.2    91.0     2.27    90.90     3.76   317.95     0.00
 2013  6  1 12.00   149  560599.0 7626795.2    91.0     2.81    88.70     4.12   311.15     0.00
 2013  6  1 13.00   149  560599.0 7626795.2    91.0     3.59    85.15     4.46   308.20     0.00
 2013  6  1 14.00   149  560599.0 7626795.2    91.0     4.63    80.20     4.33   294.85     0.00
 2013  6  1 15.00   149  560599.0 7626795.2    91.0     6.14    74.90     4.62   277.50     0.00
 2013  6  1 16.00   149  560599.0 7626795.2    91.0     6.25    73.85     6.01   285.25     0.00
 2013  6  1 17.00   149  560599.0 7626795.2    91.0     5.99    77.30     6.85   309.00     0.00
 2013  6  1 18.00   149  560599.0 7626795.2    91.0     3.90    87.25     5.96   320.15     0.00
 2013  6  1 19.00   149  560599.0 7626795.2    91.0     2.49    93.45     5.01   313.35     0.00
 2013  6  1 20.00   149  560599.0 7626795.2    91.0     2.05    95.00     3.79   323.25     0.00
 2013  6  1 21.00   149  560599.0 7626795.2    91.0     1.82    92.50     3.16   308.75     0.00
 2013  6  1 22.00   149  560599.0 7626795.2    91.0     1.53    93.70     2.99   336.40     0.00
 2013  6  1 23.00   149  560599.0 7626795.2    91.0     1.10    95.00     2.21   340.75     0.00
 2013  6  2  0.00   149  560599.0 7626795.2    91.0     0.54    95.00     1.11   342.30     0.00
 2013  6  2  1.00   149  560599.0 7626795.2    91.0     0.24    95.00     0.92   218.35     0.00
 2013  6  2  2.00   149  560599.0 7626795.2    91.0     0.09    95.00     1.33   178.45     0.00
 2013  6  2  3.00   149  560599.0 7626795.2    91.0    -0.23    95.00     2.25   162.60     0.00
 2013  6  2  4.00   149  560599.0 7626795.2    91.0    -0.94    95.00     2.17   154.80     0.00
 2013  6  2  5.00   149  560599.0 7626795.2    91.0    -0.49    95.00     2.69   156.00     0.00
 2013  6  2  6.00   149  560599.0 7626795.2    91.0    -0.10    95.00     4.52   171.75     0.00
 2013  6  2  7.00   149  560599.0 7626795.2    91.0     0.76    95.00     4.79   187.50     0.00
 2013  6  2  8.00   149  560599.0 7626795.2    91.0     2.40    90.30     3.83   181.20     0.00
 2013  6  2  9.00   149  560599.0 7626795.2    91.0     4.88    82.60     5.20   188.05     0.00
 2013  6  2 10.00   149  560599.0 7626795.2    91.0     7.43    72.90     6.54   187.00     0.00
 2013  6  2 11.00   149  560599.0 7626795.2    91.0     9.57    63.02     6.19   194.75     0.00
 2013  6  2 12.00   149  560599.0 7626795.2    91.0    11.18    56.41     7.00   195.95     0.00
 2013  6  2 13.00   149  560599.0 7626795.2    91.0    12.19    51.80     8.04   194.45     0.00
 2013  6  2 14.00   149  560599.0 7626795.2    91.0    13.18    51.53     8.43   191.45     0.20
 2013  6  2 15.00   149  560599.0 7626795.2    91.0    14.16    50.81     8.65   193.15     0.00
 2013  6  2 16.00   149  560599.0 7626795.2    91.0    15.05    47.84     8.71   194.90     0.00
 2013  6  2 17.00   149  560599.0 7626795.2    91.0    15.68    44.81     8.54   191.05     0.00
 2013  6  2 18.00   149  560599.0 7626795.2    91.0    16.29    42.49     7.43   196.75     0.00
 2013  6  2 19.00   149  560599.0 7626795.2    91.0    16.29    41.31     6.88   208.20     0.00
 2013  6  2 20.00   149  560599.0 7626795.2    91.0    15.69    42.38     6.32   215.80     0.00
 2013  6  2 21.00   149  560599.0 7626795.2    91.0    14.82    45.33     5.59   212.85     0.00
 2013  6  2 22.00   149  560599.0 7626795.2    91.0    13.73    50.42     5.17   215.25     0.00
 2013  6  2 23.00   149  560599.0 7626795.2    91.0    12.17    56.88     4.54   216.40     0.00
 2013  6  3  0.00   149  560599.0 7626795.2    91.0    10.49    63.14     3.97   209.95     0.00
 2013  6  3  1.00   149  560599.0 7626795.2    91.0     9.54    66.72     3.73   214.00     0.00
 2013  6  3  2.00   149  560599.0 7626795.2    91.0     8.29    72.20     2.83   246.05     0.00
 2013  6  3  3.00   149  560599.0 7626795.2    91.0     9.09    70.47     3.01   263.15     0.00
 2013  6  3  4.00   149  560599.0 7626795.2    91.0     9.72    70.16     3.08   250.55     0.00
 2013  6  3  5.00   149  560599.0 7626795.2    91.0    10.28    69.87     2.72   255.45     0.00
 2013  6  3  6.00   149  560599.0 7626795.2    91.0    11.60    66.64     3.20   251.65     0.00
 2013  6  3  7.00   149  560599.0 7626795.2    91.0    13.31    62.74     2.78   250.55     0.00
 2013  6  3  8.00   149  560599.0 7626795.2    91.0    14.99    58.65     2.78   218.60     0.00
 2013  6  3  9.00   149  560599.0 7626795.2    91.0    17.05    50.27     1.47   194.25     0.00
 2013  6  3 10.00   149  560599.0 7626795.2    91.0    18.72    43.08     1.25   137.35     0.00
 2013  6  3 11.00   149  560599.0 7626795.2    91.0    19.52    37.01     1.70   151.50     0.00
 2013  6  3 12.00   149  560599.0 7626795.2    91.0    20.31    36.26     2.10   133.90     0.00
 2013  6  3 13.00   149  560599.0 7626795.2    91.0    21.31    21.89     1.51   191.60     0.00
 2013  6  3 14.00   149  560599.0 7626795.2    91.0    21.41    29.24     2.00   139.10     0.00
 2013  6  3 15.00   149  560599.0 7626795.2    91.0    20.67    36.73     3.55    58.37     0.00
 2013  6  3 16.00   149  560599.0 7626795.2    91.0    20.91    34.23     3.33    41.53     0.00
 2013  6  3 17.00   149  560599.0 7626795.2    91.0    21.18    33.46     3.37    48.66     0.00
 2013  6  3 18.00   149  560599.0 7626795.2    91.0    21.41    32.48     3.81    58.69     0.00
 2013  6  3 19.00   149  560599.0 7626795.2    91.0    19.00    40.89     3.49    41.99     0.00
 2013  6  3 20.00   149  560599.0 7626795.2    91.0    16.03    52.39     2.73    27.42     0.00
 2013  6  3 21.00   149  560599.0 7626795.2    91.0    11.55    65.65     4.03   182.92     0.00
 2013  6  3 22.00   149  560599.0 7626795.2    91.0     6.71    79.10     5.89    19.86     0.00
 2013  6  3 23.00   149  560599.0 7626795.2    91.0     5.27    85.20     4.57   188.55     0.00
 2013  6  4  0.00   149  560599.0 7626795.2    91.0     2.98    95.00     3.84     9.05     0.00
 2013  6  4  1.00   149  560599.0 7626795.2    91.0     1.62    95.00     4.51    12.66     0.00
 2013  6  4  2.00   149  560599.0 7626795.2    91.0     0.74    95.00     4.12   349.30     0.00
 2013  6  4  3.00   149  560599.0 7626795.2    91.0     0.27    95.00     4.02   348.45     0.00
 2013  6  4  4.00   149  560599.0 7626795.2    91.0     0.10    95.00     5.25   353.45     0.00
 2013  6  4  5.00   149  560599.0 7626795.2    91.0    -0.06    95.00     5.73     4.01     0.00
 2013  6  4  6.00   149  560599.0 7626795.2    91.0    -0.14    95.00     5.41    17.84     0.00
 2013  6  4  7.00   149  560599.0 7626795.2    91.0    -0.28    95.00     5.23    19.52     2.83
 2013  6  4  8.00   149  560599.0 7626795.2    91.0    -0.45    95.00     5.57    18.11     0.57
 2013  6  4  9.00   149  560599.0 7626795.2    91.0    -0.80    95.00     6.00    19.65     0.00
 2013  6  4 10.00   149  560599.0 7626795.2    91.0    -0.94    95.00     5.80    16.79     0.00
 2013  6  4 11.00   149  560599.0 7626795.2    91.0    -0.95    95.00     6.29    18.65     0.00
 2013  6  4 12.00   149  560599.0 7626795.2    91.0    -0.85    95.00     6.94    22.27     0.00
 2013  6  4 13.00   149  560599.0 7626795.2    91.0    -1.04    95.00     6.78    25.02     0.00
 2013  6  4 14.00   149  560599.0 7626795.2    91.0    -1.37    95.00     6.53    27.40     0.00
 2013  6  4 15.00   149  560599.0 7626795.2    91.0    -1.44    95.00     6.27    24.34     0.34
 2013  6  4 16.00   149  560599.0 7626795.2    91.0    -1.49    95.00     6.52    29.75     0.00
 2013  6  4 17.00   149  560599.0 7626795.2    91.0    -1.75    95.00     6.35    32.98     0.00
 2013  6  4 18.00   149  560599.0 7626795.2    91.0    -2.07    95.00     5.64    28.41     0.00
 2013  6  4 19.00   149  560599.0 7626795.2    91.0    -2.19    95.00     5.52    29.12     0.00
 2013  6  4 20.00   149  560599.0 7626795.2    91.0    -2.48    95.00     5.29    27.23     0.00
 2013  6  4 21.00   149  560599.0 7626795.2    91.0    -2.66    95.00     5.54    29.63     0.00
 2013  6  4 22.00   149  560599.0 7626795.2    91.0    -2.62    95.00     5.26    36.65     0.00
 2013  6  4 23.00   149  560599.0 7626795.2    91.0    -2.66    95.00     5.19    31.24     0.00
 2013  6  5  0.00   149  560599.0 7626795.2    91.0    -2.74    95.00     5.05    39.83     0.00
 2013  6  5  1.00   149  560599.0 7626795.2    91.0    -2.85    95.00     5.27    34.81     0.00
 2013  6  5  2.00   149  560599.0 7626795.2    91.0    -2.98    95.00     4.57    42.38     0.00
 2013  6  5  3.00   149  560599.0 7626795.2    91.0    -3.02    95.00     4.25    39.32     0.00
 2013  6  5  4.00   149  560599.0 7626795.2    91.0    -2.97    95.00     3.91    42.05     0.38
 2013  6  5  5.00   149  560599.0 7626795.2    91.0    -3.04    95.00     3.58    35.15     0.35
 2013  6  5  6.00   149  560599.0 7626795.2    91.0    -3.04    95.00     3.38    30.55     0.00
 2013  6  5  7.00   149  560599.0 7626795.2    91.0    -2.73    95.00     3.39    30.08     0.48
 2013  6  5  8.00   149  560599.0 7626795.2    91.0    -2.60    95.00     3.56    29.73     0.00
 2013  6  5  9.00   149  560599.0 7626795.2    91.0    -2.29    95.00     3.54    33.54     0.19
 2013  6  5 10.00   149  560599.0 7626795.2    91.0    -1.71    95.00     3.47    37.41     0.81
 2013  6  5 11.00   149  560599.0 7626795.2    91.0    -1.45    95.00     3.90    40.82     0.87
 2013  6  5 12.00   149  560599.0 7626795.2    91.0    -1.58    95.00     3.89    37.75     0.17
 2013  6  5 13.00   149  560599.0 7626795.2    91.0    -1.13    95.00     3.66    39.25     0.63
 2013  6  5 14.00   149  560599.0 7626795.2    91.0    -1.48    95.00     3.03    41.24     0.18
 2013  6  5 15.00   149  560599.0 7626795.2    91.0    -0.94    95.00     2.49    45.83     0.63
 2013  6  5 16.00   149  560599.0 7626795.2    91.0    -0.56    95.00     2.79    39.72     0.27
 2013  6  5 17.00   149  560599.0 7626795.2    91.0    -0.59    95.00     2.76    35.86     0.00
 2013  6  5 18.00   149  560599.0 7626795.2    91.0    -0.35    95.00     2.92     8.29     0.55
 2013  6  5 19.00   149  560599.0 7626795.2    91.0    -0.28    95.00     4.04    11.19     0.00
 2013  6  5 20.00   149  560599.0 7626795.2    91.0    -1.27    95.00     3.74   352.05     0.19
 2013  6  5 21.00   149  560599.0 7626795.2    91.0    -1.40    95.00     4.01   354.40     0.50
 2013  6  5 22.00   149  560599.0 7626795.2    91.0    -1.74    95.00     4.12   180.43     0.00
 2013  6  5 23.00   149  560599.0 7626795.2    91.0    -2.36    95.00     3.70   350.10     0.00
 2013  6  6  0.00   149  560599.0 7626795.2    91.0    -2.69    95.00     3.40   179.06     0.00
 2013  6  6  1.00   149  560599.0 7626795.2    91.0    -3.12    95.00     3.61   352.05     0.00
 2013  6  6  2.00   149  560599.0 7626795.2    91.0    -3.33    95.00     2.69   344.55     0.00
 2013  6  6  3.00   149  560599.0 7626795.2    91.0    -3.77    95.00     2.30   338.00     0.00
 2013  6  6  4.00   149  560599.0 7626795.2    91.0    -3.57    95.00     2.07   337.50     0.00
 2013  6  6  5.00   149  560599.0 7626795.2    91.0    -4.00    95.00     1.39   325.65     0.00
 2013  6  6  6.00   149  560599.0 7626795.2    91.0    -3.17    95.00     1.29   181.29     0.00
 2013  6  6  7.00   149  560599.0 7626795.2    91.0    -1.56    95.00     1.02    13.16     0.10
 2013  6  6  8.00   149  560599.0 7626795.2    91.0    -1.50    95.00     1.41    81.40     0.00
 2013  6  6  9.00   149  560599.0 7626795.2    91.0    -1.13    95.00     1.67    79.53     0.00
 2013  6  6 10.00   149  560599.0 7626795.2    91.0    -0.46    95.00     1.47   115.15     0.00
 2013  6  6 11.00   149  560599.0 7626795.2    91.0    -0.23    95.00     1.71    91.85     0.00
 2013  6  6 12.00   149  560599.0 7626795.2    91.0     0.61    91.55     2.23    72.98     0.00
 2013  6  6 13.00   149  560599.0 7626795.2    91.0     2.21    83.05     2.96    66.34     0.00
 2013  6  6 14.00   149  560599.0 7626795.2    91.0     3.45    78.10     3.12    64.72     0.00
 2013  6  6 15.00   149  560599.0 7626795.2    91.0     3.81    76.15     3.82    63.55     0.00
 2013  6  6 16.00   149  560599.0 7626795.2    91.0     3.94    74.80     4.25    66.67     0.00
 2013  6  6 17.00   149  560599.0 7626795.2    91.0     3.98    72.80     4.48    63.15     0.00
 2013  6  6 18.00   149  560599.0 7626795.2    91.0     3.62    78.30     4.80    37.31     0.00
 2013  6  6 19.00   149  560599.0 7626795.2    91.0     2.56    84.60     5.08    38.14     0.00
 2013  6  6 20.00   149  560599.0 7626795.2    91.0     1.50    90.30     5.52    37.00     0.00
 2013  6  6 21.00   149  560599.0 7626795.2    91.0     1.06    90.40     5.90    35.66     0.00
 2013  6  6 22.00   149  560599.0 7626795.2    91.0     0.90    92.20     5.69    26.28     0.00
 2013  6  6 23.00   149  560599.0 7626795.2    91.0    -0.11    95.00     5.94    30.95     0.13
 2013  6  7  0.00   149  560599.0 7626795.2    91.0    -0.79    95.00     5.39    33.36     0.27
 2013  6  7  1.00   149  560599.0 7626795.2    91.0    -0.95    95.00     4.00    36.39     0.44
 2013  6  7  2.00   149  560599.0 7626795.2    91.0    -1.28    95.00     3.00    32.72     0.00
 2013  6  7  3.00   149  560599.0 7626795.2    91.0    -1.16    95.00     2.54    21.00     0.00
 2013  6  7  4.00   149  560599.0 7626795.2    91.0    -1.08    95.00     2.41   181.31     0.00
 2013  6  7  5.00   149  560599.0 7626795.2    91.0    -1.13    95.00     2.94     6.47     0.00
 2013  6  7  6.00   149  560599.0 7626795.2    91.0    -0.98    95.00     3.00    15.80     0.00
 2013  6  7  7.00   149  560599.0 7626795.2    91.0    -0.77    95.00     2.84    17.70     0.00
 2013  6  7  8.00   149  560599.0 7626795.2    91.0    -0.36    95.00     2.50    11.25     0.00
 2013  6  7  9.00   149  560599.0 7626795.2    91.0     0.69    95.00     2.60    35.19     0.00
 2013  6  7 10.00   149  560599.0 7626795.2    91.0     2.46    87.00     3.15    44.29     0.00
 2013  6  7 11.00   149  560599.0 7626795.2    91.0     3.65    79.75     3.26    38.14     0.00
 2013  6  7 12.00   149  560599.0 7626795.2    91.0     5.20    71.22     2.00    38.10     0.00
 2013  6  7 13.00   149  560599.0 7626795.2    91.0     6.10    67.39     1.61    30.98     0.00
 2013  6  7 14.00   149  560599.0 7626795.2    91.0     7.26    64.17     2.12    58.34     0.00
 2013  6  7 15.00   149  560599.0 7626795.2    91.0     7.85    62.42     2.44    52.14     0.00
 2013  6  7 16.00   149  560599.0 7626795.2    91.0     8.50    60.66     2.42    55.20     0.00
 2013  6  7 17.00   149  560599.0 7626795.2    91.0     8.85    59.60     3.47    52.57     0.00
 2013  6  7 18.00   149  560599.0 7626795.2    91.0     9.12    58.12     3.32    68.59     0.00
 2013  6  7 19.00   149  560599.0 7626795.2    91.0     8.65    57.64     4.18    74.00     0.00
 2013  6  7 20.00   149  560599.0 7626795.2    91.0     8.43    57.42     4.42    69.42     0.00
 2013  6  7 21.00   149  560599.0 7626795.2    91.0     8.26    59.06     3.52    55.62     0.00
 2013  6  7 22.00   149  560599.0 7626795.2    91.0     7.47    61.95     3.25    66.08     0.00
 2013  6  7 23.00   149  560599.0 7626795.2    91.0     6.40    66.62     2.27    87.55     0.00
 2013  6  8  0.00   149  560599.0 7626795.2    91.0     4.89    70.90     1.91    89.40     0.00
 2013  6  8  1.00   149  560599.0 7626795.2    91.0     3.63    75.80     1.35    99.15     0.00
 2013  6  8  2.00   149  560599.0 7626795.2    91.0     2.87    80.20     1.17    53.17     0.00
 2013  6  8  3.00   149  560599.0 7626795.2    91.0     2.62    82.00     0.71   103.05     0.00
 2013  6  8  4.00   149  560599.0 7626795.2    91.0     2.74    83.20     1.00    79.48     0.00
 2013  6  8  5.00   149  560599.0 7626795.2    91.0     3.05    83.55     0.93    65.11     0.00
 2013  6  8  6.00   149  560599.0 7626795.2    91.0     5.24    74.55     0.52    97.65     0.00
 2013  6  8  7.00   149  560599.0 7626795.2    91.0     7.49    66.75     2.07   133.70     0.00
 2013  6  8  8.00   149  560599.0 7626795.2    91.0     9.85    58.28     3.35   181.45     0.00
 2013  6  8  9.00   149  560599.0 7626795.2    91.0    10.98    54.30     3.98   182.25     0.00
 2013  6  8 10.00   149  560599.0 7626795.2    91.0    11.66    53.27     4.29   189.15     0.00
 2013  6  8 11.00   149  560599.0 7626795.2    91.0    12.28    51.78     4.44   195.00     0.00
 2013  6  8 12.00   149  560599.0 7626795.2    91.0    13.20    49.31     4.17   196.45     0.00
 2013  6  8 13.00   149  560599.0 7626795.2    91.0    13.85    46.98     3.95   194.10     0.00
 2013  6  8 14.00   149  560599.0 7626795.2    91.0    14.64    44.82     3.77   189.40     0.00
 2013  6  8 15.00   149  560599.0 7626795.2    91.0    15.18    42.26     3.26   201.95     0.00
 2013  6  8 16.00   149  560599.0 7626795.2    91.0    15.62    39.69     3.23   198.10     0.00
 2013  6  8 17.00   149  560599.0 7626795.2    91.0    16.00    38.05     2.72   209.90     0.00
 2013  6  8 18.00   149  560599.0 7626795.2    91.0    16.20    37.16     2.75   193.25     0.00
 2013  6  8 19.00   149  560599.0 7626795.2    91.0    16.30    36.98     2.50   196.75     0.00
 2013  6  8 20.00   149  560599.0 7626795.2    91.0    16.30    37.47     2.71   173.45     0.00
 2013  6  8 21.00   149  560599.0 7626795.2    91.0    15.24    42.28     4.21   137.35     0.00
 2013  6  8 22.00   149  560599.0 7626795.2    91.0    14.25    45.08     3.67   143.70     0.00
 2013  6  8 23.00   149  560599.0 7626795.2    91.0    12.68    49.60     3.62   153.30     0.00
 2013  6  9  0.00   149  560599.0 7626795.2    91.0    11.04    55.85     4.08   165.60     0.00
 2013  6  9  1.00   149  560599.0 7626795.2    91.0     9.18    63.39     3.77   183.35     0.00
 2013  6  9  2.00   149  560599.0 7626795.2    91.0     7.64    68.69     3.46   186.35     0.00
 2013  6  9  3.00   149  560599.0 7626795.2    91.0     7.00    71.65     3.59   188.85     0.00
 2013  6  9  4.00   149  560599.0 7626795.2    91.0     7.87    68.02     4.54   190.55     0.00
 2013  6  9  5.00   149  560599.0 7626795.2    91.0     8.28    67.98     4.85   186.15     0.00
 2013  6  9  6.00   149  560599.0 7626795.2    91.0     8.51    69.40     4.00   179.75     0.00
 2013  6  9  7.00   149  560599.0 7626795.2    91.0    11.92    59.02     4.11   172.35     0.00
 2013  6  9  8.00   149  560599.0 7626795.2    91.0    12.50    56.92     4.96   164.35     0.00
 2013  6  9  9.00   149  560599.0 7626795.2    91.0    14.61    50.59     6.42   170.80     0.00
 2013  6  9 10.00   149  560599.0 7626795.2    91.0    16.79    43.84     6.95   187.40     0.00
 2013  6  9 11.00   149  560599.0 7626795.2    91.0    17.72    43.64     7.20   199.30     0.00
 2013  6  9 12.00   149  560599.0 7626795.2    91.0    19.14    40.61     7.83   217.70     0.00
 2013  6  9 13.00   149  560599.0 7626795.2    91.0    18.95    41.73     7.04   215.90     0.16
 2013  6  9 14.00   149  560599.0 7626795.2    91.0    19.84    40.59     6.42   213.90     0.00
 2013  6  9 15.00   149  560599.0 7626795.2    91.0    21.74    36.73     6.72   215.15     0.00
 2013  6  9 16.00   149  560599.0 7626795.2    91.0    22.33    34.53     6.29   224.60     0.00
 2013  6  9 17.00   149  560599.0 7626795.2    91.0    22.03    34.20     5.81   227.50     0.00
 2013  6  9 18.00   149  560599.0 7626795.2    91.0    21.21    36.20     4.62   224.45     0.00
 2013  6  9 19.00   149  560599.0 7626795.2    91.0    21.46    37.86     6.00   228.00     0.00
 2013  6  9 20.00   149  560599.0 7626795.2    91.0    20.63    38.92     4.32   276.65     0.00
 2013  6  9 21.00   149  560599.0 7626795.2    91.0    15.97    54.31     5.61   267.90     0.00
 2013  6  9 22.00   149  560599.0 7626795.2    91.0     8.96    83.40     6.83   275.50     0.00
 2013  6  9 23.00   149  560599.0 7626795.2    91.0     5.41    93.85     5.08   277.45     0.00
 2013  6 10  0.00   149  560599.0 7626795.2    91.0     4.16    95.00     5.33   287.75     0.00
 2013  6 10  1.00   149  560599.0 7626795.2    91.0     3.65    95.00     3.22   262.10     0.00
 2013  6 10  2.00   149  560599.0 7626795.2    91.0     2.99    95.00     3.93   269.55     0.00
 2013  6 10  3.00   149  560599.0 7626795.2    91.0     2.83    95.00     2.75   258.65     0.00
 2013  6 10  4.00   149  560599.0 7626795.2    91.0     3.49    95.00     3.83   260.10     0.00
 2013  6 10  5.00   149  560599.0 7626795.2    91.0     3.89    95.00     3.33   280.25     0.00
 2013  6 10  6.00   149  560599.0 7626795.2    91.0     4.12    95.00     3.93   288.40     0.00
 2013  6 10  7.00   149  560599.0 7626795.2    91.0     5.07    95.00     2.76   287.75     0.00
 2013  6 10  8.00   149  560599.0 7626795.2    91.0     6.69    95.00     3.02   281.05     0.00
 2013  6 10  9.00   149  560599.0 7626795.2    91.0     6.80    95.00     1.96   288.00     0.00
 2013  6 10 10.00   149  560599.0 7626795.2    91.0     6.97    95.00     1.66   289.25     0.00
 2013  6 10 11.00   149  560599.0 7626795.2    91.0     7.29    95.00     1.20   265.05     0.00
 2013  6 10 12.00   149  560599.0 7626795.2    91.0     8.96    88.95     1.40    49.75     0.00
 2013  6 10 13.00   149  560599.0 7626795.2    91.0    10.00    84.30     2.00    80.65     0.00
 2013  6 10 14.00   149  560599.0 7626795.2    91.0    10.39    81.85     1.98    95.65     0.00
 2013  6 10 15.00   149  560599.0 7626795.2    91.0    10.88    76.85     2.48    49.90     0.00
 2013  6 10 16.00   149  560599.0 7626795.2    91.0    11.45    73.25     3.38    32.71     0.00
 2013  6 10 17.00   149  560599.0 7626795.2    91.0    11.88    69.24     4.54     9.79     0.00
 2013  6 10 18.00   149  560599.0 7626795.2    91.0    10.75    71.09     4.98    28.86     0.00
 2013  6 10 19.00   149  560599.0 7626795.2    91.0     8.31    77.30     5.69     3.70     0.00
 2013  6 10 20.00   149  560599.0 7626795.2    91.0     7.47    78.85     5.96     0.96     0.00
 2013  6 10 21.00   149  560599.0 7626795.2    91.0     6.87    81.15     5.45     7.89     0.00
 2013  6 10 22.00   149  560599.0 7626795.2    91.0     5.82    84.20     4.35    19.55     0.00
 2013  6 10 23.00   149  560599.0 7626795.2    91.0     4.21    90.25     3.40    28.06     0.00
 2013  6 11  0.00   149  560599.0 7626795.2    91.0     2.85    93.85     3.17    21.79     0.00
 2013  6 11  1.00   149  560599.0 7626795.2    91.0     1.71    95.00     2.43   181.69     0.00
 2013  6 11  2.00   149  560599.0 7626795.2    91.0    -0.29    95.00     2.99   357.05     0.00
 2013  6 11  3.00   149  560599.0 7626795.2    91.0    -0.98    95.00     2.56    13.23     0.00
 2013  6 11  4.00   149  560599.0 7626795.2    91.0    -0.55    95.00     2.39    14.25     0.00
 2013  6 11  5.00   149  560599.0 7626795.2    91.0    -0.37    95.00     1.85   182.61     0.00
 2013  6 11  6.00   149  560599.0 7626795.2    91.0     0.02    95.00     1.32    51.60     0.00
 2013  6 11  7.00   149  560599.0 7626795.2    91.0     0.38    95.00     1.36    59.18     0.00
 2013  6 11  8.00   149  560599.0 7626795.2    91.0     0.71    95.00     1.79    63.89     0.00
 2013  6 11  9.00   149  560599.0 7626795.2    91.0     1.16    95.00     1.69    33.01     0.00
 2013  6 11 10.00   149  560599.0 7626795.2    91.0     1.22    95.00     2.40    47.92     0.00
 2013  6 11 11.00   149  560599.0 7626795.2    91.0     1.56    95.00     2.19    54.02     0.00
 2013  6 11 12.00   149  560599.0 7626795.2    91.0     2.01    95.00     2.29    41.94     0.00
 2013  6 11 13.00   149  560599.0 7626795.2    91.0     2.92    95.00     1.82    37.02     0.00
 2013  6 11 14.00   149  560599.0 7626795.2    91.0     4.94    92.00     2.12    45.48     0.00
 2013  6 11 15.00   149  560599.0 7626795.2    91.0     5.91    88.20     2.91    43.54     0.00
 2013  6 11 16.00   149  560599.0 7626795.2    91.0     6.97    84.20     2.96    49.95     0.00
 2013  6 11 17.00   149  560599.0 7626795.2    91.0     7.98    79.65     3.09    60.09     0.00
 2013  6 11 18.00   149  560599.0 7626795.2    91.0     8.17    78.90     3.34    44.89     0.00
 2013  6 11 19.00   149  560599.0 7626795.2    91.0     7.94    78.85     3.54    39.48     0.00
 2013  6 11 20.00   149  560599.0 7626795.2    91.0     7.64    77.90     3.02    51.66     0.00
 2013  6 11 21.00   149  560599.0 7626795.2    91.0     7.70    75.95     2.70    40.25     0.00
 2013  6 11 22.00   149  560599.0 7626795.2    91.0     7.75    77.70     2.75    45.71     0.00
 2013  6 11 23.00   149  560599.0 7626795.2    91.0     6.84    80.55     2.28    45.34     0.00
 2013  6 12  0.00   149  560599.0 7626795.2    91.0     4.67    87.30     2.24    26.56     0.00
 2013  6 12  1.00   149  560599.0 7626795.2    91.0     2.50    95.00     1.88    19.34     0.00
 2013  6 12  2.00   149  560599.0 7626795.2    91.0     1.74    95.00     1.45   171.81     0.00
 2013  6 12  3.00   149  560599.0 7626795.2    91.0     1.95    95.00     1.49   345.35     0.00
 2013  6 12  4.00   149  560599.0 7626795.2    91.0     1.87    95.00     1.77   335.85     0.00
 2013  6 12  5.00   149  560599.0 7626795.2    91.0     2.14    95.00     1.76   180.48     0.00
 2013  6 12  6.00   149  560599.0 7626795.2    91.0     2.77    95.00     1.53   352.10     0.00
 2013  6 12  7.00   149  560599.0 7626795.2    91.0     3.33    95.00     1.81   351.10     0.00
 2013  6 12  8.00   149  560599.0 7626795.2    91.0     5.17    89.80     2.03   174.38     0.00
 2013  6 12  9.00   149  560599.0 7626795.2    91.0     6.00    86.40     2.58    29.20     0.00
 2013  6 12 10.00   149  560599.0 7626795.2    91.0     6.80    83.35     2.52    35.03     0.00
 2013  6 12 11.00   149  560599.0 7626795.2    91.0     6.31    85.40     2.58    46.29     0.00
 2013  6 12 12.00   149  560599.0 7626795.2    91.0     6.34    85.75     4.02    42.75     0.00
 2013  6 12 13.00   149  560599.0 7626795.2    91.0     7.27    84.75     3.71    33.80     0.00
 2013  6 12 14.00   149  560599.0 7626795.2    91.0     8.41    81.75     3.21    33.61     0.00
 2013  6 12 15.00   149  560599.0 7626795.2    91.0     8.92    81.80     3.79    40.66     0.00
 2013  6 12 16.00   149  560599.0 7626795.2    91.0     9.38    82.45     3.13    39.51     0.00
 2013  6 12 17.00   149  560599.0 7626795.2    91.0     9.71    82.45     3.75    37.62     0.00
 2013  6 12 18.00   149  560599.0 7626795.2    91.0    10.55    79.55     3.46    43.41     0.00
 2013  6 12 19.00   149  560599.0 7626795.2    91.0    10.07    81.90     2.96    43.91     0.00
 2013  6 12 20.00   149  560599.0 7626795.2    91.0    10.78    79.45     2.71    43.52     0.00
 2013  6 12 21.00   149  560599.0 7626795.2    91.0    10.59    81.15     2.79    68.06     0.00
 2013  6 12 22.00   149  560599.0 7626795.2    91.0     9.72    84.55     2.43    67.83     0.00
 2013  6 12 23.00   149  560599.0 7626795.2    91.0     8.71    87.95     1.81    40.82     0.00
 2013  6 13  0.00   149  560599.0 7626795.2    91.0     7.08    93.00     1.73   181.86     0.00
 2013  6 13  1.00   149  560599.0 7626795.2    91.0     4.87    95.00     1.84   334.60     0.00
 2013  6 13  2.00   149  560599.0 7626795.2    91.0     3.79    95.00     1.85   318.25     0.00
 2013  6 13  3.00   149  560599.0 7626795.2    91.0     3.25    95.00     1.27   315.15     0.00
 2013  6 13  4.00   149  560599.0 7626795.2    91.0     3.37    95.00     1.48   312.85     0.00
 2013  6 13  5.00   149  560599.0 7626795.2    91.0     3.62    95.00     1.17   295.40     0.00
 2013  6 13  6.00   149  560599.0 7626795.2    91.0     4.34    95.00     1.44   326.25     0.00
 2013  6 13  7.00   149  560599.0 7626795.2    91.0     4.50    95.00     1.64   315.15     0.00
 2013  6 13  8.00   149  560599.0 7626795.2    91.0     6.89    89.15     1.09   176.65     0.00
 2013  6 13  9.00   149  560599.0 7626795.2    91.0     8.64    80.85     1.50   185.91     0.00
 2013  6 13 10.00   149  560599.0 7626795.2    91.0    10.79    73.15     2.25   350.20     0.00
 2013  6 13 11.00   149  560599.0 7626795.2    91.0    13.04    67.36     2.38    37.51     0.00
 2013  6 13 12.00   149  560599.0 7626795.2    91.0    13.70    64.20     2.21    42.93     0.00
 2013  6 13 13.00   149  560599.0 7626795.2    91.0    14.12    61.57     2.89    45.69     0.00
 2013  6 13 14.00   149  560599.0 7626795.2    91.0    14.77    56.81     2.71    52.16     0.00
 2013  6 13 15.00   149  560599.0 7626795.2    91.0    15.49    54.04     2.91    56.30     0.00
 2013  6 13 16.00   149  560599.0 7626795.2    91.0    15.80    54.72     3.50    50.25     0.00
 2013  6 13 17.00   149  560599.0 7626795.2    91.0    16.25    53.89     3.19    45.11     0.00
 2013  6 13 18.00   149  560599.0 7626795.2    91.0    15.45    53.91     4.23    57.05     0.00
 2013  6 13 19.00   149  560599.0 7626795.2    91.0    13.79    60.96     4.06    51.79     0.00
 2013  6 13 20.00   149  560599.0 7626795.2    91.0    13.46    61.67     3.52    62.46     0.00
 2013  6 13 21.00   149  560599.0 7626795.2    91.0    12.27    64.70     3.34    75.45     0.00
 2013  6 13 22.00   149  560599.0 7626795.2    91.0    11.70    61.71     2.60    68.37     0.00
 2013  6 13 23.00   149  560599.0 7626795.2    91.0    10.73    64.79     1.87    31.45     0.00
 2013  6 14  0.00   149  560599.0 7626795.2    91.0     8.68    70.40     1.60   142.34     0.00
 2013  6 14  1.00   149  560599.0 7626795.2    91.0     7.31    75.70     0.71   161.66     0.00
 2013  6 14  2.00   149  560599.0 7626795.2    91.0     5.68    84.10     1.45   131.62     0.00
 2013  6 14  3.00   149  560599.0 7626795.2    91.0     5.16    90.05     0.94    24.56     0.00
 2013  6 14  4.00   149  560599.0 7626795.2    91.0     4.67    92.20     0.98   281.15     0.00
 2013  6 14  5.00   149  560599.0 7626795.2    91.0     6.99    85.35     0.91   180.89     0.00
 2013  6 14  6.00   149  560599.0 7626795.2    91.0     7.20    85.35     2.31    80.20     0.00
 2013  6 14  7.00   149  560599.0 7626795.2    91.0     8.10    78.30     2.80   103.35     0.00
 2013  6 14  8.00   149  560599.0 7626795.2    91.0    10.44    68.16     2.36   113.25     0.00
 2013  6 14  9.00   149  560599.0 7626795.2    91.0    12.10    62.80     2.51   108.65     0.00
 2013  6 14 10.00   149  560599.0 7626795.2    91.0    13.82    58.26     3.13   106.20     0.00
 2013  6 14 11.00   149  560599.0 7626795.2    91.0    15.36    53.76     3.35    98.80     0.00
 2013  6 14 12.00   149  560599.0 7626795.2    91.0    16.52    50.30     3.53    87.45     0.00
 2013  6 14 13.00   149  560599.0 7626795.2    91.0    16.88    50.12     4.50    68.04     0.00
 2013  6 14 14.00   149  560599.0 7626795.2    91.0    17.93    47.67     4.58    67.17     0.00
 2013  6 14 15.00   149  560599.0 7626795.2    91.0    18.78    45.22     4.27    62.27     0.00
 2013  6 14 16.00   149  560599.0 7626795.2    91.0    19.24    44.70     4.51    66.36     0.00
 2013  6 14 17.00   149  560599.0 7626795.2    91.0    19.67    44.12     4.54    60.27     0.00
 2013  6 14 18.00   149  560599.0 7626795.2    91.0    19.84    43.06     4.28    62.45     0.00
 2013  6 14 19.00   149  560599.0 7626795.2    91.0    19.84    42.18     3.40    62.30     0.00
 2013  6 14 20.00   149  560599.0 7626795.2    91.0    19.70    42.06     3.00    69.03     0.00
 2013  6 14 21.00   149  560599.0 7626795.2    91.0    19.26    44.64     2.58    49.22     0.00
 2013  6 14 22.00   149  560599.0 7626795.2    91.0    17.86    50.12     2.08    57.63     0.00
 2013  6 14 23.00   149  560599.0 7626795.2    91.0    15.61    57.19     1.27    26.61     0.00
 2013  6 15  0.00   149  560599.0 7626795.2    91.0    13.78    61.48     1.00   156.63     0.00
 2013  6 15  1.00   149  560599.0 7626795.2    91.0    11.70    70.80     1.18   256.55     0.00
 2013  6 15  2.00   149  560599.0 7626795.2    91.0    11.69    69.33     0.86   217.50     0.00
 2013  6 15  3.00   149  560599.0 7626795.2    91.0    13.17    61.89     1.38   193.40     0.00
 2013  6 15  4.00   149  560599.0 7626795.2    91.0    13.79    58.01     1.51   237.90     0.00
 2013  6 15  5.00   149  560599.0 7626795.2    91.0    15.16    52.52     2.47   220.95     0.00
 2013  6 15  6.00   149  560599.0 7626795.2    91.0    16.20    50.56     2.44   165.80     0.00
 2013  6 15  7.00   149  560599.0 7626795.2    91.0    18.44    47.59     1.26   151.90     0.00
 2013  6 15  8.00   149  560599.0 7626795.2    91.0    20.15    45.67     1.71   142.95     0.00
 2013  6 15  9.00   149  560599.0 7626795.2    91.0    22.14    37.83     3.14   189.40     0.00
 2013  6 15 10.00   149  560599.0 7626795.2    91.0    22.84    37.55     3.63   199.20     0.00
 2013  6 15 11.00   149  560599.0 7626795.2    91.0    24.04    34.60     3.38   194.70     0.00
 2013  6 15 12.00   149  560599.0 7626795.2    91.0    24.61    34.84     2.47   215.90     0.00
 2013  6 15 13.00   149  560599.0 7626795.2    91.0    24.90    34.87     2.75   285.45     0.00
 2013  6 15 14.00   149  560599.0 7626795.2    91.0    24.42    36.36     3.49   300.85     0.00
 2013  6 15 15.00   149  560599.0 7626795.2    91.0    24.02    37.94     5.02   300.75     0.00
 2013  6 15 16.00   149  560599.0 7626795.2    91.0    21.73    45.19     5.77   312.70     0.00
 2013  6 15 17.00   149  560599.0 7626795.2    91.0    20.91    52.64     2.41    28.76     0.00
 2013  6 15 18.00   149  560599.0 7626795.2    91.0    19.09    58.36     3.28    54.27     0.00
 2013  6 15 19.00   149  560599.0 7626795.2    91.0    18.24    54.12     2.40    32.07     0.00
 2013  6 15 20.00   149  560599.0 7626795.2    91.0    15.55    64.89     4.53   346.50     0.00
 2013  6 15 21.00   149  560599.0 7626795.2    91.0    14.37    68.17     3.88   345.60     0.00
 2013  6 15 22.00   149  560599.0 7626795.2    91.0    12.71    75.05     2.38   177.58     0.00
 2013  6 15 23.00   149  560599.0 7626795.2    91.0    10.39    85.05     2.05   160.84     0.00
 2013  6 16  0.00   149  560599.0 7626795.2    91.0     8.57    92.35     2.14   309.95     0.00
 2013  6 16  1.00   149  560599.0 7626795.2    91.0     7.79    95.00     1.72   312.85     0.00
 2013  6 16  2.00   149  560599.0 7626795.2    91.0     7.64    95.00     1.65   312.40     0.00
 2013  6 16  3.00   149  560599.0 7626795.2    91.0     6.98    95.00     1.02   284.20     0.00
 2013  6 16  4.00   149  560599.0 7626795.2    91.0     6.94    95.00     1.36   314.75     0.00
 2013  6 16  5.00   149  560599.0 7626795.2    91.0     7.17    95.00     1.42   169.91     0.00
 2013  6 16  6.00   149  560599.0 7626795.2    91.0     7.24    95.00     0.92   296.15     0.00
 2013  6 16  7.00   149  560599.0 7626795.2    91.0     8.93    90.55     0.43   149.50     0.00
 2013  6 16  8.00   149  560599.0 7626795.2    91.0    10.83    84.55     0.72   198.20     0.00
 2013  6 16  9.00   149  560599.0 7626795.2    91.0    12.24    83.30     1.98   284.50     0.00
 2013  6 16 10.00   149  560599.0 7626795.2    91.0    11.43    91.05     3.91   297.10     0.00
 2013  6 16 11.00   149  560599.0 7626795.2    91.0    10.70    95.00     3.66   305.40     0.00
 2013  6 16 12.00   149  560599.0 7626795.2    91.0    12.53    90.15     5.36   309.20     0.00
 2013  6 16 13.00   149  560599.0 7626795.2    91.0    14.86    72.61     6.93   316.95     0.00
 2013  6 16 14.00   149  560599.0 7626795.2    91.0    15.20    78.05     7.35   324.15     0.00
 2013  6 16 15.00   149  560599.0 7626795.2    91.0    13.53    89.65     6.81   317.55     0.00
 2013  6 16 16.00   149  560599.0 7626795.2    91.0    11.38    95.00     7.93   310.30     0.00
 2013  6 16 17.00   149  560599.0 7626795.2    91.0     9.35    95.00     9.57   307.55     0.00
 2013  6 16 18.00   149  560599.0 7626795.2    91.0     6.75    95.00    11.14   309.95     0.00
 2013  6 16 19.00   149  560599.0 7626795.2    91.0     3.41    95.00    10.84   314.75     0.00
 2013  6 16 20.00   149  560599.0 7626795.2    91.0     2.46    95.00     9.64   316.95     0.00
 2013  6 16 21.00   149  560599.0 7626795.2    91.0     2.12    95.00    10.44   315.45     0.00
 2013  6 16 22.00   149  560599.0 7626795.2    91.0     1.83    95.00     9.74   316.55     0.00
 2013  6 16 23.00   149  560599.0 7626795.2    91.0     1.52    95.00     8.39   311.70     0.00
 2013  6 17  0.00   149  560599.0 7626795.2    91.0     1.54    95.00     8.82   316.45     0.16
 2013  6 17  1.00   149  560599.0 7626795.2    91.0     1.47    95.00     8.29   328.20     0.00
 2013  6 17  2.00   149  560599.0 7626795.2    91.0     1.26    95.00     8.68   330.60     0.11
 2013  6 17  3.00   149  560599.0 7626795.2    91.0     1.15    95.00     7.55   330.85     0.25
 2013  6 17  4.00   149  560599.0 7626795.2    91.0     1.10    95.00     7.76   332.00     0.00
 2013  6 17  5.00   149  560599.0 7626795.2    91.0     1.07    95.00     7.13   331.85     0.00
 2013  6 17  6.00   149  560599.0 7626795.2    91.0     1.05    95.00     6.68   329.50     0.00
 2013  6 17  7.00   149  560599.0 7626795.2    91.0     1.32    95.00     6.37   325.10     0.00
 2013  6 17  8.00   149  560599.0 7626795.2    91.0     1.77    95.00     5.99   321.30     0.00
 2013  6 17  9.00   149  560599.0 7626795.2    91.0     2.26    95.00     6.64   318.85     0.00
 2013  6 17 10.00   149  560599.0 7626795.2    91.0     2.52    95.00     5.56   325.15     0.00
 2013  6 17 11.00   149  560599.0 7626795.2    91.0     2.94    95.00     5.55   331.60     0.00
 2013  6 17 12.00   149  560599.0 7626795.2    91.0     4.21    95.00     5.31   329.15     0.00
 2013  6 17 13.00   149  560599.0 7626795.2    91.0     5.32    95.00     4.68   323.85     0.00
 2013  6 17 14.00   149  560599.0 7626795.2    91.0     6.70    89.15     4.05   327.30     0.00
 2013  6 17 15.00   149  560599.0 7626795.2    91.0     8.75    79.70     3.19   336.85     0.00
 2013  6 17 16.00   149  560599.0 7626795.2    91.0    10.34    72.45     2.65   350.45     0.00
 2013  6 17 17.00   149  560599.0 7626795.2    91.0    10.93    69.69     2.27    23.63     0.00
 2013  6 17 18.00   149  560599.0 7626795.2    91.0    11.41    66.14     2.62   179.22     0.00
 2013  6 17 19.00   149  560599.0 7626795.2    91.0    11.40    64.82     3.08   174.47     0.00
 2013  6 17 20.00   149  560599.0 7626795.2    91.0    10.96    64.09     3.35    13.11     0.00
 2013  6 17 21.00   149  560599.0 7626795.2    91.0    10.52    63.87     2.65    28.51     0.00
 2013  6 17 22.00   149  560599.0 7626795.2    91.0    10.04    64.96     1.67    48.97     0.00
 2013  6 17 23.00   149  560599.0 7626795.2    91.0     7.49    77.00     2.21    41.53     0.00
 2013  6 18  0.00   149  560599.0 7626795.2    91.0     5.21    84.45     1.77    54.25     0.00
 2013  6 18  1.00   149  560599.0 7626795.2    91.0     4.33    88.15     1.25    73.40     0.00
 2013  6 18  2.00   149  560599.0 7626795.2    91.0     3.64    92.25     0.93    67.18     0.00
 2013  6 18  3.00   149  560599.0 7626795.2    91.0     1.52    95.00     2.22    23.57     0.00
 2013  6 18  4.00   149  560599.0 7626795.2    91.0     0.97    95.00     1.35   144.78     0.00
 2013  6 18  5.00   149  560599.0 7626795.2    91.0     1.76    94.65     0.85   284.35     0.00
 2013  6 18  6.00   149  560599.0 7626795.2    91.0     4.98    84.15     0.55    70.16     0.00
 2013  6 18  7.00   149  560599.0 7626795.2    91.0     6.83    77.75     1.54   112.25     0.00
 2013  6 18  8.00   149  560599.0 7626795.2    91.0     8.41    73.20     2.11    85.00     0.00
 2013  6 18  9.00   149  560599.0 7626795.2    91.0     9.25    70.63     2.31    66.99     0.00
 2013  6 18 10.00   149  560599.0 7626795.2    91.0    10.50    66.91     2.17    80.45     0.00
 2013  6 18 11.00   149  560599.0 7626795.2    91.0    11.81    64.43     2.40    67.81     0.00
 2013  6 18 12.00   149  560599.0 7626795.2    91.0    12.97    61.88     2.83    65.39     0.00
 2013  6 18 13.00   149  560599.0 7626795.2    91.0    13.59    60.69     3.54    53.86     0.00
 2013  6 18 14.00   149  560599.0 7626795.2    91.0    14.71    57.03     3.46    51.52     0.00
 2013  6 18 15.00   149  560599.0 7626795.2    91.0    15.09    54.89     4.19    56.34     0.00
 2013  6 18 16.00   149  560599.0 7626795.2    91.0    15.41    52.05     4.18    55.83     0.00
 2013  6 18 17.00   149  560599.0 7626795.2    91.0    15.63    47.67     4.34    51.30     0.00
 2013  6 18 18.00   149  560599.0 7626795.2    91.0    15.59    48.66     4.43    39.98     0.00
 2013  6 18 19.00   149  560599.0 7626795.2    91.0    14.58    51.41     4.99    39.75     0.00
 2013  6 18 20.00   149  560599.0 7626795.2    91.0    13.59    51.47     4.73    39.08     0.00
 2013  6 18 21.00   149  560599.0 7626795.2    91.0    12.29    50.62     4.13    36.52     0.00
 2013  6 18 22.00   149  560599.0 7626795.2    91.0    10.78    59.48     3.95    31.41     0.00
 2013  6 18 23.00   149  560599.0 7626795.2    91.0     9.02    68.88     3.57    24.54     0.00
 2013  6 19  0.00   149  560599.0 7626795.2    91.0     7.27    78.85     4.01    30.30     0.00
 2013  6 19  1.00   149  560599.0 7626795.2    91.0     5.93    84.30     3.10    27.91     0.00
 2013  6 19  2.00   149  560599.0 7626795.2    91.0     4.40    90.80     2.69    21.53     0.00
 2013  6 19  3.00   149  560599.0 7626795.2    91.0     4.05    89.25     1.11   181.15     0.00
 2013  6 19  4.00   149  560599.0 7626795.2    91.0     3.98    90.95     1.54   182.56     0.00
 2013  6 19  5.00   149  560599.0 7626795.2    91.0     4.33    90.65     1.19   352.70     0.00
 2013  6 19  6.00   149  560599.0 7626795.2    91.0     5.53    84.60     1.29    13.62     0.00
 2013  6 19  7.00   149  560599.0 7626795.2    91.0     7.30    74.30     1.69    21.62     0.00
 2013  6 19  8.00   149  560599.0 7626795.2    91.0     8.26    68.97     2.17    31.23     0.00
 2013  6 19  9.00   149  560599.0 7626795.2    91.0     9.70    60.71     2.57    48.22     0.00
 2013  6 19 10.00   149  560599.0 7626795.2    91.0    10.43    58.48     3.31    41.03     0.00
 2013  6 19 11.00   149  560599.0 7626795.2    91.0    11.22    56.48     3.61    40.19     0.00
 2013  6 19 12.00   149  560599.0 7626795.2    91.0    12.27    51.66     4.33    37.33     0.00
 2013  6 19 13.00   149  560599.0 7626795.2    91.0    13.44    50.04     4.50    41.70     0.00
 2013  6 19 14.00   149  560599.0 7626795.2    91.0    14.39    47.81     4.45    38.51     0.00
 2013  6 19 15.00   149  560599.0 7626795.2    91.0    15.55    44.03     4.46    40.67     0.00
 2013  6 19 16.00   149  560599.0 7626795.2    91.0    15.95    42.19     5.02    38.75     0.00
 2013  6 19 17.00   149  560599.0 7626795.2    91.0    16.37    42.09     5.32    39.59     0.00
 2013  6 19 18.00   149  560599.0 7626795.2    91.0    15.27    45.72     5.76    38.73     0.00
 2013  6 19 19.00   149  560599.0 7626795.2    91.0    14.71    47.49     5.38    37.63     0.00
 2013  6 19 20.00   149  560599.0 7626795.2    91.0    14.41    47.12     4.77    38.29     0.00
 2013  6 19 21.00   149  560599.0 7626795.2    91.0    13.10    53.13     3.81    35.94     0.00
 2013  6 19 22.00   149  560599.0 7626795.2    91.0    12.29    55.98     3.44    34.55     0.00
 2013  6 19 23.00   149  560599.0 7626795.2    91.0    10.67    63.83     2.67    31.56     0.00
 2013  6 20  0.00   149  560599.0 7626795.2    91.0     8.56    73.05     2.44    17.29     0.00
 2013  6 20  1.00   149  560599.0 7626795.2    91.0     6.97    81.15     2.67    14.48     0.00
 2013  6 20  2.00   149  560599.0 7626795.2    91.0     5.12    88.60     0.90   300.65     0.00
 2013  6 20  3.00   149  560599.0 7626795.2    91.0     3.71    94.25     1.13   286.05     0.00
 2013  6 20  4.00   149  560599.0 7626795.2    91.0     3.67    95.00     1.36   284.10     0.00
 2013  6 20  5.00   149  560599.0 7626795.2    91.0     4.93    93.90     1.17   271.40     0.00
 2013  6 20  6.00   149  560599.0 7626795.2    91.0     7.90    83.55     0.84   153.08     0.00
 2013  6 20  7.00   149  560599.0 7626795.2    91.0    11.18    72.15     0.76    69.66     0.00
 2013  6 20  8.00   149  560599.0 7626795.2    91.0    13.43    63.72     1.83   108.15     0.00
 2013  6 20  9.00   149  560599.0 7626795.2    91.0    16.50    57.80     1.79   109.70     0.00
 2013  6 20 10.00   149  560599.0 7626795.2    91.0    19.13    51.59     2.50    76.20     0.00
 2013  6 20 11.00   149  560599.0 7626795.2    91.0    21.83    46.30     2.60    88.45     0.00
 2013  6 20 12.00   149  560599.0 7626795.2    91.0    26.06    37.41     4.38   175.40     0.00
 2013  6 20 13.00   149  560599.0 7626795.2    91.0    27.38    32.93     6.41   212.70     0.00
 2013  6 20 14.00   149  560599.0 7626795.2    91.0    27.94    30.96     7.18   216.85     0.27
 2013  6 20 15.00   149  560599.0 7626795.2    91.0    28.59    31.09     6.66   223.05     0.22
 2013  6 20 16.00   149  560599.0 7626795.2    91.0    29.08    30.81     5.68   222.50     0.00
 2013  6 20 17.00   149  560599.0 7626795.2    91.0    29.34    30.29     4.97   208.15     0.00
 2013  6 20 18.00   149  560599.0 7626795.2    91.0    29.14    31.70     5.26   191.15     0.00
 2013  6 20 19.00   149  560599.0 7626795.2    91.0    28.97    28.61     5.36   192.45     0.00
 2013  6 20 20.00   149  560599.0 7626795.2    91.0    28.61    28.66     4.98   194.95     0.00
 2013  6 20 21.00   149  560599.0 7626795.2    91.0    27.91    30.62     3.75   193.20     0.00
 2013  6 20 22.00   149  560599.0 7626795.2    91.0    26.01    35.74     2.73   190.65     0.00
 2013  6 20 23.00   149  560599.0 7626795.2    91.0    23.24    43.23     2.83   189.85     0.00
 2013  6 21  0.00   149  560599.0 7626795.2    91.0    20.32    50.47     2.85   194.65     0.00
 2013  6 21  1.00   149  560599.0 7626795.2    91.0    19.02    52.66     3.30   197.65     0.00
 2013  6 21  2.00   149  560599.0 7626795.2    91.0    17.81    55.92     3.18   194.40     0.00
 2013  6 21  3.00   149  560599.0 7626795.2    91.0    18.30    52.88     4.60   202.25     0.00
 2013  6 21  4.00   149  560599.0 7626795.2    91.0    18.67    50.86     5.54   209.45     0.00
 2013  6 21  5.00   149  560599.0 7626795.2    91.0    19.38    50.11     5.33   207.15     0.00
 2013  6 21  6.00   149  560599.0 7626795.2    91.0    20.60    49.69     3.59   215.90     0.00
 2013  6 21  7.00   149  560599.0 7626795.2    91.0    22.77    43.67     4.16   206.10     0.00
 2013  6 21  8.00   149  560599.0 7626795.2    91.0    24.45    40.83     5.52   218.60     0.00
 2013  6 21  9.00   149  560599.0 7626795.2    91.0    25.34    41.80     4.93   229.45     0.00
 2013  6 21 10.00   149  560599.0 7626795.2    91.0    24.74    46.76     3.91   255.30     0.00
 2013  6 21 11.00   149  560599.0 7626795.2    91.0    25.02    46.00     4.26   271.55     0.00
 2013  6 21 12.00   149  560599.0 7626795.2    91.0    21.99    56.45     4.77   258.10     0.00
 2013  6 21 13.00   149  560599.0 7626795.2    91.0    20.12    59.64     5.45   257.50     0.00
 2013  6 21 14.00   149  560599.0 7626795.2    91.0    20.18    58.13     6.29   279.60     0.00
 2013  6 21 15.00   149  560599.0 7626795.2    91.0    21.74    54.06     5.82   320.95     0.00
 2013  6 21 16.00   149  560599.0 7626795.2    91.0    20.57    56.81     5.23   329.65     0.00
 2013  6 21 17.00   149  560599.0 7626795.2    91.0    19.43    58.47     4.21   331.35     0.00
 2013  6 21 18.00   149  560599.0 7626795.2    91.0    18.03    58.62     4.62   330.40     0.00
 2013  6 21 19.00   149  560599.0 7626795.2    91.0    16.97    62.91     5.79   325.05     0.00
 2013  6 21 20.00   149  560599.0 7626795.2    91.0    15.54    69.50     4.27   173.81     0.00
 2013  6 21 21.00   149  560599.0 7626795.2    91.0    13.39    76.75     1.53    68.85     0.00
 2013  6 21 22.00   149  560599.0 7626795.2    91.0    13.14    79.05     1.61    31.63     0.00
 2013  6 21 23.00   149  560599.0 7626795.2    91.0    12.14    83.50     1.09   285.75     0.00
 2013  6 22  0.00   149  560599.0 7626795.2    91.0    11.56    86.25     1.94   294.75     0.00
 2013  6 22  1.00   149  560599.0 7626795.2    91.0    11.20    89.65     2.39   262.00     0.00
 2013  6 22  2.00   149  560599.0 7626795.2    91.0    11.15    95.00     3.62   289.75     0.00
 2013  6 22  3.00   149  560599.0 7626795.2    91.0    10.82    95.00     4.04   298.20     0.00
 2013  6 22  4.00   149  560599.0 7626795.2    91.0    10.63    95.00     4.80   293.35     0.00
 2013  6 22  5.00   149  560599.0 7626795.2    91.0    10.28    95.00     3.92   297.45     0.00
 2013  6 22  6.00   149  560599.0 7626795.2    91.0    10.32    95.00     2.21   296.05     0.00
 2013  6 22  7.00   149  560599.0 7626795.2    91.0    11.00    94.70     1.18   199.65     0.00
 2013  6 22  8.00   149  560599.0 7626795.2    91.0    10.77    95.00     2.04   110.90     0.00
 2013  6 22  9.00   149  560599.0 7626795.2    91.0    11.58    94.25     1.39   109.10     0.00
 2013  6 22 10.00   149  560599.0 7626795.2    91.0    11.35    93.80     1.69   100.70     1.24
 2013  6 22 11.00   149  560599.0 7626795.2    91.0    11.68    94.15     1.11   104.05     0.00
 2013  6 22 12.00   149  560599.0 7626795.2    91.0    13.43    88.45     1.42   197.30     0.00
 2013  6 22 13.00   149  560599.0 7626795.2    91.0    14.62    84.65     2.40   296.05     0.12
 2013  6 22 14.00   149  560599.0 7626795.2    91.0    13.71    88.95     1.53    22.77     0.00
 2013  6 22 15.00   149  560599.0 7626795.2    91.0    14.61    85.90     2.15   273.55     0.00
 2013  6 22 16.00   149  560599.0 7626795.2    91.0    14.23    87.90     2.04   271.30     0.00
 2013  6 22 17.00   149  560599.0 7626795.2    91.0    13.96    91.70     1.60   271.65     0.11
 2013  6 22 18.00   149  560599.0 7626795.2    91.0    14.32    89.40     1.77   274.55     0.00
 2013  6 22 19.00   149  560599.0 7626795.2    91.0    15.20    79.40     1.57   299.20     0.00
 2013  6 22 20.00   149  560599.0 7626795.2    91.0    16.36    75.60     1.05   197.05     0.00
 2013  6 22 21.00   149  560599.0 7626795.2    91.0    15.41    88.15     2.13   103.80     0.00
 2013  6 22 22.00   149  560599.0 7626795.2    91.0    14.55    92.30     2.30   106.50     0.00
 2013  6 22 23.00   149  560599.0 7626795.2    91.0    13.92    95.00     2.04   107.30     0.00
 2013  6 23  0.00   149  560599.0 7626795.2    91.0    12.77    95.00     1.90    98.60     0.00
 2013  6 23  1.00   149  560599.0 7626795.2    91.0    11.25    95.00     0.61    74.45     0.00
 2013  6 23  2.00   149  560599.0 7626795.2    91.0    10.19    95.00     0.32   100.03     0.00
 2013  6 23  3.00   149  560599.0 7626795.2    91.0     9.19    95.00     0.79    90.25     0.00
 2013  6 23  4.00   149  560599.0 7626795.2    91.0     7.62    95.00     0.77   168.78     0.00
 2013  6 23  5.00   149  560599.0 7626795.2    91.0     7.73    95.00     0.47    39.05     0.00
 2013  6 23  6.00   149  560599.0 7626795.2    91.0     9.21    95.00     0.91   290.15     0.00
 2013  6 23  7.00   149  560599.0 7626795.2    91.0    11.81    95.00     1.35   301.65     0.00
 2013  6 23  8.00   149  560599.0 7626795.2    91.0    12.48    94.85     3.45   290.20     0.00
 2013  6 23  9.00   149  560599.0 7626795.2    91.0    12.54    95.00     3.54   284.25     0.00
 2013  6 23 10.00   149  560599.0 7626795.2    91.0    13.25    93.60     3.79   282.35     0.00
 2013  6 23 11.00   149  560599.0 7626795.2    91.0    13.95    91.30     3.89   285.90     0.00
 2013  6 23 12.00   149  560599.0 7626795.2    91.0    14.57    90.80     3.83   299.40     0.24
 2013  6 23 13.00   149  560599.0 7626795.2    91.0    15.20    88.35     3.93   312.55     0.00
 2013  6 23 14.00   149  560599.0 7626795.2    91.0    16.05    83.70     3.87   328.65     0.00
 2013  6 23 15.00   149  560599.0 7626795.2    91.0    15.97    81.75     3.92   348.75     0.00
 2013  6 23 16.00   149  560599.0 7626795.2    91.0    15.16    83.40     3.97    12.29     0.00
 2013  6 23 17.00   149  560599.0 7626795.2    91.0    16.05    77.25     4.57     4.62     0.00
 2013  6 23 18.00   149  560599.0 7626795.2    91.0    15.77    71.55     4.29     6.46     0.00
 2013  6 23 19.00   149  560599.0 7626795.2    91.0    14.27    75.45     4.14     5.30     0.00
 2013  6 23 20.00   149  560599.0 7626795.2    91.0    13.08    77.60     4.75    18.78     0.00
 2013  6 23 21.00   149  560599.0 7626795.2    91.0    11.38    82.25     4.13    30.09     0.00
 2013  6 23 22.00   149  560599.0 7626795.2    91.0     9.49    86.20     3.96    25.73     0.00
 2013  6 23 23.00   149  560599.0 7626795.2    91.0     6.11    95.00     2.74    18.81     0.00
 2013  6 24  0.00   149  560599.0 7626795.2    91.0     5.44    95.00     4.47   356.10     0.00
 2013  6 24  1.00   149  560599.0 7626795.2    91.0     5.31    95.00     3.74   177.99     0.00
 2013  6 24  2.00   149  560599.0 7626795.2    91.0     5.12    95.00     4.38     0.79     0.00
 2013  6 24  3.00   149  560599.0 7626795.2    91.0     4.71    95.00     3.94   356.75     0.00
 2013  6 24  4.00   149  560599.0 7626795.2    91.0     4.89    95.00     3.20    26.52     0.00
 2013  6 24  5.00   149  560599.0 7626795.2    91.0     5.43    95.00     2.35    21.20     0.00
 2013  6 24  6.00   149  560599.0 7626795.2    91.0     5.81    95.00     2.41   357.50     0.00
 2013  6 24  7.00   149  560599.0 7626795.2    91.0     5.88    95.00     2.00    31.20     0.00
 2013  6 24  8.00   149  560599.0 7626795.2    91.0     6.22    95.00     2.00    34.80     0.00
 2013  6 24  9.00   149  560599.0 7626795.2    91.0     6.29    95.00     2.29    25.07     0.00
 2013  6 24 10.00   149  560599.0 7626795.2    91.0     6.77    95.00     2.56    26.55     0.00
 2013  6 24 11.00   149  560599.0 7626795.2    91.0     7.53    95.00     1.87    28.50     0.00
 2013  6 24 12.00   149  560599.0 7626795.2    91.0     9.32    94.70     1.90    35.05     0.00
 2013  6 24 13.00   149  560599.0 7626795.2    91.0    10.59    90.50     2.20    25.14     0.00
 2013  6 24 14.00   149  560599.0 7626795.2    91.0    11.79    86.10     2.98    21.11     0.00
 2013  6 24 15.00   149  560599.0 7626795.2    91.0    12.28    83.65     3.79    40.02     0.00
 2013  6 24 16.00   149  560599.0 7626795.2    91.0    11.04    86.50     3.40    49.50     0.00
 2013  6 24 17.00   149  560599.0 7626795.2    91.0    10.28    87.50     3.69    45.91     0.00
 2013  6 24 18.00   149  560599.0 7626795.2    91.0     8.50    92.85     3.73    41.52     0.00
 2013  6 24 19.00   149  560599.0 7626795.2    91.0     7.87    94.80     3.54    44.38     0.00
 2013  6 24 20.00   149  560599.0 7626795.2    91.0     8.13    91.70     2.91    56.01     0.00
 2013  6 24 21.00   149  560599.0 7626795.2    91.0     8.02    87.50     3.76    48.25     0.00
 2013  6 24 22.00   149  560599.0 7626795.2    91.0     7.81    85.15     4.68    44.23     0.00
 2013  6 24 23.00   149  560599.0 7626795.2    91.0     5.46    93.25     4.22    35.29     0.00
 2013  6 25  0.00   149  560599.0 7626795.2    91.0     4.63    95.00     3.33    21.84     0.00
 2013  6 25  1.00   149  560599.0 7626795.2    91.0     4.06    95.00     3.79    21.79     0.00
 2013  6 25  2.00   149  560599.0 7626795.2    91.0     3.44    95.00     3.80    29.36     0.00
 2013  6 25  3.00   149  560599.0 7626795.2    91.0     2.88    95.00     3.18    34.76     0.00
 2013  6 25  4.00   149  560599.0 7626795.2    91.0     2.42    95.00     3.59    44.61     0.00
 2013  6 25  5.00   149  560599.0 7626795.2    91.0     1.46    95.00     4.71    46.80     0.00
 2013  6 25  6.00   149  560599.0 7626795.2    91.0     0.82    95.00     4.81    39.11     0.00
 2013  6 25  7.00   149  560599.0 7626795.2    91.0     0.77    95.00     4.67    40.38     0.00
 2013  6 25  8.00   149  560599.0 7626795.2    91.0     1.26    95.00     4.89    40.23     0.00
 2013  6 25  9.00   149  560599.0 7626795.2    91.0     1.69    95.00     5.13    42.64     0.00
 2013  6 25 10.00   149  560599.0 7626795.2    91.0     2.19    95.00     5.22    41.98     0.00
 2013  6 25 11.00   149  560599.0 7626795.2    91.0     2.48    95.00     5.14    42.27     0.65
 2013  6 25 12.00   149  560599.0 7626795.2    91.0     2.97    95.00     4.98    39.84     0.00
 2013  6 25 13.00   149  560599.0 7626795.2    91.0     3.84    95.00     4.67    41.84     0.00
 2013  6 25 14.00   149  560599.0 7626795.2    91.0     5.51    94.65     5.20    42.25     0.00
 2013  6 25 15.00   149  560599.0 7626795.2    91.0     6.29    91.65     6.14    39.48     0.00
 2013  6 25 16.00   149  560599.0 7626795.2    91.0     6.57    90.50     5.99    38.08     0.00
 2013  6 25 17.00   149  560599.0 7626795.2    91.0     6.47    90.80     5.95    38.29     0.00
 2013  6 25 18.00   149  560599.0 7626795.2    91.0     6.99    89.45     5.33    37.48     0.00
 2013  6 25 19.00   149  560599.0 7626795.2    91.0     7.46    87.90     5.13    35.07     0.00
 2013  6 25 20.00   149  560599.0 7626795.2    91.0     7.65    87.10     4.17    32.75     0.00
 2013  6 25 21.00   149  560599.0 7626795.2    91.0     8.07    85.80     3.40    39.23     0.00
 2013  6 25 22.00   149  560599.0 7626795.2    91.0     9.43    80.95     2.78    40.86     0.00
 2013  6 25 23.00   149  560599.0 7626795.2    91.0     8.09    88.30     1.94    41.97     0.00
 2013  6 26  0.00   149  560599.0 7626795.2    91.0     7.35    93.10     1.42    24.67     0.00
 2013  6 26  1.00   149  560599.0 7626795.2    91.0     6.58    95.00     0.84     4.81     0.00
 2013  6 26  2.00   149  560599.0 7626795.2    91.0     5.70    95.00     0.58   296.60     0.00
 2013  6 26  3.00   149  560599.0 7626795.2    91.0     5.07    95.00     0.97   281.60     0.00
 2013  6 26  4.00   149  560599.0 7626795.2    91.0     6.40    95.00     1.13   102.05     0.00
 2013  6 26  5.00   149  560599.0 7626795.2    91.0     7.83    94.75     2.00   122.40     0.00
 2013  6 26  6.00   149  560599.0 7626795.2    91.0     9.84    88.55     1.63    98.75     0.00
 2013  6 26  7.00   149  560599.0 7626795.2    91.0    10.69    85.75     1.55    98.00     0.00
 2013  6 26  8.00   149  560599.0 7626795.2    91.0    13.56    77.55     2.08   133.40     0.00
 2013  6 26  9.00   149  560599.0 7626795.2    91.0    16.86    65.75     2.89   170.40     0.00
 2013  6 26 10.00   149  560599.0 7626795.2    91.0    18.47    60.36     3.58   193.55     0.00
 2013  6 26 11.00   149  560599.0 7626795.2    91.0    20.19    57.37     3.65   186.50     0.00
 2013  6 26 12.00   149  560599.0 7626795.2    91.0    21.89    52.66     3.65   189.45     0.00
 2013  6 26 13.00   149  560599.0 7626795.2    91.0    22.90    49.82     4.33   182.35     0.00
 2013  6 26 14.00   149  560599.0 7626795.2    91.0    24.21    47.38     4.33   189.00     0.00
 2013  6 26 15.00   149  560599.0 7626795.2    91.0    25.37    44.34     5.16   214.25     0.00
 2013  6 26 16.00   149  560599.0 7626795.2    91.0    25.62    44.04     5.33   221.85     0.00
 2013  6 26 17.00   149  560599.0 7626795.2    91.0    25.83    41.77     4.71   232.80     0.00
 2013  6 26 18.00   149  560599.0 7626795.2    91.0    26.00    42.64     4.36   227.70     0.20
 2013  6 26 19.00   149  560599.0 7626795.2    91.0    26.16    41.56     3.26   241.15     0.00
 2013  6 26 20.00   149  560599.0 7626795.2    91.0    25.78    42.94     3.17   236.15     0.00
 2013  6 26 21.00   149  560599.0 7626795.2    91.0    25.20    45.31     2.87   233.10     0.00
 2013  6 26 22.00   149  560599.0 7626795.2    91.0    23.55    53.21     2.00   258.85     0.00
 2013  6 26 23.00   149  560599.0 7626795.2    91.0    20.69    66.07     2.31   279.25     0.00
 2013  6 27  0.00   149  560599.0 7626795.2    91.0    17.44    76.50     2.69   300.85     0.00
 2013  6 27  1.00   149  560599.0 7626795.2    91.0    13.23    93.35     1.02   330.10     0.00
 2013  6 27  2.00   149  560599.0 7626795.2    91.0    10.64    95.00     1.90   308.25     0.00
 2013  6 27  3.00   149  560599.0 7626795.2    91.0     9.68    95.00     1.94   340.40     0.00
 2013  6 27  4.00   149  560599.0 7626795.2    91.0     9.30    95.00     1.25   302.10     0.00
 2013  6 27  5.00   149  560599.0 7626795.2    91.0    10.27    95.00     1.37    21.88     0.00
 2013  6 27  6.00   149  560599.0 7626795.2    91.0    11.32    92.65     0.47   143.20     0.00
 2013  6 27  7.00   149  560599.0 7626795.2    91.0    13.41    84.10     0.96   106.80     0.00
 2013  6 27  8.00   149  560599.0 7626795.2    91.0    15.95    76.95     1.17   107.50     0.00
 2013  6 27  9.00   149  560599.0 7626795.2    91.0    18.66    72.65     1.39   107.65     0.00
 2013  6 27 10.00   149  560599.0 7626795.2    91.0    20.99    65.94     1.95    89.65     0.00
 2013  6 27 11.00   149  560599.0 7626795.2    91.0    23.57    59.10     2.21   127.10     0.00
 2013  6 27 12.00   149  560599.0 7626795.2    91.0    25.16    52.44     3.51   149.20     0.00
 2013  6 27 13.00   149  560599.0 7626795.2    91.0    26.93    45.11     5.32   212.55     0.00
 2013  6 27 14.00   149  560599.0 7626795.2    91.0    27.84    39.76     5.17   220.40     0.00
 2013  6 27 15.00   149  560599.0 7626795.2    91.0    28.43    36.55     4.62   219.90     0.00
 2013  6 27 16.00   149  560599.0 7626795.2    91.0    29.05    35.08     3.94   205.15     0.00
 2013  6 27 17.00   149  560599.0 7626795.2    91.0    29.33    35.70     3.42   225.70     0.00
 2013  6 27 18.00   149  560599.0 7626795.2    91.0    29.20    38.42     3.27   206.45     0.00
 2013  6 27 19.00   149  560599.0 7626795.2    91.0    29.05    38.44     3.07   201.15     0.00
 2013  6 27 20.00   149  560599.0 7626795.2    91.0    28.04    42.09     2.61   115.94     0.00
 2013  6 27 21.00   149  560599.0 7626795.2    91.0    24.97    53.15     2.19    36.24     0.00
 2013  6 27 22.00   149  560599.0 7626795.2    91.0    22.66    64.94     1.75    25.33     0.00
 2013  6 27 23.00   149  560599.0 7626795.2    91.0    20.31    72.30     1.05    17.87     0.00
 2013  6 28  0.00   149  560599.0 7626795.2    91.0    17.80    80.25     0.65    34.42     0.00
 2013  6 28  1.00   149  560599.0 7626795.2    91.0    17.34    81.55     0.47   233.75     0.00
 2013  6 28  2.00   149  560599.0 7626795.2    91.0    14.77    94.40     1.29   272.30     0.00
 2013  6 28  3.00   149  560599.0 7626795.2    91.0    14.20    95.00     2.73   262.40     0.00
 2013  6 28  4.00   149  560599.0 7626795.2    91.0    14.05    95.00     4.35   269.35     0.00
 2013  6 28  5.00   149  560599.0 7626795.2    91.0    12.40    95.00     5.62   276.45     0.00
 2013  6 28  6.00   149  560599.0 7626795.2    91.0    12.35    95.00     4.22   283.65     0.00
 2013  6 28  7.00   149  560599.0 7626795.2    91.0    13.86    89.15     1.88   280.40     0.00
 2013  6 28  8.00   149  560599.0 7626795.2    91.0    15.53    82.15     1.81   275.70     0.00
 2013  6 28  9.00   149  560599.0 7626795.2    91.0    16.38    80.90     3.07   279.45     0.00
 2013  6 28 10.00   149  560599.0 7626795.2    91.0    16.57    80.00     3.84   275.85     0.00
 2013  6 28 11.00   149  560599.0 7626795.2    91.0    17.81    75.90     4.15   284.05     0.00
 2013  6 28 12.00   149  560599.0 7626795.2    91.0    19.77    70.53     3.25   292.70     0.00
 2013  6 28 13.00   149  560599.0 7626795.2    91.0    21.08    68.82     2.89    35.78     0.00
 2013  6 28 14.00   149  560599.0 7626795.2    91.0    21.80    66.52     2.07    46.88     0.00
 2013  6 28 15.00   149  560599.0 7626795.2    91.0    23.54    61.78     1.50   172.90     0.00
 2013  6 28 16.00   149  560599.0 7626795.2    91.0    24.62    59.72     2.15    20.61     0.00
 2013  6 28 17.00   149  560599.0 7626795.2    91.0    24.31    61.59     2.85    51.45     0.00
 2013  6 28 18.00   149  560599.0 7626795.2    91.0    23.49    63.43     2.12    42.81     0.00
 2013  6 28 19.00   149  560599.0 7626795.2    91.0    23.71    62.25     1.41    43.51     0.00
 2013  6 28 20.00   149  560599.0 7626795.2    91.0    24.41    61.79     1.38    61.91     0.00
 2013  6 28 21.00   149  560599.0 7626795.2    91.0    23.90    64.41     1.78    71.52     0.00
 2013  6 28 22.00   149  560599.0 7626795.2    91.0    22.25    71.97     1.41    79.40     0.00
 2013  6 28 23.00   149  560599.0 7626795.2    91.0    19.96    81.50     1.05   150.45     0.00
 2013  6 29  0.00   149  560599.0 7626795.2    91.0    18.38    90.35     1.63   270.35     0.00
 2013  6 29  1.00   149  560599.0 7626795.2    91.0    18.19    91.35     2.33   281.45     0.00
 2013  6 29  2.00   149  560599.0 7626795.2    91.0    18.25    86.95     4.33   305.75     0.00
 2013  6 29  3.00   149  560599.0 7626795.2    91.0    15.57    95.00     5.54   307.10     2.85
 2013  6 29  4.00   149  560599.0 7626795.2    91.0    13.38    95.00     4.39   286.55     0.49
 2013  6 29  5.00   149  560599.0 7626795.2    91.0    10.75    95.00     5.75   264.30     2.37
 2013  6 29  6.00   149  560599.0 7626795.2    91.0     9.94    95.00     3.86   282.30     3.70
 2013  6 29  7.00   149  560599.0 7626795.2    91.0     9.80    95.00     2.83   282.65     1.02
 2013  6 29  8.00   149  560599.0 7626795.2    91.0     9.59    95.00     3.58   280.70     0.00
 2013  6 29  9.00   149  560599.0 7626795.2    91.0    10.23    95.00     5.17   300.85     0.00
 2013  6 29 10.00   149  560599.0 7626795.2    91.0    11.20    89.25     4.31   319.50     0.00
 2013  6 29 11.00   149  560599.0 7626795.2    91.0    12.25    78.75     4.17   335.25     0.00
 2013  6 29 12.00   149  560599.0 7626795.2    91.0    12.73    77.25     3.79   337.70     0.00
 2013  6 29 13.00   149  560599.0 7626795.2    91.0    13.87    71.70     4.27   337.10     0.00
 2013  6 29 14.00   149  560599.0 7626795.2    91.0    13.40    70.75     3.76     9.46     0.00
 2013  6 29 15.00   149  560599.0 7626795.2    91.0    13.73    70.00     3.67   356.20     0.00
 2013  6 29 16.00   149  560599.0 7626795.2    91.0    13.40    69.75     4.29   178.87     0.00
 2013  6 29 17.00   149  560599.0 7626795.2    91.0    12.46    75.45     4.42   177.64     0.00
 2013  6 29 18.00   149  560599.0 7626795.2    91.0    11.21    82.70     3.91   183.56     0.00
 2013  6 29 19.00   149  560599.0 7626795.2    91.0    10.21    83.20     3.49     8.84     0.00
 2013  6 29 20.00   149  560599.0 7626795.2    91.0     9.62    85.45     4.47   353.00     0.00
 2013  6 29 21.00   149  560599.0 7626795.2    91.0     9.14    89.70     3.48    10.40     0.00
 2013  6 29 22.00   149  560599.0 7626795.2    91.0     8.44    95.00     2.79    20.62     0.00
 2013  6 29 23.00   149  560599.0 7626795.2    91.0     8.03    95.00     2.15    30.35     0.00
 2013  6 30  0.00   149  560599.0 7626795.2    91.0     7.67    95.00     2.62   168.09     0.00
 2013  6 30  1.00   149  560599.0 7626795.2    91.0     7.83    95.00     4.36   351.25     0.00
 2013  6 30  2.00   149  560599.0 7626795.2    91.0     7.20    95.00     3.52   182.06     0.00
 2013  6 30  3.00   149  560599.0 7626795.2    91.0     7.28    95.00     2.19   180.28     0.00
 2013  6 30  4.00   149  560599.0 7626795.2    91.0     7.60    95.00     2.80    31.34     0.00
 2013  6 30  5.00   149  560599.0 7626795.2    91.0     7.03    95.00     2.72    23.48     0.00
 2013  6 30  6.00   149  560599.0 7626795.2    91.0     7.25    95.00     2.78    17.83     0.00
 2013  6 30  7.00   149  560599.0 7626795.2    91.0     7.83    95.00     2.52    28.83     0.00
 2013  6 30  8.00   149  560599.0 7626795.2    91.0     9.13    95.00     3.05    38.35     0.00
 2013  6 30  9.00   149  560599.0 7626795.2    91.0     9.38    95.00     3.02    60.23     0.00
 2013  6 30 10.00   149  560599.0 7626795.2    91.0    10.39    93.90     2.52    79.16     0.00
 2013  6 30 11.00   149  560599.0 7626795.2    91.0    12.32    87.40     2.25    85.70     0.00
 2013  6 30 12.00   149  560599.0 7626795.2    91.0    13.79    82.80     2.91    92.45     0.00
 2013  6 30 13.00   149  560599.0 7626795.2    91.0    15.32    75.55     3.15   111.45     0.00
 2013  6 30 14.00   149  560599.0 7626795.2    91.0    16.81    69.74     4.29    69.24     0.00
 2013  6 30 15.00   149  560599.0 7626795.2    91.0    16.94    69.83     3.91    65.97     0.00
 2013  6 30 16.00   149  560599.0 7626795.2    91.0    17.58    68.21     3.67    58.93     0.00
 2013  6 30 17.00   149  560599.0 7626795.2    91.0    19.14    64.84     3.82    57.52     0.00
 2013  6 30 18.00   149  560599.0 7626795.2    91.0    20.44    59.54     2.97   130.00     0.00
 2013  6 30 19.00   149  560599.0 7626795.2    91.0    20.65    58.52     3.01   177.95     0.00
 2013  6 30 20.00   149  560599.0 7626795.2    91.0    20.38    59.50     3.17   184.30     0.00
 2013  6 30 21.00   149  560599.0 7626795.2    91.0    20.04    61.17     3.13   195.25     0.00
 2013  6 30 22.00   149  560599.0 7626795.2    91.0    19.66    64.64     2.44   182.35     0.00
 2013  6 30 23.00   149  560599.0 7626795.2    91.0    18.64    72.03     1.35   172.60     0.00
 2013  7  1  0.00   149  560599.0 7626795.2    91.0    16.38    80.75     1.18   106.30     0.00
 2013  7  1  1.00   149  560599.0 7626795.2    91.0    14.29    88.40     1.40    98.30     0.00
 2013  7  1  2.00   149  560599.0 7626795.2    91.0    13.72    91.55     1.29    98.70     0.00
 2013  7  1  3.00   149  560599.0 7626795.2    91.0    12.97    94.25     1.40    83.60     0.00
 2013  7  1  4.00   149  560599.0 7626795.2    91.0    11.75    95.00     1.64    82.10     0.00
 2013  7  1  5.00   149  560599.0 7626795.2    91.0    12.79    95.00     1.83    78.15     0.00
 2013  7  1  6.00   149  560599.0 7626795.2    91.0    14.15    95.00     1.73    82.25     0.00
 2013  7  1  7.00   149  560599.0 7626795.2    91.0    17.09    87.50     2.50   115.65     0.00
 2013  7  1  8.00   149  560599.0 7626795.2    91.0    19.43    78.00     3.91   153.35     0.00
 2013  7  1  9.00   149  560599.0 7626795.2    91.0    21.13    71.85     3.56   146.90     0.00
 2013  7  1 10.00   149  560599.0 7626795.2    91.0    22.51    68.55     4.09   123.05     0.00
 2013  7  1 11.00   149  560599.0 7626795.2    91.0    23.34    65.82     4.96   115.10     0.00
 2013  7  1 12.00   149  560599.0 7626795.2    91.0    24.86    59.60     5.51   127.65     0.00
 2013  7  1 13.00   149  560599.0 7626795.2    91.0    26.38    53.60     5.73   137.40     0.00
 2013  7  1 14.00   149  560599.0 7626795.2    91.0    27.45    49.69     5.84   141.75     0.00
 2013  7  1 15.00   149  560599.0 7626795.2    91.0    27.58    49.75     5.61   122.45     0.00
 2013  7  1 16.00   149  560599.0 7626795.2    91.0    28.85    47.28     5.52   122.20     0.00
 2013  7  1 17.00   149  560599.0 7626795.2    91.0    29.16    45.01     5.65   126.15     0.00
 2013  7  1 18.00   149  560599.0 7626795.2    91.0    29.21    45.51     5.80   128.60     0.00
 2013  7  1 19.00   149  560599.0 7626795.2    91.0    28.93    46.35     5.25   127.20     0.00
 2013  7  1 20.00   149  560599.0 7626795.2    91.0    27.70    49.98     4.01   109.00     0.00
 2013  7  1 21.00   149  560599.0 7626795.2    91.0    26.77    54.87     3.12   111.65     0.00
 2013  7  1 22.00   149  560599.0 7626795.2    91.0    24.57    62.92     2.67    85.15     0.00
 2013  7  1 23.00   149  560599.0 7626795.2    91.0    21.85    73.30     1.77    87.15     0.00
 2013  7  2  0.00   149  560599.0 7626795.2    91.0    20.93    75.75     2.00   102.00     0.00
 2013  7  2  1.00   149  560599.0 7626795.2    91.0    18.38    84.95     2.40    70.72     0.00
 2013  7  2  2.00   149  560599.0 7626795.2    91.0    15.83    94.45     2.27    40.00     0.00
 2013  7  2  3.00   149  560599.0 7626795.2    91.0    14.00    95.00     1.08   143.50     0.00
 2013  7  2  4.00   149  560599.0 7626795.2    91.0    12.75    95.00     1.21   316.65     0.00
 2013  7  2  5.00   149  560599.0 7626795.2    91.0    13.95    95.00     1.54   154.17     0.00
 2013  7  2  6.00   149  560599.0 7626795.2    91.0    16.49    94.05     1.63    48.69     0.00
 2013  7  2  7.00   149  560599.0 7626795.2    91.0    17.59    91.65     1.62    43.69     0.00
 2013  7  2  8.00   149  560599.0 7626795.2    91.0    17.93    91.15     0.97    15.11     0.00
 2013  7  2  9.00   149  560599.0 7626795.2    91.0    21.59    78.05     1.11   200.64     0.00
 2013  7  2 10.00   149  560599.0 7626795.2    91.0    20.65    82.05     2.62    26.84     0.00
 2013  7  2 11.00   149  560599.0 7626795.2    91.0    21.45    78.05     3.23    23.09     0.00
 2013  7  2 12.00   149  560599.0 7626795.2    91.0    20.29    82.15     3.24    20.38     0.00
 2013  7  2 13.00   149  560599.0 7626795.2    91.0    19.71    81.65     3.48    30.84     0.00
 2013  7  2 14.00   149  560599.0 7626795.2    91.0    21.30    73.70     3.65    19.67     0.00
 2013  7  2 15.00   149  560599.0 7626795.2    91.0    20.55    72.40     3.66    28.95     0.00
 2013  7  2 16.00   149  560599.0 7626795.2    91.0    19.45    75.85     3.02    22.24     0.00
 2013  7  2 17.00   149  560599.0 7626795.2    91.0    18.54    86.25     6.52   286.10     0.00
 2013  7  2 18.00   149  560599.0 7626795.2    91.0    16.47    90.10     6.75   285.65     0.00
 2013  7  2 19.00   149  560599.0 7626795.2    91.0    14.42    95.00     4.52   284.95     0.00
 2013  7  2 20.00   149  560599.0 7626795.2    91.0    13.69    95.00     3.98   300.20     0.00
 2013  7  2 21.00   149  560599.0 7626795.2    91.0    11.75    95.00     5.88   295.05     1.64
 2013  7  2 22.00   149  560599.0 7626795.2    91.0    10.14    95.00     6.47   297.40     0.71
 2013  7  2 23.00   149  560599.0 7626795.2    91.0     9.53    95.00     4.88   305.65     8.66
 2013  7  3  0.00   149  560599.0 7626795.2    91.0     9.50    95.00     4.64   304.95     2.39
 2013  7  3  1.00   149  560599.0 7626795.2    91.0     9.57    95.00     4.14   311.25     1.37
 2013  7  3  2.00   149  560599.0 7626795.2    91.0     9.30    95.00     4.43   327.65     1.09
 2013  7  3  3.00   149  560599.0 7626795.2    91.0     8.65    95.00     4.44   328.30     1.34
 2013  7  3  4.00   149  560599.0 7626795.2    91.0     7.80    95.00     4.91   338.40     2.89
 2013  7  3  5.00   149  560599.0 7626795.2    91.0     7.71    95.00     3.77   311.80     2.11
 2013  7  3  6.00   149  560599.0 7626795.2    91.0     7.67    95.00     3.36   301.10     3.72
 2013  7  3  7.00   149  560599.0 7626795.2    91.0     7.37    95.00     3.63   290.90     0.58
 2013  7  3  8.00   149  560599.0 7626795.2    91.0     7.33    95.00     4.67   296.40     1.42
 2013  7  3  9.00   149  560599.0 7626795.2    91.0     7.81    95.00     4.31   297.90     0.00
 2013  7  3 10.00   149  560599.0 7626795.2    91.0     8.00    95.00     4.92   297.35     0.00
 2013  7  3 11.00   149  560599.0 7626795.2    91.0     8.32    95.00     4.83   293.30     0.00
 2013  7  3 12.00   149  560599.0 7626795.2    91.0     8.59    95.00     4.57   293.30     0.00
 2013  7  3 13.00   149  560599.0 7626795.2    91.0     9.46    95.00     4.19   295.45     0.00
 2013  7  3 14.00   149  560599.0 7626795.2    91.0     9.87    95.00     3.90   287.00     0.00
 2013  7  3 15.00   149  560599.0 7626795.2    91.0     9.46    95.00     4.00   274.85     0.00
 2013  7  3 16.00   149  560599.0 7626795.2    91.0     9.18    95.00     4.33   277.35     0.00
 2013  7  3 17.00   149  560599.0 7626795.2    91.0     8.63    95.00     4.05   282.65     0.00
 2013  7  3 18.00   149  560599.0 7626795.2    91.0     8.84    95.00     4.19   279.15     0.00
 2013  7  3 19.00   149  560599.0 7626795.2    91.0     9.00    95.00     4.06   287.70     0.00
 2013  7  3 20.00   149  560599.0 7626795.2    91.0     8.93    95.00     3.88   286.35     0.00
 2013  7  3 21.00   149  560599.0 7626795.2    91.0     8.98    95.00     3.46   279.75     0.00
 2013  7  3 22.00   149  560599.0 7626795.2    91.0     8.93    95.00     2.92   283.90     0.00
 2013  7  3 23.00   149  560599.0 7626795.2    91.0     8.59    95.00     2.82   258.75     0.00
 2013  7  4  0.00   149  560599.0 7626795.2    91.0     7.75    95.00     2.75   254.40     0.00
 2013  7  4  1.00   149  560599.0 7626795.2    91.0     6.71    95.00     3.11   260.40     0.00
 2013  7  4  2.00   149  560599.0 7626795.2    91.0     6.08    95.00     3.21   263.80     0.00
 2013  7  4  3.00   149  560599.0 7626795.2    91.0     6.75    95.00     3.02   267.50     0.00
 2013  7  4  4.00   149  560599.0 7626795.2    91.0     7.27    95.00     3.17   266.00     0.00
 2013  7  4  5.00   149  560599.0 7626795.2    91.0     7.52    95.00     3.35   269.65     0.00
 2013  7  4  6.00   149  560599.0 7626795.2    91.0     7.71    95.00     2.90   269.10     0.00
 2013  7  4  7.00   149  560599.0 7626795.2    91.0     8.32    95.00     1.90   256.75     0.00
 2013  7  4  8.00   149  560599.0 7626795.2    91.0     9.33    95.00     1.10   229.55     0.00
 2013  7  4  9.00   149  560599.0 7626795.2    91.0    11.11    95.00     1.10   201.50     0.00
 2013  7  4 10.00   149  560599.0 7626795.2    91.0    12.40    95.00     1.59   137.80     0.00
 2013  7  4 11.00   149  560599.0 7626795.2    91.0    13.43    93.50     1.48   231.45     0.00
 2013  7  4 12.00   149  560599.0 7626795.2    91.0    14.32    90.80     2.20   233.40     0.00
 2013  7  4 13.00   149  560599.0 7626795.2    91.0    14.48    89.90     2.70   192.85     0.00
 2013  7  4 14.00   149  560599.0 7626795.2    91.0    14.13    91.15     2.39   194.65     0.00
 2013  7  4 15.00   149  560599.0 7626795.2    91.0    14.17    91.00     2.40   190.60     0.00
 2013  7  4 16.00   149  560599.0 7626795.2    91.0    14.44    90.30     2.25   190.75     0.00
 2013  7  4 17.00   149  560599.0 7626795.2    91.0    15.57    85.40     2.78   199.60     0.00
 2013  7  4 18.00   149  560599.0 7626795.2    91.0    16.06    82.85     3.31   208.90     0.00
 2013  7  4 19.00   149  560599.0 7626795.2    91.0    16.05    82.50     3.91   212.65     0.00
 2013  7  4 20.00   149  560599.0 7626795.2    91.0    16.81    80.30     3.93   222.65     0.00
 2013  7  4 21.00   149  560599.0 7626795.2    91.0    15.93    83.90     3.30   228.70     0.00
 2013  7  4 22.00   149  560599.0 7626795.2    91.0    14.78    89.90     2.44   208.95     0.00
 2013  7  4 23.00   149  560599.0 7626795.2    91.0    14.25    91.75     1.91   210.65     0.00
 2013  7  5  0.00   149  560599.0 7626795.2    91.0    13.39    95.00     2.17   203.90     0.00
 2013  7  5  1.00   149  560599.0 7626795.2    91.0    13.36    95.00     2.48   191.15     0.00
 2013  7  5  2.00   149  560599.0 7626795.2    91.0    12.94    95.00     2.58   193.25     0.00
 2013  7  5  3.00   149  560599.0 7626795.2    91.0    12.79    95.00     1.85   151.30     0.00
 2013  7  5  4.00   149  560599.0 7626795.2    91.0    12.20    95.00     1.97   157.95     0.00
 2013  7  5  5.00   149  560599.0 7626795.2    91.0    11.80    95.00     2.13   165.00     0.00
 2013  7  5  6.00   149  560599.0 7626795.2    91.0    13.08    95.00     4.38   183.40     0.00
 2013  7  5  7.00   149  560599.0 7626795.2    91.0    13.89    95.00     6.54   195.65     0.00
 2013  7  5  8.00   149  560599.0 7626795.2    91.0    15.04    90.25     7.14   194.60     0.00
 2013  7  5  9.00   149  560599.0 7626795.2    91.0    16.64    85.20     6.30   197.20     0.00
 2013  7  5 10.00   149  560599.0 7626795.2    91.0    17.98    81.00     5.88   210.65     0.00
 2013  7  5 11.00   149  560599.0 7626795.2    91.0    19.61    74.35     5.80   220.65     0.00
 2013  7  5 12.00   149  560599.0 7626795.2    91.0    20.84    68.14     4.91   233.55     0.00
 2013  7  5 13.00   149  560599.0 7626795.2    91.0    21.67    57.38     4.76   264.50     0.00
 2013  7  5 14.00   149  560599.0 7626795.2    91.0    21.26    60.43     4.92   266.35     0.00
 2013  7  5 15.00   149  560599.0 7626795.2    91.0    21.04    61.01     5.43   269.15     0.00
 2013  7  5 16.00   149  560599.0 7626795.2    91.0    20.21    53.86     5.67   275.60     0.00
 2013  7  5 17.00   149  560599.0 7626795.2    91.0    20.59    51.99     5.41   283.75     0.00
 2013  7  5 18.00   149  560599.0 7626795.2    91.0    20.19    53.27     5.50   294.55     0.00
 2013  7  5 19.00   149  560599.0 7626795.2    91.0    20.49    52.02     5.08   289.90     0.00
 2013  7  5 20.00   149  560599.0 7626795.2    91.0    19.63    54.51     5.02   288.45     0.00
 2013  7  5 21.00   149  560599.0 7626795.2    91.0    17.97    59.90     2.92   286.20     0.00
 2013  7  5 22.00   149  560599.0 7626795.2    91.0    17.04    67.44     1.58   268.90     0.00
 2013  7  5 23.00   149  560599.0 7626795.2    91.0    17.20    63.59     1.78   272.65     0.00
 2013  7  6  0.00   149  560599.0 7626795.2    91.0    15.51    71.35     1.29   249.30     0.00
 2013  7  6  1.00   149  560599.0 7626795.2    91.0    13.75    88.70     4.83   316.60     0.00
 2013  7  6  2.00   149  560599.0 7626795.2    91.0    11.53    95.00     3.38   340.25     0.00
 2013  7  6  3.00   149  560599.0 7626795.2    91.0    10.84    95.00     2.16   311.20     0.00
 2013  7  6  4.00   149  560599.0 7626795.2    91.0     9.25    95.00     2.06   286.35     0.00
 2013  7  6  5.00   149  560599.0 7626795.2    91.0     9.46    95.00     1.97   271.60     0.00
 2013  7  6  6.00   149  560599.0 7626795.2    91.0     9.92    95.00     2.54   278.65     0.00
 2013  7  6  7.00   149  560599.0 7626795.2    91.0    11.06    90.25     3.31   289.50     0.00
 2013  7  6  8.00   149  560599.0 7626795.2    91.0    13.06    83.20     1.80   297.95     0.00
 2013  7  6  9.00   149  560599.0 7626795.2    91.0    14.64    75.35     1.58   336.60     0.00
 2013  7  6 10.00   149  560599.0 7626795.2    91.0    15.88    69.00     1.58   337.45     0.00
 2013  7  6 11.00   149  560599.0 7626795.2    91.0    17.11    65.70     1.54   168.45     0.00
 2013  7  6 12.00   149  560599.0 7626795.2    91.0    17.79    63.94     2.10   320.10     0.00
 2013  7  6 13.00   149  560599.0 7626795.2    91.0    18.06    64.38     2.50    60.41     0.00
 2013  7  6 14.00   149  560599.0 7626795.2    91.0    18.91    61.95     2.74    45.14     0.00
 2013  7  6 15.00   149  560599.0 7626795.2    91.0    18.24    62.63     3.18    43.05     0.00
 2013  7  6 16.00   149  560599.0 7626795.2    91.0    18.98    59.91     3.78    48.41     0.00
 2013  7  6 17.00   149  560599.0 7626795.2    91.0    19.39    60.31     3.38    53.42     0.00
 2013  7  6 18.00   149  560599.0 7626795.2    91.0    18.60    64.75     4.12    66.89     0.00
 2013  7  6 19.00   149  560599.0 7626795.2    91.0    18.16    64.52     3.91    66.98     0.00
 2013  7  6 20.00   149  560599.0 7626795.2    91.0    17.66    64.70     3.71    58.97     0.00
 2013  7  6 21.00   149  560599.0 7626795.2    91.0    16.44    70.48     3.38    59.38     0.00
 2013  7  6 22.00   149  560599.0 7626795.2    91.0    14.33    78.45     3.13    53.12     0.00
 2013  7  6 23.00   149  560599.0 7626795.2    91.0    11.79    87.30     2.62    51.89     0.00
 2013  7  7  0.00   149  560599.0 7626795.2    91.0    11.16    86.45     2.17    58.70     0.00
 2013  7  7  1.00   149  560599.0 7626795.2    91.0     9.62    90.55     1.62    42.30     0.00
 2013  7  7  2.00   149  560599.0 7626795.2    91.0     8.07    95.00     2.08    31.30     0.00
 2013  7  7  3.00   149  560599.0 7626795.2    91.0     7.69    95.00     2.33    30.34     0.00
 2013  7  7  4.00   149  560599.0 7626795.2    91.0     7.55    95.00     1.35    44.38     0.00
 2013  7  7  5.00   149  560599.0 7626795.2    91.0     8.78    95.00     2.71    47.69     0.00
 2013  7  7  6.00   149  560599.0 7626795.2    91.0    10.41    95.00     3.19    65.72     0.00
 2013  7  7  7.00   149  560599.0 7626795.2    91.0    11.93    91.30     3.40    75.30     0.00
 2013  7  7  8.00   149  560599.0 7626795.2    91.0    13.88    79.00     3.67    67.44     0.00
 2013  7  7  9.00   149  560599.0 7626795.2    91.0    14.98    72.85     4.15    75.40     0.00
 2013  7  7 10.00   149  560599.0 7626795.2    91.0    16.59    62.78     4.33    91.05     0.00
 2013  7  7 11.00   149  560599.0 7626795.2    91.0    18.41    56.30     4.12   102.65     0.00
 2013  7  7 12.00   149  560599.0 7626795.2    91.0    19.33    57.53     3.88    94.05     0.00
 2013  7  7 13.00   149  560599.0 7626795.2    91.0    20.76    55.02     3.25    90.85     0.00
 2013  7  7 14.00   149  560599.0 7626795.2    91.0    20.59    55.64     4.00    69.68     0.00
 2013  7  7 15.00   149  560599.0 7626795.2    91.0    20.45    55.44     4.16    92.55     0.00
 2013  7  7 16.00   149  560599.0 7626795.2    91.0    19.44    56.52     5.42   169.95     0.00
 2013  7  7 17.00   149  560599.0 7626795.2    91.0    19.98    52.35     3.42   152.50     0.00
 2013  7  7 18.00   149  560599.0 7626795.2    91.0    21.46    49.56     4.69   124.75     0.00
 2013  7  7 19.00   149  560599.0 7626795.2    91.0    21.30    49.72     4.94   112.15     0.00
 2013  7  7 20.00   149  560599.0 7626795.2    91.0    21.05    49.55     4.96   105.60     0.00
 2013  7  7 21.00   149  560599.0 7626795.2    91.0    20.36    50.15     4.32   110.85     0.00
 2013  7  7 22.00   149  560599.0 7626795.2    91.0    19.55    56.29     2.90    88.45     0.00
 2013  7  7 23.00   149  560599.0 7626795.2    91.0    16.64    71.74     2.16    91.75     0.00
 2013  7  8  0.00   149  560599.0 7626795.2    91.0    14.83    80.65     2.10    89.70     0.00
 2013  7  8  1.00   149  560599.0 7626795.2    91.0    14.73    80.50     2.24    88.80     0.00
 2013  7  8  2.00   149  560599.0 7626795.2    91.0    13.95    83.95     2.40    83.10     0.00
 2013  7  8  3.00   149  560599.0 7626795.2    91.0    14.24    77.90     2.83   120.75     0.00
 2013  7  8  4.00   149  560599.0 7626795.2    91.0    14.10    77.80     3.71   127.45     0.00
 2013  7  8  5.00   149  560599.0 7626795.2    91.0    14.47    78.85     2.48   129.00     0.00
 2013  7  8  6.00   149  560599.0 7626795.2    91.0    15.06    77.40     2.92   126.65     0.00
 2013  7  8  7.00   149  560599.0 7626795.2    91.0    14.87    75.00     3.42   122.90     0.00
 2013  7  8  8.00   149  560599.0 7626795.2    91.0    15.20    72.00     3.81    98.65     0.00
 2013  7  8  9.00   149  560599.0 7626795.2    91.0    15.96    66.03     5.12   112.20     0.00
 2013  7  8 10.00   149  560599.0 7626795.2    91.0    17.52    59.12     6.25   112.65     0.00
 2013  7  8 11.00   149  560599.0 7626795.2    91.0    18.16    54.73     6.22   107.65     0.12
 2013  7  8 12.00   149  560599.0 7626795.2    91.0    18.81    51.37     5.86   100.60     0.00
 2013  7  8 13.00   149  560599.0 7626795.2    91.0    19.78    48.69     6.35    92.40     0.00
 2013  7  8 14.00   149  560599.0 7626795.2    91.0    20.95    43.54     7.13    99.90     0.28
 2013  7  8 15.00   149  560599.0 7626795.2    91.0    20.74    44.92     7.01    98.05     0.12
 2013  7  8 16.00   149  560599.0 7626795.2    91.0    20.13    48.17     5.88   100.80     0.00
 2013  7  8 17.00   149  560599.0 7626795.2    91.0    18.45    57.95     4.87    87.50     0.00
 2013  7  8 18.00   149  560599.0 7626795.2    91.0    17.62    65.75     4.25    67.75     0.00
 2013  7  8 19.00   149  560599.0 7626795.2    91.0    18.79    63.14     4.73    64.87     0.00
 2013  7  8 20.00   149  560599.0 7626795.2    91.0    18.89    61.14     5.54    63.23     0.00
 2013  7  8 21.00   149  560599.0 7626795.2    91.0    16.45    71.22     4.88    62.57     0.00
 2013  7  8 22.00   149  560599.0 7626795.2    91.0    14.83    83.80     5.28    54.33     0.00
 2013  7  8 23.00   149  560599.0 7626795.2    91.0    13.42    91.50     4.94    54.45     0.14
 2013  7  9  0.00   149  560599.0 7626795.2    91.0    13.06    88.95     4.00    58.62     0.00
 2013  7  9  1.00   149  560599.0 7626795.2    91.0    12.53    84.55     4.81    59.03     0.00
 2013  7  9  2.00   149  560599.0 7626795.2    91.0    11.78    88.65     4.66    56.20     0.00
 2013  7  9  3.00   149  560599.0 7626795.2    91.0    10.75    95.00     4.18    54.73     0.00
 2013  7  9  4.00   149  560599.0 7626795.2    91.0     9.91    95.00     4.72    53.09     1.29
 2013  7  9  5.00   149  560599.0 7626795.2    91.0     9.39    95.00     5.64    41.48     0.00
 2013  7  9  6.00   149  560599.0 7626795.2    91.0     8.88    95.00     5.46    41.34     0.00
 2013  7  9  7.00   149  560599.0 7626795.2    91.0     8.52    95.00     5.45    31.80     0.00
 2013  7  9  8.00   149  560599.0 7626795.2    91.0     8.59    95.00     5.49    31.95     0.00
 2013  7  9  9.00   149  560599.0 7626795.2    91.0     8.22    95.00     5.07    29.65     0.00
 2013  7  9 10.00   149  560599.0 7626795.2    91.0     8.84    95.00     4.92    21.05     0.00
 2013  7  9 11.00   149  560599.0 7626795.2    91.0    10.02    95.00     5.97    21.44     0.00
 2013  7  9 12.00   149  560599.0 7626795.2    91.0     9.41    95.00     5.98    22.59     0.00
 2013  7  9 13.00   149  560599.0 7626795.2    91.0     9.91    95.00     6.13    20.54     0.00
 2013  7  9 14.00   149  560599.0 7626795.2    91.0    11.04    94.45     5.84    27.52     0.00
 2013  7  9 15.00   149  560599.0 7626795.2    91.0    12.69    84.85     8.02    33.48     0.00
 2013  7  9 16.00   149  560599.0 7626795.2    91.0    13.12    80.75     7.81    34.09     0.00
 2013  7  9 17.00   149  560599.0 7626795.2    91.0    12.50    79.55     8.84    32.95     0.00
 2013  7  9 18.00   149  560599.0 7626795.2    91.0    13.27    75.30     8.93    34.92     0.00
 2013  7  9 19.00   149  560599.0 7626795.2    91.0    13.31    74.45     9.62    36.32     0.00
 2013  7  9 20.00   149  560599.0 7626795.2    91.0    11.58    80.70     9.29    36.78     0.00
 2013  7  9 21.00   149  560599.0 7626795.2    91.0    10.72    83.85     9.31    37.52     0.00
 2013  7  9 22.00   149  560599.0 7626795.2    91.0     9.88    87.45     8.18    37.49     0.00
 2013  7  9 23.00   149  560599.0 7626795.2    91.0     9.33    89.85     8.48    36.96     0.00
 2013  7 10  0.00   149  560599.0 7626795.2    91.0     8.75    92.50     8.59    39.44     0.00
 2013  7 10  1.00   149  560599.0 7626795.2    91.0     8.55    93.15     9.23    38.41     0.00
 2013  7 10  2.00   149  560599.0 7626795.2    91.0     8.06    94.20     8.24    35.80     0.00
 2013  7 10  3.00   149  560599.0 7626795.2    91.0     6.92    95.00     5.25    20.02     0.00
 2013  7 10  4.00   149  560599.0 7626795.2    91.0     6.21    95.00     5.77    17.26     0.00
 2013  7 10  5.00   149  560599.0 7626795.2    91.0     5.83    95.00     6.28    16.65     0.00
 2013  7 10  6.00   149  560599.0 7626795.2    91.0     5.78    95.00     6.28    15.61     0.00
 2013  7 10  7.00   149  560599.0 7626795.2    91.0     6.22    94.05     6.54    13.00     0.00
 2013  7 10  8.00   149  560599.0 7626795.2    91.0     7.63    88.30     6.54    12.53     0.00
 2013  7 10  9.00   149  560599.0 7626795.2    91.0     8.42    86.25     6.32    10.25     0.00
 2013  7 10 10.00   149  560599.0 7626795.2    91.0     9.52    83.40     5.86    10.45     0.00
 2013  7 10 11.00   149  560599.0 7626795.2    91.0    10.97    80.90     6.14   357.80     0.00
 2013  7 10 12.00   149  560599.0 7626795.2    91.0    13.42    74.10     7.15    16.23     0.00
 2013  7 10 13.00   149  560599.0 7626795.2    91.0    13.96    68.55     8.89    38.91     0.00
 2013  7 10 14.00   149  560599.0 7626795.2    91.0    14.65    61.42    10.00    39.31     0.00
 2013  7 10 15.00   149  560599.0 7626795.2    91.0    14.79    62.02     9.87    40.42     0.00
 2013  7 10 16.00   149  560599.0 7626795.2    91.0    15.15    63.59     8.66    42.81     0.00
 2013  7 10 17.00   149  560599.0 7626795.2    91.0    14.79    64.63     8.57    42.78     0.00
 2013  7 10 18.00   149  560599.0 7626795.2    91.0    14.04    60.77     8.38    34.05     0.00
 2013  7 10 19.00   149  560599.0 7626795.2    91.0    12.86    64.00     8.09    29.62     0.00
 2013  7 10 20.00   149  560599.0 7626795.2    91.0    11.45    71.82     7.11    18.48     0.00
 2013  7 10 21.00   149  560599.0 7626795.2    91.0     9.29    79.15     6.89    11.16     0.00
 2013  7 10 22.00   149  560599.0 7626795.2    91.0     7.81    83.75     5.71     6.88     0.00
 2013  7 10 23.00   149  560599.0 7626795.2    91.0     6.30    93.00     5.05     7.63     0.00
 2013  7 11  0.00   149  560599.0 7626795.2    91.0     4.63    95.00     4.32     5.16     0.00
 2013  7 11  1.00   149  560599.0 7626795.2    91.0     3.73    95.00     3.83   178.67     0.00
 2013  7 11  2.00   149  560599.0 7626795.2    91.0     4.23    95.00     4.63   183.23     0.00
 2013  7 11  3.00   149  560599.0 7626795.2    91.0     3.79    95.00     5.12   184.75     0.00
 2013  7 11  4.00   149  560599.0 7626795.2    91.0     2.90    95.00     5.40    10.91     0.00
 2013  7 11  5.00   149  560599.0 7626795.2    91.0     1.92    95.00     5.36    10.66     0.00
 2013  7 11  6.00   149  560599.0 7626795.2    91.0     1.35    95.00     4.59    11.85     0.00
 2013  7 11  7.00   149  560599.0 7626795.2    91.0     1.57    95.00     4.75     9.03     0.00
 2013  7 11  8.00   149  560599.0 7626795.2    91.0     2.47    95.00     4.63     8.70     0.00
 2013  7 11  9.00   149  560599.0 7626795.2    91.0     2.69    95.00     4.73    12.41     0.00
 2013  7 11 10.00   149  560599.0 7626795.2    91.0     2.89    95.00     5.44    13.55     0.00
 2013  7 11 11.00   149  560599.0 7626795.2    91.0     3.17    95.00     5.64    10.85     0.00
 2013  7 11 12.00   149  560599.0 7626795.2    91.0     3.24    95.00     5.55     4.76     0.00
 2013  7 11 13.00   149  560599.0 7626795.2    91.0     4.10    91.45     5.31     5.14     0.00
 2013  7 11 14.00   149  560599.0 7626795.2    91.0     4.69    87.15     5.27   180.66     0.00
 2013  7 11 15.00   149  560599.0 7626795.2    91.0     5.24    83.50     5.00    19.66     0.00
 2013  7 11 16.00   149  560599.0 7626795.2    91.0     5.40    82.15     4.73    23.41     0.00
 2013  7 11 17.00   149  560599.0 7626795.2    91.0     5.34    82.30     4.81    29.49     0.00
 2013  7 11 18.00   149  560599.0 7626795.2    91.0     4.71    84.70     4.89    17.66     0.00
 2013  7 11 19.00   149  560599.0 7626795.2    91.0     4.11    88.95     4.51     9.68     0.00
 2013  7 11 20.00   149  560599.0 7626795.2    91.0     3.54    91.60     4.68     8.03     0.00
 2013  7 11 21.00   149  560599.0 7626795.2    91.0     2.83    95.00     3.86    17.25     0.00
 2013  7 11 22.00   149  560599.0 7626795.2    91.0     2.27    95.00     3.53    12.67     0.00
 2013  7 11 23.00   149  560599.0 7626795.2    91.0     1.84    95.00     3.29    16.32     0.00
 2013  7 12  0.00   149  560599.0 7626795.2    91.0     1.53    95.00     3.02    12.92     0.00
 2013  7 12  1.00   149  560599.0 7626795.2    91.0     1.16    95.00     2.62    21.55     0.00
 2013  7 12  2.00   149  560599.0 7626795.2    91.0     0.75    95.00     2.51   168.28     0.00
 2013  7 12  3.00   149  560599.0 7626795.2    91.0     0.40    95.00     2.71   315.85     0.00
 2013  7 12  4.00   149  560599.0 7626795.2    91.0    -0.12    95.00     2.55   315.45     0.00
 2013  7 12  5.00   149  560599.0 7626795.2    91.0    -0.25    95.00     2.76   320.65     0.00
 2013  7 12  6.00   149  560599.0 7626795.2    91.0     0.26    95.00     3.10   325.05     0.00
 2013  7 12  7.00   149  560599.0 7626795.2    91.0     0.84    95.00     2.65   317.35     0.00
 2013  7 12  8.00   149  560599.0 7626795.2    91.0     1.68    95.00     3.33   325.10     0.00
 2013  7 12  9.00   149  560599.0 7626795.2    91.0     2.58    95.00     3.16   331.30     0.00
 2013  7 12 10.00   149  560599.0 7626795.2    91.0     3.01    95.00     3.29   324.55     0.00
 2013  7 12 11.00   149  560599.0 7626795.2    91.0     4.34    93.15     3.04   349.25     0.00
 2013  7 12 12.00   149  560599.0 7626795.2    91.0     6.29    85.20     2.92   332.05     0.00
 2013  7 12 13.00   149  560599.0 7626795.2    91.0     8.12    77.05     2.76   343.40     0.00
 2013  7 12 14.00   149  560599.0 7626795.2    91.0     9.79    68.75     3.01   180.83     0.00
 2013  7 12 15.00   149  560599.0 7626795.2    91.0    10.32    66.45     3.46    20.43     0.00
 2013  7 12 16.00   149  560599.0 7626795.2    91.0    10.91    64.81     2.73     5.57     0.00
 2013  7 12 17.00   149  560599.0 7626795.2    91.0    11.34    65.41     2.35   191.94     0.00
 2013  7 12 18.00   149  560599.0 7626795.2    91.0    11.58    65.08     3.06    33.49     0.00
 2013  7 12 19.00   149  560599.0 7626795.2    91.0    12.04    63.45     2.16    30.49     0.00
 2013  7 12 20.00   149  560599.0 7626795.2    91.0    11.53    67.19     2.29    66.66     0.00
 2013  7 12 21.00   149  560599.0 7626795.2    91.0    10.20    75.00     2.08    87.50     0.00
 2013  7 12 22.00   149  560599.0 7626795.2    91.0     8.94    78.60     1.82    92.60     0.00
 2013  7 12 23.00   149  560599.0 7626795.2    91.0     7.94    83.50     0.78   122.35     0.00
 2013  7 13  0.00   149  560599.0 7626795.2    91.0     6.78    86.85     0.38   116.80     0.00
 2013  7 13  1.00   149  560599.0 7626795.2    91.0     5.29    92.95     0.71   274.95     0.00
 2013  7 13  2.00   149  560599.0 7626795.2    91.0     4.60    95.00     1.47   247.45     0.00
 2013  7 13  3.00   149  560599.0 7626795.2    91.0     4.10    95.00     2.08   253.00     0.00
 2013  7 13  4.00   149  560599.0 7626795.2    91.0     4.10    95.00     1.75   252.65     0.00
 2013  7 13  5.00   149  560599.0 7626795.2    91.0     5.83    95.00     1.35   255.15     0.00
 2013  7 13  6.00   149  560599.0 7626795.2    91.0     7.27    95.00     1.18   244.60     0.00
 2013  7 13  7.00   149  560599.0 7626795.2    91.0     8.69    92.80     1.29   207.30     0.00
 2013  7 13  8.00   149  560599.0 7626795.2    91.0    10.78    81.70     2.71   222.35     0.00
 2013  7 13  9.00   149  560599.0 7626795.2    91.0    12.71    69.12     3.75   232.20     0.00
 2013  7 13 10.00   149  560599.0 7626795.2    91.0    13.84    65.09     2.43   238.60     0.00
 2013  7 13 11.00   149  560599.0 7626795.2    91.0    15.21    61.21     2.15   268.30     0.00
 2013  7 13 12.00   149  560599.0 7626795.2    91.0    16.21    59.34     2.67   306.05     0.00
 2013  7 13 13.00   149  560599.0 7626795.2    91.0    16.45    59.17     2.88   335.50     0.00
 2013  7 13 14.00   149  560599.0 7626795.2    91.0    16.61    59.39     4.28    13.73     0.00
 2013  7 13 15.00   149  560599.0 7626795.2    91.0    16.37    56.17     4.85   185.57     0.00
 2013  7 13 16.00   149  560599.0 7626795.2    91.0    15.74    53.34     5.18     2.62     0.00
 2013  7 13 17.00   149  560599.0 7626795.2    91.0    15.14    53.50     5.12   175.43     0.00
 2013  7 13 18.00   149  560599.0 7626795.2    91.0    14.72    53.86     5.16   349.30     0.00
 2013  7 13 19.00   149  560599.0 7626795.2    91.0    13.91    58.17     5.51   353.85     0.00
 2013  7 13 20.00   149  560599.0 7626795.2    91.0    12.70    60.45     4.98   353.95     0.00
 2013  7 13 21.00   149  560599.0 7626795.2    91.0    11.43    59.73     4.51   352.85     0.00
 2013  7 13 22.00   149  560599.0 7626795.2    91.0    10.16    67.08     3.89   346.95     0.00
 2013  7 13 23.00   149  560599.0 7626795.2    91.0     8.54    83.70     2.80   344.90     0.00
 2013  7 14  0.00   149  560599.0 7626795.2    91.0     6.42    93.05     3.05   323.55     0.00
 2013  7 14  1.00   149  560599.0 7626795.2    91.0     4.55    95.00     2.77   313.55     0.00
 2013  7 14  2.00   149  560599.0 7626795.2    91.0     3.33    95.00     2.79   326.55     0.00
 2013  7 14  3.00   149  560599.0 7626795.2    91.0     4.66    95.00     3.76   339.05     0.00
 2013  7 14  4.00   149  560599.0 7626795.2    91.0     4.13    95.00     3.81   352.85     0.00
 2013  7 14  5.00   149  560599.0 7626795.2    91.0     3.25    95.00     2.91   345.30     0.00
 2013  7 14  6.00   149  560599.0 7626795.2    91.0     3.12    95.00     2.92     8.56     0.00
 2013  7 14  7.00   149  560599.0 7626795.2    91.0     3.23    95.00     2.53   174.81     0.00
 2013  7 14  8.00   149  560599.0 7626795.2    91.0     3.66    95.00     2.40   342.45     0.00
 2013  7 14  9.00   149  560599.0 7626795.2    91.0     4.39    95.00     2.31   355.50     0.00
 2013  7 14 10.00   149  560599.0 7626795.2    91.0     6.53    91.45     2.56     2.50     0.00
 2013  7 14 11.00   149  560599.0 7626795.2    91.0     7.94    83.95     2.66   349.85     0.00
 2013  7 14 12.00   149  560599.0 7626795.2    91.0     9.26    77.35     3.04   348.35     0.00
 2013  7 14 13.00   149  560599.0 7626795.2    91.0    10.48    70.75     3.70   353.30     0.00
 2013  7 14 14.00   149  560599.0 7626795.2    91.0    11.02    67.06     4.91    14.22     0.00
 2013  7 14 15.00   149  560599.0 7626795.2    91.0    11.70    64.23     4.22     5.84     0.00
 2013  7 14 16.00   149  560599.0 7626795.2    91.0    11.90    64.68     4.47    16.17     0.00
 2013  7 14 17.00   149  560599.0 7626795.2    91.0    11.55    65.80     4.79    28.05     0.00
 2013  7 14 18.00   149  560599.0 7626795.2    91.0    10.73    67.59     4.88    24.15     0.00
 2013  7 14 19.00   149  560599.0 7626795.2    91.0    10.00    70.40     4.03    16.95     0.00
 2013  7 14 20.00   149  560599.0 7626795.2    91.0     9.28    71.48     4.27    14.45     0.00
 2013  7 14 21.00   149  560599.0 7626795.2    91.0     8.62    75.80     3.89    27.81     0.00
 2013  7 14 22.00   149  560599.0 7626795.2    91.0     7.42    82.85     3.58    28.14     0.00
 2013  7 14 23.00   149  560599.0 7626795.2    91.0     6.06    89.75     2.53    25.20     0.00
 2013  7 15  0.00   149  560599.0 7626795.2    91.0     3.69    94.85     2.31   191.05     0.00
 2013  7 15  1.00   149  560599.0 7626795.2    91.0     1.44    95.00     2.71   354.50     0.00
 2013  7 15  2.00   149  560599.0 7626795.2    91.0     1.08    95.00     2.38     5.33     0.00
 2013  7 15  3.00   149  560599.0 7626795.2    91.0     1.38    95.00     1.49     8.26     0.00
 2013  7 15  4.00   149  560599.0 7626795.2    91.0     1.42    95.00     0.24    42.66     0.00
 2013  7 15  5.00   149  560599.0 7626795.2    91.0     1.82    95.00     0.82   164.75     0.00
 2013  7 15  6.00   149  560599.0 7626795.2    91.0     3.00    95.00     0.41   136.30     0.00
 2013  7 15  7.00   149  560599.0 7626795.2    91.0     4.56    95.00     0.66   141.50     0.00
 2013  7 15  8.00   149  560599.0 7626795.2    91.0     6.74    87.60     1.57    80.25     0.00
 2013  7 15  9.00   149  560599.0 7626795.2    91.0     7.78    79.65     2.45    81.75     0.00
 2013  7 15 10.00   149  560599.0 7626795.2    91.0     8.82    76.60     2.88    73.85     0.00
 2013  7 15 11.00   149  560599.0 7626795.2    91.0     9.57    74.20     3.17    75.55     0.00
 2013  7 15 12.00   149  560599.0 7626795.2    91.0    11.03    67.93     3.29    73.10     0.00
 2013  7 15 13.00   149  560599.0 7626795.2    91.0    11.94    64.08     3.62    70.75     0.00
 2013  7 15 14.00   149  560599.0 7626795.2    91.0    12.81    61.44     3.24    73.30     0.00
 2013  7 15 15.00   149  560599.0 7626795.2    91.0    14.18    57.52     3.38    68.47     0.00
 2013  7 15 16.00   149  560599.0 7626795.2    91.0    15.05    54.57     4.14    67.95     0.00
 2013  7 15 17.00   149  560599.0 7626795.2    91.0    15.19    56.23     4.54    57.43     0.00
 2013  7 15 18.00   149  560599.0 7626795.2    91.0    15.07    60.33     5.50    49.03     0.00
 2013  7 15 19.00   149  560599.0 7626795.2    91.0    14.64    65.22     5.21    42.20     0.00
 2013  7 15 20.00   149  560599.0 7626795.2    91.0    14.59    62.95     5.16    50.69     0.00
 2013  7 15 21.00   149  560599.0 7626795.2    91.0    14.00    62.08     5.35    56.62     0.00
 2013  7 15 22.00   149  560599.0 7626795.2    91.0    12.62    70.48     4.71    63.06     0.00
 2013  7 15 23.00   149  560599.0 7626795.2    91.0    11.18    77.60     4.45    66.08     0.00
 2013  7 16  0.00   149  560599.0 7626795.2    91.0     8.51    92.30     3.38    62.11     0.00
 2013  7 16  1.00   149  560599.0 7626795.2    91.0     7.23    95.00     3.38    68.30     0.00
 2013  7 16  2.00   149  560599.0 7626795.2    91.0     6.16    95.00     2.61    60.94     0.00
 2013  7 16  3.00   149  560599.0 7626795.2    91.0     6.47    95.00     2.65    51.57     0.00
 2013  7 16  4.00   149  560599.0 7626795.2    91.0     7.25    95.00     2.70    60.80     0.00
 2013  7 16  5.00   149  560599.0 7626795.2    91.0     8.15    95.00     2.96    63.08     0.00
 2013  7 16  6.00   149  560599.0 7626795.2    91.0     8.02    95.00     2.51    57.25     0.00
 2013  7 16  7.00   149  560599.0 7626795.2    91.0     8.19    95.00     2.93    50.03     0.00
 2013  7 16  8.00   149  560599.0 7626795.2    91.0    11.50    81.85     2.63    61.94     0.00
 2013  7 16  9.00   149  560599.0 7626795.2    91.0    12.78    75.45     2.68    59.77     0.00
 2013  7 16 10.00   149  560599.0 7626795.2    91.0    14.27    71.35     3.13    64.37     0.00
 2013  7 16 11.00   149  560599.0 7626795.2    91.0    14.81    69.56     3.53    61.98     0.00
 2013  7 16 12.00   149  560599.0 7626795.2    91.0    16.30    64.25     4.11    58.23     0.00
 2013  7 16 13.00   149  560599.0 7626795.2    91.0    17.40    60.98     3.76    60.64     0.00
 2013  7 16 14.00   149  560599.0 7626795.2    91.0    18.84    55.88     3.92    58.83     0.00
 2013  7 16 15.00   149  560599.0 7626795.2    91.0    18.47    57.44     4.75    39.32     0.00
 2013  7 16 16.00   149  560599.0 7626795.2    91.0    18.27    58.02     5.13    39.33     0.00
 2013  7 16 17.00   149  560599.0 7626795.2    91.0    18.68    58.77     5.11    37.58     0.00
 2013  7 16 18.00   149  560599.0 7626795.2    91.0    19.33    49.39     5.60    57.57     0.00
 2013  7 16 19.00   149  560599.0 7626795.2    91.0    18.91    49.83     5.21    59.07     0.00
 2013  7 16 20.00   149  560599.0 7626795.2    91.0    18.36    57.41     4.30    42.10     0.00
 2013  7 16 21.00   149  560599.0 7626795.2    91.0    17.10    64.34     3.84    38.42     0.00
 2013  7 16 22.00   149  560599.0 7626795.2    91.0    15.00    74.90     3.34    37.47     0.00
 2013  7 16 23.00   149  560599.0 7626795.2    91.0    13.14    83.45     2.85    34.61     0.00
 2013  7 17  0.00   149  560599.0 7626795.2    91.0    10.83    93.55     2.83    32.09     0.00
 2013  7 17  1.00   149  560599.0 7626795.2    91.0     8.89    95.00     2.64    30.01     0.00
 2013  7 17  2.00   149  560599.0 7626795.2    91.0     7.69    95.00     2.50    19.59     0.00
 2013  7 17  3.00   149  560599.0 7626795.2    91.0     6.61    95.00     1.59   331.25     0.00
 2013  7 17  4.00   149  560599.0 7626795.2    91.0     5.76    95.00     1.23   303.75     0.00
 2013  7 17  5.00   149  560599.0 7626795.2    91.0     5.60    95.00     1.57   275.65     0.00
 2013  7 17  6.00   149  560599.0 7626795.2    91.0     7.46    95.00     0.80   304.50     0.00
 2013  7 17  7.00   149  560599.0 7626795.2    91.0    11.38    93.25     1.19    24.69     0.00
 2013  7 17  8.00   149  560599.0 7626795.2    91.0    12.98    86.50     1.19    39.96     0.00
 2013  7 17  9.00   149  560599.0 7626795.2    91.0    13.67    80.95     1.44    53.05     0.00
 2013  7 17 10.00   149  560599.0 7626795.2    91.0    16.16    73.00     2.08    74.94     0.00
 2013  7 17 11.00   149  560599.0 7626795.2    91.0    18.70    66.81     2.51    74.65     0.00
 2013  7 17 12.00   149  560599.0 7626795.2    91.0    20.43    61.99     2.67    64.98     0.00
 2013  7 17 13.00   149  560599.0 7626795.2    91.0    21.08    59.71     3.25    39.56     0.00
 2013  7 17 14.00   149  560599.0 7626795.2    91.0    21.12    58.89     3.61    37.12     0.00
 2013  7 17 15.00   149  560599.0 7626795.2    91.0    20.26    61.47     4.12    36.20     0.00
 2013  7 17 16.00   149  560599.0 7626795.2    91.0    19.70    64.18     3.66    27.51     0.00
 2013  7 17 17.00   149  560599.0 7626795.2    91.0    18.57    73.71     2.59    17.16     0.00
 2013  7 17 18.00   149  560599.0 7626795.2    91.0    18.08    81.00     2.41   178.41     0.00
 2013  7 17 19.00   149  560599.0 7626795.2    91.0    17.47    88.45     3.74   326.80     0.00
 2013  7 17 20.00   149  560599.0 7626795.2    91.0    15.89    95.00     4.20   318.15     0.00
 2013  7 17 21.00   149  560599.0 7626795.2    91.0    14.19    95.00     4.88   307.50     0.00
 2013  7 17 22.00   149  560599.0 7626795.2    91.0    12.46    95.00     5.04   302.50     0.00
 2013  7 17 23.00   149  560599.0 7626795.2    91.0    11.18    95.00     5.25   294.10     0.00
 2013  7 18  0.00   149  560599.0 7626795.2    91.0    10.09    95.00     5.36   290.85     0.00
 2013  7 18  1.00   149  560599.0 7626795.2    91.0     9.18    95.00     5.72   291.45     0.00
 2013  7 18  2.00   149  560599.0 7626795.2    91.0     8.50    95.00     6.03   293.80     0.00
 2013  7 18  3.00   149  560599.0 7626795.2    91.0     7.73    95.00     6.17   287.70     0.00
 2013  7 18  4.00   149  560599.0 7626795.2    91.0     7.12    95.00     6.47   284.35     0.00
 2013  7 18  5.00   149  560599.0 7626795.2    91.0     6.86    95.00     5.93   281.60     0.00
 2013  7 18  6.00   149  560599.0 7626795.2    91.0     7.05    95.00     4.94   280.90     0.00
 2013  7 18  7.00   149  560599.0 7626795.2    91.0     7.37    95.00     4.50   283.55     0.00
 2013  7 18  8.00   149  560599.0 7626795.2    91.0     7.86    95.00     3.75   281.30     2.60
 2013  7 18  9.00   149  560599.0 7626795.2    91.0     8.70    95.00     4.92   302.60     4.64
 2013  7 18 10.00   149  560599.0 7626795.2    91.0     8.47    95.00     4.22   312.90     1.77
 2013  7 18 11.00   149  560599.0 7626795.2    91.0     8.35    95.00     5.23   302.95     0.00
 2013  7 18 12.00   149  560599.0 7626795.2    91.0     8.80    95.00     5.08   307.30     0.00
 2013  7 18 13.00   149  560599.0 7626795.2    91.0     9.68    95.00     4.13   302.20     0.00
 2013  7 18 14.00   149  560599.0 7626795.2    91.0    10.85    93.90     3.50   314.75     0.00
 2013  7 18 15.00   149  560599.0 7626795.2    91.0    11.15    93.10     3.60   316.95     0.00
 2013  7 18 16.00   149  560599.0 7626795.2    91.0    12.14    89.75     3.79   315.55     0.00
 2013  7 18 17.00   149  560599.0 7626795.2    91.0    13.39    83.60     3.55   324.50     0.00
 2013  7 18 18.00   149  560599.0 7626795.2    91.0    14.41    78.30     3.44   334.40     0.00
 2013  7 18 19.00   149  560599.0 7626795.2    91.0    14.57    78.10     2.90    12.53     0.00
 2013  7 18 20.00   149  560599.0 7626795.2    91.0    14.13    79.80     2.89    12.68     0.00
 2013  7 18 21.00   149  560599.0 7626795.2    91.0    13.39    82.60     2.83    18.42     0.00
 2013  7 18 22.00   149  560599.0 7626795.2    91.0    12.39    86.60     1.96    11.91     0.00
 2013  7 18 23.00   149  560599.0 7626795.2    91.0    11.01    93.50     1.35    24.99     0.00
 2013  7 19  0.00   149  560599.0 7626795.2    91.0     9.75    95.00     1.23    31.66     0.00
 2013  7 19  1.00   149  560599.0 7626795.2    91.0     7.08    95.00     1.52   153.69     0.00
 2013  7 19  2.00   149  560599.0 7626795.2    91.0     5.13    95.00     1.20   295.00     0.00
 2013  7 19  3.00   149  560599.0 7626795.2    91.0     3.58    95.00     1.20   277.40     0.00
 2013  7 19  4.00   149  560599.0 7626795.2    91.0     2.49    95.00     1.09   274.35     0.00
 2013  7 19  5.00   149  560599.0 7626795.2    91.0     4.04    95.00     0.53   341.90     0.00
 2013  7 19  6.00   149  560599.0 7626795.2    91.0     5.09    95.00     1.24   268.55     0.00
 2013  7 19  7.00   149  560599.0 7626795.2    91.0     7.95    95.00     0.54    40.58     0.00
 2013  7 19  8.00   149  560599.0 7626795.2    91.0     9.55    95.00     1.15    73.14     0.00
 2013  7 19  9.00   149  560599.0 7626795.2    91.0    12.42    93.90     1.64    91.25     0.00
 2013  7 19 10.00   149  560599.0 7626795.2    91.0    14.25    84.25     2.37    76.00     0.00
 2013  7 19 11.00   149  560599.0 7626795.2    91.0    15.52    75.65     2.34    69.36     0.00
 2013  7 19 12.00   149  560599.0 7626795.2    91.0    16.24    70.32     2.44    71.62     0.00
 2013  7 19 13.00   149  560599.0 7626795.2    91.0    16.94    61.31     2.88    54.33     0.00
 2013  7 19 14.00   149  560599.0 7626795.2    91.0    17.19    58.44     3.70    36.33     0.00
 2013  7 19 15.00   149  560599.0 7626795.2    91.0    17.41    52.48     3.67    39.20     0.00
 2013  7 19 16.00   149  560599.0 7626795.2    91.0    17.63    51.34     4.21    43.98     0.00
 2013  7 19 17.00   149  560599.0 7626795.2    91.0    17.88    54.41     4.62    47.13     0.00
 2013  7 19 18.00   149  560599.0 7626795.2    91.0    17.85    60.41     4.46    49.14     0.00
 2013  7 19 19.00   149  560599.0 7626795.2    91.0    17.16    61.84     4.56    54.13     0.00
 2013  7 19 20.00   149  560599.0 7626795.2    91.0    16.29    64.72     5.02    54.09     0.00
 2013  7 19 21.00   149  560599.0 7626795.2    91.0    15.53    69.17     4.27    51.39     0.00
 2013  7 19 22.00   149  560599.0 7626795.2    91.0    14.10    77.20     4.01    45.90     0.00
 2013  7 19 23.00   149  560599.0 7626795.2    91.0    12.13    89.95     3.22    43.89     0.00
 2013  7 20  0.00   149  560599.0 7626795.2    91.0     9.79    95.00     2.62    40.14     0.00
 2013  7 20  1.00   149  560599.0 7626795.2    91.0     7.98    95.00     2.61    27.36     0.00
 2013  7 20  2.00   149  560599.0 7626795.2    91.0     7.29    95.00     2.38    27.29     0.00
 2013  7 20  3.00   149  560599.0 7626795.2    91.0     6.62    95.00     2.23    19.30     0.00
 2013  7 20  4.00   149  560599.0 7626795.2    91.0     6.17    95.00     1.50    12.78     0.00
 2013  7 20  5.00   149  560599.0 7626795.2    91.0     5.98    95.00     1.29   307.95     0.00
 2013  7 20  6.00   149  560599.0 7626795.2    91.0     8.85    95.00     2.12    37.80     0.00
 2013  7 20  7.00   149  560599.0 7626795.2    91.0     9.47    95.00     2.64    35.61     0.00
 2013  7 20  8.00   149  560599.0 7626795.2    91.0    11.29    89.50     3.23    40.99     0.00
 2013  7 20  9.00   149  560599.0 7626795.2    91.0    11.84    83.80     3.40    39.97     0.00
 2013  7 20 10.00   149  560599.0 7626795.2    91.0    12.53    79.85     3.37    43.03     0.00
 2013  7 20 11.00   149  560599.0 7626795.2    91.0    12.65    80.45     2.95    42.74     0.00
 2013  7 20 12.00   149  560599.0 7626795.2    91.0    13.35    80.60     2.72    41.02     0.00
 2013  7 20 13.00   149  560599.0 7626795.2    91.0    15.42    74.00     2.76    48.66     0.00
 2013  7 20 14.00   149  560599.0 7626795.2    91.0    17.30    65.56     3.51    56.02     0.00
 2013  7 20 15.00   149  560599.0 7626795.2    91.0    16.09    69.39     4.29    36.04     0.00
 2013  7 20 16.00   149  560599.0 7626795.2    91.0    16.18    68.57     5.47    38.78     0.00
 2013  7 20 17.00   149  560599.0 7626795.2    91.0    16.73    65.15     6.32    39.01     0.00
 2013  7 20 18.00   149  560599.0 7626795.2    91.0    16.42    65.56     6.47    38.89     0.00
 2013  7 20 19.00   149  560599.0 7626795.2    91.0    16.00    67.72     5.82    40.48     0.00
 2013  7 20 20.00   149  560599.0 7626795.2    91.0    15.67    71.10     5.14    37.95     0.00
 2013  7 20 21.00   149  560599.0 7626795.2    91.0    14.62    75.00     5.13    30.70     0.00
 2013  7 20 22.00   149  560599.0 7626795.2    91.0    12.90    79.50     5.25    32.05     0.00
 2013  7 20 23.00   149  560599.0 7626795.2    91.0    11.18    83.45     4.70    28.18     0.00
 2013  7 21  0.00   149  560599.0 7626795.2    91.0     9.50    86.70     4.17    13.62     0.00
 2013  7 21  1.00   149  560599.0 7626795.2    91.0     8.32    93.35     3.81    12.89     0.00
 2013  7 21  2.00   149  560599.0 7626795.2    91.0     7.91    95.00     3.96    18.79     0.00
 2013  7 21  3.00   149  560599.0 7626795.2    91.0     7.20    95.00     2.91    26.61     0.00
 2013  7 21  4.00   149  560599.0 7626795.2    91.0     6.75    95.00     2.44    20.14     0.00
 2013  7 21  5.00   149  560599.0 7626795.2    91.0     5.48    95.00     1.31   339.75     0.00
 2013  7 21  6.00   149  560599.0 7626795.2    91.0     7.12    95.00     1.98   191.45     0.00
 2013  7 21  7.00   149  560599.0 7626795.2    91.0    10.35    95.00     2.83    49.01     0.00
 2013  7 21  8.00   149  560599.0 7626795.2    91.0    12.14    89.10     3.36    58.69     0.00
 2013  7 21  9.00   149  560599.0 7626795.2    91.0    13.46    79.50     3.45    64.70     0.00
 2013  7 21 10.00   149  560599.0 7626795.2    91.0    14.81    68.84     3.60    57.77     0.00
 2013  7 21 11.00   149  560599.0 7626795.2    91.0    15.73    63.00     3.84    72.45     0.00
 2013  7 21 12.00   149  560599.0 7626795.2    91.0    16.45    60.60     4.20    67.67     0.00
 2013  7 21 13.00   149  560599.0 7626795.2    91.0    17.08    60.39     4.22    46.23     0.00
 2013  7 21 14.00   149  560599.0 7626795.2    91.0    17.04    59.94     4.92    38.85     0.00
 2013  7 21 15.00   149  560599.0 7626795.2    91.0    16.93    56.39     5.71    39.53     0.00
 2013  7 21 16.00   149  560599.0 7626795.2    91.0    17.23    50.71     5.58    36.92     0.00
 2013  7 21 17.00   149  560599.0 7626795.2    91.0    17.37    48.11     5.56    41.40     0.00
 2013  7 21 18.00   149  560599.0 7626795.2    91.0    17.47    52.18     5.05    37.95     0.00
 2013  7 21 19.00   149  560599.0 7626795.2    91.0    17.29    55.98     4.94    38.68     0.00
 2013  7 21 20.00   149  560599.0 7626795.2    91.0    16.39    60.11     4.75    40.55     0.00
 2013  7 21 21.00   149  560599.0 7626795.2    91.0    16.43    65.35     3.16    51.70     0.00
 2013  7 21 22.00   149  560599.0 7626795.2    91.0    15.95    69.66     2.31    59.26     0.00
 2013  7 21 23.00   149  560599.0 7626795.2    91.0    13.54    78.45     1.90    53.02     0.00
 2013  7 22  0.00   149  560599.0 7626795.2    91.0     9.91    94.30     2.69     3.85     0.00
 2013  7 22  1.00   149  560599.0 7626795.2    91.0     7.14    95.00     1.77   331.45     0.00
 2013  7 22  2.00   149  560599.0 7626795.2    91.0     6.24    95.00     1.93   318.70     0.00
 2013  7 22  3.00   149  560599.0 7626795.2    91.0     5.24    95.00     1.97   272.55     0.00
 2013  7 22  4.00   149  560599.0 7626795.2    91.0     4.61    95.00     2.16   267.50     0.00
 2013  7 22  5.00   149  560599.0 7626795.2    91.0     5.18    95.00     2.03   268.40     0.00
 2013  7 22  6.00   149  560599.0 7626795.2    91.0     6.81    95.00     1.64   265.45     0.00
 2013  7 22  7.00   149  560599.0 7626795.2    91.0    11.13    95.00     0.73   196.40     0.00
 2013  7 22  8.00   149  560599.0 7626795.2    91.0    15.14    81.90     1.69   218.35     0.00
 2013  7 22  9.00   149  560599.0 7626795.2    91.0    17.64    69.62     2.85   228.10     0.00
 2013  7 22 10.00   149  560599.0 7626795.2    91.0    19.52    57.60     3.28   230.90     0.00
 2013  7 22 11.00   149  560599.0 7626795.2    91.0    21.27    48.82     4.17   216.85     0.00
 2013  7 22 12.00   149  560599.0 7626795.2    91.0    22.43    47.78     3.92   217.85     0.00
 2013  7 22 13.00   149  560599.0 7626795.2    91.0    23.25    48.71     3.82   227.10     0.00
 2013  7 22 14.00   149  560599.0 7626795.2    91.0    23.99    47.13     4.33   218.15     0.00
 2013  7 22 15.00   149  560599.0 7626795.2    91.0    24.43    45.14     4.54   221.20     0.00
 2013  7 22 16.00   149  560599.0 7626795.2    91.0    24.72    42.03     4.36   227.10     0.00
 2013  7 22 17.00   149  560599.0 7626795.2    91.0    24.93    41.25     3.99   241.70     0.00
 2013  7 22 18.00   149  560599.0 7626795.2    91.0    24.52    42.38     3.65   247.80     0.00
 2013  7 22 19.00   149  560599.0 7626795.2    91.0    24.33    43.44     3.21   234.00     0.00
 2013  7 22 20.00   149  560599.0 7626795.2    91.0    22.89    47.98     2.82   231.00     0.00
 2013  7 22 21.00   149  560599.0 7626795.2    91.0    21.43    57.41     1.77   252.40     0.00
 2013  7 22 22.00   149  560599.0 7626795.2    91.0    19.69    69.49     1.46   276.50     0.00
 2013  7 22 23.00   149  560599.0 7626795.2    91.0    18.12    76.30     1.54   274.40     0.00
 2013  7 23  0.00   149  560599.0 7626795.2    91.0    16.95    78.55     1.84   264.10     0.00
 2013  7 23  1.00   149  560599.0 7626795.2    91.0    15.92    80.30     2.22   258.15     0.00
 2013  7 23  2.00   149  560599.0 7626795.2    91.0    15.86    79.25     2.50   261.75     0.00
 2013  7 23  3.00   149  560599.0 7626795.2    91.0    17.07    73.65     3.07   273.70     0.00
 2013  7 23  4.00   149  560599.0 7626795.2    91.0    15.77    80.85     2.61   263.10     0.00
 2013  7 23  5.00   149  560599.0 7626795.2    91.0    15.70    78.50     2.91   266.90     0.00
 2013  7 23  6.00   149  560599.0 7626795.2    91.0    16.13    77.50     3.19   265.95     0.00
 2013  7 23  7.00   149  560599.0 7626795.2    91.0    17.30    74.25     3.93   257.80     0.00
 2013  7 23  8.00   149  560599.0 7626795.2    91.0    18.77    67.91     5.89   272.50     0.00
 2013  7 23  9.00   149  560599.0 7626795.2    91.0    19.68    66.62     6.76   284.95     0.00
 2013  7 23 10.00   149  560599.0 7626795.2    91.0    20.52    66.62     6.50   289.85     0.00
 2013  7 23 11.00   149  560599.0 7626795.2    91.0    20.07    69.25     6.00   303.45     0.00
 2013  7 23 12.00   149  560599.0 7626795.2    91.0    20.18    72.20     4.67   319.90     0.00
 2013  7 23 13.00   149  560599.0 7626795.2    91.0    21.84    61.40     3.30   324.30     0.00
 2013  7 23 14.00   149  560599.0 7626795.2    91.0    23.12    55.30     3.98   344.40     0.00
 2013  7 23 15.00   149  560599.0 7626795.2    91.0    22.80    58.87     3.97   354.25     0.00
 2013  7 23 16.00   149  560599.0 7626795.2    91.0    22.44    62.72     4.73   184.09     0.00
 2013  7 23 17.00   149  560599.0 7626795.2    91.0    21.51    64.94     5.55    12.93     0.00
 2013  7 23 18.00   149  560599.0 7626795.2    91.0    19.84    72.75     4.73    22.04     0.00
 2013  7 23 19.00   149  560599.0 7626795.2    91.0    18.73    75.85     4.38    23.64     0.00
 2013  7 23 20.00   149  560599.0 7626795.2    91.0    18.14    80.10     3.58    37.43     0.00
 2013  7 23 21.00   149  560599.0 7626795.2    91.0    16.66    88.10     3.35    42.83     0.00
 2013  7 23 22.00   149  560599.0 7626795.2    91.0    15.61    94.65     2.83    40.55     0.00
 2013  7 23 23.00   149  560599.0 7626795.2    91.0    14.59    95.00     2.62    51.30     0.00
 2013  7 24  0.00   149  560599.0 7626795.2    91.0    13.53    95.00     1.93    58.96     0.00
 2013  7 24  1.00   149  560599.0 7626795.2    91.0    13.34    95.00     1.50    57.24     0.00
 2013  7 24  2.00   149  560599.0 7626795.2    91.0    12.89    95.00     1.41    31.41     0.00
 2013  7 24  3.00   149  560599.0 7626795.2    91.0    12.10    95.00     3.44    40.97     0.00
 2013  7 24  4.00   149  560599.0 7626795.2    91.0     9.82    95.00     4.69    36.88     0.00
 2013  7 24  5.00   149  560599.0 7626795.2    91.0     8.97    95.00     4.50    28.94     0.00
 2013  7 24  6.00   149  560599.0 7626795.2    91.0     8.59    95.00     4.21    29.19     0.00
 2013  7 24  7.00   149  560599.0 7626795.2    91.0     7.99    95.00     4.26    26.83     0.00
 2013  7 24  8.00   149  560599.0 7626795.2    91.0     7.58    95.00     4.21    35.91     0.00
 2013  7 24  9.00   149  560599.0 7626795.2    91.0     7.62    95.00     3.67    33.80     0.00
 2013  7 24 10.00   149  560599.0 7626795.2    91.0     7.77    95.00     3.32    18.38     0.00
 2013  7 24 11.00   149  560599.0 7626795.2    91.0     8.04    95.00     2.58    23.13     0.00
 2013  7 24 12.00   149  560599.0 7626795.2    91.0     7.89    95.00     3.37    12.07     0.00
 2013  7 24 13.00   149  560599.0 7626795.2    91.0     7.51    95.00     3.10    10.64     0.60
 2013  7 24 14.00   149  560599.0 7626795.2    91.0     7.65    95.00     2.48    24.56     0.80
 2013  7 24 15.00   149  560599.0 7626795.2    91.0     7.92    95.00     1.31    72.78     0.00
 2013  7 24 16.00   149  560599.0 7626795.2    91.0     8.16    95.00     0.94    84.16     0.00
 2013  7 24 17.00   149  560599.0 7626795.2    91.0     8.35    95.00     1.51    14.41     0.00
 2013  7 24 18.00   149  560599.0 7626795.2    91.0     8.52    95.00     1.93   345.05     0.00
 2013  7 24 19.00   149  560599.0 7626795.2    91.0     8.64    95.00     2.33   340.20     0.00
 2013  7 24 20.00   149  560599.0 7626795.2    91.0     8.38    95.00     1.51   170.19     0.00
 2013  7 24 21.00   149  560599.0 7626795.2    91.0     8.27    95.00     2.72   347.70     0.00
 2013  7 24 22.00   149  560599.0 7626795.2    91.0     7.65    95.00     2.06   331.80     0.20
 2013  7 24 23.00   149  560599.0 7626795.2    91.0     7.33    95.00     1.96   337.65     0.37
 2013  7 25  0.00   149  560599.0 7626795.2    91.0     6.49    95.00     2.54   328.85     0.18
 2013  7 25  1.00   149  560599.0 7626795.2    91.0     6.36    95.00     2.54   343.25     1.28
 2013  7 25  2.00   149  560599.0 7626795.2    91.0     6.22    95.00     2.41   331.20     0.60
 2013  7 25  3.00   149  560599.0 7626795.2    91.0     5.92    95.00     1.88   321.30     0.73
 2013  7 25  4.00   149  560599.0 7626795.2    91.0     5.68    95.00     1.60   282.25     0.00
 2013  7 25  5.00   149  560599.0 7626795.2    91.0     5.51    95.00     2.00   274.45     0.00
 2013  7 25  6.00   149  560599.0 7626795.2    91.0     6.10    95.00     1.29   244.95     0.00
 2013  7 25  7.00   149  560599.0 7626795.2    91.0     7.38    95.00     1.62   249.90     0.00
 2013  7 25  8.00   149  560599.0 7626795.2    91.0     8.46    95.00     2.72   256.85     0.00
 2013  7 25  9.00   149  560599.0 7626795.2    91.0     9.50    91.60     3.96   279.20     0.00
 2013  7 25 10.00   149  560599.0 7626795.2    91.0     9.91    89.85     4.69   300.55     0.00
 2013  7 25 11.00   149  560599.0 7626795.2    91.0    10.57    82.75     4.49   305.40     0.00
 2013  7 25 12.00   149  560599.0 7626795.2    91.0    11.06    77.95     4.06   304.00     0.00
 2013  7 25 13.00   149  560599.0 7626795.2    91.0    11.55    73.70     3.67   298.00     0.00
 2013  7 25 14.00   149  560599.0 7626795.2    91.0    12.41    71.85     3.96   265.25     0.00
 2013  7 25 15.00   149  560599.0 7626795.2    91.0    13.44    70.85     4.33   226.95     0.00
 2013  7 25 16.00   149  560599.0 7626795.2    91.0    13.74    69.37     5.34   229.35     0.00
 2013  7 25 17.00   149  560599.0 7626795.2    91.0    13.39    71.35     5.51   220.05     0.00
 2013  7 25 18.00   149  560599.0 7626795.2    91.0    13.99    68.57     5.67   224.75     0.00
 2013  7 25 19.00   149  560599.0 7626795.2    91.0    13.20    72.05     4.69   234.70     0.00
 2013  7 25 20.00   149  560599.0 7626795.2    91.0     9.19    95.00     5.05     7.75     0.00
 2013  7 25 21.00   149  560599.0 7626795.2    91.0     7.81    95.00     4.46   178.31     0.25
 2013  7 25 22.00   149  560599.0 7626795.2    91.0     7.34    95.00     2.25   170.25     0.74
 2013  7 25 23.00   149  560599.0 7626795.2    91.0     7.00    95.00     1.28   307.70     0.31
 2013  7 26  0.00   149  560599.0 7626795.2    91.0     6.70    95.00     1.27   256.85     0.00
 2013  7 26  1.00   149  560599.0 7626795.2    91.0     6.32    95.00     1.46   247.70     0.00
 2013  7 26  2.00   149  560599.0 7626795.2    91.0     6.33    95.00     1.66   233.30     0.00
 2013  7 26  3.00   149  560599.0 7626795.2    91.0     6.30    95.00     1.42   243.95     0.00
 2013  7 26  4.00   149  560599.0 7626795.2    91.0     6.44    95.00     1.43   248.30     0.26
 2013  7 26  5.00   149  560599.0 7626795.2    91.0     6.58    95.00     1.45   243.35     0.34
 2013  7 26  6.00   149  560599.0 7626795.2    91.0     6.91    95.00     1.41   237.70     0.00
 2013  7 26  7.00   149  560599.0 7626795.2    91.0     7.30    95.00     1.39   245.20     0.62
 2013  7 26  8.00   149  560599.0 7626795.2    91.0     7.93    95.00     2.02   217.20     0.00
 2013  7 26  9.00   149  560599.0 7626795.2    91.0     8.68    95.00     2.48   217.20     0.00
 2013  7 26 10.00   149  560599.0 7626795.2    91.0    10.10    93.30     3.10   212.20     0.00
 2013  7 26 11.00   149  560599.0 7626795.2    91.0    12.16    79.65     2.47   253.55     0.00
 2013  7 26 12.00   149  560599.0 7626795.2    91.0    13.04    72.10     3.55   288.95     0.00
 2013  7 26 13.00   149  560599.0 7626795.2    91.0    13.47    70.08     3.87   286.15     0.00
 2013  7 26 14.00   149  560599.0 7626795.2    91.0    14.62    64.05     2.78   296.30     0.00
 2013  7 26 15.00   149  560599.0 7626795.2    91.0    15.71    59.10     2.50   288.30     0.00
 2013  7 26 16.00   149  560599.0 7626795.2    91.0    15.41    58.61     2.10   303.50     0.00
 2013  7 26 17.00   149  560599.0 7626795.2    91.0    16.22    55.75     1.83   281.05     0.00
 2013  7 26 18.00   149  560599.0 7626795.2    91.0    16.23    55.36     2.17   287.80     0.00
 2013  7 26 19.00   149  560599.0 7626795.2    91.0    15.15    59.25     2.18   314.80     0.00
 2013  7 26 20.00   149  560599.0 7626795.2    91.0    14.24    67.44     1.94   304.85     0.00
 2013  7 26 21.00   149  560599.0 7626795.2    91.0    13.51    79.00     2.51   186.59     0.00
 2013  7 26 22.00   149  560599.0 7626795.2    91.0    12.14    86.20     2.61    27.07     0.00
 2013  7 26 23.00   149  560599.0 7626795.2    91.0    10.38    92.05     2.17    17.13     0.00
 2013  7 27  0.00   149  560599.0 7626795.2    91.0     9.02    95.00     1.98   183.04     0.00
 2013  7 27  1.00   149  560599.0 7626795.2    91.0     8.41    94.70     1.69   339.25     0.00
 2013  7 27  2.00   149  560599.0 7626795.2    91.0     7.31    95.00     1.93   316.35     0.00
 2013  7 27  3.00   149  560599.0 7626795.2    91.0     6.83    95.00     1.83   300.55     0.00
 2013  7 27  4.00   149  560599.0 7626795.2    91.0     5.77    95.00     1.67   264.95     0.00
 2013  7 27  5.00   149  560599.0 7626795.2    91.0     6.06    95.00     1.54   257.55     0.00
 2013  7 27  6.00   149  560599.0 7626795.2    91.0     6.99    95.00     1.73   241.75     0.00
 2013  7 27  7.00   149  560599.0 7626795.2    91.0     8.59    94.55     1.84   235.25     0.00
 2013  7 27  8.00   149  560599.0 7626795.2    91.0    10.35    88.50     2.71   240.45     0.00
 2013  7 27  9.00   149  560599.0 7626795.2    91.0    11.32    86.75     3.63   258.10     0.00
 2013  7 27 10.00   149  560599.0 7626795.2    91.0    11.39    86.95     4.42   265.50     0.00
 2013  7 27 11.00   149  560599.0 7626795.2    91.0    11.73    88.50     4.52   274.20     0.00
 2013  7 27 12.00   149  560599.0 7626795.2    91.0    12.28    82.05     4.42   280.65     0.00
 2013  7 27 13.00   149  560599.0 7626795.2    91.0    12.88    80.85     4.77   296.00     0.00
 2013  7 27 14.00   149  560599.0 7626795.2    91.0    12.65    85.95     4.19   321.35     0.00
 2013  7 27 15.00   149  560599.0 7626795.2    91.0    11.76    94.60     3.92   334.80     0.00
 2013  7 27 16.00   149  560599.0 7626795.2    91.0    10.71    95.00     3.51   322.85     0.00
 2013  7 27 17.00   149  560599.0 7626795.2    91.0    10.98    95.00     2.29   164.62     0.00
 2013  7 27 18.00   149  560599.0 7626795.2    91.0    11.41    92.85     2.09   335.30     0.00
 2013  7 27 19.00   149  560599.0 7626795.2    91.0    12.19    85.10     2.38   197.33     0.00
 2013  7 27 20.00   149  560599.0 7626795.2    91.0    11.38    87.30     2.42     8.71     0.00
 2013  7 27 21.00   149  560599.0 7626795.2    91.0    10.59    90.20     2.10   180.84     0.00
 2013  7 27 22.00   149  560599.0 7626795.2    91.0     9.50    91.75     2.67    11.33     0.00
 2013  7 27 23.00   149  560599.0 7626795.2    91.0     7.95    95.00     2.90    42.37     0.00
 2013  7 28  0.00   149  560599.0 7626795.2    91.0     6.70    95.00     2.62    54.45     0.00
 2013  7 28  1.00   149  560599.0 7626795.2    91.0     5.86    95.00     1.95    58.45     0.00
 2013  7 28  2.00   149  560599.0 7626795.2    91.0     5.69    95.00     1.36    71.19     0.00
 2013  7 28  3.00   149  560599.0 7626795.2    91.0     5.96    95.00     0.90   114.70     0.00
 2013  7 28  4.00   149  560599.0 7626795.2    91.0     6.25    95.00     1.40   131.50     0.00
 2013  7 28  5.00   149  560599.0 7626795.2    91.0     6.40    95.00     1.31   123.20     0.00
 2013  7 28  6.00   149  560599.0 7626795.2    91.0     6.90    95.00     1.70   116.60     0.00
 2013  7 28  7.00   149  560599.0 7626795.2    91.0     7.61    95.00     1.84   108.80     0.00
 2013  7 28  8.00   149  560599.0 7626795.2    91.0     8.16    95.00     2.15   102.90     0.14
 2013  7 28  9.00   149  560599.0 7626795.2    91.0     9.12    95.00     2.79   113.70     1.31
 2013  7 28 10.00   149  560599.0 7626795.2    91.0     9.98    95.00     1.82   111.40     0.49
 2013  7 28 11.00   149  560599.0 7626795.2    91.0    12.26    95.00     2.88   211.70     0.00
 2013  7 28 12.00   149  560599.0 7626795.2    91.0    14.22    95.00     4.19   252.30     0.00
 2013  7 28 13.00   149  560599.0 7626795.2    91.0    15.54    95.00     4.60   270.50     0.00
 2013  7 28 14.00   149  560599.0 7626795.2    91.0    16.79    94.45     4.37   274.35     0.00
 2013  7 28 15.00   149  560599.0 7626795.2    91.0    17.64    90.00     4.59   274.50     0.00
 2013  7 28 16.00   149  560599.0 7626795.2    91.0    17.77    90.00     4.06   258.40     0.00
 2013  7 28 17.00   149  560599.0 7626795.2    91.0    19.67    81.55     3.08   229.45     0.00
 2013  7 28 18.00   149  560599.0 7626795.2    91.0    19.70    82.10     4.25   218.65     0.00
 2013  7 28 19.00   149  560599.0 7626795.2    91.0    19.34    84.70     3.51   239.25     0.00
 2013  7 28 20.00   149  560599.0 7626795.2    91.0    19.81    80.10     3.32   252.10     0.00
 2013  7 28 21.00   149  560599.0 7626795.2    91.0    19.16    84.10     3.24   212.55     0.00
 2013  7 28 22.00   149  560599.0 7626795.2    91.0    18.04    92.10     2.19   182.85     0.00
 2013  7 28 23.00   149  560599.0 7626795.2    91.0    17.42    91.60     2.45   169.20     0.00
 2013  7 29  0.00   149  560599.0 7626795.2    91.0    17.05    92.90     2.40   135.80     0.00
 2013  7 29  1.00   149  560599.0 7626795.2    91.0    15.45    95.00     4.54    15.86     0.00
 2013  7 29  2.00   149  560599.0 7626795.2    91.0    14.29    95.00     2.83    71.67     0.00
 2013  7 29  3.00   149  560599.0 7626795.2    91.0    13.64    95.00     3.00    46.12     0.00
 2013  7 29  4.00   149  560599.0 7626795.2    91.0    13.65    95.00     2.07   105.60     0.00
 2013  7 29  5.00   149  560599.0 7626795.2    91.0    13.57    95.00     2.33   176.12     0.00
 2013  7 29  6.00   149  560599.0 7626795.2    91.0    14.34    95.00     4.31   344.65     0.00
 2013  7 29  7.00   149  560599.0 7626795.2    91.0    14.27    95.00     2.57   337.90     4.03
 2013  7 29  8.00   149  560599.0 7626795.2    91.0    15.36    95.00     2.43   319.95     0.46
 2013  7 29  9.00   149  560599.0 7626795.2    91.0    15.59    95.00     3.21   292.75     0.00
 2013  7 29 10.00   149  560599.0 7626795.2    91.0    15.96    95.00     4.75   287.80     0.00
 2013  7 29 11.00   149  560599.0 7626795.2    91.0    15.93    95.00     6.03   311.10     0.00
 2013  7 29 12.00   149  560599.0 7626795.2    91.0    14.10    95.00     6.20   321.20     0.00
 2013  7 29 13.00   149  560599.0 7626795.2    91.0    13.93    95.00     4.65   303.80     0.16
 2013  7 29 14.00   149  560599.0 7626795.2    91.0    13.84    95.00     4.42   300.50     0.68
 2013  7 29 15.00   149  560599.0 7626795.2    91.0    13.73    95.00     4.03   297.10     0.36
 2013  7 29 16.00   149  560599.0 7626795.2    91.0    13.19    95.00     3.64   297.05     0.81
 2013  7 29 17.00   149  560599.0 7626795.2    91.0    12.88    95.00     4.56   314.35     0.00
 2013  7 29 18.00   149  560599.0 7626795.2    91.0    12.36    95.00     5.50   312.45     0.00
 2013  7 29 19.00   149  560599.0 7626795.2    91.0    11.18    95.00     6.16   322.05     0.00
 2013  7 29 20.00   149  560599.0 7626795.2    91.0    10.86    95.00     6.12   318.70     0.00
 2013  7 29 21.00   149  560599.0 7626795.2    91.0    10.29    95.00     6.59   311.45     0.00
 2013  7 29 22.00   149  560599.0 7626795.2    91.0     9.64    95.00     6.30   317.70     0.00
 2013  7 29 23.00   149  560599.0 7626795.2    91.0     8.61    95.00     5.62   304.75     0.00
 2013  7 30  0.00   149  560599.0 7626795.2    91.0     7.72    95.00     6.94   308.75     0.00
 2013  7 30  1.00   149  560599.0 7626795.2    91.0     7.32    95.00     6.79   307.85     0.00
 2013  7 30  2.00   149  560599.0 7626795.2    91.0     6.54    95.00     7.65   299.40     0.00
 2013  7 30  3.00   149  560599.0 7626795.2    91.0     6.23    95.00     9.14   296.05     0.00
 2013  7 30  4.00   149  560599.0 7626795.2    91.0     6.34    95.00    10.42   294.25     0.00
 2013  7 30  5.00   149  560599.0 7626795.2    91.0     5.67    95.00     8.18   304.15     0.00
 2013  7 30  6.00   149  560599.0 7626795.2    91.0     4.72    95.00     7.73   305.60     0.00
 2013  7 30  7.00   149  560599.0 7626795.2    91.0     4.37    95.00     6.59   309.25     0.00
 2013  7 30  8.00   149  560599.0 7626795.2    91.0     4.40    95.00     5.78   315.55     0.00
 2013  7 30  9.00   149  560599.0 7626795.2    91.0     4.67    95.00     5.21   321.95     0.00
 2013  7 30 10.00   149  560599.0 7626795.2    91.0     5.37    95.00     5.31   330.65     0.00
 2013  7 30 11.00   149  560599.0 7626795.2    91.0     5.46    95.00     4.08   319.80     0.00
 2013  7 30 12.00   149  560599.0 7626795.2    91.0     5.76    95.00     3.50   313.45     0.00
 2013  7 30 13.00   149  560599.0 7626795.2    91.0     6.66    94.50     2.94   307.35     0.00
 2013  7 30 14.00   149  560599.0 7626795.2    91.0     7.94    90.65     2.04   300.15     0.00
 2013  7 30 15.00   149  560599.0 7626795.2    91.0     8.15    91.55     1.43   276.10     0.00
 2013  7 30 16.00   149  560599.0 7626795.2    91.0     9.09    87.90     1.08   271.70     0.00
 2013  7 30 17.00   149  560599.0 7626795.2    91.0    10.31    83.80     1.54   126.19     0.00
 2013  7 30 18.00   149  560599.0 7626795.2    91.0    10.45    85.80     2.08    93.30     0.00
 2013  7 30 19.00   149  560599.0 7626795.2    91.0    10.63    86.05     2.67    91.00     0.00
 2013  7 30 20.00   149  560599.0 7626795.2    91.0    10.64    87.60     2.59   104.20     0.00
 2013  7 30 21.00   149  560599.0 7626795.2    91.0    10.25    89.75     2.26   114.05     0.00
 2013  7 30 22.00   149  560599.0 7626795.2    91.0     9.43    94.20     1.52   127.05     0.00
 2013  7 30 23.00   149  560599.0 7626795.2    91.0     8.28    95.00     0.75   148.25     0.00
 2013  7 31  0.00   149  560599.0 7626795.2    91.0     7.19    95.00     1.61   232.90     0.00
 2013  7 31  1.00   149  560599.0 7626795.2    91.0     8.55    95.00     1.68   226.15     0.00
 2013  7 31  2.00   149  560599.0 7626795.2    91.0     8.37    95.00     1.77   248.70     0.00
 2013  7 31  3.00   149  560599.0 7626795.2    91.0     8.79    95.00     2.71   237.00     0.00
 2013  7 31  4.00   149  560599.0 7626795.2    91.0     9.98    95.00     3.48   236.90     0.00
 2013  7 31  5.00   149  560599.0 7626795.2    91.0    10.78    95.00     3.68   251.95     0.00
 2013  7 31  6.00   149  560599.0 7626795.2    91.0    10.96    95.00     2.86   255.70     0.00
 2013  7 31  7.00   149  560599.0 7626795.2    91.0    12.62    93.40     3.62   254.65     0.00
 2013  7 31  8.00   149  560599.0 7626795.2    91.0    13.41    89.10     4.44   254.30     0.00
 2013  7 31  9.00   149  560599.0 7626795.2    91.0    13.97    91.40     3.72   258.50     0.00
 2013  7 31 10.00   149  560599.0 7626795.2    91.0    14.57    90.50     1.42   286.15     0.00
 2013  7 31 11.00   149  560599.0 7626795.2    91.0    14.83    88.70     1.65   313.65     0.00
 2013  7 31 12.00   149  560599.0 7626795.2    91.0    14.34    93.20     2.56   311.70     0.00
 2013  7 31 13.00   149  560599.0 7626795.2    91.0    13.48    95.00     2.52   283.90     0.15
 2013  7 31 14.00   149  560599.0 7626795.2    91.0    14.17    95.00     2.42   296.15     0.00
 2013  7 31 15.00   149  560599.0 7626795.2    91.0    15.36    95.00     2.94   299.00     0.00
 2013  7 31 16.00   149  560599.0 7626795.2    91.0    15.74    93.90     3.34   311.15     0.00
 2013  7 31 17.00   149  560599.0 7626795.2    91.0    15.78    93.55     2.79   304.50     0.00
 2013  7 31 18.00   149  560599.0 7626795.2    91.0    15.88    92.40     3.38   318.90     0.00
 2013  7 31 19.00   149  560599.0 7626795.2    91.0    15.59    92.20     2.71   331.80     0.00
 2013  7 31 20.00   149  560599.0 7626795.2    91.0    14.96    95.00     1.86   348.05     0.00
 2013  7 31 21.00   149  560599.0 7626795.2    91.0    14.72    95.00     0.62   344.70     0.00
 2013  7 31 22.00   149  560599.0 7626795.2    91.0    14.07    95.00     2.00   330.70     0.00
 2013  7 31 23.00   149  560599.0 7626795.2    91.0    12.71    95.00     3.14   190.69     0.00
 2013  8  1  0.00   149  560599.0 7626795.2    91.0    10.75    95.00     2.90    27.05     0.00
 2013  8  1  1.00   149  560599.0 7626795.2    91.0    10.29    95.00     2.33    37.99     0.11
 2013  8  1  2.00   149  560599.0 7626795.2    91.0     9.64    95.00     1.58    73.47     0.00
 2013  8  1  3.00   149  560599.0 7626795.2    91.0     9.38    95.00     1.80    60.39     0.00
 2013  8  1  4.00   149  560599.0 7626795.2    91.0     9.39    95.00     1.77    26.02     0.00
 2013  8  1  5.00   149  560599.0 7626795.2    91.0     9.26    95.00     1.81    26.61     0.00
 2013  8  1  6.00   149  560599.0 7626795.2    91.0     9.07    95.00     1.86    46.06     0.00
 2013  8  1  7.00   149  560599.0 7626795.2    91.0     9.09    95.00     1.71    48.52     0.00
 2013  8  1  8.00   149  560599.0 7626795.2    91.0     8.91    95.00     1.77    60.00     0.00
 2013  8  1  9.00   149  560599.0 7626795.2    91.0     9.05    95.00     0.96    62.83     0.00
 2013  8  1 10.00   149  560599.0 7626795.2    91.0     9.41    95.00     1.06    93.05     0.00
 2013  8  1 11.00   149  560599.0 7626795.2    91.0    10.84    95.00     0.90    93.54     0.00
 2013  8  1 12.00   149  560599.0 7626795.2    91.0    13.23    89.60     1.21   108.55     0.00
 2013  8  1 13.00   149  560599.0 7626795.2    91.0    13.30    89.75     2.27    60.28     0.00
 2013  8  1 14.00   149  560599.0 7626795.2    91.0    14.64    84.35     2.23    91.40     0.00
 2013  8  1 15.00   149  560599.0 7626795.2    91.0    15.02    81.35     2.88    63.08     0.00
 2013  8  1 16.00   149  560599.0 7626795.2    91.0    15.68    79.90     3.28    74.18     0.00
 2013  8  1 17.00   149  560599.0 7626795.2    91.0    15.28    83.60     2.99   107.90     0.00
 2013  8  1 18.00   149  560599.0 7626795.2    91.0    15.41    84.70     2.92   116.00     0.00
 2013  8  1 19.00   149  560599.0 7626795.2    91.0    15.52    85.70     3.13   138.00     0.00
 2013  8  1 20.00   149  560599.0 7626795.2    91.0    16.19    83.45     2.79   155.70     0.00
 2013  8  1 21.00   149  560599.0 7626795.2    91.0    15.52    88.20     2.38   135.55     0.00
 2013  8  1 22.00   149  560599.0 7626795.2    91.0    14.49    94.75     1.40   121.90     0.00
 2013  8  1 23.00   149  560599.0 7626795.2    91.0    12.91    95.00     2.10   151.80     0.00
 2013  8  2  0.00   149  560599.0 7626795.2    91.0    12.81    95.00     2.54   162.75     0.00
 2013  8  2  1.00   149  560599.0 7626795.2    91.0    13.08    95.00     3.12   173.15     0.00
 2013  8  2  2.00   149  560599.0 7626795.2    91.0    12.79    95.00     1.54   158.90     0.00
 2013  8  2  3.00   149  560599.0 7626795.2    91.0    12.54    95.00     1.90   115.20     0.00
 2013  8  2  4.00   149  560599.0 7626795.2    91.0    11.02    95.00     1.19   105.60     0.00
 2013  8  2  5.00   149  560599.0 7626795.2    91.0    11.46    95.00     0.61   166.25     0.00
 2013  8  2  6.00   149  560599.0 7626795.2    91.0    12.17    95.00     0.78    62.12     0.00
 2013  8  2  7.00   149  560599.0 7626795.2    91.0    14.18    95.00     1.33   159.70     0.00
 2013  8  2  8.00   149  560599.0 7626795.2    91.0    15.31    95.00     3.62   229.35     0.00
 2013  8  2  9.00   149  560599.0 7626795.2    91.0    17.58    87.95     5.36   224.60     0.00
 2013  8  2 10.00   149  560599.0 7626795.2    91.0    19.29    82.75     6.39   217.50     0.00
 2013  8  2 11.00   149  560599.0 7626795.2    91.0    20.83    77.70     5.59   217.15     0.00
 2013  8  2 12.00   149  560599.0 7626795.2    91.0    22.36    72.30     5.58   205.85     0.00
 2013  8  2 13.00   149  560599.0 7626795.2    91.0    23.62    67.95     5.29   195.15     0.00
 2013  8  2 14.00   149  560599.0 7626795.2    91.0    24.73    62.81     5.58   193.10     0.00
 2013  8  2 15.00   149  560599.0 7626795.2    91.0    25.44    60.41     4.99   191.45     0.00
 2013  8  2 16.00   149  560599.0 7626795.2    91.0    25.59    58.99     4.37   220.15     0.00
 2013  8  2 17.00   149  560599.0 7626795.2    91.0    26.05    53.81     3.08   240.75     0.00
 2013  8  2 18.00   149  560599.0 7626795.2    91.0    26.40    49.28     2.00   261.35     0.00
 2013  8  2 19.00   149  560599.0 7626795.2    91.0    26.69    45.02     1.50   242.65     0.00
 2013  8  2 20.00   149  560599.0 7626795.2    91.0    26.04    48.92     1.50   206.90     0.00
 2013  8  2 21.00   149  560599.0 7626795.2    91.0    24.39    59.70     1.36   204.95     0.00
 2013  8  2 22.00   149  560599.0 7626795.2    91.0    21.29    68.91     0.46   256.00     0.00
 2013  8  2 23.00   149  560599.0 7626795.2    91.0    17.84    82.95     1.15   265.60     0.00
 2013  8  3  0.00   149  560599.0 7626795.2    91.0    16.07    87.95     1.38   249.35     0.00
 2013  8  3  1.00   149  560599.0 7626795.2    91.0    16.95    80.40     0.51   179.85     0.00
 2013  8  3  2.00   149  560599.0 7626795.2    91.0    16.12    82.80     0.66   169.00     0.00
 2013  8  3  3.00   149  560599.0 7626795.2    91.0    16.41    79.65     0.44   117.85     0.00
 2013  8  3  4.00   149  560599.0 7626795.2    91.0    16.70    80.05     0.58   112.70     0.00
 2013  8  3  5.00   149  560599.0 7626795.2    91.0    14.75    89.25     0.98   109.30     0.00
 2013  8  3  6.00   149  560599.0 7626795.2    91.0    14.99    89.70     0.74    95.40     0.00
 2013  8  3  7.00   149  560599.0 7626795.2    91.0    17.45    79.85     1.54   131.90     0.00
 2013  8  3  8.00   149  560599.0 7626795.2    91.0    20.27    68.52     0.96   170.60     0.00
 2013  8  3  9.00   149  560599.0 7626795.2    91.0    21.93    64.01     1.75   184.10     0.00
 2013  8  3 10.00   149  560599.0 7626795.2    91.0    23.70    59.20     2.69   191.40     0.00
 2013  8  3 11.00   149  560599.0 7626795.2    91.0    24.98    57.17     4.14   180.90     0.00
 2013  8  3 12.00   149  560599.0 7626795.2    91.0    26.23    52.47     5.65   185.70     0.00
 2013  8  3 13.00   149  560599.0 7626795.2    91.0    27.41    48.41     5.98   186.30     0.00
 2013  8  3 14.00   149  560599.0 7626795.2    91.0    27.17    48.38     5.96   184.15     0.00
 2013  8  3 15.00   149  560599.0 7626795.2    91.0    27.75    47.28     6.63   181.00     0.00
 2013  8  3 16.00   149  560599.0 7626795.2    91.0    28.77    44.73     6.86   178.55     0.00
 2013  8  3 17.00   149  560599.0 7626795.2    91.0    29.21    43.63     5.98   189.65     0.00
 2013  8  3 18.00   149  560599.0 7626795.2    91.0    29.83    40.70     5.89   200.70     0.00
 2013  8  3 19.00   149  560599.0 7626795.2    91.0    29.43    40.98     5.44   188.80     0.00
 2013  8  3 20.00   149  560599.0 7626795.2    91.0    28.42    43.84     4.76   177.15     0.00
 2013  8  3 21.00   149  560599.0 7626795.2    91.0    26.73    53.03     4.20   169.00     0.00
 2013  8  3 22.00   149  560599.0 7626795.2    91.0    23.85    63.14     4.31   175.15     0.00
 2013  8  3 23.00   149  560599.0 7626795.2    91.0    22.05    69.06     4.73   184.85     0.00
 2013  8  4  0.00   149  560599.0 7626795.2    91.0    21.20    70.95     4.88   187.65     0.00
 2013  8  4  1.00   149  560599.0 7626795.2    91.0    20.30    74.25     5.46   206.80     0.00
 2013  8  4  2.00   149  560599.0 7626795.2    91.0    19.42    76.50     4.97   207.90     0.00
 2013  8  4  3.00   149  560599.0 7626795.2    91.0    18.17    78.85     3.32   249.00     0.00
 2013  8  4  4.00   149  560599.0 7626795.2    91.0    18.52    78.15     2.54   257.45     0.00
 2013  8  4  5.00   149  560599.0 7626795.2    91.0    20.02    70.56     3.23   267.30     0.00
 2013  8  4  6.00   149  560599.0 7626795.2    91.0    20.10    72.05     3.08   242.20     0.00
 2013  8  4  7.00   149  560599.0 7626795.2    91.0    19.62    75.40     2.45   245.35     0.00
 2013  8  4  8.00   149  560599.0 7626795.2    91.0    19.67    78.70     2.58   235.60     0.00
 2013  8  4  9.00   149  560599.0 7626795.2    91.0    19.49    82.55     2.95   239.25     0.00
 2013  8  4 10.00   149  560599.0 7626795.2    91.0    21.64    75.50     2.57   237.30     0.00
 2013  8  4 11.00   149  560599.0 7626795.2    91.0    24.02    66.67     3.10   219.95     0.00
 2013  8  4 12.00   149  560599.0 7626795.2    91.0    24.73    61.52     3.24   219.85     0.00
 2013  8  4 13.00   149  560599.0 7626795.2    91.0    26.42    45.86     3.70   258.10     0.00
 2013  8  4 14.00   149  560599.0 7626795.2    91.0    26.55    47.46     2.95   243.55     0.00
 2013  8  4 15.00   149  560599.0 7626795.2    91.0    28.02    40.08     2.89   219.35     0.00
 2013  8  4 16.00   149  560599.0 7626795.2    91.0    28.41    40.76     2.75   243.90     0.00
 2013  8  4 17.00   149  560599.0 7626795.2    91.0    28.72    38.49     2.59   304.05     0.00
 2013  8  4 18.00   149  560599.0 7626795.2    91.0    27.66    38.90     4.81   280.25     0.00
 2013  8  4 19.00   149  560599.0 7626795.2    91.0    26.51    40.08     4.87   289.45     0.00
 2013  8  4 20.00   149  560599.0 7626795.2    91.0    25.50    44.40     3.42   286.15     0.00
 2013  8  4 21.00   149  560599.0 7626795.2    91.0    22.12    62.05     2.12   269.90     0.00
 2013  8  4 22.00   149  560599.0 7626795.2    91.0    19.66    70.30     2.45   269.65     0.00
 2013  8  4 23.00   149  560599.0 7626795.2    91.0    17.68    72.90     1.71   261.60     0.00
 2013  8  5  0.00   149  560599.0 7626795.2    91.0    14.39    81.00     2.40   257.05     0.00
 2013  8  5  1.00   149  560599.0 7626795.2    91.0    13.91    78.05     2.38   247.50     0.00
 2013  8  5  2.00   149  560599.0 7626795.2    91.0    14.70    72.65     2.20   241.75     0.00
 2013  8  5  3.00   149  560599.0 7626795.2    91.0    14.72    75.45     1.96   251.70     0.00
 2013  8  5  4.00   149  560599.0 7626795.2    91.0    14.34    76.25     2.67   262.00     0.00
 2013  8  5  5.00   149  560599.0 7626795.2    91.0    13.93    77.45     2.93   261.40     0.00
 2013  8  5  6.00   149  560599.0 7626795.2    91.0    15.20    77.70     2.21   266.35     0.00
 2013  8  5  7.00   149  560599.0 7626795.2    91.0    17.41    72.41     2.84   273.70     0.00
 2013  8  5  8.00   149  560599.0 7626795.2    91.0    18.52    68.20     2.86   267.95     0.00
 2013  8  5  9.00   149  560599.0 7626795.2    91.0    18.79    67.98     4.49   270.70     0.00
 2013  8  5 10.00   149  560599.0 7626795.2    91.0    16.14    94.00     2.53   254.65     0.00
 2013  8  5 11.00   149  560599.0 7626795.2    91.0    16.04    95.00     2.47   232.15     0.00
 2013  8  5 12.00   149  560599.0 7626795.2    91.0    17.00    94.85     1.89   239.90     0.00
 2013  8  5 13.00   149  560599.0 7626795.2    91.0    20.37    83.00     3.13   223.40     0.00
 2013  8  5 14.00   149  560599.0 7626795.2    91.0    23.59    52.05     2.44   259.40     0.00
 2013  8  5 15.00   149  560599.0 7626795.2    91.0    24.77    44.23     2.16   298.85     0.00
 2013  8  5 16.00   149  560599.0 7626795.2    91.0    23.91    57.33     2.50    72.03     0.00
 2013  8  5 17.00   149  560599.0 7626795.2    91.0    24.81    46.20     1.54    85.70     0.00
 2013  8  5 18.00   149  560599.0 7626795.2    91.0    24.48    51.73     2.24   100.45     0.00
 2013  8  5 19.00   149  560599.0 7626795.2    91.0    23.91    55.23     2.77   120.05     0.00
 2013  8  5 20.00   149  560599.0 7626795.2    91.0    22.98    60.77     2.16   111.80     0.00
 2013  8  5 21.00   149  560599.0 7626795.2    91.0    21.21    72.52     1.15    94.70     0.00
 2013  8  5 22.00   149  560599.0 7626795.2    91.0    19.44    77.75     0.44    93.50     0.00
 2013  8  5 23.00   149  560599.0 7626795.2    91.0    19.07    78.85     0.12    71.93     0.00
 2013  8  6  0.00   149  560599.0 7626795.2    91.0    16.83    89.60     0.95   304.25     0.00
 2013  8  6  1.00   149  560599.0 7626795.2    91.0    15.66    95.00     1.23   288.90     0.00
 2013  8  6  2.00   149  560599.0 7626795.2    91.0    14.40    95.00     0.96   290.50     0.00
 2013  8  6  3.00   149  560599.0 7626795.2    91.0    13.73    95.00     1.59   284.55     0.00
 2013  8  6  4.00   149  560599.0 7626795.2    91.0    13.34    95.00     1.95   272.25     0.00
 2013  8  6  5.00   149  560599.0 7626795.2    91.0    13.41    95.00     1.95   266.80     0.00
 2013  8  6  6.00   149  560599.0 7626795.2    91.0    13.83    95.00     1.93   273.40     0.00
 2013  8  6  7.00   149  560599.0 7626795.2    91.0    14.59    95.00     1.59   288.10     0.00
 2013  8  6  8.00   149  560599.0 7626795.2    91.0    15.00    95.00     2.04   308.35     0.00
 2013  8  6  9.00   149  560599.0 7626795.2    91.0    15.75    95.00     3.54   310.35     0.00
 2013  8  6 10.00   149  560599.0 7626795.2    91.0    18.12    87.90     2.58   339.15     0.00
 2013  8  6 11.00   149  560599.0 7626795.2    91.0    18.09    87.45     2.71   346.75     0.00
 2013  8  6 12.00   149  560599.0 7626795.2    91.0    18.75    86.75     2.35    17.80     0.00
 2013  8  6 13.00   149  560599.0 7626795.2    91.0    20.30    80.55     2.90    22.30     0.00
 2013  8  6 14.00   149  560599.0 7626795.2    91.0    20.11    82.20     3.71    17.56     0.00
 2013  8  6 15.00   149  560599.0 7626795.2    91.0    19.92    83.55     3.59    10.95     0.00
 2013  8  6 16.00   149  560599.0 7626795.2    91.0    20.73    78.65     3.12    12.87     0.00
 2013  8  6 17.00   149  560599.0 7626795.2    91.0    21.49    75.10     2.94    32.36     0.00
 2013  8  6 18.00   149  560599.0 7626795.2    91.0    21.84    76.55     2.67    36.89     0.00
 2013  8  6 19.00   149  560599.0 7626795.2    91.0    21.48    78.30     2.98    39.68     0.00
 2013  8  6 20.00   149  560599.0 7626795.2    91.0    20.21    82.50     3.32    25.25     0.00
 2013  8  6 21.00   149  560599.0 7626795.2    91.0    18.40    89.10     2.83    22.64     0.00
 2013  8  6 22.00   149  560599.0 7626795.2    91.0    15.93    95.00     2.06   169.62     0.00
 2013  8  6 23.00   149  560599.0 7626795.2    91.0    13.58    95.00     1.48   288.65     0.00
 2013  8  7  0.00   149  560599.0 7626795.2    91.0    12.30    95.00     1.73   287.95     0.00
 2013  8  7  1.00   149  560599.0 7626795.2    91.0    11.01    95.00     1.98   275.45     0.00
 2013  8  7  2.00   149  560599.0 7626795.2    91.0    10.73    95.00     1.91   284.05     0.00
 2013  8  7  3.00   149  560599.0 7626795.2    91.0    10.74    95.00     1.66   272.45     0.00
 2013  8  7  4.00   149  560599.0 7626795.2    91.0    11.38    95.00     1.75   270.30     0.00
 2013  8  7  5.00   149  560599.0 7626795.2    91.0    11.69    95.00     1.47   272.35     0.00
 2013  8  7  6.00   149  560599.0 7626795.2    91.0    11.68    95.00     1.65   270.50     0.00
 2013  8  7  7.00   149  560599.0 7626795.2    91.0    14.31    95.00     0.42   191.78     0.00
 2013  8  7  8.00   149  560599.0 7626795.2    91.0    16.61    95.00     1.27    89.65     0.00
 2013  8  7  9.00   149  560599.0 7626795.2    91.0    18.67    93.15     1.96    99.20     0.00
 2013  8  7 10.00   149  560599.0 7626795.2    91.0    20.80    82.45     2.85    77.00     0.00
 2013  8  7 11.00   149  560599.0 7626795.2    91.0    21.78    77.55     3.26    85.15     0.00
 2013  8  7 12.00   149  560599.0 7626795.2    91.0    22.88    71.05     3.64    91.50     0.00
 2013  8  7 13.00   149  560599.0 7626795.2    91.0    24.10    68.36     3.39    86.25     0.00
 2013  8  7 14.00   149  560599.0 7626795.2    91.0    25.12    64.12     3.47    91.80     0.00
 2013  8  7 15.00   149  560599.0 7626795.2    91.0    25.84    62.10     4.11    79.60     0.00
 2013  8  7 16.00   149  560599.0 7626795.2    91.0    26.20    62.38     4.92    63.38     0.00
 2013  8  7 17.00   149  560599.0 7626795.2    91.0    25.89    63.59     5.08    59.02     0.00
 2013  8  7 18.00   149  560599.0 7626795.2    91.0    26.46    62.75     5.11    73.00     0.00
 2013  8  7 19.00   149  560599.0 7626795.2    91.0    26.59    64.28     4.26    90.85     0.00
 2013  8  7 20.00   149  560599.0 7626795.2    91.0    26.01    67.63     3.94   115.35     0.00
 2013  8  7 21.00   149  560599.0 7626795.2    91.0    24.54    75.20     2.26   118.30     0.00
 2013  8  7 22.00   149  560599.0 7626795.2    91.0    22.32    83.75     2.09   112.50     0.00
 2013  8  7 23.00   149  560599.0 7626795.2    91.0    19.91    92.75     1.84   111.90     0.00
 2013  8  8  0.00   149  560599.0 7626795.2    91.0    19.93    86.95     3.31   149.20     0.00
 2013  8  8  1.00   149  560599.0 7626795.2    91.0    19.34    74.55     3.78   180.05     0.00
 2013  8  8  2.00   149  560599.0 7626795.2    91.0    17.90    73.90     3.27   174.00     0.00
 2013  8  8  3.00   149  560599.0 7626795.2    91.0    16.80    77.20     3.13   174.55     0.00
 2013  8  8  4.00   149  560599.0 7626795.2    91.0    15.65    80.15     1.82   125.40     0.00
 2013  8  8  5.00   149  560599.0 7626795.2    91.0    15.32    81.45     1.73   126.50     0.00
 2013  8  8  6.00   149  560599.0 7626795.2    91.0    16.59    77.55     2.12   149.05     0.00
 2013  8  8  7.00   149  560599.0 7626795.2    91.0    18.09    74.60     1.00   110.77     0.00
 2013  8  8  8.00   149  560599.0 7626795.2    91.0    19.79    67.88     3.33   176.65     0.00
 2013  8  8  9.00   149  560599.0 7626795.2    91.0    21.27    63.57     2.72   193.55     0.00
 2013  8  8 10.00   149  560599.0 7626795.2    91.0    22.63    61.42     3.18   192.60     0.00
 2013  8  8 11.00   149  560599.0 7626795.2    91.0    23.74    59.69     3.71   182.55     0.00
 2013  8  8 12.00   149  560599.0 7626795.2    91.0    25.20    57.44     3.87   180.10     0.00
 2013  8  8 13.00   149  560599.0 7626795.2    91.0    25.95    55.13     4.15   178.60     0.00
 2013  8  8 14.00   149  560599.0 7626795.2    91.0    27.05    53.16     4.99   191.55     0.00
 2013  8  8 15.00   149  560599.0 7626795.2    91.0    28.01    52.87     5.13   183.80     0.00
 2013  8  8 16.00   149  560599.0 7626795.2    91.0    28.88    49.04     5.66   197.40     0.00
 2013  8  8 17.00   149  560599.0 7626795.2    91.0    29.19    43.23     5.69   196.10     0.00
 2013  8  8 18.00   149  560599.0 7626795.2    91.0    29.06    41.30     5.23   199.25     0.00
 2013  8  8 19.00   149  560599.0 7626795.2    91.0    28.71    43.58     4.07   215.50     0.00
 2013  8  8 20.00   149  560599.0 7626795.2    91.0    27.76    47.53     3.15   219.35     0.00
 2013  8  8 21.00   149  560599.0 7626795.2    91.0    25.68    56.87     2.30   200.95     0.00
 2013  8  8 22.00   149  560599.0 7626795.2    91.0    22.12    70.57     2.06   186.60     0.00
 2013  8  8 23.00   149  560599.0 7626795.2    91.0    19.34    78.40     2.54   177.90     0.00
 2013  8  9  0.00   149  560599.0 7626795.2    91.0    18.67    79.85     2.63   186.05     0.00
 2013  8  9  1.00   149  560599.0 7626795.2    91.0    18.10    83.05     2.38   191.80     0.00
 2013  8  9  2.00   149  560599.0 7626795.2    91.0    18.84    81.10     3.88   204.25     0.00
 2013  8  9  3.00   149  560599.0 7626795.2    91.0    19.23    78.05     4.24   207.40     0.00
 2013  8  9  4.00   149  560599.0 7626795.2    91.0    18.55    79.45     1.21   268.80     0.00
 2013  8  9  5.00   149  560599.0 7626795.2    91.0    19.29    76.90     1.69   182.25     0.00
 2013  8  9  6.00   149  560599.0 7626795.2    91.0    20.98    70.77     2.81   215.20     0.00
 2013  8  9  7.00   149  560599.0 7626795.2    91.0    21.18    72.29     2.10   131.21     0.00
 2013  8  9  8.00   149  560599.0 7626795.2    91.0    21.50    74.95     0.88   194.75     0.00
 2013  8  9  9.00   149  560599.0 7626795.2    91.0    21.99    73.70     2.17   170.75     0.00
 2013  8  9 10.00   149  560599.0 7626795.2    91.0    24.04    65.19     1.70   179.75     0.00
 2013  8  9 11.00   149  560599.0 7626795.2    91.0    25.80    60.54     1.83   159.80     0.00
 2013  8  9 12.00   149  560599.0 7626795.2    91.0    26.93    58.87     2.88   153.70     0.00
 2013  8  9 13.00   149  560599.0 7626795.2    91.0    27.45    57.53     3.21   189.70     0.00
 2013  8  9 14.00   149  560599.0 7626795.2    91.0    28.27    53.99     3.11   202.95     0.00
 2013  8  9 15.00   149  560599.0 7626795.2    91.0    28.85    47.77     3.24   203.20     0.00
 2013  8  9 16.00   149  560599.0 7626795.2    91.0    28.15    46.87     3.56   229.65     0.00
 2013  8  9 17.00   149  560599.0 7626795.2    91.0    28.36    46.25     3.10   217.60     0.00
 2013  8  9 18.00   149  560599.0 7626795.2    91.0    27.11    47.39     3.83   209.50     0.00
 2013  8  9 19.00   149  560599.0 7626795.2    91.0    27.12    46.57     3.26   229.55     0.00
 2013  8  9 20.00   149  560599.0 7626795.2    91.0    26.63    53.42     1.59   218.40     0.00
 2013  8  9 21.00   149  560599.0 7626795.2    91.0    23.68    64.49     2.06   204.80     0.00
 2013  8  9 22.00   149  560599.0 7626795.2    91.0    20.21    74.05     1.80   191.10     0.00
 2013  8  9 23.00   149  560599.0 7626795.2    91.0    18.02    74.45     2.29   186.15     0.00
 2013  8 10  0.00   149  560599.0 7626795.2    91.0    16.62    79.20     2.72   182.60     0.00
 2013  8 10  1.00   149  560599.0 7626795.2    91.0    16.18    80.55     2.25   185.50     0.00
 2013  8 10  2.00   149  560599.0 7626795.2    91.0    15.73    81.10     1.94   179.45     0.00
 2013  8 10  3.00   149  560599.0 7626795.2    91.0    15.90    80.85     1.94   243.65     0.00
 2013  8 10  4.00   149  560599.0 7626795.2    91.0    15.98    83.30     2.80   276.25     0.00
 2013  8 10  5.00   149  560599.0 7626795.2    91.0    15.88    86.30     2.49   265.05     0.00
 2013  8 10  6.00   149  560599.0 7626795.2    91.0    15.73    93.40     2.70   251.95     0.00
 2013  8 10  7.00   149  560599.0 7626795.2    91.0    16.52    95.00     3.29   230.35     0.00
 2013  8 10  8.00   149  560599.0 7626795.2    91.0    18.50    91.55     3.15   224.65     0.00
 2013  8 10  9.00   149  560599.0 7626795.2    91.0    20.86    84.65     3.31   232.85     1.19
 2013  8 10 10.00   149  560599.0 7626795.2    91.0    22.02    78.80     3.40   246.35     0.00
 2013  8 10 11.00   149  560599.0 7626795.2    91.0    22.61    64.78     5.12   216.60     0.32
 2013  8 10 12.00   149  560599.0 7626795.2    91.0    23.01    61.59     4.18   243.05     0.00
 2013  8 10 13.00   149  560599.0 7626795.2    91.0    25.21    52.06     3.63   299.05     0.15
 2013  8 10 14.00   149  560599.0 7626795.2    91.0    26.02    47.61     4.88   300.95     0.14
 2013  8 10 15.00   149  560599.0 7626795.2    91.0    25.43    46.89     5.17   302.60     0.18
 2013  8 10 16.00   149  560599.0 7626795.2    91.0    25.16    47.77     3.63   314.75     0.13
 2013  8 10 17.00   149  560599.0 7626795.2    91.0    25.20    49.53     2.57   334.60     0.00
 2013  8 10 18.00   149  560599.0 7626795.2    91.0    25.16    50.18     2.85   179.31     0.00
 2013  8 10 19.00   149  560599.0 7626795.2    91.0    23.98    59.16     2.67    30.29     0.00
 2013  8 10 20.00   149  560599.0 7626795.2    91.0    22.00    69.50     1.81    18.03     0.00
 2013  8 10 21.00   149  560599.0 7626795.2    91.0    20.10    76.60     1.42    15.52     0.00
 2013  8 10 22.00   149  560599.0 7626795.2    91.0    18.85    79.40     2.08     9.04     0.00
 2013  8 10 23.00   149  560599.0 7626795.2    91.0    16.99    89.45     2.56    23.38     0.00
 2013  8 11  0.00   149  560599.0 7626795.2    91.0    15.86    95.00     1.91    47.91     0.00
 2013  8 11  1.00   149  560599.0 7626795.2    91.0    15.22    95.00     0.96    46.69     0.00
 2013  8 11  2.00   149  560599.0 7626795.2    91.0    13.27    95.00     0.97    20.05     0.00
 2013  8 11  3.00   149  560599.0 7626795.2    91.0    12.19    95.00     0.54    56.30     0.00
 2013  8 11  4.00   149  560599.0 7626795.2    91.0    12.23    95.00     0.77    72.96     0.00
 2013  8 11  5.00   149  560599.0 7626795.2    91.0    11.84    95.00     0.90    41.92     0.00
 2013  8 11  6.00   149  560599.0 7626795.2    91.0    11.04    95.00     0.74   164.85     0.00
 2013  8 11  7.00   149  560599.0 7626795.2    91.0    12.71    95.00     1.02   286.35     0.00
 2013  8 11  8.00   149  560599.0 7626795.2    91.0    16.85    93.35     0.72   171.90     0.00
 2013  8 11  9.00   149  560599.0 7626795.2    91.0    19.63    86.80     1.67   165.71     0.00
 2013  8 11 10.00   149  560599.0 7626795.2    91.0    20.77    82.65     1.12   328.45     0.00
 2013  8 11 11.00   149  560599.0 7626795.2    91.0    22.89    72.40     2.17   274.80     0.00
 2013  8 11 12.00   149  560599.0 7626795.2    91.0    24.05    70.75     2.80   325.80     0.00
 2013  8 11 13.00   149  560599.0 7626795.2    91.0    24.80    70.42     3.23   346.65     0.00
 2013  8 11 14.00   149  560599.0 7626795.2    91.0    24.99    65.50     5.02   345.20     0.00
 2013  8 11 15.00   149  560599.0 7626795.2    91.0    24.79    62.95     5.54   346.25     0.00
 2013  8 11 16.00   149  560599.0 7626795.2    91.0    24.89    61.89     5.62   350.30     0.00
 2013  8 11 17.00   149  560599.0 7626795.2    91.0    24.20    60.41     5.57   179.30     0.00
 2013  8 11 18.00   149  560599.0 7626795.2    91.0    23.07    64.35     4.98   178.22     0.00
 2013  8 11 19.00   149  560599.0 7626795.2    91.0    21.48    82.45     4.50   350.20     0.00
 2013  8 11 20.00   149  560599.0 7626795.2    91.0    21.46    85.95     4.98   355.10     0.00
 2013  8 11 21.00   149  560599.0 7626795.2    91.0    19.48    93.25     3.49   358.25     0.00
 2013  8 11 22.00   149  560599.0 7626795.2    91.0    17.41    95.00     3.36   342.50     0.00
 2013  8 11 23.00   149  560599.0 7626795.2    91.0    16.10    95.00     3.56   335.35     0.00
 2013  8 12  0.00   149  560599.0 7626795.2    91.0    15.48    95.00     3.98   331.85     0.00
 2013  8 12  1.00   149  560599.0 7626795.2    91.0    15.08    95.00     4.32   335.30     0.00
 2013  8 12  2.00   149  560599.0 7626795.2    91.0    14.87    95.00     4.72   345.60     0.00
 2013  8 12  3.00   149  560599.0 7626795.2    91.0    13.92    95.00     3.83    10.54     0.00
 2013  8 12  4.00   149  560599.0 7626795.2    91.0    13.31    95.00     3.37    16.46     0.33
 2013  8 12  5.00   149  560599.0 7626795.2    91.0    13.02    95.00     3.65    25.60     0.23
 2013  8 12  6.00   149  560599.0 7626795.2    91.0    13.12    95.00     3.50    27.95     0.00
 2013  8 12  7.00   149  560599.0 7626795.2    91.0    13.04    95.00     3.84    30.60     0.21
 2013  8 12  8.00   149  560599.0 7626795.2    91.0    12.89    95.00     3.98    28.55     0.30
 2013  8 12  9.00   149  560599.0 7626795.2    91.0    12.81    95.00     3.58    41.67     0.40
 2013  8 12 10.00   149  560599.0 7626795.2    91.0    13.10    95.00     2.92    28.07     0.43
 2013  8 12 11.00   149  560599.0 7626795.2    91.0    13.55    95.00     2.79    34.52     0.20
 2013  8 12 12.00   149  560599.0 7626795.2    91.0    13.73    95.00     1.96    39.44     0.17
 2013  8 12 13.00   149  560599.0 7626795.2    91.0    14.34    95.00     1.40    38.45     0.60
 2013  8 12 14.00   149  560599.0 7626795.2    91.0    15.00    95.00     1.22    56.20     1.62
 2013  8 12 15.00   149  560599.0 7626795.2    91.0    17.50    91.70     0.78    39.34     1.34
 2013  8 12 16.00   149  560599.0 7626795.2    91.0    20.20    83.15     1.81    75.95     1.51
 2013  8 12 17.00   149  560599.0 7626795.2    91.0    21.46    77.85     1.86    70.16     0.80
 2013  8 12 18.00   149  560599.0 7626795.2    91.0    21.32    78.00     2.99    42.06     0.18
 2013  8 12 19.00   149  560599.0 7626795.2    91.0    20.91    79.00     3.12    40.60     0.00
 2013  8 12 20.00   149  560599.0 7626795.2    91.0    20.06    82.40     2.58    36.24     0.00
 2013  8 12 21.00   149  560599.0 7626795.2    91.0    18.39    88.70     2.00    41.31     0.00
 2013  8 12 22.00   149  560599.0 7626795.2    91.0    15.83    95.00     1.82   193.00     0.00
 2013  8 12 23.00   149  560599.0 7626795.2    91.0    13.50    95.00     1.23   334.90     0.51
 2013  8 13  0.00   149  560599.0 7626795.2    91.0    11.72    95.00     1.67   325.45     0.14
 2013  8 13  1.00   149  560599.0 7626795.2    91.0    11.20    95.00     2.33   324.60     0.00
 2013  8 13  2.00   149  560599.0 7626795.2    91.0    10.43    95.00     2.19   317.45     0.32
 2013  8 13  3.00   149  560599.0 7626795.2    91.0     9.95    95.00     1.73   280.85     0.00
 2013  8 13  4.00   149  560599.0 7626795.2    91.0    10.05    95.00     1.91   272.30     0.14
 2013  8 13  5.00   149  560599.0 7626795.2    91.0    10.41    95.00     2.33   284.10     0.00
 2013  8 13  6.00   149  560599.0 7626795.2    91.0    11.14    95.00     2.51   286.90     0.00
 2013  8 13  7.00   149  560599.0 7626795.2    91.0    11.91    95.00     2.98   284.35     0.39
 2013  8 13  8.00   149  560599.0 7626795.2    91.0    12.82    95.00     3.41   301.15     1.06
 2013  8 13  9.00   149  560599.0 7626795.2    91.0    13.39    95.00     2.69   308.35     0.20
 2013  8 13 10.00   149  560599.0 7626795.2    91.0    13.76    95.00     2.52   302.40     0.32
 2013  8 13 11.00   149  560599.0 7626795.2    91.0    14.82    95.00     3.10   304.25     0.80
 2013  8 13 12.00   149  560599.0 7626795.2    91.0    15.11    95.00     3.62   293.35     0.22
 2013  8 13 13.00   149  560599.0 7626795.2    91.0    14.66    95.00     4.15   289.90     0.00
 2013  8 13 14.00   149  560599.0 7626795.2    91.0    14.44    95.00     4.48   294.20     0.00
 2013  8 13 15.00   149  560599.0 7626795.2    91.0    13.88    95.00     5.26   311.00     0.00
 2013  8 13 16.00   149  560599.0 7626795.2    91.0    14.46    95.00     4.15   335.00     0.00
 2013  8 13 17.00   149  560599.0 7626795.2    91.0    14.54    95.00     2.72   324.20     0.00
 2013  8 13 18.00   149  560599.0 7626795.2    91.0    15.49    93.75     3.65   318.25     0.00
 2013  8 13 19.00   149  560599.0 7626795.2    91.0    13.79    95.00     5.38   301.55     0.00
 2013  8 13 20.00   149  560599.0 7626795.2    91.0    12.43    95.00     5.33   305.75     0.00
 2013  8 13 21.00   149  560599.0 7626795.2    91.0    11.53    95.00     4.57   300.05     0.00
 2013  8 13 22.00   149  560599.0 7626795.2    91.0    10.84    95.00     4.85   306.85     0.26
 2013  8 13 23.00   149  560599.0 7626795.2    91.0    10.63    95.00     4.17   305.35     0.21
 2013  8 14  0.00   149  560599.0 7626795.2    91.0    10.07    95.00     4.15   305.70     0.00
 2013  8 14  1.00   149  560599.0 7626795.2    91.0     9.62    95.00     3.90   315.10     0.00
 2013  8 14  2.00   149  560599.0 7626795.2    91.0     9.20    95.00     4.75   324.25     0.20
 2013  8 14  3.00   149  560599.0 7626795.2    91.0     8.87    95.00     3.53   333.90     0.00
 2013  8 14  4.00   149  560599.0 7626795.2    91.0     8.98    95.00     3.58   343.45     0.00
 2013  8 14  5.00   149  560599.0 7626795.2    91.0     9.06    95.00     3.44   182.75     0.00
 2013  8 14  6.00   149  560599.0 7626795.2    91.0     9.11    95.00     2.85     9.67     0.00
 2013  8 14  7.00   149  560599.0 7626795.2    91.0     9.22    95.00     2.92    13.30     0.14
 2013  8 14  8.00   149  560599.0 7626795.2    91.0     8.82    95.00     2.98    32.90     0.00
 2013  8 14  9.00   149  560599.0 7626795.2    91.0     8.41    95.00     1.98   192.09     0.17
 2013  8 14 10.00   149  560599.0 7626795.2    91.0     8.36    95.00     1.75     4.46     0.00
 2013  8 14 11.00   149  560599.0 7626795.2    91.0     8.86    95.00     1.77    27.35     0.00
 2013  8 14 12.00   149  560599.0 7626795.2    91.0     9.46    95.00     2.07    44.71     0.16
 2013  8 14 13.00   149  560599.0 7626795.2    91.0     9.75    95.00     2.92    54.41     0.00
 2013  8 14 14.00   149  560599.0 7626795.2    91.0    10.22    95.00     2.87    61.20     0.00
 2013  8 14 15.00   149  560599.0 7626795.2    91.0    10.93    95.00     2.74    56.08     0.20
 2013  8 14 16.00   149  560599.0 7626795.2    91.0    11.02    95.00     3.41    61.06     0.00
 2013  8 14 17.00   149  560599.0 7626795.2    91.0    11.07    95.00     3.74    61.33     0.12
 2013  8 14 18.00   149  560599.0 7626795.2    91.0    10.94    95.00     3.91    68.04     0.00
 2013  8 14 19.00   149  560599.0 7626795.2    91.0    10.93    95.00     4.10    78.80     0.00
 2013  8 14 20.00   149  560599.0 7626795.2    91.0    10.50    95.00     4.27    78.30     0.00
 2013  8 14 21.00   149  560599.0 7626795.2    91.0    10.72    95.00     3.87    81.30     0.00
 2013  8 14 22.00   149  560599.0 7626795.2    91.0    10.09    95.00     4.39    89.25     0.00
 2013  8 14 23.00   149  560599.0 7626795.2    91.0     9.48    95.00     4.24    85.40     0.00
 2013  8 15  0.00   149  560599.0 7626795.2    91.0     9.12    95.00     3.40    89.80     0.00
 2013  8 15  1.00   149  560599.0 7626795.2    91.0     8.91    95.00     2.89    76.65     2.21
 2013  8 15  2.00   149  560599.0 7626795.2    91.0     8.95    95.00     3.85    76.85     1.95
 2013  8 15  3.00   149  560599.0 7626795.2    91.0     9.04    95.00     4.01    83.95     0.38
 2013  8 15  4.00   149  560599.0 7626795.2    91.0     9.29    95.00     3.94    82.20     1.68
 2013  8 15  5.00   149  560599.0 7626795.2    91.0     9.36    95.00     3.36    79.05     3.59
 2013  8 15  6.00   149  560599.0 7626795.2    91.0     9.34    95.00     3.23    76.30     2.36
 2013  8 15  7.00   149  560599.0 7626795.2    91.0     9.36    95.00     3.23    70.48     0.60
 2013  8 15  8.00   149  560599.0 7626795.2    91.0     9.50    95.00     3.21    61.36     0.00
 2013  8 15  9.00   149  560599.0 7626795.2    91.0     9.46    95.00     4.35    59.51     0.00
 2013  8 15 10.00   149  560599.0 7626795.2    91.0     9.18    95.00     4.42    47.90     0.00
 2013  8 15 11.00   149  560599.0 7626795.2    91.0     9.18    95.00     4.66    38.61     0.00
 2013  8 15 12.00   149  560599.0 7626795.2    91.0     9.07    95.00     4.48    45.94     0.00
 2013  8 15 13.00   149  560599.0 7626795.2    91.0     9.12    95.00     4.70    43.13     0.00
 2013  8 15 14.00   149  560599.0 7626795.2    91.0     9.16    95.00     4.44    46.27     0.00
 2013  8 15 15.00   149  560599.0 7626795.2    91.0    10.11    95.00     4.42    45.39     0.00
 2013  8 15 16.00   149  560599.0 7626795.2    91.0    10.43    95.00     4.59    36.00     0.00
 2013  8 15 17.00   149  560599.0 7626795.2    91.0    10.40    95.00     5.37    32.52     0.00
 2013  8 15 18.00   149  560599.0 7626795.2    91.0    10.11    95.00     5.62    29.51     0.00
 2013  8 15 19.00   149  560599.0 7626795.2    91.0    10.26    95.00     5.18    43.78     0.00
 2013  8 15 20.00   149  560599.0 7626795.2    91.0    10.18    95.00     5.12    48.71     0.00
 2013  8 15 21.00   149  560599.0 7626795.2    91.0     9.98    95.00     4.96    51.33     0.00
 2013  8 15 22.00   149  560599.0 7626795.2    91.0     9.57    95.00     4.43    48.58     0.00
 2013  8 15 23.00   149  560599.0 7626795.2    91.0     9.16    95.00     3.88    51.85     0.00
 2013  8 16  0.00   149  560599.0 7626795.2    91.0     8.78    95.00     4.62    53.87     0.00
 2013  8 16  1.00   149  560599.0 7626795.2    91.0     8.43    95.00     4.19    57.59     0.00
 2013  8 16  2.00   149  560599.0 7626795.2    91.0     8.20    95.00     4.19    58.28     0.00
 2013  8 16  3.00   149  560599.0 7626795.2    91.0     8.12    95.00     4.12    57.13     0.00
 2013  8 16  4.00   149  560599.0 7626795.2    91.0     8.06    95.00     4.21    57.76     0.00
 2013  8 16  5.00   149  560599.0 7626795.2    91.0     7.79    95.00     4.09    65.35     0.00
 2013  8 16  6.00   149  560599.0 7626795.2    91.0     7.11    95.00     4.09    96.85     0.00
 2013  8 16  7.00   149  560599.0 7626795.2    91.0     6.88    95.00     4.44    73.25     0.00
 2013  8 16  8.00   149  560599.0 7626795.2    91.0     6.73    95.00     4.20    84.05     0.00
 2013  8 16  9.00   149  560599.0 7626795.2    91.0     6.79    95.00     4.04    83.85     0.00
 2013  8 16 10.00   149  560599.0 7626795.2    91.0     6.51    95.00     4.52    95.05     0.00
 2013  8 16 11.00   149  560599.0 7626795.2    91.0     7.29    95.00     4.44    92.60     0.00
 2013  8 16 12.00   149  560599.0 7626795.2    91.0     8.40    95.00     3.92    98.45     0.00
 2013  8 16 13.00   149  560599.0 7626795.2    91.0     9.25    95.00     4.12    93.85     0.00
 2013  8 16 14.00   149  560599.0 7626795.2    91.0     9.56    95.00     3.89    90.75     0.00
 2013  8 16 15.00   149  560599.0 7626795.2    91.0     9.89    95.00     4.21    80.65     0.00
 2013  8 16 16.00   149  560599.0 7626795.2    91.0     9.73    95.00     4.59    80.30     0.00
 2013  8 16 17.00   149  560599.0 7626795.2    91.0     9.45    95.00     3.43    82.35     0.75
 2013  8 16 18.00   149  560599.0 7626795.2    91.0     9.59    95.00     3.23    82.80     1.95
 2013  8 16 19.00   149  560599.0 7626795.2    91.0     9.75    95.00     3.29    90.40     1.25
 2013  8 16 20.00   149  560599.0 7626795.2    91.0     9.88    95.00     2.91    81.35     1.31
 2013  8 16 21.00   149  560599.0 7626795.2    91.0     9.97    95.00     2.92    75.50     0.16
 2013  8 16 22.00   149  560599.0 7626795.2    91.0     9.96    95.00     2.54    75.25     0.00
 2013  8 16 23.00   149  560599.0 7626795.2    91.0     9.98    95.00     2.98    85.30     0.00
 2013  8 17  0.00   149  560599.0 7626795.2    91.0    10.05    95.00     2.80    94.45     0.00
 2013  8 17  1.00   149  560599.0 7626795.2    91.0    10.05    95.00     2.63    96.85     0.00
 2013  8 17  2.00   149  560599.0 7626795.2    91.0    10.07    95.00     2.27   102.75     0.00
 2013  8 17  3.00   149  560599.0 7626795.2    91.0    10.02    95.00     1.85   101.45     0.00
 2013  8 17  4.00   149  560599.0 7626795.2    91.0     9.88    95.00     1.72    84.30     0.00
 2013  8 17  5.00   149  560599.0 7626795.2    91.0    10.07    95.00     0.92    76.53     0.00
 2013  8 17  6.00   149  560599.0 7626795.2    91.0    10.17    95.00     1.13    74.10     0.00
 2013  8 17  7.00   149  560599.0 7626795.2    91.0    10.40    95.00     0.97    97.40     0.00
 2013  8 17  8.00   149  560599.0 7626795.2    91.0    10.79    95.00     1.04   109.80     0.00
 2013  8 17  9.00   149  560599.0 7626795.2    91.0    11.40    95.00     0.75   192.10     0.00
 2013  8 17 10.00   149  560599.0 7626795.2    91.0    12.05    95.00     0.83   246.10     0.00
 2013  8 17 11.00   149  560599.0 7626795.2    91.0    12.53    95.00     1.02   295.00     0.00
 2013  8 17 12.00   149  560599.0 7626795.2    91.0    12.96    95.00     2.46   293.55     0.00
 2013  8 17 13.00   149  560599.0 7626795.2    91.0    12.93    95.00     2.20   324.70     0.00
 2013  8 17 14.00   149  560599.0 7626795.2    91.0    13.43    95.00     2.25   320.20     0.00
 2013  8 17 15.00   149  560599.0 7626795.2    91.0    13.97    95.00     2.33   329.05     0.00
 2013  8 17 16.00   149  560599.0 7626795.2    91.0    14.03    95.00     2.04   180.94     0.00
 2013  8 17 17.00   149  560599.0 7626795.2    91.0    13.03    95.00     3.00   354.75     0.00
 2013  8 17 18.00   149  560599.0 7626795.2    91.0    12.43    95.00     3.46   346.30     0.00
 2013  8 17 19.00   149  560599.0 7626795.2    91.0    12.71    95.00     3.68   345.40     0.00
 2013  8 17 20.00   149  560599.0 7626795.2    91.0    11.41    95.00     3.83   344.35     0.00
 2013  8 17 21.00   149  560599.0 7626795.2    91.0     9.98    95.00     3.14   346.35     0.00
 2013  8 17 22.00   149  560599.0 7626795.2    91.0     9.20    95.00     2.63   341.15     0.00
 2013  8 17 23.00   149  560599.0 7626795.2    91.0     8.36    95.00     2.38   340.30     0.00
 2013  8 18  0.00   149  560599.0 7626795.2    91.0     7.54    95.00     2.13   348.75     0.00
 2013  8 18  1.00   149  560599.0 7626795.2    91.0     6.62    95.00     2.62   335.85     0.00
 2013  8 18  2.00   149  560599.0 7626795.2    91.0     5.15    95.00     2.07   297.85     0.00
 2013  8 18  3.00   149  560599.0 7626795.2    91.0     5.04    95.00     2.04   304.90     0.00
 2013  8 18  4.00   149  560599.0 7626795.2    91.0     4.89    95.00     1.96   310.15     0.00
 2013  8 18  5.00   149  560599.0 7626795.2    91.0     4.84    95.00     2.10   306.20     0.00
 2013  8 18  6.00   149  560599.0 7626795.2    91.0     5.07    95.00     1.97   306.70     0.00
 2013  8 18  7.00   149  560599.0 7626795.2    91.0     5.46    95.00     2.25   309.10     0.00
 2013  8 18  8.00   149  560599.0 7626795.2    91.0     6.52    95.00     1.90   326.50     0.00
 2013  8 18  9.00   149  560599.0 7626795.2    91.0     7.62    95.00     2.46   349.00     0.00
 2013  8 18 10.00   149  560599.0 7626795.2    91.0     8.56    95.00     2.84   348.20     0.00
 2013  8 18 11.00   149  560599.0 7626795.2    91.0     9.04    95.00     3.38   348.95     0.00
 2013  8 18 12.00   149  560599.0 7626795.2    91.0     9.21    95.00     4.04   348.40     0.00
 2013  8 18 13.00   149  560599.0 7626795.2    91.0     9.60    95.00     4.06   355.25     0.00
 2013  8 18 14.00   149  560599.0 7626795.2    91.0     9.68    95.00     4.40   349.75     0.00
 2013  8 18 15.00   149  560599.0 7626795.2    91.0     9.32    95.00     4.37   345.50     0.00
 2013  8 18 16.00   149  560599.0 7626795.2    91.0     9.76    95.00     4.12   180.84     0.00
 2013  8 18 17.00   149  560599.0 7626795.2    91.0     9.89    95.00     4.15     2.41     0.00
 2013  8 18 18.00   149  560599.0 7626795.2    91.0     9.79    95.00     4.28   179.88     0.00
 2013  8 18 19.00   149  560599.0 7626795.2    91.0     9.44    95.00     4.08   178.28     0.00
 2013  8 18 20.00   149  560599.0 7626795.2    91.0     8.91    95.00     4.17   352.15     0.16
 2013  8 18 21.00   149  560599.0 7626795.2    91.0     8.79    95.00     3.58   182.16     0.00
 2013  8 18 22.00   149  560599.0 7626795.2    91.0     8.74    95.00     3.78    25.76     0.99
 2013  8 18 23.00   149  560599.0 7626795.2    91.0     8.43    95.00     4.36    23.23     1.64
 2013  8 19  0.00   149  560599.0 7626795.2    91.0     7.96    95.00     3.54     5.66     0.16
 2013  8 19  1.00   149  560599.0 7626795.2    91.0     7.61    95.00     4.00    16.05     0.00
 2013  8 19  2.00   149  560599.0 7626795.2    91.0     7.43    95.00     3.82    15.13     0.00
 2013  8 19  3.00   149  560599.0 7626795.2    91.0     7.26    95.00     3.36    18.54     0.00
 2013  8 19  4.00   149  560599.0 7626795.2    91.0     6.96    95.00     3.72     7.42     0.00
 2013  8 19  5.00   149  560599.0 7626795.2    91.0     6.67    95.00     3.04   181.07     0.00
 2013  8 19  6.00   149  560599.0 7626795.2    91.0     6.44    95.00     3.08     8.28     0.00
 2013  8 19  7.00   149  560599.0 7626795.2    91.0     6.28    95.00     2.94     8.85     0.00
 2013  8 19  8.00   149  560599.0 7626795.2    91.0     6.36    95.00     3.19   358.80     0.00
 2013  8 19  9.00   149  560599.0 7626795.2    91.0     6.89    95.00     3.46   179.65     0.00
 2013  8 19 10.00   149  560599.0 7626795.2    91.0     7.33    95.00     3.66   185.12     0.00
 2013  8 19 11.00   149  560599.0 7626795.2    91.0     7.88    94.90     3.39    22.81     0.00
 2013  8 19 12.00   149  560599.0 7626795.2    91.0     8.48    92.35     3.42    24.78     0.00
 2013  8 19 13.00   149  560599.0 7626795.2    91.0     9.34    88.50     3.12    22.46     0.00
 2013  8 19 14.00   149  560599.0 7626795.2    91.0     9.92    83.75     3.25    30.09     0.00
 2013  8 19 15.00   149  560599.0 7626795.2    91.0     9.87    82.30     3.33    35.40     0.00
 2013  8 19 16.00   149  560599.0 7626795.2    91.0    10.20    81.30     3.59    48.59     0.00
 2013  8 19 17.00   149  560599.0 7626795.2    91.0     9.73    84.50     3.76    45.39     0.00
 2013  8 19 18.00   149  560599.0 7626795.2    91.0     8.96    87.00     4.76    48.48     0.65
 2013  8 19 19.00   149  560599.0 7626795.2    91.0     8.34    89.45     4.36    45.54     0.93
 2013  8 19 20.00   149  560599.0 7626795.2    91.0     7.56    93.85     4.07    38.20     0.00
 2013  8 19 21.00   149  560599.0 7626795.2    91.0     6.69    95.00     4.31    29.49     0.32
 2013  8 19 22.00   149  560599.0 7626795.2    91.0     5.92    95.00     4.08    24.14     0.31
 2013  8 19 23.00   149  560599.0 7626795.2    91.0     5.69    95.00     3.86    46.55     0.00
 2013  8 20  0.00   149  560599.0 7626795.2    91.0     5.68    95.00     3.88    62.28     0.00
 2013  8 20  1.00   149  560599.0 7626795.2    91.0     5.40    95.00     3.28    73.05     0.00
 2013  8 20  2.00   149  560599.0 7626795.2    91.0     4.82    95.00     3.21    87.50     0.00
 2013  8 20  3.00   149  560599.0 7626795.2    91.0     4.35    95.00     3.35    82.95     0.22
 2013  8 20  4.00   149  560599.0 7626795.2    91.0     3.96    95.00     3.42    90.00     0.65
 2013  8 20  5.00   149  560599.0 7626795.2    91.0     3.77    95.00     3.28    89.45     0.00
 2013  8 20  6.00   149  560599.0 7626795.2    91.0     3.68    95.00     3.15    88.15     0.00
 2013  8 20  7.00   149  560599.0 7626795.2    91.0     3.62    95.00     3.13    93.80     0.00
 2013  8 20  8.00   149  560599.0 7626795.2    91.0     3.59    95.00     3.31    85.10     0.00
 2013  8 20  9.00   149  560599.0 7626795.2    91.0     3.93    95.00     3.47    85.30     0.00
 2013  8 20 10.00   149  560599.0 7626795.2    91.0     4.47    95.00     3.96    80.75     0.00
 2013  8 20 11.00   149  560599.0 7626795.2    91.0     4.69    95.00     3.94    82.40     0.00
 2013  8 20 12.00   149  560599.0 7626795.2    91.0     5.06    95.00     4.25    71.00     0.00
 2013  8 20 13.00   149  560599.0 7626795.2    91.0     5.29    95.00     4.29    64.36     0.60
 2013  8 20 14.00   149  560599.0 7626795.2    91.0     5.50    95.00     4.00    63.25     0.45
 2013  8 20 15.00   149  560599.0 7626795.2    91.0     5.80    95.00     4.16    54.53     0.20
 2013  8 20 16.00   149  560599.0 7626795.2    91.0     5.73    95.00     4.54    47.30     0.00
 2013  8 20 17.00   149  560599.0 7626795.2    91.0     4.48    95.00     5.53    23.79     0.00
 2013  8 20 18.00   149  560599.0 7626795.2    91.0     3.54    95.00     5.84    17.04     0.44
 2013  8 20 19.00   149  560599.0 7626795.2    91.0     1.87    95.00     5.62     7.21     0.93
 2013  8 20 20.00   149  560599.0 7626795.2    91.0     0.39    95.00     5.61     3.46     0.65
 2013  8 20 21.00   149  560599.0 7626795.2    91.0    -0.12    95.00     5.47    15.23     0.85
 2013  8 20 22.00   149  560599.0 7626795.2    91.0    -0.16    95.00     4.38    20.80     0.48
 2013  8 20 23.00   149  560599.0 7626795.2    91.0    -0.20    95.00     4.51     8.89     0.00
 2013  8 21  0.00   149  560599.0 7626795.2    91.0    -0.40    95.00     3.62   181.26     0.00
 2013  8 21  1.00   149  560599.0 7626795.2    91.0    -0.13    95.00     2.29   342.60     0.00
 2013  8 21  2.00   149  560599.0 7626795.2    91.0    -0.00    95.00     2.03   330.65     0.00
 2013  8 21  3.00   149  560599.0 7626795.2    91.0     0.06    95.00     2.25   306.10     0.00
 2013  8 21  4.00   149  560599.0 7626795.2    91.0    -0.06    95.00     2.82   306.55     0.00
 2013  8 21  5.00   149  560599.0 7626795.2    91.0    -0.28    95.00     2.29   298.75     0.00
 2013  8 21  6.00   149  560599.0 7626795.2    91.0    -0.37    95.00     1.93   282.80     0.00
 2013  8 21  7.00   149  560599.0 7626795.2    91.0     0.24    95.00     2.24   274.60     0.00
 2013  8 21  8.00   149  560599.0 7626795.2    91.0     0.90    95.00     2.36   274.85     0.00
 2013  8 21  9.00   149  560599.0 7626795.2    91.0     1.53    95.00     2.35   274.50     0.00
 2013  8 21 10.00   149  560599.0 7626795.2    91.0     2.72    95.00     2.78   288.30     0.27
 2013  8 21 11.00   149  560599.0 7626795.2    91.0     3.52    95.00     2.80   277.05     0.00
 2013  8 21 12.00   149  560599.0 7626795.2    91.0     4.43    95.00     3.65   281.55     0.00
 2013  8 21 13.00   149  560599.0 7626795.2    91.0     5.62    94.60     3.54   273.55     0.13
 2013  8 21 14.00   149  560599.0 7626795.2    91.0     5.72    95.00     3.96   272.95     0.00
 2013  8 21 15.00   149  560599.0 7626795.2    91.0     5.28    95.00     3.37   300.40     0.00
 2013  8 21 16.00   149  560599.0 7626795.2    91.0     5.79    95.00     5.14   321.90     0.82
 2013  8 21 17.00   149  560599.0 7626795.2    91.0     5.47    95.00     4.59   316.10     0.00
 2013  8 21 18.00   149  560599.0 7626795.2    91.0     5.75    94.80     5.31   309.70     0.00
 2013  8 21 19.00   149  560599.0 7626795.2    91.0     6.21    92.05     4.43   309.35     0.00
 2013  8 21 20.00   149  560599.0 7626795.2    91.0     5.30    91.10     3.53   303.85     0.00
 2013  8 21 21.00   149  560599.0 7626795.2    91.0     3.59    95.00     2.10   281.50     0.00
 2013  8 21 22.00   149  560599.0 7626795.2    91.0     2.79    95.00     2.16   266.10     0.29
 2013  8 21 23.00   149  560599.0 7626795.2    91.0     2.04    95.00     2.33   263.00     0.25
 2013  8 22  0.00   149  560599.0 7626795.2    91.0     0.72    95.00     2.17   257.70     0.33
 2013  8 22  1.00   149  560599.0 7626795.2    91.0     0.55    95.00     2.06   262.15     0.00
 2013  8 22  2.00   149  560599.0 7626795.2    91.0     0.56    95.00     1.71   263.40     0.00
 2013  8 22  3.00   149  560599.0 7626795.2    91.0     1.39    95.00     1.99   257.65     0.00
 2013  8 22  4.00   149  560599.0 7626795.2    91.0     1.96    95.00     2.76   239.15     0.00
 2013  8 22  5.00   149  560599.0 7626795.2    91.0     2.04    95.00     3.01   221.85     0.00
 2013  8 22  6.00   149  560599.0 7626795.2    91.0     2.42    95.00     3.21   248.15     0.00
 2013  8 22  7.00   149  560599.0 7626795.2    91.0     3.17    95.00     3.88   266.25     0.00
 2013  8 22  8.00   149  560599.0 7626795.2    91.0     4.02    95.00     3.41   258.75     0.00
 2013  8 22  9.00   149  560599.0 7626795.2    91.0     4.69    95.00     4.74   281.50     0.00
 2013  8 22 10.00   149  560599.0 7626795.2    91.0     5.03    95.00     5.78   291.60     0.00
 2013  8 22 11.00   149  560599.0 7626795.2    91.0     4.96    93.55     6.14   297.05     0.00
 2013  8 22 12.00   149  560599.0 7626795.2    91.0     5.22    91.35     6.38   293.65     0.00
 2013  8 22 13.00   149  560599.0 7626795.2    91.0     4.74    92.95     6.91   301.15     0.92
 2013  8 22 14.00   149  560599.0 7626795.2    91.0     3.45    95.00     6.94   298.10     0.98
 2013  8 22 15.00   149  560599.0 7626795.2    91.0     3.57    95.00     7.47   287.25     0.00
 2013  8 22 16.00   149  560599.0 7626795.2    91.0     4.00    95.00     8.30   295.60     0.45
 2013  8 22 17.00   149  560599.0 7626795.2    91.0     3.89    95.00     6.95   312.35     0.00
 2013  8 22 18.00   149  560599.0 7626795.2    91.0     3.06    95.00     6.38   315.75     0.00
 2013  8 22 19.00   149  560599.0 7626795.2    91.0     3.02    95.00     4.70   328.00     0.00
 2013  8 22 20.00   149  560599.0 7626795.2    91.0     2.65    95.00     4.66   343.75     0.00
 2013  8 22 21.00   149  560599.0 7626795.2    91.0     1.69    95.00     4.08   343.30     0.00
 2013  8 22 22.00   149  560599.0 7626795.2    91.0     0.71    95.00     3.20   335.20     0.00
 2013  8 22 23.00   149  560599.0 7626795.2    91.0    -0.33    95.00     2.55   343.00     0.00
 2013  8 23  0.00   149  560599.0 7626795.2    91.0    -1.25    95.00     2.02   352.55     0.00
 2013  8 23  1.00   149  560599.0 7626795.2    91.0    -2.75    95.00     2.01   314.30     0.00
 2013  8 23  2.00   149  560599.0 7626795.2    91.0    -3.84    95.00     2.42   258.75     0.00
 2013  8 23  3.00   149  560599.0 7626795.2    91.0    -4.05    95.00     1.67   269.50     0.00
 2013  8 23  4.00   149  560599.0 7626795.2    91.0    -4.51    95.00     1.34   284.45     0.00
 2013  8 23  5.00   149  560599.0 7626795.2    91.0    -4.06    95.00     1.67   314.35     0.00
 2013  8 23  6.00   149  560599.0 7626795.2    91.0    -3.45    95.00     1.33   297.50     0.00
 2013  8 23  7.00   149  560599.0 7626795.2    91.0    -1.73    95.00     1.49   279.85     0.00
 2013  8 23  8.00   149  560599.0 7626795.2    91.0    -0.17    95.00     1.39   336.55     0.00
 2013  8 23  9.00   149  560599.0 7626795.2    91.0     0.76    95.00     2.54   186.63     0.00
 2013  8 23 10.00   149  560599.0 7626795.2    91.0     1.45    95.00     2.84    88.55     0.00
 2013  8 23 11.00   149  560599.0 7626795.2    91.0     1.79    95.00     2.87    90.10     0.00
 2013  8 23 12.00   149  560599.0 7626795.2    91.0     2.34    91.30     3.29    86.15     0.00
 2013  8 23 13.00   149  560599.0 7626795.2    91.0     2.60    87.65     2.63    78.45     0.00
 2013  8 23 14.00   149  560599.0 7626795.2    91.0     3.25    83.15     3.02    72.41     0.00
 2013  8 23 15.00   149  560599.0 7626795.2    91.0     3.76    79.00     3.01    51.63     0.00
 2013  8 23 16.00   149  560599.0 7626795.2    91.0     3.92    73.55     2.37    39.73     0.00
 2013  8 23 17.00   149  560599.0 7626795.2    91.0     4.48    69.81     3.40    36.36     0.00
 2013  8 23 18.00   149  560599.0 7626795.2    91.0     4.77    66.75     2.88    41.98     0.00
 2013  8 23 19.00   149  560599.0 7626795.2    91.0     3.90    73.20     3.42    57.61     0.00
 2013  8 23 20.00   149  560599.0 7626795.2    91.0     2.74    77.15     2.71    50.39     0.00
 2013  8 23 21.00   149  560599.0 7626795.2    91.0     2.17    84.80     3.80    58.13     0.00
 2013  8 23 22.00   149  560599.0 7626795.2    91.0     0.79    93.25     3.78    65.39     0.00
 2013  8 23 23.00   149  560599.0 7626795.2    91.0    -0.05    95.00     3.10    82.75     0.00
 2013  8 24  0.00   149  560599.0 7626795.2    91.0    -0.76    95.00     3.00    90.30     0.00
 2013  8 24  1.00   149  560599.0 7626795.2    91.0    -0.48    95.00     3.33    92.90     0.00
 2013  8 24  2.00   149  560599.0 7626795.2    91.0    -0.62    95.00     3.16    95.25     0.00
 2013  8 24  3.00   149  560599.0 7626795.2    91.0    -0.99    95.00     3.29   101.10     0.00
 2013  8 24  4.00   149  560599.0 7626795.2    91.0    -1.26    95.00     2.87    99.55     0.00
 2013  8 24  5.00   149  560599.0 7626795.2    91.0    -1.41    95.00     2.87    96.05     0.00
 2013  8 24  6.00   149  560599.0 7626795.2    91.0    -1.62    95.00     2.50   111.55     0.00
 2013  8 24  7.00   149  560599.0 7626795.2    91.0    -1.61    94.85     2.15   110.45     0.00
 2013  8 24  8.00   149  560599.0 7626795.2    91.0    -1.22    92.90     2.88   113.05     0.00
 2013  8 24  9.00   149  560599.0 7626795.2    91.0    -0.82    91.40     2.66   112.20     0.00
 2013  8 24 10.00   149  560599.0 7626795.2    91.0    -0.05    87.00     1.73   115.20     0.00
 2013  8 24 11.00   149  560599.0 7626795.2    91.0     1.19    79.40     1.84    36.53     0.00
 2013  8 24 12.00   149  560599.0 7626795.2    91.0     1.51    77.85     2.47    35.39     0.00
 2013  8 24 13.00   149  560599.0 7626795.2    91.0     2.28    71.35     1.44    50.45     0.00
 2013  8 24 14.00   149  560599.0 7626795.2    91.0     2.75    71.25     1.91   356.95     0.00
 2013  8 24 15.00   149  560599.0 7626795.2    91.0     2.79    72.90     2.18   179.44     0.00
 2013  8 24 16.00   149  560599.0 7626795.2    91.0     3.08    71.05     2.01    26.13     0.00
 2013  8 24 17.00   149  560599.0 7626795.2    91.0     3.56    69.07     1.80    23.00     0.00
 2013  8 24 18.00   149  560599.0 7626795.2    91.0     3.20    71.45     1.92    32.79     0.00
 2013  8 24 19.00   149  560599.0 7626795.2    91.0     3.17    70.60     1.22    19.57     0.00
 2013  8 24 20.00   149  560599.0 7626795.2    91.0     2.88    73.45     1.41    50.98     0.00
 2013  8 24 21.00   149  560599.0 7626795.2    91.0     2.15    82.50     1.65   122.10     0.00
 2013  8 24 22.00   149  560599.0 7626795.2    91.0     1.33    88.55     1.19   124.30     0.00
 2013  8 24 23.00   149  560599.0 7626795.2    91.0     0.64    91.00     1.35   150.05     0.00
 2013  8 25  0.00   149  560599.0 7626795.2    91.0     0.24    91.50     1.77   185.10     0.00
 2013  8 25  1.00   149  560599.0 7626795.2    91.0     0.48    88.05     1.58   200.25     0.00
 2013  8 25  2.00   149  560599.0 7626795.2    91.0     0.69    87.95     1.32   214.25     0.00
 2013  8 25  3.00   149  560599.0 7626795.2    91.0    -0.38    94.65     1.90   245.65     0.00
 2013  8 25  4.00   149  560599.0 7626795.2    91.0    -0.66    91.70     1.90   260.90     0.00
 2013  8 25  5.00   149  560599.0 7626795.2    91.0    -1.29    95.00     2.23   269.05     0.00
 2013  8 25  6.00   149  560599.0 7626795.2    91.0    -1.57    93.75     2.38   261.60     0.00
 2013  8 25  7.00   149  560599.0 7626795.2    91.0    -0.81    95.00     2.29   251.00     0.00
 2013  8 25  8.00   149  560599.0 7626795.2    91.0     0.69    95.00     2.23   228.95     0.00
 2013  8 25  9.00   149  560599.0 7626795.2    91.0     1.77    92.90     2.88   242.20     0.00
 2013  8 25 10.00   149  560599.0 7626795.2    91.0     2.72    89.40     3.52   237.50     0.00
 2013  8 25 11.00   149  560599.0 7626795.2    91.0     4.00    82.35     3.27   215.55     0.00
 2013  8 25 12.00   149  560599.0 7626795.2    91.0     5.38    69.99     3.58   226.80     0.00
 2013  8 25 13.00   149  560599.0 7626795.2    91.0     6.42    62.41     3.59   224.10     0.00
 2013  8 25 14.00   149  560599.0 7626795.2    91.0     6.94    60.58     3.42   230.85     0.00
 2013  8 25 15.00   149  560599.0 7626795.2    91.0     7.09    61.37     3.04   249.60     0.00
 2013  8 25 16.00   149  560599.0 7626795.2    91.0     7.33    60.06     2.94   270.70     0.00
 2013  8 25 17.00   149  560599.0 7626795.2    91.0     6.89    62.09     2.50   290.20     0.00
 2013  8 25 18.00   149  560599.0 7626795.2    91.0     6.60    71.66     1.52   169.31     0.00
 2013  8 25 19.00   149  560599.0 7626795.2    91.0     6.20    80.65     2.54    13.73     0.00
 2013  8 25 20.00   149  560599.0 7626795.2    91.0     5.35    87.50     2.44     4.07     0.00
 2013  8 25 21.00   149  560599.0 7626795.2    91.0     4.34    92.15     1.58   179.31     0.00
 2013  8 25 22.00   149  560599.0 7626795.2    91.0     3.59    94.40     1.48   350.80     0.00
 2013  8 25 23.00   149  560599.0 7626795.2    91.0     2.25    95.00     1.52   312.90     0.00
 2013  8 26  0.00   149  560599.0 7626795.2    91.0     2.63    95.00     2.27   329.35     0.00
 2013  8 26  1.00   149  560599.0 7626795.2    91.0     2.39    95.00     2.24   333.90     0.00
 2013  8 26  2.00   149  560599.0 7626795.2    91.0     1.95    95.00     1.88   322.60     0.00
 2013  8 26  3.00   149  560599.0 7626795.2    91.0     1.78    95.00     2.09   320.05     0.00
 2013  8 26  4.00   149  560599.0 7626795.2    91.0     1.31    95.00     1.98   334.70     0.00
 2013  8 26  5.00   149  560599.0 7626795.2    91.0     0.66    95.00     1.85   331.50     0.00
 2013  8 26  6.00   149  560599.0 7626795.2    91.0     0.58    95.00     1.68   315.45     0.00
 2013  8 26  7.00   149  560599.0 7626795.2    91.0     0.70    95.00     1.57   302.95     0.00
 2013  8 26  8.00   149  560599.0 7626795.2    91.0     0.86    95.00     1.50   294.70     0.00
 2013  8 26  9.00   149  560599.0 7626795.2    91.0     1.56    95.00     1.05   280.95     0.00
 2013  8 26 10.00   149  560599.0 7626795.2    91.0     2.38    95.00     1.42   318.80     0.00
 2013  8 26 11.00   149  560599.0 7626795.2    91.0     3.20    92.65     1.04   334.30     0.00
 2013  8 26 12.00   149  560599.0 7626795.2    91.0     4.01    87.65     1.11   341.90     0.00
 2013  8 26 13.00   149  560599.0 7626795.2    91.0     4.66    82.05     1.33   339.35     0.00
 2013  8 26 14.00   149  560599.0 7626795.2    91.0     5.16    81.30     1.73   344.30     0.00
 2013  8 26 15.00   149  560599.0 7626795.2    91.0     6.34    75.70     1.44     8.65     0.00
 2013  8 26 16.00   149  560599.0 7626795.2    91.0     6.62    73.80     1.17   205.41     0.00
 2013  8 26 17.00   149  560599.0 7626795.2    91.0     7.82    67.54     1.49    41.20     0.00
 2013  8 26 18.00   149  560599.0 7626795.2    91.0     7.61    66.94     1.57    68.32     0.00
 2013  8 26 19.00   149  560599.0 7626795.2    91.0     6.74    70.84     1.00   100.99     0.00
 2013  8 26 20.00   149  560599.0 7626795.2    91.0     5.82    81.15     1.89   268.40     0.00
 2013  8 26 21.00   149  560599.0 7626795.2    91.0     5.05    94.10     1.44   305.65     0.00
 2013  8 26 22.00   149  560599.0 7626795.2    91.0     3.12    95.00     0.58   249.40     0.00
 2013  8 26 23.00   149  560599.0 7626795.2    91.0    -0.09    95.00     1.77   262.45     0.00
 2013  8 27  0.00   149  560599.0 7626795.2    91.0    -1.10    95.00     2.03   261.35     0.00
 2013  8 27  1.00   149  560599.0 7626795.2    91.0    -0.89    95.00     2.38   255.65     0.00
 2013  8 27  2.00   149  560599.0 7626795.2    91.0    -0.47    95.00     2.30   258.75     0.00
 2013  8 27  3.00   149  560599.0 7626795.2    91.0     1.25    95.00     2.52   246.35     0.00
 2013  8 27  4.00   149  560599.0 7626795.2    91.0     1.74    95.00     2.69   247.20     0.00
 2013  8 27  5.00   149  560599.0 7626795.2    91.0     1.07    95.00     1.88   252.90     0.00
 2013  8 27  6.00   149  560599.0 7626795.2    91.0     0.19    95.00     0.71   241.90     0.00
 2013  8 27  7.00   149  560599.0 7626795.2    91.0     0.92    95.00     4.02   212.50     0.00
 2013  8 27  8.00   149  560599.0 7626795.2    91.0     2.60    94.90     4.14   206.00     0.00
 2013  8 27  9.00   149  560599.0 7626795.2    91.0     4.26    89.90     4.72   201.75     0.00
 2013  8 27 10.00   149  560599.0 7626795.2    91.0     6.10    80.30     4.67   193.35     0.00
 2013  8 27 11.00   149  560599.0 7626795.2    91.0     8.15    69.58     4.12   198.95     0.00
 2013  8 27 12.00   149  560599.0 7626795.2    91.0     9.27    61.80     5.02   192.45     0.00
 2013  8 27 13.00   149  560599.0 7626795.2    91.0     9.84    53.76     5.57   190.60     0.71
 2013  8 27 14.00   149  560599.0 7626795.2    91.0     9.75    54.31     4.94   198.35     0.28
 2013  8 27 15.00   149  560599.0 7626795.2    91.0    10.32    51.61     5.63   187.70     0.00
 2013  8 27 16.00   149  560599.0 7626795.2    91.0    10.57    52.19     5.49   198.55     0.33
 2013  8 27 17.00   149  560599.0 7626795.2    91.0    10.59    51.70     5.47   196.75     0.48
 2013  8 27 18.00   149  560599.0 7626795.2    91.0    10.45    51.37     5.30   194.25     0.00
 2013  8 27 19.00   149  560599.0 7626795.2    91.0    10.17    51.45     4.73   194.65     0.28
 2013  8 27 20.00   149  560599.0 7626795.2    91.0     9.43    55.59     4.20   168.75     0.16
 2013  8 27 21.00   149  560599.0 7626795.2    91.0     6.68    68.05     3.02   155.00     0.00
 2013  8 27 22.00   149  560599.0 7626795.2    91.0     4.75    75.70     3.25   165.75     0.60
 2013  8 27 23.00   149  560599.0 7626795.2    91.0     4.31    76.20     4.04   161.65     0.13
 2013  8 28  0.00   149  560599.0 7626795.2    91.0     3.99    75.05     4.04   167.95     0.00
 2013  8 28  1.00   149  560599.0 7626795.2    91.0     2.46    80.65     3.75   182.40     0.00
 2013  8 28  2.00   149  560599.0 7626795.2    91.0     2.02    86.00     3.39   178.95     0.00
 2013  8 28  3.00   149  560599.0 7626795.2    91.0     1.66    90.00     3.04   192.50     0.00
 2013  8 28  4.00   149  560599.0 7626795.2    91.0     2.25    87.85     3.77   178.35     0.00
 2013  8 28  5.00   149  560599.0 7626795.2    91.0     2.60    86.30     3.64   171.55     0.00
 2013  8 28  6.00   149  560599.0 7626795.2    91.0     2.31    87.75     4.09   163.85     0.00
 2013  8 28  7.00   149  560599.0 7626795.2    91.0     3.13    84.30     3.89   156.00     0.00
 2013  8 28  8.00   149  560599.0 7626795.2    91.0     4.88    78.60     4.88   162.30     0.00
 2013  8 28  9.00   149  560599.0 7626795.2    91.0     6.79    76.25     4.77   179.10     0.00
 2013  8 28 10.00   149  560599.0 7626795.2    91.0     8.53    74.05     5.72   168.35     0.00
 2013  8 28 11.00   149  560599.0 7626795.2    91.0    10.10    67.69     6.75   164.30     0.00
 2013  8 28 12.00   149  560599.0 7626795.2    91.0    11.38    61.40     6.71   163.20     0.00
 2013  8 28 13.00   149  560599.0 7626795.2    91.0    12.82    57.28     6.40   156.45     0.00
 2013  8 28 14.00   149  560599.0 7626795.2    91.0    13.88    53.98     6.48   166.45     0.00
 2013  8 28 15.00   149  560599.0 7626795.2    91.0    14.65    50.27     5.97   175.40     0.00
 2013  8 28 16.00   149  560599.0 7626795.2    91.0    15.23    48.63     6.07   177.30     0.00
 2013  8 28 17.00   149  560599.0 7626795.2    91.0    15.23    50.44     5.56   171.40     0.24
 2013  8 28 18.00   149  560599.0 7626795.2    91.0    15.55    50.89     5.84   169.50     0.26
 2013  8 28 19.00   149  560599.0 7626795.2    91.0    15.18    52.95     4.40   174.30     0.25
 2013  8 28 20.00   149  560599.0 7626795.2    91.0    14.34    57.18     3.17   179.05     0.00
 2013  8 28 21.00   149  560599.0 7626795.2    91.0    10.61    68.56     1.86   242.80     0.00
 2013  8 28 22.00   149  560599.0 7626795.2    91.0     8.02    79.30     1.63   195.90     0.39
 2013  8 28 23.00   149  560599.0 7626795.2    91.0     8.06    81.20     2.13   188.85     0.00
 2013  8 29  0.00   149  560599.0 7626795.2    91.0     7.00    85.10     1.73   192.20     0.11
 2013  8 29  1.00   149  560599.0 7626795.2    91.0     8.02    82.95     2.34   198.70     0.00
 2013  8 29  2.00   149  560599.0 7626795.2    91.0     8.41    84.35     3.79   226.85     0.00
 2013  8 29  3.00   149  560599.0 7626795.2    91.0     8.50    86.30     3.09   261.90     0.00
 2013  8 29  4.00   149  560599.0 7626795.2    91.0     7.58    90.65     2.46   253.90     0.00
 2013  8 29  5.00   149  560599.0 7626795.2    91.0     6.00    95.00     2.55   256.55     0.00
 2013  8 29  6.00   149  560599.0 7626795.2    91.0     5.27    95.00     2.08   250.25     0.00
 2013  8 29  7.00   149  560599.0 7626795.2    91.0     5.48    95.00     1.24   242.85     0.00
 2013  8 29  8.00   149  560599.0 7626795.2    91.0     8.12    91.85     1.54   247.70     0.00
 2013  8 29  9.00   149  560599.0 7626795.2    91.0     9.73    87.10     1.86   238.80     0.00
 2013  8 29 10.00   149  560599.0 7626795.2    91.0    11.38    81.80     1.96   217.95     0.00
 2013  8 29 11.00   149  560599.0 7626795.2    91.0    12.84    75.55     1.35   225.20     0.00
 2013  8 29 12.00   149  560599.0 7626795.2    91.0    14.64    63.84     0.74   252.35     0.24
 2013  8 29 13.00   149  560599.0 7626795.2    91.0    15.05    62.64     1.09   183.30     0.00
 2013  8 29 14.00   149  560599.0 7626795.2    91.0    15.48    62.47     1.15   152.94     0.00
 2013  8 29 15.00   149  560599.0 7626795.2    91.0    14.96    64.73     1.88    86.25     0.00
 2013  8 29 16.00   149  560599.0 7626795.2    91.0    14.41    67.19     3.05    35.17     0.00
 2013  8 29 17.00   149  560599.0 7626795.2    91.0    13.87    70.75     2.83    25.59     0.00
 2013  8 29 18.00   149  560599.0 7626795.2    91.0    13.63    74.00     1.63    17.26     0.00
 2013  8 29 19.00   149  560599.0 7626795.2    91.0    12.00    87.70     0.74   108.35     0.00
 2013  8 29 20.00   149  560599.0 7626795.2    91.0    10.90    95.00     0.84   225.35     0.00
 2013  8 29 21.00   149  560599.0 7626795.2    91.0     9.72    93.25     2.43   335.60     0.00
 2013  8 29 22.00   149  560599.0 7626795.2    91.0     8.66    95.00     2.51   176.59     0.00
 2013  8 29 23.00   149  560599.0 7626795.2    91.0     8.08    95.00     2.12     4.10     0.00
 2013  8 30  0.00   149  560599.0 7626795.2    91.0     7.20    95.00     1.46   322.70     0.00
 2013  8 30  1.00   149  560599.0 7626795.2    91.0     6.23    95.00     1.63   309.45     0.00
 2013  8 30  2.00   149  560599.0 7626795.2    91.0     5.40    95.00     2.21   318.00     0.00
 2013  8 30  3.00   149  560599.0 7626795.2    91.0     5.58    95.00     1.83   322.45     0.00
 2013  8 30  4.00   149  560599.0 7626795.2    91.0     6.02    95.00     2.64   345.85     0.00
 2013  8 30  5.00   149  560599.0 7626795.2    91.0     6.09    95.00     2.63   347.55     0.00
 2013  8 30  6.00   149  560599.0 7626795.2    91.0     6.05    95.00     1.82    16.94     0.00
 2013  8 30  7.00   149  560599.0 7626795.2    91.0     6.15    95.00     1.94    37.23     0.00
 2013  8 30  8.00   149  560599.0 7626795.2    91.0     6.22    95.00     1.72    30.43     0.00
 2013  8 30  9.00   149  560599.0 7626795.2    91.0     6.41    95.00     1.41    41.21     0.15
 2013  8 30 10.00   149  560599.0 7626795.2    91.0     6.75    95.00     2.15    54.09     0.41
 2013  8 30 11.00   149  560599.0 7626795.2    91.0     6.80    95.00     1.39    44.30     0.56
 2013  8 30 12.00   149  560599.0 7626795.2    91.0     7.38    95.00     0.79   187.59     0.00
 2013  8 30 13.00   149  560599.0 7626795.2    91.0     7.96    95.00     0.76   285.10     0.00
 2013  8 30 14.00   149  560599.0 7626795.2    91.0     8.46    95.00     1.76   263.90     0.00
 2013  8 30 15.00   149  560599.0 7626795.2    91.0     9.02    94.80     3.38   281.50     0.00
 2013  8 30 16.00   149  560599.0 7626795.2    91.0    10.18    87.35     3.40   281.10     0.00
 2013  8 30 17.00   149  560599.0 7626795.2    91.0    10.23    86.70     2.42   274.00     0.00
 2013  8 30 18.00   149  560599.0 7626795.2    91.0    10.04    91.20     2.69   231.10     0.00
 2013  8 30 19.00   149  560599.0 7626795.2    91.0     8.98    95.00     3.42   216.90     0.00
 2013  8 30 20.00   149  560599.0 7626795.2    91.0     8.37    95.00     2.52   222.95     0.00
 2013  8 30 21.00   149  560599.0 7626795.2    91.0     7.76    95.00     3.34   235.65     0.00
 2013  8 30 22.00   149  560599.0 7626795.2    91.0     7.63    95.00     3.34   239.80     0.00
 2013  8 30 23.00   149  560599.0 7626795.2    91.0     7.31    95.00     3.37   261.20     0.00
 2013  8 31  0.00   149  560599.0 7626795.2    91.0     6.95    95.00     4.33   277.40     0.00
 2013  8 31  1.00   149  560599.0 7626795.2    91.0     5.13    95.00     4.09   280.00     0.66
 2013  8 31  2.00   149  560599.0 7626795.2    91.0     5.07    95.00     6.65   298.35     0.00
 2013  8 31  3.00   149  560599.0 7626795.2    91.0     4.68    95.00     5.99   300.20     0.13
 2013  8 31  4.00   149  560599.0 7626795.2    91.0     4.46    95.00     6.48   305.15     0.00
 2013  8 31  5.00   149  560599.0 7626795.2    91.0     3.85    95.00     5.51   313.50     0.00
 2013  8 31  6.00   149  560599.0 7626795.2    91.0     2.74    95.00     2.38   289.15     0.00
 2013  8 31  7.00   149  560599.0 7626795.2    91.0     1.87    95.00     1.44   243.10     0.00
 2013  8 31  8.00   149  560599.0 7626795.2    91.0     2.42    95.00     2.07   264.20     0.00
 2013  8 31  9.00   149  560599.0 7626795.2    91.0     3.43    95.00     3.56   286.75     0.00
 2013  8 31 10.00   149  560599.0 7626795.2    91.0     3.37    95.00     4.85   286.25     0.00
 2013  8 31 11.00   149  560599.0 7626795.2    91.0     2.96    95.00     5.11   276.50     0.47
 2013  8 31 12.00   149  560599.0 7626795.2    91.0     3.80    95.00     6.51   291.30     0.00
 2013  8 31 13.00   149  560599.0 7626795.2    91.0     3.25    95.00     7.14   296.10     0.00
 2013  8 31 14.00   149  560599.0 7626795.2    91.0     2.81    95.00     7.71   293.30     0.33
 2013  8 31 15.00   149  560599.0 7626795.2    91.0     3.29    95.00     8.66   287.65     0.82
 2013  8 31 16.00   149  560599.0 7626795.2    91.0     3.53    91.75     8.62   295.45     0.00
 2013  8 31 17.00   149  560599.0 7626795.2    91.0     4.80    76.75     8.76   299.10     0.00
 2013  8 31 18.00   149  560599.0 7626795.2    91.0     4.80    70.47     7.86   297.30     0.00
 2013  8 31 19.00   149  560599.0 7626795.2    91.0     4.85    66.98     6.41   303.80     0.00
 2013  8 31 20.00   149  560599.0 7626795.2    91.0     4.12    68.96     3.04   281.80     0.00
 2013  8 31 21.00   149  560599.0 7626795.2    91.0     0.84    86.65     2.21   262.75     0.00
 2013  8 31 22.00   149  560599.0 7626795.2    91.0     0.61    94.15     2.48   259.30     0.00
 2013  8 31 23.00   149  560599.0 7626795.2    91.0     1.98    91.00     3.54   266.35     0.00
