datetime	t	rh	u	vw_dir	p
20120901T000000	5.88	95	4.21	27.23	0
20120901T010000	5.82	95	3.94	30.73	0
20120901T020000	5.7	95	3.14	48.91	0
20120901T030000	5.81	95	2.18	90.4	0
20120901T040000	5.64	95	2.85	102.3	0
20120901T050000	5.64	95	3.27	97.1	0
20120901T060000	5.52	95	3.54	97.35	0
20120901T070000	5.38	95	3.67	100.6	0
20120901T080000	5.38	95	4.33	104.6	0
20120901T090000	5.7	95	3.83	108	0
20120901T100000	6.32	95	3.98	102.85	0
20120901T110000	7.17	95	3.86	112.8	0
20120901T120000	8.32	95	3.75	116.6	0
20120901T130000	9.16	95	3.64	111.3	0
20120901T140000	10.02	95	3.23	117.75	0
20120901T150000	11.19	95	3.51	124.65	0
20120901T160000	12	94.05	4.27	125.75	0
20120901T170000	11.68	91.75	4.77	134.35	0
20120901T180000	11.37	92.8	4	131.75	0
20120901T190000	10.98	95	3.42	126.25	0
20120901T200000	10.96	95	1.77	100.1	0
20120901T210000	9.82	95	2.33	54.64	0
20120901T220000	9.03	95	3.2	72.97	0
20120901T230000	8.98	95	4.04	83.6	0
20120902T000000	8.85	95	4.29	71.41	0
20120902T010000	8.66	95	3.38	58.04	0
20120902T020000	8.53	95	3.25	56.65	0
20120902T030000	8.34	95	2.34	50.45	0
20120902T040000	8.31	95	2.17	50.44	0
20120902T050000	8.16	95	2.38	60.07	0.87
20120902T060000	8.05	95	2.05	53.41	0.65
20120902T070000	8.32	95	2.11	36.62	0
20120902T080000	8.9	95	2.86	45.58	0.33
20120902T090000	9.17	95	3.06	47.47	0
20120902T100000	9.48	95	2.84	45.03	0.45
20120902T110000	9.96	95	3.14	37.95	0
20120902T120000	10.41	95	3.59	34.23	0
20120902T130000	11.04	93.45	4.25	39.89	0.2
20120902T140000	11.17	91.6	4.27	43.78	0
20120902T150000	10.64	95	3.72	33.41	0
20120902T160000	10.5	95	3.05	28.98	0
20120902T170000	10.3	95	2.44	27.38	0
20120902T180000	10.28	95	2.61	11.68	0
20120902T190000	9.36	95	3.56	356.6	0
20120902T200000	8.95	95	2.74	180.69	0
20120902T210000	8.66	95	2.59	345.65	0
20120902T220000	8.38	95	1.96	334.85	0
20120902T230000	8.27	95	1.57	334.95	0
20120903T000000	7.99	95	1.46	78.91	0
20120903T010000	7.57	95	1.32	88.2	0
20120903T020000	7.14	95	0.27	95.95	0
20120903T030000	7.02	95	0.58	141.35	0
20120903T040000	6.98	95	0.92	131.2	0
20120903T050000	7.05	95	1.83	124.05	0
20120903T060000	6.81	95	1.81	112.35	0
20120903T070000	6.8	95	1.71	110.25	0
20120903T080000	6.96	95	2.14	109.75	0
20120903T090000	7.54	95	2.17	115.85	0
20120903T100000	8.26	95	2.45	127.55	0
20120903T110000	9.31	95	2.13	127.2	0
20120903T120000	9.79	95	3.46	132.35	0
20120903T130000	10.18	95	4.02	134.6	0
20120903T140000	11.2	79	4.17	150	0
20120903T150000	12.4	75	5.28	110	0
20120903T160000	13.6	71	5.28	120	0
20120903T170000	13.9	68	6.11	120	0.11
20120903T180000	15.2	63	6.67	120	0
20120903T190000	13.9	70	5.56	130	0
20120903T200000	12.6	76	4.72	130	0
20120903T210000	11.4	81	4.72	130	0
20120903T220000	10.8	82	4.17	130	0
20120903T230000	10.9	85	4.17	140	0
20120904T000000	10.9	84	3.06	130	0
20120904T010000	11.1	83	3.06	130	0
20120904T020000	10.2	86	1.67	140	0
20120904T030000	10	87	1.94	130	0
20120904T040000	10.6	83	1.67	100	0
20120904T050000	10.1	86	2.5	120	0
20120904T060000	10.1	86	3.61	140	0
20120904T070000	10.7	83	1.67	140	0
20120904T080000	11.4	79	2.5	170	0
20120904T090000	12.5	76	2.5	180	0
20120904T100000	12.8	76	3.05	210	0
20120904T110000	15.12	75.15	2.21	219.05	0
20120904T120000	16.7	73.45	2.54	233.05	0
20120904T130000	17.51	66.91	2.83	260.7	0
20120904T140000	17.8	60.55	3.66	298.25	0
20120904T150000	18.32	57.36	3.61	310.05	0
20120904T160000	18.7	53.14	3.34	317.8	0
20120904T170000	19.29	48.8	2.63	293.9	0
20120904T180000	19.12	49.45	1.81	267.9	0
20120904T190000	18.42	53.16	1.95	297.85	0
20120904T200000	15.69	67.42	0.93	219.2	0
20120904T210000	13.33	75.35	0.69	135.95	0
20120904T220000	13.22	78.8	0.9	130.6	0
20120904T230000	11.48	87	1.26	178.75	0
20120905T000000	10.98	87.2	0.46	175.5	0
20120905T010000	10.26	90.55	2.92	221.85	0
20120905T020000	8.8	95	1.48	266.45	0
20120905T030000	8.46	95	3.17	233.25	0
20120905T040000	8.77	95	4.36	209.6	0
20120905T050000	9.02	95	4.4	199.05	0
20120905T060000	8.76	95	3.89	191.6	0
20120905T070000	9.39	95	4.49	185.9	0
20120905T080000	10.25	93.55	4.8	183.85	0
20120905T090000	11.23	89.1	5.62	184.9	0
20120905T100000	11.85	88.5	4.63	192.4	0
20120905T110000	13.64	79.7	5.41	200.85	0
20120905T120000	15.34	66.38	6.84	204.55	0
20120905T130000	15.86	63.53	6.52	206.65	0
20120905T140000	17.41	55.23	6.1	216.7	0
20120905T150000	18.66	47.34	6.59	221.5	0
20120905T160000	19.41	42.89	6.16	218.7	0
20120905T170000	19.95	38.9	6.11	216.05	0
20120905T180000	18.48	45.55	4.96	219.65	0
20120905T190000	16.59	53.83	7.8	211.85	0
20120905T200000	14.16	59.74	4.22	208.45	0
20120905T210000	11.43	71.72	2.31	242.25	0
20120905T220000	11.16	73.7	3.72	245.45	0
20120905T230000	9.11	81.8	2.99	256.85	0.42
20120906T000000	8.66	77.5	3.39	262.25	0
20120906T010000	8.21	82.15	3.35	259.05	0
20120906T020000	9.24	76.1	4.11	267.15	0
20120906T030000	8.54	79	4.11	255.65	0
20120906T040000	8	82	3.02	258.05	0
20120906T050000	7.51	84.3	2.87	257.35	0
20120906T060000	6.63	85.9	2.44	259.2	0
20120906T070000	6.22	86.2	2.04	251.1	0
20120906T080000	8.46	77.8	1.12	267.85	0
20120906T090000	10.71	74	2.85	192.3	0
20120906T100000	12.27	70.69	4.71	220	0
20120906T110000	14.23	58.17	7.65	241.95	0
20120906T120000	14.66	51.38	9.36	258.35	0
20120906T130000	13.8	54.77	9.82	255.2	0
20120906T140000	13.83	55.3	10.81	257.1	0
20120906T150000	12.98	59.89	8.61	253.85	0
20120906T160000	13.38	59.7	7.54	258.65	0
20120906T170000	13.21	60.27	7.35	261.6	0
20120906T180000	13.2	59.45	6.3	262.6	0
20120906T190000	12.96	58.37	6.24	249.8	0
20120906T200000	11.26	62.05	5.67	256.55	0
20120906T210000	10.59	63.83	5.58	240.3	0
20120906T220000	10.43	61.93	6.63	244.5	0
20120906T230000	9.8	65.47	6.63	239.1	0
20120907T000000	9.91	63.95	6.83	241.75	0
20120907T010000	9.86	63.99	7.15	265.6	0
20120907T020000	9.43	66.58	6.24	264.95	0
20120907T030000	8.81	69.16	6.78	269.05	0
20120907T040000	7.52	78.7	4.26	255.7	0
20120907T050000	8.27	78.4	8.21	274.6	0
20120907T060000	4.63	95	5.25	317.35	0
20120907T070000	3.79	95	3.62	298.95	0
20120907T080000	3.54	95	3.83	278.85	0
20120907T090000	3.83	95	4.06	281.55	0
20120907T100000	3.99	95	4.85	292.35	0
20120907T110000	4.24	95	5.55	290.75	0
20120907T120000	4.9	95	5.76	290.15	0
20120907T130000	4.77	95	6.32	296.1	0
20120907T140000	4.88	94.8	6.99	283.1	0
20120907T150000	5.99	84.55	7.07	284.1	0
20120907T160000	6.7	75.5	8.07	292.95	0
20120907T170000	6.16	77.3	7.89	300.8	0
20120907T180000	5.59	79.6	6.73	292.4	0
20120907T190000	5.27	81.8	6.21	294.75	0
20120907T200000	4.6	86.7	5.34	297.2	0
20120907T210000	4.13	89.55	4.71	287.55	0
20120907T220000	3.76	88.15	5	290.45	0
20120907T230000	3.35	89.95	5.29	291.35	0.21
20120908T000000	3.04	91.5	4.83	284.7	0
20120908T010000	2.75	92.05	4.58	284.7	0.2
20120908T020000	2.61	94.2	4.65	287.5	0
20120908T030000	2.64	92.5	5.28	285.85	0
20120908T040000	2.46	92.35	5.56	283.65	0.26
20120908T050000	2.13	94.6	5.17	284.1	0.32
20120908T060000	2.04	94	4.75	284	0
20120908T070000	1.61	94	5.36	288.5	0
20120908T080000	1.38	95	5.17	281.4	0.18
20120908T090000	2.48	93.85	5.96	284.2	0
20120908T100000	3	91.95	6.22	290.05	0
20120908T110000	3.54	85.9	6.35	297.55	0
20120908T120000	3.8	83.7	6.64	296.5	0
20120908T130000	4.5	76.2	6.91	293.35	0
20120908T140000	4.36	75.9	7.03	296.2	0.19
20120908T150000	4.42	74.9	6.72	296.2	0
20120908T160000	4.58	73.35	6.75	302.65	0
20120908T170000	4.24	74.45	6.75	307.5	0
20120908T180000	4.43	74.3	6.96	305.8	0
20120908T190000	3.65	78.85	6.1	303.75	0
20120908T200000	2.82	84.7	5.3	291.65	0
20120908T210000	2.33	90.7	5.16	289.6	0.13
20120908T220000	2.12	92.15	5.31	292.05	0
20120908T230000	1.44	95	5.33	285.6	0
20120909T000000	1.36	95	5.38	291.8	0
20120909T010000	1.24	95	5.2	289.35	0
20120909T020000	1.64	95	5.26	285.35	0.47
20120909T030000	1.45	95	5.79	286.4	0
20120909T040000	1.27	95	4.94	279.6	0
20120909T050000	1.44	95	4.99	286.2	0
20120909T060000	1.76	95	5.1	292.5	0
20120909T070000	2.02	95	5.33	295.2	0
20120909T080000	2.46	95	5.33	298.7	0
20120909T090000	2.97	95	5.41	309.15	0.47
20120909T100000	3.42	95	4.49	318.65	0
20120909T110000	3.87	94.95	4.08	324.95	0
20120909T120000	4.36	90.15	4.24	333.15	0
20120909T130000	4.8	86.4	4.69	344.5	0
20120909T140000	5.14	86.3	4.62	347.2	0
20120909T150000	5.15	84	4.61	179.06	0
20120909T160000	4.04	92.75	4.31	10.61	0
20120909T170000	4.27	95	3.24	353.7	0
20120909T180000	4.23	94.85	4.09	356.5	0
20120909T190000	3.88	95	3.56	349.75	0
20120909T200000	3.69	95	4.26	180.32	0
20120909T210000	3.38	95	4.12	10.71	0
20120909T220000	3.15	95	4.95	24.84	0
20120909T230000	2.63	95	4.94	26.93	0
20120910T000000	1.9	95	4.47	18.81	0
20120910T010000	1.71	95	4.28	15.25	0
20120910T020000	1.81	95	4.78	14.7	0
20120910T030000	1.61	95	5.06	19.7	0
20120910T040000	1.3	95	4.18	11.73	0
20120910T050000	1.28	95	4.25	7.73	0
20120910T060000	1.41	95	4.88	5.47	0
20120910T070000	1.59	95	5.12	6.88	0
20120910T080000	1.83	95	4.87	9.11	0
20120910T090000	2.18	95	4.78	6.37	0
20120910T100000	2.87	95	6.1	18.21	0
20120910T110000	3.37	95	6.26	21.24	0
20120910T120000	3.8	89.35	6.14	19.9	0
20120910T130000	4.17	91.55	5.83	26.25	0
20120910T140000	4.38	89.5	6.1	24.52	0
20120910T150000	4.36	94.45	5.98	19.79	0
20120910T160000	4.13	92.8	6.48	17.34	0
20120910T170000	3.58	93.3	5.81	16.77	0
20120910T180000	3.51	93.5	5.48	23.14	0
20120910T190000	3.75	92	5.39	16.13	0
20120910T200000	3.75	92.2	5.11	16.98	0
20120910T210000	3.5	94.95	4.58	19.01	0
20120910T220000	3.21	95	4.91	19.87	0
20120910T230000	2.62	95	4.66	13.55	0
20120911T000000	2.55	95	4.2	6.75	0
20120911T010000	2.8	95	4.17	14.46	0
20120911T020000	2.86	95	3.98	20.66	0
20120911T030000	2.86	95	3.92	23.34	0
20120911T040000	2.65	95	4.25	22.52	0
20120911T050000	2.35	95	3.71	19.46	0
20120911T060000	1.89	95	3.14	15.61	0
20120911T070000	1.92	95	2.78	21.86	0
20120911T080000	2	95	3.12	38.43	0
20120911T090000	2.39	95	2.95	46.52	0
20120911T100000	2.82	95	3.64	44.3	0
20120911T110000	3.41	95	3.39	45.56	0
20120911T120000	3.84	95	3.5	32.67	0
20120911T130000	4.42	89.1	3.73	23.7	0
20120911T140000	4.42	88.7	3.6	24.48	0
20120911T150000	4.57	89	3.27	42.14	0
20120911T160000	4.08	95	3.42	18.88	0
20120911T170000	4.04	95	3.16	21.37	0
20120911T180000	4.06	95	3.62	17.74	0
20120911T190000	3.59	95	2.98	180.51	0
20120911T200000	3.18	95	2.66	180.34	0
20120911T210000	2.8	95	2.42	7.54	0
20120911T220000	2.14	95	2.29	353.75	0
20120911T230000	2.76	95	2.82	87.35	0
20120912T000000	2.06	95	1.89	125.05	0
20120912T010000	1.75	95	0.73	136.75	0
20120912T020000	1.71	95	0.45	126.25	0
20120912T030000	1.3	95	0.49	56.61	0
20120912T040000	0.46	95	0.58	312.75	0
20120912T050000	0.77	95	0.34	23.66	0
20120912T060000	0.79	95	0.06	80.84	0
20120912T070000	0.79	95	0.03	125.6	0
20120912T080000	0.67	95	0.37	80.47	0
20120912T090000	0.5	95	0.99	320	0
20120912T100000	0.85	95	0.97	316.45	0
20120912T110000	1.72	95	0.96	332.75	0
20120912T120000	2.09	95	1.02	27.36	0
20120912T130000	2.73	95	0.86	56.89	0
20120912T140000	3.17	95	1.91	47.73	0
20120912T150000	3.46	95	2.16	39.69	0
20120912T160000	3.71	95	1.85	46.82	0
20120912T170000	3.62	95	2.1	27.1	0
20120912T180000	3.38	95	2.09	178.45	0
20120912T190000	3.11	95	1.85	335.6	0
20120912T200000	2.1	95	2.35	336.95	0
20120912T210000	0.79	95	2.21	322.25	0.64
20120912T220000	0.78	95	2.46	322	0
20120912T230000	0.71	95	2.26	310.35	0
20120913T000000	0.7	95	1.86	297.4	0
20120913T010000	0.93	95	2.84	292.3	0
20120913T020000	0.93	95	2.73	296.55	0.62
20120913T030000	1.09	95	1.96	307.6	0
20120913T040000	0.12	95	2.47	280.9	0
20120913T050000	-0.05	95	2.94	285.05	0.59
20120913T060000	0.66	95	2.46	283.5	0.4
20120913T070000	0.21	95	2.33	265.85	0
20120913T080000	-0.12	95	2.11	254.25	0.34
20120913T090000	0.78	95	2.62	253.65	0
20120913T100000	1.8	95	3.3	254.95	0
20120913T110000	2.91	95	4.4	269.25	0.42
20120913T120000	3.91	95	5.05	258.6	0
20120913T130000	4.54	94.85	4.82	272.15	0
20120913T140000	5.29	87.5	4.99	281	0
20120913T150000	4.17	95	5.4	276.6	0
20120913T160000	4.3	92.9	5.57	280.5	0
20120913T170000	3.12	95	4.63	280.55	0
20120913T180000	3.44	95	3.47	293.05	0
20120913T190000	3.5	95	2.54	295.75	0
20120913T200000	2.11	95	1.63	267.35	0
20120913T210000	0.55	95	1.85	254.6	0
20120913T220000	-0.89	95	2.12	258.05	0
20120913T230000	-0.97	95	2.2	258.05	0
20120914T000000	-0.61	95	1.83	255.05	0
20120914T010000	-0.52	95	1.79	242.6	0
20120914T020000	0.16	95	1.71	212.5	0
20120914T030000	0.69	95	1.9	213.3	0
20120914T040000	0.24	95	1.1	201.8	0
20120914T050000	-0.36	95	1.3	199.75	0
20120914T060000	-0.65	95	0.96	190.8	0
20120914T070000	0.07	95	0.83	198.85	0
20120914T080000	0.36	95	0.76	146.85	0
20120914T090000	1.02	95	2	186.75	0
20120914T100000	2.26	95	2.47	182.4	0
20120914T110000	3.41	95	3	177.6	0
20120914T120000	4.13	93.95	3.18	173.15	0
20120914T130000	6.44	81.5	4.81	182.6	0
20120914T140000	6.7	74.35	5	208.65	0
20120914T150000	6.47	77.15	4.18	221.05	0
20120914T160000	7.31	69.27	4.62	225.4	0
20120914T170000	6.31	73.65	3.41	222.45	0
20120914T180000	6.18	75.45	2.25	242.4	0
20120914T190000	5.42	79.85	2.62	259	0
20120914T200000	4.12	92.05	1.63	272	0
20120914T210000	3.05	95	2.1	317.05	0
20120914T220000	2.5	95	0.47	268.8	0
20120914T230000	2.22	95	0.5	238.55	0
20120915T000000	2.01	95	0.77	245.75	0
20120915T010000	2	95	1.08	240.05	0.47
20120915T020000	1.52	95	1.42	254.35	0
20120915T030000	0.09	95	1.78	253.4	0
20120915T040000	-0.92	95	1.94	260.6	0
20120915T050000	-1.29	95	2.42	258.75	0
20120915T060000	-1.04	95	2.5	257.35	0
20120915T070000	-0.84	95	2.83	248.1	0.6
20120915T080000	1.25	95	2.79	227.3	0
20120915T090000	2.55	95	2.48	213.25	0
20120915T100000	3.13	95	2.26	214.25	0
20120915T110000	3.74	95	2.33	171.1	0
20120915T120000	6.51	81.2	3.15	163.3	0
20120915T130000	7.9	66.59	4	164.75	0
20120915T140000	8.9	64.21	4.45	167.4	0
20120915T150000	10.07	59.23	4.53	170.3	0
20120915T160000	10.55	56.72	4.66	155.35	0
20120915T170000	10.84	57.08	4.85	163.1	0
20120915T180000	9.8	63.02	3.97	164.5	0
20120915T190000	8.54	70.32	3.46	156.85	0
20120915T200000	7.11	76.35	3.21	161.25	0
20120915T210000	6.04	78.75	4.14	154.75	0
20120915T220000	5.28	81.35	4.05	170.9	0
20120915T230000	4.54	84.75	3.04	174.4	0
20120916T000000	4.91	85.1	4.09	179.5	0
20120916T010000	5.62	85.05	4.59	185.2	0
20120916T020000	5	88.2	3.45	180.3	0
20120916T030000	4.15	91.1	2.08	164.05	0
20120916T040000	4.05	91.5	1.59	64.5	0
20120916T050000	4.02	91.1	1.04	144.2	0
20120916T060000	2.63	95	1.65	134.75	0
20120916T070000	3.02	94.15	1.49	163.25	0
20120916T080000	3.43	94.05	1.29	171	0
20120916T090000	4.22	92.7	1.44	99.75	0
20120916T100000	6.63	82.55	1.73	134.35	0
20120916T110000	8.7	73.35	2.37	154.55	0
20120916T120000	9.58	69.25	2.49	163.3	0.9
20120916T130000	10.47	66.18	2.84	151.1	0
20120916T140000	11.87	61.38	3.4	155.4	0.51
20120916T150000	12.89	57.12	3.75	160.25	0
20120916T160000	13.25	58.46	3.91	138.55	0
20120916T170000	13.32	62.22	3.52	115.55	0
20120916T180000	13.6	59.91	3.83	148.25	0.81
20120916T190000	12.75	60.63	4.55	156.2	0.47
20120916T200000	11.53	66.92	4.44	154.7	0.47
20120916T210000	10.84	66.34	5.01	149.15	0
20120916T220000	10.09	69.92	5.48	153.4	1.24
20120916T230000	10	71.8	5.23	160.55	0
20120917T000000	9.07	75.7	4.45	165.6	0
20120917T010000	8.89	75.1	4.9	162.45	0
20120917T020000	8.47	76.65	3.71	162.05	0.98
20120917T030000	8.66	75.9	4.02	158.6	1.93
20120917T040000	8.49	76.75	4.38	152.45	1.93
20120917T050000	8.93	75.65	5.71	178.45	0
20120917T060000	8.56	83.4	8.25	209	1.58
20120917T070000	7.37	95	6.55	227.9	3.13
20120917T080000	7.4	95	4.69	211.1	2.23
20120917T090000	7.91	95	6.36	204.5	2.74
20120917T100000	8.68	95	7.26	204.1	1.67
20120917T110000	11.14	89.15	7.6	215.2	3.17
20120917T120000	12.75	73.25	8.89	223.85	1.63
20120917T130000	14.42	60.22	8.62	242.75	1.84
20120917T140000	15.26	46.97	8.76	268.75	3.81
20120917T150000	15.32	44.78	9.89	257.5	1.63
20120917T160000	14.46	47.28	9.09	254.3	2.7
20120917T170000	12.25	56.54	6.43	248.4	1.28
20120917T180000	12.04	57.83	8.68	253.3	2.95
20120917T190000	11.83	54.75	8.39	244.55	1.84
20120917T200000	10.31	57.8	7.36	248.3	1.37
20120917T210000	9.21	58.75	6.77	238.15	0.69
20120917T220000	7.61	63.77	5.51	247.95	1.28
20120917T230000	7.84	60.66	6.21	252.05	0.51
20120918T000000	8.44	56.3	8.67	257.8	1.46
20120918T010000	8.08	57.52	8.05	252.5	1.37
20120918T020000	7.1	63.48	6.94	248.55	1.37
20120918T030000	6.87	66.77	5.87	253.75	0
20120918T040000	7.69	62.19	8.02	277.75	1.37
20120918T050000	7.05	60.38	7.66	281.7	0
20120918T060000	5.79	64.76	6.84	275.6	0.86
20120918T070000	3.91	72.95	3.19	265.85	1.07
20120918T080000	2.92	76.95	1.17	243.95	0.86
20120918T090000	5.21	66.51	1.85	242.5	0
20120918T100000	7.52	58.55	4.06	236.85	0.9
20120918T110000	9.45	50.95	3.92	215.7	0
20120918T120000	10.51	44.05	5.3	245.25	0.6
20120918T130000	11.23	40.02	5.92	257.15	0.43
20120918T140000	11.82	39.16	4.96	213.8	0
20120918T150000	12.16	38.81	5.3	190.25	0
20120918T160000	12.66	35	4.29	213.85	0
20120918T170000	12.48	35.86	4.56	206.9	0
20120918T180000	11.05	40.03	4.09	204.45	0
20120918T190000	9.04	51.36	3.24	191.3	0.5
20120918T200000	7.67	58.89	2.87	194.75	0
20120918T210000	7.71	62.69	2.97	205.85	0
20120918T220000	7.67	65.93	2.8	212.2	0
20120918T230000	8.12	63.09	2.15	254.3	0
20120919T000000	7.98	64.3	2.21	239.85	0
20120919T010000	7.84	66.19	3.34	223.15	0
20120919T020000	6.42	72.75	3.47	209.25	0
20120919T030000	5.96	74.6	1.84	250.35	0.53
20120919T040000	7.42	67.95	4.45	225.4	0
20120919T050000	5.04	77.55	3.61	206.5	0
20120919T060000	7.12	68.47	5.61	223.5	0
20120919T070000	6.93	71.2	6.23	216.8	0.31
20120919T080000	6.32	74.1	4.58	225.1	0
20120919T090000	7.14	71.28	2.76	237.95	0.38
20120919T100000	9.21	65.61	3.27	240.95	0
20120919T110000	10.84	60.94	6.03	265.45	0
20120919T120000	11.11	60.32	6.11	280.55	0
20120919T130000	11.48	59.89	5.78	290.5	0
20120919T140000	11.7	58.04	5.89	294.9	0
20120919T150000	11.96	56.98	3.6	303.4	0
20120919T160000	12.2	55.89	2.58	314.35	0
20120919T170000	12.28	54.53	1.03	333.65	0
20120919T180000	10.65	64.58	1.81	88.86	0
20120919T190000	8.75	75.4	1.84	78.35	0
20120919T200000	7.36	83.45	1.82	91.35	0
20120919T210000	7.01	84.65	1.24	110.25	0
20120919T220000	7.39	82.3	1.4	100.1	0
20120919T230000	6.75	86.9	1.5	89.35	0
20120920T000000	7.76	80.8	2.02	128.35	0.58
20120920T010000	7.49	84.2	1.5	87.7	0.47
20120920T020000	7.42	88.55	2	92.75	0
20120920T030000	7.53	91.2	1.55	99.25	0
20120920T040000	7.47	91.35	1.36	74.9	0
20120920T050000	7.78	86.8	1.79	74.89	0.73
20120920T060000	8.71	78.8	2.19	69.12	0
20120920T070000	8.81	75.3	0.8	151.65	0.51
20120920T080000	8.82	73.45	1.11	135.15	0
20120920T090000	9.19	72.5	2.33	211.95	0
20120920T100000	9.63	71.75	4.67	244.1	0.77
20120920T110000	12	64.94	5.77	237.25	0
20120920T120000	14.87	57.19	4.97	248.6	0
20120920T130000	16.69	53.91	5.01	237.1	0
20120920T140000	17.77	51.35	5.79	250.55	0.51
20120920T150000	17.71	52.03	4.89	289.9	0
20120920T160000	17.61	51.61	5.44	285.15	0.86
20120920T170000	16.6	53.96	5.31	299	0.9
20120920T180000	15.41	58.45	4.01	315.55	0
20120920T190000	13.16	66.01	2.08	297.55	0
20120920T200000	10.37	76	1.32	290.95	0.83
20120920T210000	7.29	88.45	1.42	273.5	0
20120920T220000	5.75	94.15	0.81	254.15	0
20120920T230000	6.18	94.75	0.8	215.45	0
20120921T000000	7.77	89.15	1.03	141.45	0
20120921T010000	8.01	89.85	0.92	103	0
20120921T020000	7.96	92.05	1.23	96.55	0
20120921T030000	7.62	95	0.91	98.85	0
20120921T040000	7.88	95	1.54	77.6	0
20120921T050000	7.5	95	1.19	54.53	0
20120921T060000	7.7	95	1.92	29.07	0
20120921T070000	6.71	95	2.16	33.26	0
20120921T080000	6.5	95	0.71	162.9	0
20120921T090000	6.79	95	0.12	258.75	0
20120921T100000	8.1	95	0.69	264.75	0
20120921T110000	11.22	84	0.48	181.35	0
20120921T120000	12.38	80	1.15	123.35	0
20120921T130000	15.09	69.1	2.71	180.4	0
20120921T140000	14.86	69.15	5.04	224.95	0
20120921T150000	14.72	70.11	8.11	219.25	0
20120921T160000	16.83	62.99	7.34	238.6	0
20120921T170000	17.91	56.88	7.19	265.95	0
20120921T180000	17.56	47.92	7.87	260.35	0.3
20120921T190000	15.29	56.38	8.56	275.55	0
20120921T200000	8.69	84.05	8.91	295.6	0
20120921T210000	7.19	90.55	8.97	293.55	0
20120921T220000	6.71	94.5	8.29	302.8	0
20120921T230000	6.07	95	6.88	313.65	0
20120922T000000	5.53	95	5.99	315.75	0
20120922T010000	5.22	95	4.87	313.95	0
20120922T020000	5.11	95	4.51	321.65	0
20120922T030000	3.78	95	2.42	285.55	0
20120922T040000	2.42	95	2.23	254.8	0
20120922T050000	3.62	95	1.32	275.2	0
20120922T060000	3.84	95	0.89	227.05	0
20120922T070000	3.71	95	0.95	109.31	0
20120922T080000	3.98	95	1.31	146	0
20120922T090000	4.03	95	2.9	154.85	0
20120922T100000	4.04	95	4.16	150.15	0
20120922T110000	4.61	95	4.14	149.5	0
20120922T120000	6.27	91	4.82	146.4	0
20120922T130000	8.07	83.6	5.15	127.95	0
20120922T140000	9.52	76.55	5.77	123.25	0
20120922T150000	10.55	72	6.19	122.15	0
20120922T160000	11.43	66.12	6.12	129.35	0
20120922T170000	11.35	64.2	5.31	121.35	0
20120922T180000	11.68	63.38	5.17	117.8	0
20120922T190000	10.71	66.33	5.64	126.65	0
20120922T200000	9.08	72.45	5.08	135.65	0
20120922T210000	8.01	76.9	5.49	129.7	0
20120922T220000	6.11	86	4.19	123.75	0
20120922T230000	6.54	82.8	3.35	151.6	0
20120923T000000	7.23	80.85	4.69	142.25	0
20120923T010000	6.94	83.35	4.33	154.15	0
20120923T020000	6.73	85	2.83	133.9	0
20120923T030000	6.21	88	1.67	121.55	0
20120923T040000	5.94	89.15	1.53	125.15	0
20120923T050000	4.92	93.4	1.19	74.65	0
20120923T060000	5.35	93.15	1.62	88.3	0
20120923T070000	6.67	89.45	2.88	148.8	0
20120923T080000	5.54	94.2	1.52	64.91	0
20120923T090000	8.08	86.9	3.12	153.35	0
20120923T100000	9.59	83.2	7.2	182.95	0
20120923T110000	10.45	80.65	8.06	186.05	0
20120923T120000	10.29	82.95	7.67	191.75	0
20120923T130000	11.48	78.85	8.93	196.05	0
20120923T140000	13.24	72.7	8.96	195.25	0
20120923T150000	15.36	64.3	8.18	201.25	0
20120923T160000	14.91	64.34	7.14	210.5	0
20120923T170000	16.13	58.83	7	208.65	0
20120923T180000	15.7	60.41	5.65	214.1	0
20120923T190000	14.49	65.05	5.77	204	0
20120923T200000	12.54	71.15	4.71	208.1	0
20120923T210000	12.02	73.9	3.87	219.05	0
20120923T220000	12.29	73	3.24	253	0
20120923T230000	11.98	74.4	3.66	248.95	0
20120924T000000	10.74	78.5	3.25	253.9	0
20120924T010000	10.62	77.45	3.5	261.65	0
20120924T020000	10.61	76.3	3.17	269.15	0
20120924T030000	10.98	74.25	2.41	268.5	0
20120924T040000	10.37	77	2.72	249.9	0
20120924T050000	9.89	80.8	3.23	248.4	0
20120924T060000	8.26	85.95	3.15	251.35	0
20120924T070000	8.64	84.85	3.21	255.2	0
20120924T080000	9.38	82.5	3.55	237.95	0
20120924T090000	9.86	81.5	4.5	211.55	0
20120924T100000	10.71	88.95	3.55	178.35	0
20120924T110000	11	92.95	2.97	254.75	0
20120924T120000	9.92	93.3	6.34	272.2	0
20120924T130000	6.5	95	8.82	287.45	0
20120924T140000	5.8	95	8.36	297.95	0.15
20120924T150000	6.04	95	7.42	303.55	0
20120924T160000	5.57	95	7.49	303.2	0
20120924T170000	5.54	95	5.81	303.75	0
20120924T180000	5.38	95	5.19	296.25	0
20120924T190000	5.07	95	5.35	292.95	0
20120924T200000	4.75	95	5.14	287.35	0.49
20120924T210000	4.61	95	5.04	288.55	0
20120924T220000	4.47	95	4.53	287.9	0.24
20120924T230000	4.12	95	4.21	292.25	0
20120925T000000	3.63	95	4.39	279.25	0
20120925T010000	3.58	95	4.21	280.2	0
20120925T020000	3.41	95	3.25	271.3	0
20120925T030000	2.12	95	2.77	265.75	0
20120925T040000	1.15	95	1.98	253.8	0
20120925T050000	0.58	95	1.8	242.1	0
20120925T060000	1.39	95	2.67	243.2	0
20120925T070000	2.35	95	3.6	235.4	0.31
20120925T080000	2.48	95	3.64	242.65	0
20120925T090000	2.89	95	1.89	206.1	0
20120925T100000	2.94	95	2.83	196.25	0
20120925T110000	3.34	95	2.69	182.45	0
20120925T120000	3.82	95	2.67	163.35	0
20120925T130000	4.85	95	3.09	165	0
20120925T140000	7.54	92.85	2.7	160.25	0.31
20120925T150000	9.32	81.4	3.01	176.3	0
20120925T160000	9.73	81.25	1.75	196.45	0
20120925T170000	9.6	82.95	0.95	101.18	0
20120925T180000	7.21	94	2.12	350.1	0.35
20120925T190000	4.99	95	3.12	342.75	0
20120925T200000	3.42	95	3.37	321.25	0
20120925T210000	2.22	95	2.95	325.05	0.69
20120925T220000	1.32	95	2.96	313.65	0.31
20120925T230000	1.46	95	3.17	320.15	0
20120926T000000	1.52	95	2.78	333	0
20120926T010000	1.3	95	2.86	334	0.31
20120926T020000	1.83	95	3.12	336.7	0
20120926T030000	2.6	95	3.22	179.39	0
20120926T040000	3.44	95	4.05	22.96	0
20120926T050000	3.36	95	4.29	25.68	0
20120926T060000	3.54	95	4.62	27.18	0
20120926T070000	3.2	95	4.83	27.84	0
20120926T080000	2.95	95	4.26	25.88	0
20120926T090000	3.03	95	4.54	21.77	0
20120926T100000	3.26	95	4.95	16.79	0
20120926T110000	3.84	95	4.98	26.17	0
20120926T120000	4.38	95	5.16	22.86	0
20120926T130000	4.65	95	5.17	19.31	0
20120926T140000	4.96	95	4.97	29.19	0
20120926T150000	5.37	95	5.36	39.05	0
20120926T160000	5.82	95	5.25	41.75	0
20120926T170000	5.71	95	5.09	48.08	0
20120926T180000	5.41	95	4.21	51.5	0
20120926T190000	5.31	95	4.42	61.61	0
20120926T200000	4.95	95	4.83	70.92	0
20120926T210000	4.33	95	4	79.55	0
20120926T220000	3.97	95	2.57	81.4	0
20120926T230000	3.8	95	1.62	85.35	0
20120927T000000	3.87	95	2.22	91.45	0
20120927T010000	3.92	95	2.57	101.7	0
20120927T020000	3.95	95	2.32	116.65	0
20120927T030000	3.83	95	1.89	140.55	0
20120927T040000	3.06	95	2.38	160	0
20120927T050000	2.87	95	2.89	153.25	0
20120927T060000	2.45	95	2.9	141.7	0
20120927T070000	2.69	95	2.29	136.15	0
20120927T080000	3	95	2.39	115.4	0
20120927T090000	3.46	95	3.5	111.45	0
20120927T100000	3.42	95	4.22	94.3	0
20120927T110000	3.54	95	3.74	83.2	0
20120927T120000	3.96	95	4.5	75.85	0
20120927T130000	4.63	95	3.22	46.79	0
20120927T140000	5.11	95	4.71	58.21	0
20120927T150000	5.17	95	5.05	52.22	0
20120927T160000	5.45	95	4.43	59.98	0
20120927T170000	5.44	95	3.9	54.22	0
20120927T180000	5.42	95	2.67	57.01	0
20120927T190000	5.18	95	1.97	24.53	0
20120927T200000	4.91	95	2.25	341	0
20120927T210000	4.53	95	2.82	320.8	0
20120927T220000	4.59	95	3.12	320.2	0
20120927T230000	4.68	95	3.2	302	0
20120928T000000	4.71	95	3.97	305.3	0
20120928T010000	4.62	95	4.5	307.75	0
20120928T020000	4.56	95	4.88	309.35	0
20120928T030000	4.08	95	5.48	293.4	0
20120928T040000	3.62	95	5.61	290.1	0
20120928T050000	3.49	95	5.21	291.8	0
20120928T060000	3.34	95	4.5	287.8	0
20120928T070000	3.31	95	4.1	281.85	0
20120928T080000	3.29	95	4.11	281.9	0.11
20120928T090000	3.29	95	4.78	283.4	0
20120928T100000	3.33	95	4.88	280.6	0
20120928T110000	3.22	95	5.73	285.7	0
20120928T120000	3.69	95	5.78	286.5	0
20120928T130000	3.88	95	6.22	284.8	0
20120928T140000	4.22	95	5.9	286.85	0
20120928T150000	4.33	95	5.46	288.15	0
20120928T160000	4.21	95	4.91	288.25	0
20120928T170000	3.91	95	4.49	290.4	0
20120928T180000	3.42	95	3.44	283.3	0.12
20120928T190000	2.29	95	3.24	273.75	0
20120928T200000	1.09	95	2.75	267.15	0
20120928T210000	1.06	95	2.07	254.45	0
20120928T220000	1.58	95	2.71	266.8	0
20120928T230000	1.48	95	3.44	288.3	0
20120929T000000	1.42	95	2.96	289.55	0
20120929T010000	1.48	95	2.32	324.75	0
20120929T020000	1.65	95	1.48	321.15	0
20120929T030000	1.82	95	0.91	180.75	0
20120929T040000	1.67	95	1.57	339.1	0
20120929T050000	1.52	95	1.44	329.5	0
20120929T060000	1.48	95	0.6	325.65	0
20120929T070000	1.73	95	0.66	123.2	0
20120929T080000	1.35	95	0.15	146.7	0
20120929T090000	1.37	95	0.37	272.15	0
20120929T100000	2.58	95	1.18	120.6	0
20120929T110000	2.85	95	2	128	0
20120929T120000	2.83	95	2.16	118.45	0
20120929T130000	3.58	95	3.04	109.3	0
20120929T140000	4.04	94.95	2.37	133.25	0
20120929T150000	4.25	92.5	2.14	109.35	0
20120929T160000	4.3	92.35	2	102.25	0
20120929T170000	4.06	94.85	2.45	78.2	0
20120929T180000	3.43	95	2.29	75.05	0
20120929T190000	2.89	95	3.35	81.35	0
20120929T200000	2.59	95	3.12	70.09	0
20120929T210000	2.54	95	2.44	78.7	0
20120929T220000	2.54	95	1.46	81.3	0
20120929T230000	2.52	95	1.33	58.78	0
20120930T000000	2.5	95	1.29	51.16	0
20120930T010000	2.46	95	1.27	49.59	0
20120930T020000	2.29	95	1.79	39.55	0
20120930T030000	2.32	95	1.89	25.99	0
20120930T040000	1.74	95	2.38	181.84	0
20120930T050000	1.41	95	2.54	349.65	0
20120930T060000	1.64	95	2.82	354.1	0
20120930T070000	1.58	95	2.54	356.95	0
20120930T080000	1.46	95	2.58	347.25	0
20120930T090000	0.84	95	2.35	339.55	0
20120930T100000	1.31	95	2.92	181.58	0
20120930T110000	1.79	95	3.38	12.2	0
20120930T120000	2.22	95	3.28	18.84	0
20120930T130000	2.77	95	3.02	22.81	0
20120930T140000	3.21	95	3.46	15.41	0
20120930T150000	3.41	95	2.94	25.7	0
20120930T160000	3.25	95	2.53	34.39	0
20120930T170000	2.94	95	3.46	36.46	0
20120930T180000	2.43	95	3.29	33.13	0
20120930T190000	1.99	95	2.77	23.66	0
20120930T200000	1.38	95	1.97	191.08	0
20120930T210000	1.1	95	2.28	1.85	0
20120930T220000	0.33	95	1.97	343.85	0
20120930T230000	0.08	95	2.08	336	0
20121001T000000	-1.22	95	2.27	327.8	0
20121001T010000	-1.5	95	2.34	315.55	0
20121001T020000	-0.24	95	2.1	311.65	0
20121001T030000	0.12	95	1.92	320.2	0
20121001T040000	0.39	95	2.56	177.81	0
20121001T050000	0.12	95	2.15	345.65	0
20121001T060000	-0.81	95	2.66	339.6	0
20121001T070000	0.15	95	2.67	178.14	0
20121001T080000	0.48	95	2.73	16.4	0
20121001T090000	0.64	95	2.85	187.02	0
20121001T100000	0.52	95	3.76	56.09	0
20121001T110000	0.66	95	3.54	76.52	0
20121001T120000	0.85	95	2.32	83.3	0
20121001T130000	1.17	95	1.39	100.55	0
20121001T140000	1.56	94.15	2.45	87.65	0
20121001T150000	1.98	89.4	2.33	83.15	0
20121001T160000	2.02	90.55	2.12	66.55	0.2
20121001T170000	1.92	89.45	1.92	60.57	0
20121001T180000	1.6	86.5	1.31	65.89	0
20121001T190000	0.92	90.7	0.71	111.77	0
20121001T200000	0.59	93.7	1.03	136.95	0
20121001T210000	-0.06	95	1.08	133.6	0
20121001T220000	-0.22	95	0.85	149.85	0
20121001T230000	-0.32	95	0.52	162.8	0
20121002T000000	-0.41	95	0.29	163.1	0
20121002T010000	-0.27	95	0.69	75.11	0
20121002T020000	-0.14	95	0.97	166.85	0
20121002T030000	0.02	95	1.33	176.25	0
20121002T040000	0.48	95	1.28	269.95	0
20121002T050000	0.93	95	3.6	198.6	0
20121002T060000	0.93	95	3.6	189.9	0
20121002T070000	-0.19	95	3.51	182.25	0
20121002T080000	-0.59	95	4.37	186.6	0
20121002T090000	-0.3	95	4.9	190	0
20121002T100000	0.89	95	5.47	192.3	0
20121002T110000	1.77	95	6.07	199.1	0
20121002T120000	3.27	92.35	5.97	197.8	0
20121002T130000	3.83	88.35	4.46	194.65	0
20121002T140000	5.8	78.2	4.8	210.15	0
20121002T150000	6.33	73.05	5.71	217.25	0
20121002T160000	6.09	74.95	5.29	211.3	0
20121002T170000	6.1	74.05	4.31	213.75	0
20121002T180000	5.08	77.75	3.25	206.35	0
20121002T190000	2.75	91	3.23	191.55	0
20121002T200000	1.62	94.7	3.17	197.8	0
20121002T210000	1.81	90.45	3.26	206.05	0
20121002T220000	1.5	88.95	2.62	233.5	0
20121002T230000	1.18	89.3	2.02	290.35	0
20121003T000000	1.87	80.8	3.15	242.75	0
20121003T010000	1.9	77.45	3.79	235.45	0
20121003T020000	2.28	74.05	5.06	227.05	0
20121003T030000	2.61	72.45	3.67	240	0
20121003T040000	2.17	74.8	2.65	286.6	0
20121003T050000	2.08	75.95	2.76	264.8	0
20121003T060000	1.35	79.5	3.33	247.5	0
20121003T070000	0.77	82.5	3.6	241.65	0
20121003T080000	0.23	85.25	3.79	238.7	0
20121003T090000	0.64	84	3.58	241.9	0
20121003T100000	2.27	77.15	3.68	244.15	0
20121003T110000	3.38	72.7	3.38	238.55	0
20121003T120000	5.92	64.92	2.7	227.2	0
20121003T130000	7.74	59.26	3.04	247.7	0
20121003T140000	8.07	59.19	3.14	234.7	0
20121003T150000	8.53	56.4	3.71	212	0
20121003T160000	8.34	57.67	4.28	199.8	0
20121003T170000	8.75	56.57	4	203.05	0
20121003T180000	7.5	60.29	3.19	228.1	0
20121003T190000	5.83	66.17	1.74	241.5	0
20121003T200000	3.62	79.8	3.22	216.9	0
20121003T210000	2.94	80.55	2.5	243.1	0
20121003T220000	3.12	80.3	2.62	261.05	0
20121003T230000	2.89	82.95	3.38	252	0
20121004T000000	2.21	86.35	2.69	255.25	0
20121004T010000	1.42	89.3	2.06	251.05	0
20121004T020000	1.08	90.85	2.28	245.35	0
20121004T030000	1.81	87.6	2.44	236.4	0
20121004T040000	1.08	91.45	3.36	226.3	0
20121004T050000	1.94	88.25	3.08	238.75	0
20121004T060000	2.25	86.5	2.5	279.3	0
20121004T070000	1.61	87.9	2.61	279.05	0
20121004T080000	1.75	87.6	2.93	242.5	0
20121004T090000	2.69	82.6	5.55	207.9	0
20121004T100000	3.34	78.7	4.48	213.55	0
20121004T110000	4.36	74.6	2.33	272.6	0
20121004T120000	4.33	76.35	3.83	220.55	0
20121004T130000	5.48	72.85	3.51	237.75	0
20121004T140000	7.25	65.27	3.06	261.35	0
20121004T150000	7.39	65.62	2.31	252.3	0
20121004T160000	7.43	64.72	2.54	265	0
20121004T170000	4.36	77	2.22	264.2	0
20121004T180000	3.13	84.65	2.72	254.55	0
20121004T190000	2.71	88.5	2.59	249.9	0
20121004T200000	2.92	90.1	2.08	256.15	0.91
20121004T210000	3.31	87.2	2.9	263.9	0.69
20121004T220000	2.7	89.85	2.45	269.9	0
20121004T230000	2.46	90.95	2.61	266.45	0
20121005T000000	0.88	95	1.97	258.05	1.75
20121005T010000	1.81	94.55	1.88	269.85	0
20121005T020000	1.52	95	0.81	136.54	0
20121005T030000	1.52	95	1.29	271.9	0.94
20121005T040000	1.67	95	1.08	260.45	0
20121005T050000	1.69	95	1.21	166.23	0
20121005T060000	0.9	95	0.91	9.08	0
20121005T070000	0.88	95	1.08	270.55	0
20121005T080000	0.3	95	0.65	264.65	0
20121005T090000	0.47	95	0.21	276.05	0
20121005T100000	3.31	94.9	0.37	126.15	0
20121005T110000	4.77	88.35	1.3	141.6	0
20121005T120000	6.39	79.7	1.41	127.25	0
20121005T130000	8.43	64.85	1.57	171.05	0
20121005T140000	9.02	59.41	2.67	154.15	0
20121005T150000	9.07	58.92	2.54	154.75	0
20121005T160000	8.43	64.65	1.87	170.65	0
20121005T170000	7.6	70.94	2.43	185.7	0
20121005T180000	6.92	75.15	3.15	200.5	0
20121005T190000	7.04	76.95	5.04	212	0
20121005T200000	6.82	80.4	4.26	221.55	0
20121005T210000	7.07	80.75	3.72	247.75	0
20121005T220000	6.1	85	3.41	260.15	0
20121005T230000	4.55	90.3	3.17	267.3	0
20121006T000000	4.31	93.05	4.3	272.15	0
20121006T010000	4.45	93.75	3.85	261	0
20121006T020000	5.29	89.5	4.69	284.2	0
20121006T030000	5.17	85.65	3.49	271.4	0
20121006T040000	4.95	84.4	4.67	280.85	0
20121006T050000	4.41	84.65	3.71	286.15	0
20121006T060000	4.05	85.7	4.86	282.9	0
20121006T070000	4.51	83.3	5.26	280.55	0
20121006T080000	4.36	83.6	4.07	262.15	0
20121006T090000	3.64	87.9	3.43	263.9	0
20121006T100000	3.76	87.45	2.42	267.35	0
20121006T110000	4.37	86.15	2.04	273.85	0
20121006T120000	5.78	79.4	3.04	294.7	0
20121006T130000	6.8	72	3.85	300.15	0
20121006T140000	7.33	71.86	5.47	298.55	0
20121006T150000	6.55	71.95	4.86	286.35	0
20121006T160000	6.76	70.53	4.27	285.4	0
20121006T170000	6.38	73.05	3.7	293.05	0
20121006T180000	3.86	82.75	2.29	291.35	0
20121006T190000	1.9	91.4	2.1	261.4	0
20121006T200000	0.1	95	2.45	260.15	0
20121006T210000	0.6	95	1.69	257.75	0
20121006T220000	0.2	95	2.16	278.9	0
20121006T230000	0.07	95	1.24	260.95	0
20121007T000000	-0.69	95	2.41	264.7	0
20121007T010000	-0.43	95	2.78	262.15	0
20121007T020000	0.6	95	3	268.65	0
20121007T030000	-0.23	95	2.29	249.1	0
20121007T040000	-0.21	95	2.46	259.8	0
20121007T050000	-0.39	95	2.66	266	0
20121007T060000	0.12	95	2.26	264.1	0
20121007T070000	0.85	95	2.62	253.2	0
20121007T080000	1.44	95	3.17	261.05	0
20121007T090000	2.17	95	4.04	272.35	0
20121007T100000	2.64	95	3.98	272.3	0
20121007T110000	3.09	95	3.55	286.05	0
20121007T120000	3.54	95	3.92	297.2	0
20121007T130000	4.54	95	4.92	307.55	0
20121007T140000	4.78	93.6	4.9	313.35	0
20121007T150000	5.07	91.95	3.66	313.4	0
20121007T160000	4.8	90.1	2.7	297.7	0
20121007T170000	4.92	89.25	2.33	314.7	0
20121007T180000	2.55	93.8	2.46	294.25	0
20121007T190000	1.83	95	2.09	257.05	0
20121007T200000	0.91	95	2.23	257.15	0
20121007T210000	-0.28	95	2.58	257.85	0
20121007T220000	-0.11	95	2.68	263.8	0
20121007T230000	-0.15	95	2.65	262.45	0
20121008T000000	0.53	95	2.48	263.65	0
20121008T010000	1.09	95	2.05	266.1	0
20121008T020000	1.52	95	2.24	265.35	0
20121008T030000	1.48	95	2.29	259.2	0
20121008T040000	0.81	95	2.67	262.1	0
20121008T050000	-0.12	95	2.88	265.15	0
20121008T060000	0.14	95	3.7	272.6	0
20121008T070000	-0.51	95	3.78	288.4	0
20121008T080000	-0.29	95	3.79	287	0
20121008T090000	0.89	95	3.58	285.7	0
20121008T100000	1.52	95	3.64	286.05	0
20121008T110000	1.94	95	4.82	302.35	0
20121008T120000	1.9	95	5.58	300.1	0
20121008T130000	2.51	95	5.6	308.95	0
20121008T140000	2.6	94.95	5.33	321.45	0
20121008T150000	1.9	95	4.58	313.95	0
20121008T160000	1.64	95	4.2	303.5	0
20121008T170000	0.72	95	4.14	320.75	0
20121008T180000	0.29	95	4.51	330.9	0
20121008T190000	-0.44	95	4.07	327.35	0
20121008T200000	-0.93	95	3.79	334.85	0
20121008T210000	-1.12	95	3.97	333.5	0
20121008T220000	-1.56	95	3.28	324.9	0
20121008T230000	-1.94	95	3.95	328.5	0
20121009T000000	-2.38	95	4.04	321.7	0
20121009T010000	-2.58	95	3.4	317.6	0
20121009T020000	-2.63	95	3.75	316.85	0
20121009T030000	-2.51	95	4.17	318.45	0
20121009T040000	-2.6	95	3.25	311.95	0
20121009T050000	-3.4	95	3.07	294.9	0
20121009T060000	-4.07	95	3.22	291.55	0
20121009T070000	-3.51	95	3.55	289.55	0
20121009T080000	-3.86	95	3.54	283.4	0
20121009T090000	-2.98	95	4.17	278.75	0
20121009T100000	-2.65	95	4.13	292.2	0
20121009T110000	-2.07	95	4	290.65	0
20121009T120000	-0.84	94	5.81	299.05	0
20121009T130000	-0.41	95	6.54	298.05	0
20121009T140000	-0.86	95	6.48	282.45	0
20121009T150000	-0.6	95	8.52	283.5	0
20121009T160000	-0.94	95	7.65	291.6	0
20121009T170000	-1.06	95	5.89	297.75	0
20121009T180000	-1.42	95	5.07	301.6	0
20121009T190000	-1.63	95	5.43	294.8	0
20121009T200000	-0.76	95	7.94	299.6	0
20121009T210000	-0.97	95	7.29	291.3	0
20121009T220000	-0.85	95	7.22	286.1	0
20121009T230000	-0.78	95	7.17	290.35	0
20121010T000000	-0.79	95	7.92	296	0
20121010T010000	-0.66	95	8.21	292.65	0
20121010T020000	-0.69	95	8.04	290	0
20121010T030000	-0.71	93.5	7.98	289.95	0
20121010T040000	-1.08	94.05	7.32	286.6	0
20121010T050000	-1.01	94.35	7.52	292.65	0
20121010T060000	-1.02	95	6.75	285.95	0
20121010T070000	-1.41	95	5.78	277.75	0
20121010T080000	-1.11	95	5.96	282.35	0
20121010T090000	-1.14	95	6.52	282.35	0
20121010T100000	-0.76	94.75	6.96	285.05	0
20121010T110000	-0.41	92.6	8.4	290.8	0
20121010T120000	-0.33	91.65	8.93	289.7	0
20121010T130000	-0.66	93.45	8.46	281.45	0
20121010T140000	-0.56	95	7.36	285.1	0
20121010T150000	-0.07	94.55	6.58	289.55	0
20121010T160000	-0.35	95	5.88	288.55	0
20121010T170000	-1.06	95	4.5	283.15	0
20121010T180000	-1.99	95	3.84	290.9	0
20121010T190000	-2.78	95	3.77	283.3	0
20121010T200000	-3.33	95	4.46	278.6	0
20121010T210000	-2.98	95	4.64	283.5	0
20121010T220000	-3.99	95	4.15	273.95	0
20121010T230000	-3.51	95	4.23	274.8	0
20121011T000000	-3.49	95	3.81	271.15	0
20121011T010000	-2.75	95	4.79	288	0
20121011T020000	-2.36	95	5.29	293.65	0
20121011T030000	-1.79	95	5.88	292.25	0
20121011T040000	-1.81	95	6.25	295.65	0
20121011T050000	-2.01	94.15	5.92	285.5	0
20121011T060000	-2.15	90.7	5.25	282.8	0
20121011T070000	-2.45	95	4.72	275.05	0
20121011T080000	-2.96	94.25	4.75	271.15	0
20121011T090000	-4.26	89.9	4.96	270.55	0
20121011T100000	-5.08	90.4	4.1	267.25	0
20121011T110000	-4.4	86.65	4.13	264.4	0
20121011T120000	-3.62	82.75	4.24	265.1	0
20121011T130000	-2.5	79.3	4.22	252.7	0
20121011T140000	-1.75	74.15	4.27	255.85	0
20121011T150000	-1.39	69.06	3.91	257.8	0
20121011T160000	-1.36	68.24	3.21	245.95	0
20121011T170000	-2.31	70.06	1.69	237.7	0
20121011T180000	-4.19	77.9	1.43	259.95	0
20121011T190000	-5.12	83.4	2.42	242.75	0
20121011T200000	-6.5	89.8	1.91	252.65	0
20121011T210000	-6.95	94.8	1.57	252.3	0
20121011T220000	-6.58	93	2.43	257.6	0
20121011T230000	-6.87	94.05	2.8	253.7	0
20121012T000000	-6.53	93	2.86	258.25	0
20121012T010000	-6.61	94.25	2.81	253.85	0
20121012T020000	-7.13	95	2.52	251.25	0
20121012T030000	-7.96	95	2.1	249.8	0
20121012T040000	-7.55	95	2.21	259.55	0
20121012T050000	-7.53	95	2.92	253.1	0
20121012T060000	-8.03	95	3.28	257.6	0
20121012T070000	-8.94	95	2.74	260.4	0
20121012T080000	-8.59	95	2.5	257.15	0
20121012T090000	-7.92	94.45	2.34	236.05	0
20121012T100000	-7.67	95	2.62	238.95	0
20121012T110000	-6.92	95	2.69	238.35	0
20121012T120000	-5.24	93.7	2.21	226.3	0
20121012T130000	-4.19	89.35	3.04	238.05	0
20121012T140000	-3.64	88.35	3.72	235.7	0
20121012T150000	-3.41	90.25	4.03	233.95	0
20121012T160000	-3.49	92.25	3.47	242.85	0
20121012T170000	-4.11	92.25	2.33	245.1	0
20121012T180000	-5.71	95	2.25	255.6	0
20121012T190000	-6.53	95	2.08	260.35	0
20121012T200000	-6.09	95	1.52	252.7	0
20121012T210000	-4.93	95	2.54	236.75	0
20121012T220000	-4.85	95	2.23	250.35	0
20121012T230000	-5	95	2.87	253.55	0
20121013T000000	-5.8	95	1.32	237.85	0
20121013T010000	-5.69	95	2.3	247.4	0
20121013T020000	-5.08	95	2.29	261.05	0
20121013T030000	-5.96	95	1.52	250.2	0
20121013T040000	-6.81	95	2.26	251.2	0
20121013T050000	-6.8	95	2.06	260.85	0
20121013T060000	-6.01	95	2.32	243.9	0
20121013T070000	-5.64	95	1.9	231.8	0
20121013T080000	-5.38	95	2.46	225.4	0
20121013T090000	-5.67	95	1.81	263.7	0
20121013T100000	-5.56	91.95	1.18	240	0
20121013T110000	-5.17	85.6	1.45	188.75	0
20121013T120000	-3.84	76.8	1.45	239.1	0
20121013T130000	-2.77	68.46	1.88	209.6	0
20121013T140000	-2.41	68.92	2.2	211.5	0
20121013T150000	-2.49	64.84	2.15	214.75	0
20121013T160000	-2.44	60.84	1.72	229.3	0
20121013T170000	-3.59	62.36	1.17	247.8	0
20121013T180000	-6.44	75.6	1.34	257.15	0
20121013T190000	-9.82	89	1.68	262.65	0
20121013T200000	-11.14	93.9	1.87	264.45	0
20121013T210000	-11.29	92.1	1.32	270.2	0
20121013T220000	-11.52	91.6	0.76	263.35	0
20121013T230000	-9.89	90	0.83	270.25	0
20121014T000000	-8.51	90.2	0.47	285.2	0
20121014T010000	-8.22	90.7	0.14	154.04	0
20121014T020000	-8.62	94.95	0.49	259.55	0
20121014T030000	-6.62	89.75	0.65	165.8	0
20121014T040000	-6.22	90.15	0.99	183.85	0
20121014T050000	-5.96	89.15	0.38	261.5	0
20121014T060000	-6.04	87.2	0.24	198.7	0
20121014T070000	-5.96	85.15	0.14	198.8	0
20121014T080000	-6	81.3	0.2	198.95	0
20121014T090000	-6.4	84.25	0.24	167.15	0
20121014T100000	-5.51	85.7	1.25	95.2	0
20121014T110000	-4.8	91.35	1.65	115.65	0
20121014T120000	-4.34	94.45	2.9	149.95	0
20121014T130000	-4.12	94.4	2.58	169.6	0
20121014T140000	-3.79	90.85	2.17	154.65	0
20121014T150000	-3.45	89.05	1.75	144.35	0
20121014T160000	-3.35	89.85	1.79	134.25	0
20121014T170000	-2.9	90.1	2.12	132.7	0
20121014T180000	-3.79	94	2.16	108.55	0
20121014T190000	-4.69	95	2.63	97.2	0
20121014T200000	-6.27	95	2.61	87.2	0
20121014T210000	-5.54	95	1.27	113	0
20121014T220000	-5.18	95	0.52	202.15	0
20121014T230000	-5	95	0.2	151.1	0
20121015T000000	-5.02	95	0.17	226.35	0
20121015T010000	-4.84	95	0.45	209.35	0
20121015T020000	-5	95	0.27	150.14	0
20121015T030000	-5.89	95	1.04	131.5	0
20121015T040000	-6.34	95	0.57	113.5	0
20121015T050000	-6.34	95	0.48	215.35	0
20121015T060000	-5.79	95	0.71	130.5	0
20121015T070000	-5.79	95	0.3	94.23	0
20121015T080000	-5.38	95	0.26	239.4	0
20121015T090000	-4.93	95	0.35	295.2	0
20121015T100000	-4.35	95	0.3	325.9	0
20121015T110000	-3.75	95	0.66	338.45	0
20121015T120000	-3.58	95	1.42	333.75	0
20121015T130000	-2.94	95	1.68	340.85	0
20121015T140000	-2.53	95	2.24	164.56	0
20121015T150000	-1.69	95	2.63	72.81	0
20121015T160000	-1.4	95	2.76	62.95	0
20121015T170000	-1.19	95	3.42	54.98	0
20121015T180000	-1.11	95	3.6	73.5	0
20121015T190000	-1.02	95	3.56	67.78	0
20121015T200000	-1.04	95	3.92	74.7	0
20121015T210000	-1.07	95	3.42	78.1	0
20121015T220000	-1.13	95	3.62	63.77	0
20121015T230000	-1.28	95	3.75	64.59	0
20121016T000000	-1.53	95	3.86	62.64	0
20121016T010000	-1.83	95	4.79	63.41	0
20121016T020000	-2.07	95	5.38	64.97	0
20121016T030000	-2.21	95	4.72	66.82	0
20121016T040000	-2.24	95	4.06	77.8	0
20121016T050000	-2.1	95	3.75	77.2	0
20121016T060000	-2.21	95	3.66	76.7	0
20121016T070000	-2	95	3.73	73.15	0
20121016T080000	-1.67	95	3.84	80.9	0
20121016T090000	-1.52	95	3.58	85.3	0
20121016T100000	-1.18	95	3.66	83.65	0
20121016T110000	-0.87	95	3.75	84.85	0
20121016T120000	-0.69	95	3.34	76.75	0
20121016T130000	-0.48	95	3.78	80.4	0
20121016T140000	-0.05	95	4.14	89.75	0
20121016T150000	0.06	95	4.17	86.9	0
20121016T160000	0.12	95	3.88	89	0
20121016T170000	-0.11	95	3.91	84.6	0
20121016T180000	-0.27	95	3.38	82.4	0
20121016T190000	-0.29	95	3.3	77.55	0
20121016T200000	-0.21	95	3.84	81.15	0
20121016T210000	-0.31	95	3.15	90.2	0
20121016T220000	-0.37	95	2.74	88.65	0
20121016T230000	-0.32	95	2.57	84.65	0
20121017T000000	-0.37	95	2.22	79.45	0
20121017T010000	-0.42	95	2.74	81.95	0
20121017T020000	-0.5	95	3.23	83.5	0
20121017T030000	-0.53	95	3.2	91.35	0
20121017T040000	-0.67	95	2.31	92.95	0
20121017T050000	-0.64	95	2.14	88.6	0
20121017T060000	-0.55	95	1.99	94.55	0
20121017T070000	-0.63	95	1.82	97.4	0
20121017T080000	-0.52	95	2.19	93.55	0
20121017T090000	-0.61	95	2.49	104.35	0
20121017T100000	-0.52	95	2.54	109.65	0.19
20121017T110000	-0.52	95	2.71	112.5	0.33
20121017T120000	-0.43	95	2.21	110.4	0.21
20121017T130000	-0.23	95	2.67	112.8	0.12
20121017T140000	-0.16	95	2.63	116.55	0.2
20121017T150000	-0.17	95	2.48	115.25	0
20121017T160000	-0.35	95	2.73	114.85	0
20121017T170000	-0.64	95	2.78	103.4	0
20121017T180000	-0.99	95	2.79	96.65	0.17
20121017T190000	-1.26	95	3.12	92.1	0
20121017T200000	-1.45	95	3.46	90.75	0
20121017T210000	-1.62	95	3.17	96	0
20121017T220000	-1.71	95	3.21	95.25	0.25
20121017T230000	-1.74	95	2.83	97.25	0
20121018T000000	-1.79	95	2.05	88.75	0
20121018T010000	-1.84	95	1.69	72.44	0
20121018T020000	-1.73	95	2	78.8	0
20121018T030000	-1.71	95	2.37	79.05	0
20121018T040000	-1.92	95	2.79	66.13	0
20121018T050000	-2.14	95	2.37	55.11	0
20121018T060000	-2.5	95	3.71	50.12	0
20121018T070000	-3.19	95	4.72	49.8	0
20121018T080000	-3.59	95	3.97	54.38	0
20121018T090000	-4.04	95	4.32	52.71	0
20121018T100000	-4.35	95	3.92	55.1	0
20121018T110000	-4.37	95	4.96	59.78	0
20121018T120000	-4.38	95	5.69	69.06	0
20121018T130000	-4.11	95	5.73	72.8	0
20121018T140000	-3.57	95	5.88	73.3	0
20121018T150000	-3.26	95	5.56	69.15	0
20121018T160000	-4.35	95	4.75	61.31	0
20121018T170000	-5	95	4.46	49.89	0
20121018T180000	-4.17	95	3.83	35.75	0
20121018T190000	-3.42	92.55	5.39	26.82	0
20121018T200000	-4.16	92	4.05	182.61	0
20121018T210000	-5.11	95	3.17	323.65	0
20121018T220000	-5.39	95	3.12	303.55	0
20121018T230000	-4.8	95	3.46	315.75	0
20121019T000000	-3.74	95	4.5	341.9	0
20121019T010000	-3.92	95	5.46	341.6	0
20121019T020000	-4	95	5.54	330.35	0
20121019T030000	-3.81	95	6.24	339.15	0
20121019T040000	-4.06	95	5.8	338.75	0
20121019T050000	-4.25	95	4.62	330.9	0
20121019T060000	-4.37	95	4.68	329.25	0
20121019T070000	-4.71	95	4.18	315.95	0
20121019T080000	-4.7	95	4.08	322.55	0
20121019T090000	-4.47	95	4.01	328.3	0
20121019T100000	-4.71	95	3.66	318.8	0
20121019T110000	-4.49	95	4.34	320.75	0
20121019T120000	-4.45	95	4.67	324.2	0
20121019T130000	-4.2	95	4.33	323.9	0
20121019T140000	-3.98	95	3.94	318.8	0
20121019T150000	-4.07	95	3.39	308.65	0
20121019T160000	-3.89	95	3.7	313.4	0
20121019T170000	-3.95	95	3.58	311.65	0
20121019T180000	-4.04	95	3.58	311.7	0
20121019T190000	-4.38	95	3.29	300.5	0
20121019T200000	-3.85	95	3.68	305	0
20121019T210000	-3.41	95	4.07	308.5	0
20121019T220000	-3.01	95	4.83	326.85	0
20121019T230000	-3.19	95	4.75	355.75	0
20121020T000000	-3.63	95	3.46	349	0
20121020T010000	-3.6	95	3.38	340.1	0
20121020T020000	-4.08	95	3.08	336	0
20121020T030000	-3.71	95	3.54	335.75	0
20121020T040000	-3.54	95	4.83	336.95	0
20121020T050000	-3.8	95	6.19	342.95	0
20121020T060000	-3.98	95	6.06	349.3	0
20121020T070000	-4.2	95	6.19	348.6	0
20121020T080000	-4.31	95	5.93	343.7	0
20121020T090000	-4.38	95	5.88	347.2	0
20121020T100000	-4.39	95	5.11	346.3	0
20121020T110000	-4.29	95	3.59	337.9	0
20121020T120000	-3.96	94.55	3.81	332.55	0
20121020T130000	-3.93	94.65	3.23	319.9	0
20121020T140000	-3.68	95	2.92	319.95	0
20121020T150000	-3.61	94.2	3.03	320.85	0
20121020T160000	-3.71	95	3.07	314.35	0
20121020T170000	-3.87	95	2.79	311.95	0
20121020T180000	-3.99	95	2.39	312.6	0
20121020T190000	-4.08	95	2.2	313.2	0
20121020T200000	-4.22	95	2.32	321.35	0
20121020T210000	-4.31	95	1.95	333.05	0
20121020T220000	-4.49	95	1.74	328.3	0
20121020T230000	-4.61	95	1.41	324.85	0
20121021T000000	-4.67	95	1.5	308.7	0
20121021T010000	-4.48	94	1.64	307.65	0
20121021T020000	-4.46	93.3	1.86	330.85	0
20121021T030000	-4.47	91.6	1.23	319.15	0
20121021T040000	-4.23	86.45	0.93	301.05	0
20121021T050000	-4.64	88.65	0.12	318.35	0
20121021T060000	-4.65	88.2	0.29	286.2	0
20121021T070000	-4.18	83.85	0.45	263.15	0
20121021T080000	-4.71	87.85	1.28	163.2	0
20121021T090000	-5.11	89.15	1.46	142.85	0
20121021T100000	-5.75	89.25	0.86	150.4	0
20121021T110000	-5.64	89.75	0.91	152.35	0
20121021T120000	-5.04	93.45	1.71	175.8	0
20121021T130000	-4.69	83.9	1.41	170.9	0
20121021T140000	-4.69	82.4	1.43	178.2	0
20121021T150000	-5.2	90.5	1.96	177.2	0
20121021T160000	-6.65	93.65	1.67	179.75	0
20121021T170000	-8.29	95	2.53	169.8	0
20121021T180000	-9.27	95	2.53	164.95	0
20121021T190000	-9.25	95	2.46	177.35	0
20121021T200000	-8.88	95	4.03	182.75	0
20121021T210000	-9.61	95	3.15	172.65	0
20121021T220000	-9.95	95	3.48	185.05	0
20121021T230000	-9.05	95	4.56	177.45	0
20121022T000000	-9.44	95	4	168.15	0
20121022T010000	-9.71	95	4.01	175.35	0
20121022T020000	-9.93	95	4.21	176.7	0
20121022T030000	-10.23	95	4.1	162.85	0
20121022T040000	-10.38	95	3.94	161.05	0
20121022T050000	-9.87	95	4	164.6	0
20121022T060000	-9.6	95	3.9	159.5	0
20121022T070000	-9.39	95	4.68	160.4	0
20121022T080000	-9.58	95	4.95	163.25	0
20121022T090000	-10.21	95	5.53	169.5	0
20121022T100000	-10.75	95	3.98	170.65	0.16
20121022T110000	-9.49	95	5.12	174.25	0
20121022T120000	-8.97	95	5.6	183.05	0
20121022T130000	-8.62	94.7	4.92	188.75	0
20121022T140000	-8.16	92.15	3.1	192.5	0
20121022T150000	-8.07	89.7	2.04	183.5	0
20121022T160000	-8.96	93.35	2.33	152.4	0
20121022T170000	-9.59	94.05	0.83	48.75	0
20121022T180000	-10.89	95	0.83	117.25	0
20121022T190000	-11.39	95	1.85	176.15	0
20121022T200000	-12.01	95	3.42	173.2	0
20121022T210000	-9.95	95	4.62	168.25	0
20121022T220000	-8.89	95	4.69	170.7	0
20121022T230000	-8.38	95	4.51	177	0
20121023T000000	-8.02	95	4.19	173.25	0
20121023T010000	-7.86	95	4.25	178	0
20121023T020000	-7.76	95	4.29	175.4	0
20121023T030000	-7.93	95	3.57	171.25	0
20121023T040000	-8.19	95	3.29	170.2	0
20121023T050000	-8.34	95	2.68	160.25	0
20121023T060000	-8.66	95	2.17	165.9	0
20121023T070000	-9.16	95	1.98	175.1	0
20121023T080000	-11.07	95	1.15	217.1	0
20121023T090000	-12.59	95	0.71	219.75	0
20121023T100000	-12.66	95	0.69	276.95	0
20121023T110000	-10.94	95	0.74	251.3	0
20121023T120000	-9.79	95	0.36	169.05	0
20121023T130000	-8.95	95	0.36	211.35	0
20121023T140000	-8.57	95	0.62	238.6	0
20121023T150000	-8.17	95	0.55	212.85	0
20121023T160000	-8.07	95	1.04	199.1	0
20121023T170000	-8.06	95	1.08	251.5	0
20121023T180000	-8.11	95	0.51	235.95	0
20121023T190000	-8.09	95	0.34	227.2	0
20121023T200000	-8.03	95	0.54	187.1	0
20121023T210000	-7.87	95	0.75	203.15	0
20121023T220000	-7.6	95	0.99	236.1	0
20121023T230000	-7.57	95	1.97	273.4	0
20121024T000000	-7.35	95	1.51	270.75	0
20121024T010000	-7.69	95	1.35	275.4	0
20121024T020000	-8.74	95	0.74	266.65	0
20121024T030000	-8.83	95	0.36	256.05	0
20121024T040000	-9.1	95	1.09	264.15	0
20121024T050000	-9.32	95	1.14	276.65	0
20121024T060000	-9.69	95	1.48	258.15	0
20121024T070000	-10.33	95	1.43	262.95	0
20121024T080000	-10.7	95	1.64	261.75	0
20121024T090000	-10.07	94.45	2.47	252.75	0
20121024T100000	-11.04	93.75	3.03	251.6	0
20121024T110000	-10.84	92.65	2.83	249.3	0
20121024T120000	-8.57	87.95	2.95	241.9	0
20121024T130000	-7.23	81.3	2.66	245.4	0
20121024T140000	-6.95	86.9	2.58	249.75	0
20121024T150000	-6	92.5	3.29	235.35	0
20121024T160000	-5.49	94.95	2.62	242	0
20121024T170000	-5.53	95	3.17	243	0
20121024T180000	-5.27	95	3.35	249.55	0
20121024T190000	-5.73	95	3.62	258.4	0
20121024T200000	-5.37	95	3.04	246.35	0
20121024T210000	-5.22	95	3.5	238.85	0
20121024T220000	-4.97	95	3.08	249.4	0
20121024T230000	-5.21	95	3.25	239.7	0
20121025T000000	-5.37	95	3.05	232.65	0
20121025T010000	-4.84	95	3.48	252.2	0
20121025T020000	-4.7	95	3.08	251.45	0
20121025T030000	-4.59	95	3.05	253.35	0
20121025T040000	-5.14	95	2.38	242.3	0
20121025T050000	-5.11	95	2.72	252.3	0
20121025T060000	-5.2	95	2.62	233.55	0
20121025T070000	-5.42	95	2.62	253.85	0
20121025T080000	-5.17	95	2.65	243.5	0
20121025T090000	-5.47	95	3.73	218.25	0
20121025T100000	-5.35	95	4.29	210.55	0
20121025T110000	-5.31	95	3.54	229.45	0
20121025T120000	-5.44	95	5.21	198.3	0
20121025T130000	-5.3	93.65	5.46	203.9	0
20121025T140000	-5.53	91.35	4.57	197.1	0
20121025T150000	-5.75	90.45	3.69	193.6	0
20121025T160000	-5.88	84.65	4.24	197.6	0
20121025T170000	-7.57	88	4.43	191.4	0
20121025T180000	-8.64	92.75	4.75	186.15	0
20121025T190000	-9.3	94.35	4.42	188.25	0
20121025T200000	-10.9	95	4.02	193.05	0
20121025T210000	-10.42	95	4.65	200.1	0
20121025T220000	-11.39	95	3.34	192.9	0
20121025T230000	-11.52	95	4.35	188.85	0
20121026T000000	-11.52	95	4.63	200.95	0
20121026T010000	-11.57	95	5.86	208.3	0
20121026T020000	-11.64	94.7	6.4	199.4	0
20121026T030000	-11.49	93.85	6.58	196.8	0
20121026T040000	-11.39	94.25	7	203.6	0
20121026T050000	-10.93	92.75	6.96	204.95	0
20121026T060000	-11.35	93.05	6.31	208.85	0
20121026T070000	-10.41	91.55	6.57	209.9	0
20121026T080000	-9.82	89.05	6.73	205.75	0
20121026T090000	-9.53	92.75	6.4	212.85	0
20121026T100000	-9.78	95	6.56	214.25	0
20121026T110000	-9.52	95	6.02	218.65	0
20121026T120000	-9.43	95	5.55	222.75	0
20121026T130000	-9.33	95	5.38	225.25	0
20121026T140000	-9.34	95	5.45	230.5	0
20121026T150000	-9.41	95	6.96	212.9	0
20121026T160000	-9.66	95	7.1	222.65	0
20121026T170000	-9.78	95	6.79	226.65	0
20121026T180000	-9.58	95	6.45	218.5	0
20121026T190000	-9.4	95	5.51	227.85	0
20121026T200000	-8.75	95	5.45	241.75	0
20121026T210000	-7.63	95	5.82	248.25	0
20121026T220000	-7.85	95	5.59	243.75	0
20121026T230000	-7.1	95	6.08	257.95	0
20121027T000000	-7.71	95	5.35	248.8	0
20121027T010000	-6.92	95	5.36	253.25	0
20121027T020000	-6.83	95	5.71	258	0
20121027T030000	-6.46	95	5.33	255.4	0
20121027T040000	-6.01	95	4.58	254.05	0
20121027T050000	-5.33	95	4.72	258.9	0
20121027T060000	-5.61	95	4.35	249.7	0
20121027T070000	-5.4	95	4.48	263.85	0.16
20121027T080000	-5.4	95	5.15	271	0
20121027T090000	-5.5	95	4.91	273.1	0
20121027T100000	-5.17	95	4.57	284.25	0
20121027T110000	-5.26	95	2.39	249.7	0
20121027T120000	-5.91	95	3.51	258.9	0
20121027T130000	-5.57	95	3.87	264.3	0
20121027T140000	-5.27	95	3.75	255.05	0
20121027T150000	-4.97	95	3.82	245.25	0
20121027T160000	-5.12	95	3.62	232.3	0
20121027T170000	-5.68	95	3.2	229.65	0
20121027T180000	-5.77	95	2.22	256.65	0
20121027T190000	-5.92	95	2.64	239.55	0
20121027T200000	-6.11	95	3.86	234.2	0
20121027T210000	-6.44	95	4.19	233.85	0
20121027T220000	-6.56	95	4.79	228.5	0
20121027T230000	-6.61	95	4.69	223.1	0
20121028T000000	-6.61	95	5.08	207.95	0
20121028T010000	-6.51	95	5.85	206.7	0
20121028T020000	-6.52	95	6.5	214.85	0
20121028T030000	-6.45	95	5.99	214.2	0
20121028T040000	-6.39	95	7.3	211.95	0
20121028T050000	-6.34	95	7.13	213.4	0
20121028T060000	-6.06	95	6.83	214.35	0
20121028T070000	-4.49	95	5.56	246.3	0.38
20121028T080000	-1.7	95	7.28	300.35	0
20121028T090000	-1.5	95	9.98	318.4	0
20121028T100000	-1.77	95	8.64	311.65	0
20121028T110000	-1.77	95	8.17	304.7	0
20121028T120000	-1.83	95	8.79	309.05	0
20121028T130000	-1.73	95	7.99	305.65	0
20121028T140000	-2.13	95	9.82	299.5	0
20121028T150000	-2.6	95	10.54	299.45	0
20121028T160000	-3.1	95	11.14	294.65	0
20121028T170000	-3.49	95	11.4	292.55	0.31
20121028T180000	-3.62	95	10.44	294.6	0
20121028T190000	-3.74	95	9.75	293.1	0
20121028T200000	-3.83	95	8.02	285.9	0
20121028T210000	-3.84	95	7.78	286.8	0
20121028T220000	-4.33	95	8.16	281.55	0
20121028T230000	-5.72	95	8.29	282.2	0
20121029T000000	-5.62	95	8.21	282.85	0
20121029T010000	-5.57	95	7.61	284.35	0
20121029T020000	-6.42	92.6	5.58	275.35	0
20121029T030000	-7.04	90.4	4.96	263.5	0
20121029T040000	-6.61	87.7	4.88	263.35	0
20121029T050000	-6.4	88.4	4.29	262.35	0.25
20121029T060000	-5.92	86.45	5.45	250.6	0
20121029T070000	-6	87.9	4.2	258.55	0
20121029T080000	-6.17	89.4	3.34	254.65	0
20121029T090000	-6.38	93.65	3.25	249.2	0
20121029T100000	-6.6	95	2.96	257.8	0
20121029T110000	-6.42	95	2.34	247.8	0
20121029T120000	-6.58	95	2.17	244	0
20121029T130000	-5.92	95	2.53	257.65	0
20121029T140000	-5.98	95	2.12	263.25	0
20121029T150000	-6.33	95	1.18	262.2	0
20121029T160000	-6.48	95	1.23	230.4	0
20121029T170000	-6.92	95	1.49	232.8	0
20121029T180000	-8.13	95	2.02	251.15	0
20121029T190000	-8.53	95	2.54	261.25	0
20121029T200000	-8.3	95	2.29	264.85	0
20121029T210000	-8.1	95	1.77	262.25	0
20121029T220000	-7.88	95	1.56	260.3	0
20121029T230000	-7.46	95	1.71	267.75	0
20121030T000000	-7.58	95	2.03	277.3	0
20121030T010000	-7.56	95	1.99	271.15	0
20121030T020000	-7.55	95	2.71	300.15	0
20121030T030000	-7.21	95	3.22	315.7	0
20121030T040000	-6.76	95	3.83	312.65	0
20121030T050000	-7.26	95	4.18	314.7	0
20121030T060000	-6.85	95	4.69	312.85	0
20121030T070000	-8.38	95	4.25	302	0
20121030T080000	-8.36	95	4.12	291.95	0
20121030T090000	-8.44	95	3.13	282.45	0
20121030T100000	-7.77	95	2.41	282.05	0
20121030T110000	-7.94	95	2.58	290.35	0
20121030T120000	-6.47	95	2.43	291.35	0
20121030T130000	-6.79	95	2.75	281.4	0
20121030T140000	-5.85	95	2.78	291.2	0
20121030T150000	-5.88	95	2.61	294.9	0
20121030T160000	-5.33	95	3.27	301.35	0
20121030T170000	-5.06	95	3.95	295.85	0
20121030T180000	-5.06	95	3.44	292.75	0
20121030T190000	-4.77	95	3.85	300.1	0
20121030T200000	-4.71	95	4.04	299.5	0
20121030T210000	-5.16	95	3.42	306.95	0
20121030T220000	-7.27	95	2.29	288.9	0
20121030T230000	-7.77	95	2	290.75	0
20121031T000000	-8.11	95	1.31	268.95	0
20121031T010000	-7.3	95	0.76	258.05	0
20121031T020000	-7.12	95	0.28	157.8	0
20121031T030000	-7.33	95	0.23	137.4	0
20121031T040000	-7.32	95	0.67	277.6	0
20121031T050000	-7.09	95	0.14	148.56	0
20121031T060000	-6.92	95	0.57	63.31	0
20121031T070000	-7.34	95	1.15	89.15	0
20121031T080000	-8.11	95	1.06	68.95	0
20121031T090000	-9.58	95	0.6	40.94	0
20121031T100000	-11.67	95	0.56	185.82	0
20121031T110000	-10.69	95	0.66	201.88	0
20121031T120000	-10.61	95	0.4	70.19	0
20121031T130000	-11.4	95	0.44	189.84	0
20121031T140000	-11.83	95	0.84	333.2	0
20121031T150000	-11.82	95	0.26	169.3	0
20121031T160000	-12.1	95	0	0	0
20121031T170000	-12.83	95	0	167.95	0
20121031T180000	-12.71	95	0	165.85	0
20121031T190000	-12.33	95	0	0	0
20121031T200000	-11.71	95	0	0	0
20121031T210000	-11.22	95	0	0	0
20121031T220000	-10.68	95	0	0	0
20121031T230000	-10.3	95	0	0	0
20121101T000000	-10.26	95	0	0	0
20121101T010000	-9.75	95	0	0	0
20121101T020000	-9.16	95	0.01	249.3	0
20121101T030000	-8.89	95	0	250.2	0
20121101T040000	-8.95	95	0	248.05	0
20121101T050000	-8.82	95	0	260.15	0
20121101T060000	-8.15	95	0	165.45	0
20121101T070000	-6.77	95	0.01	353.4	0
20121101T080000	-6.82	95	0.01	340.3	0
20121101T090000	-7.42	95	0.01	339.05	0
20121101T100000	-7.7	95	0.01	350.8	0
20121101T110000	-8.64	95	0	156	0
20121101T120000	-9.04	95	0	311.9	0
20121101T130000	-10.2	95	0	0	0
20121101T140000	-12.45	95	0	0	0
20121101T150000	-12.89	95	0	0	0
20121101T160000	-13.31	95	0.32	263.95	0
20121101T170000	-12.98	95	0.8	267.7	0
20121101T180000	-12.99	95	0.73	265	0
20121101T190000	-14.57	95	0.69	243.25	0
20121101T200000	-14.03	95	0.58	243.5	0
20121101T210000	-12.91	95	0.29	239.7	0
20121101T220000	-13.75	95	0.34	216.9	0
20121101T230000	-11.59	95	4.42	210.1	0
20121102T000000	-11.93	95	5.17	211.6	0
20121102T010000	-12.68	95	4.31	205.8	0
20121102T020000	-14.09	95	3.35	203.8	0
20121102T030000	-15.21	95	3.61	212.45	0
20121102T040000	-16.1	95	2.99	236.15	0
20121102T050000	-16.13	95	3.52	228.2	0
20121102T060000	-15.95	95	4.65	215.65	0
20121102T070000	-15.85	95	3.79	243.3	0
20121102T080000	-16.44	95	2.55	265.25	0
20121102T090000	-16.18	95	3	247.75	0
20121102T100000	-16.57	95	3.8	236.75	0
20121102T110000	-16.16	95	4.28	240.1	0
20121102T120000	-16.04	95	3.71	264.8	0
20121102T130000	-16.17	95	3.73	249.35	0
20121102T140000	-15.83	95	3.62	243.8	0
20121102T150000	-16.07	95	3.24	253.6	0
20121102T160000	-16.3	95	4.11	251.15	0
20121102T170000	-15.98	95	4.02	247.15	0
20121102T180000	-15.92	95	4.44	238.75	0
20121102T190000	-15.62	95	4	243.55	0
20121102T200000	-14.77	95	3.5	248.5	0
20121102T210000	-14	95	2.55	253.95	0
20121102T220000	-13.88	95	1.21	244.45	0
20121102T230000	-13.45	95	0.7	224.85	0
20121103T000000	-14.5	95	1.17	264.1	0
20121103T010000	-15.72	95	1.61	292.55	0
20121103T020000	-15.79	95	2.84	265.45	0
20121103T030000	-13.58	95	2.18	287.1	0
20121103T040000	-11.34	95	2.15	306.75	0
20121103T050000	-11.04	95	2.65	345.85	0
20121103T060000	-11.71	95	3.22	343.9	0
20121103T070000	-10.03	95	3.53	1.3	0
20121103T080000	-10.89	95	2.5	348.55	0
20121103T090000	-11.09	95	2.09	340.45	0
20121103T100000	-11.61	95	3.12	324.75	0
20121103T110000	-13.79	95	2.97	314.75	0
20121103T120000	-11.67	95	3.5	325.65	0
20121103T130000	-10.5	95	3.17	351.25	0
20121103T140000	-10.72	95	2.46	327.8	0
20121103T150000	-11.49	95	3.21	328.4	0
20121103T160000	-12.39	95	3.38	328.05	0
20121103T170000	-11.6	95	2.98	329.15	0
20121103T180000	-12.02	95	3.17	326.85	0
20121103T190000	-11.34	95	2.81	326.25	0
20121103T200000	-11.86	95	2.25	307.15	0
20121103T210000	-12.09	95	1.93	274.7	0
20121103T220000	-12.28	95	2.12	274.3	0
20121103T230000	-12.52	95	2.15	268.3	0
20121104T000000	-12.86	95	2.2	262.05	0
20121104T010000	-12.41	95	2.37	267.1	0
20121104T020000	-13.06	95	2.58	271.65	0
20121104T030000	-13.04	95	1.7	269.4	0
20121104T040000	-13.38	95	1.52	254.4	0
20121104T050000	-13.75	95	1.21	267.55	0
20121104T060000	-13.57	95	1.14	259.35	0
20121104T070000	-13.84	95	1.32	259	0
20121104T080000	-13.68	95	1.68	261.4	0
20121104T090000	-13.37	95	1.58	261.5	0
20121104T100000	-13.55	95	0.71	293	0
20121104T110000	-13.16	95	1.15	269.45	0
20121104T120000	-13.23	95	1.69	336.7	0
20121104T130000	-12.91	95	1.02	72.94	0
20121104T140000	-13.31	95	0.65	262.5	0
20121104T150000	-13.58	95	0.11	310.45	0
20121104T160000	-13.46	95	0.42	25.51	7.58
20121104T170000	-13.69	95	1.69	174.61	0
20121104T180000	-13.14	95	1.93	6.5	0
20121104T190000	-13.37	95	1.02	21.18	0
20121104T200000	-12.16	95	3.67	69.94	0
20121104T210000	-12.48	95	4.29	67.56	0
20121104T220000	-12.46	95	4.27	55.42	0
20121104T230000	-12.34	95	5.37	48.47	0
20121105T000000	-12.27	95	5.74	47.47	0
20121105T010000	-12.04	95	5.39	33.53	0
20121105T020000	-11.8	95	5.73	38.94	0
20121105T030000	-11.55	95	6.06	44.08	0
20121105T040000	-11.41	95	5.88	44.12	0
20121105T050000	-11.31	95	6.47	44.67	0
20121105T060000	-11.36	95	5.73	33.03	0
20121105T070000	-11.35	95	5.51	27.38	0
20121105T080000	-11.49	95	5.43	19.1	0
20121105T090000	-11.44	95	5.24	18.45	0
20121105T100000	-11.39	95	5	20.02	0
20121105T110000	-11.34	95	5.69	17.54	0
20121105T120000	-11.27	95	5.52	15.65	0
20121105T130000	-11.07	95	5.28	17.67	0
20121105T140000	-11.05	95	4.39	23.85	0
20121105T150000	-11.27	95	4.13	18.14	0
20121105T160000	-11.47	95	3.42	18.32	0
20121105T170000	-11.63	95	3.05	18.01	0
20121105T180000	-11.34	95	3.58	23.23	0
20121105T190000	-11.77	95	3.91	18.18	0
20121105T200000	-12.5	95	2.87	174.75	0
20121105T210000	-13.82	95	3.46	332.1	0
20121105T220000	-15.96	95	3.46	318.65	0
20121105T230000	-16.5	95	3.11	311.35	0
20121106T000000	-16.68	95	2.08	285.6	0
20121106T010000	-16.09	95	1.62	270.55	0
20121106T020000	-16.88	95	1.28	280.35	0
20121106T030000	-17.75	95	0.83	267.35	0
20121106T040000	-17.69	95	0.86	264.4	0
20121106T050000	-17.36	95	0.83	258	0
20121106T060000	-12.02	95	2.38	289.3	0
20121106T070000	-13.78	95	4.57	286.8	0
20121106T080000	-14.52	95	4.92	288.8	0
20121106T090000	-15.23	95	5.37	282.9	0
20121106T100000	-15.57	95	5.27	280.2	0
20121106T110000	-16.54	95	4.98	267	0
20121106T120000	-17.77	95	4.46	256.6	0
20121106T130000	-16.98	95	4.02	258.35	0
20121106T140000	-16.62	95	4.44	255.35	0
20121106T150000	-16.53	95	5.63	250.4	0
20121106T160000	-16.71	95	5.04	256	0
20121106T170000	-16.86	95	4.38	265.85	0
20121106T180000	-16.45	95	5.3	262.45	0
20121106T190000	-14.96	95	6.34	230.6	0
20121106T200000	-15.31	95	5.93	218.9	0
20121106T210000	-16.95	95	4.35	222.45	0
20121106T220000	-16.62	95	4.67	248.2	0
20121106T230000	-16.91	95	3.79	279.65	0
20121107T000000	-16.32	95	5.1	283.25	0
20121107T010000	-17.24	95	4.33	256.6	0
20121107T020000	-16.77	95	5.61	249.95	0
20121107T030000	-16.72	95	4.59	268.1	0
20121107T040000	-17.13	94.85	3.97	273.2	0
20121107T050000	-16.76	94.1	4.21	271.8	0
20121107T060000	-16.81	94.45	4.53	269.55	0
20121107T070000	-16.59	93.9	6.5	230.75	0
20121107T080000	-17.05	92.75	5.78	231.5	0
20121107T090000	-18.07	93.7	5.49	240.25	0
20121107T100000	-17.86	92.35	6.58	232.25	0
20121107T110000	-18.19	92	5.29	252.65	0
20121107T120000	-18.41	90.75	6.06	239.05	0
20121107T130000	-18.54	88.95	5.12	239.2	0
20121107T140000	-18.37	88.65	5.24	237.2	0
20121107T150000	-18.2	88.2	4.42	242.45	0
20121107T160000	-19.01	89.8	5.23	233.8	0
20121107T170000	-19.15	89.95	4.67	236.7	0
20121107T180000	-18.62	90.25	4.69	238.55	0
20121107T190000	-18.2	89.75	4.76	245.8	0
20121107T200000	-18.23	90.15	5.18	241.3	0
20121107T210000	-18.45	90.65	5.04	232.7	0
20121107T220000	-17.86	90.6	4.74	254.1	0
20121107T230000	-17.04	89.65	5.22	243.85	0
20121108T000000	-16.16	90.2	4.54	240.15	0
20121108T010000	-16.34	90.65	5.39	226.3	0
20121108T020000	-15.53	88.45	4.54	251.65	0
20121108T030000	-15.96	86.7	5.61	257.45	0
20121108T040000	-15.39	84.8	6.33	256.5	0
20121108T050000	-14.99	86.6	5.83	250.3	0
20121108T060000	-16.99	86.55	6.23	252	0
20121108T070000	-15.46	85.15	7.66	261.1	0
20121108T080000	-14.71	87.75	7.25	258.9	0
20121108T090000	-12.76	92.75	7.65	264.55	0
20121108T100000	-11.73	93.75	8.5	281.2	0
20121108T110000	-11.99	94.15	7.78	283.45	0
20121108T120000	-12.22	92.85	6.96	278.75	0
20121108T130000	-11.11	90.6	5.94	260.25	0
20121108T140000	-10.53	89.05	5.94	275.9	0
20121108T150000	-11.59	86.65	5.21	264.65	0
20121108T160000	-13.93	88.65	3.71	243.55	0
20121108T170000	-15.02	94.1	3.56	234.2	0
20121108T180000	-14.41	91.35	7.29	214.3	0
20121108T190000	-14.87	91.15	7.96	210.95	0
20121108T200000	-14.6	91.95	8.27	213.4	0
20121108T210000	-13.98	90.9	8.7	209.05	0
20121108T220000	-14.73	89.3	8.25	203.6	0
20121108T230000	-14.95	87.4	8.52	207.25	0
20121109T000000	-14.54	84.9	8.56	202.55	0
20121109T010000	-15.5	84.9	7.21	216.35	0
20121109T020000	-16.33	85.95	2.71	262.3	0
20121109T030000	-16.55	85.05	3.32	246.35	0
20121109T040000	-16.56	85.25	7.78	221.5	0
20121109T050000	-16.62	85.4	8.37	210.9	0
20121109T060000	-16.81	84.45	9.32	212.85	0
20121109T070000	-16.9	83.25	8.71	225.8	0
20121109T080000	-16.84	81.2	6.43	245.35	0
20121109T090000	-17.16	81.35	5.98	238.15	0
20121109T100000	-17.55	81.1	5.79	254.4	0
20121109T110000	-17.81	81.45	5.13	246.4	0
20121109T120000	-18.25	82.15	4.7	242.65	0
20121109T130000	-18.15	80.75	4.42	251.5	0
20121109T140000	-17.77	79	3.83	245.15	0
20121109T150000	-18.66	80.25	3.78	236.2	0
20121109T160000	-18.79	82.4	4.49	257.7	0
20121109T170000	-17.15	82.55	4.6	246	0
20121109T180000	-17.23	85.25	4.66	225.35	0
20121109T190000	-14.27	80.9	4.87	250	0
20121109T200000	-13.55	81.7	4.87	245.45	0
20121109T210000	-12.98	85.8	4.66	238.6	0
20121109T220000	-11.8	90	5.51	258.95	0
20121109T230000	-11.16	91.1	6.15	251.1	0
20121110T000000	-10.61	93.35	5.63	260.8	0
20121110T010000	-10.25	94.65	5.89	261.95	0
20121110T020000	-10.68	94.3	6.07	262.1	0
20121110T030000	-10.52	92.9	6.24	264.75	0
20121110T040000	-10.05	93.1	5.7	261.1	0
20121110T050000	-10.52	93.05	5.95	258.45	0
20121110T060000	-11.46	90.3	6.16	257.15	0
20121110T070000	-12.02	91.55	6.86	245.75	0
20121110T080000	-12.68	92.05	7.13	247.5	0
20121110T090000	-11.45	90.2	6.96	251.5	0
20121110T100000	-13.43	91.35	7.2	236.3	0
20121110T110000	-12.64	88.65	7.06	244.7	0
20121110T120000	-11.32	88.85	5.9	254.45	0
20121110T130000	-11.37	87.2	6.56	255.75	0
20121110T140000	-10.99	95	7.16	254.75	0
20121110T150000	-9.85	95	9	263.1	0
20121110T160000	-9.53	95	8.85	267.95	0
20121110T170000	-8.9	95	9.71	275.55	0
20121110T180000	-8.46	95	9.19	263.3	0
20121110T190000	-8.71	95	8.93	263.25	0
20121110T200000	-8.06	95	8.44	275.65	0
20121110T210000	-6.84	95	5.99	302.15	0
20121110T220000	-6.77	95	6.03	321.7	0
20121110T230000	-7.3	95	5.52	308.85	0
20121111T000000	-7.74	95	5.32	299.7	0
20121111T010000	-7.72	95	6.29	321.65	0
20121111T020000	-8.59	95	5.37	351.85	0
20121111T030000	-9.66	93.7	5.91	351.7	0
20121111T040000	-10.35	89.55	6.03	357.1	0
20121111T050000	-10.91	87.15	6.05	179.54	0
20121111T060000	-11.35	86.9	5.81	351.6	0
20121111T070000	-11.52	88.25	6.08	343.9	0
20121111T080000	-11.78	88.35	6.04	343.05	0
20121111T090000	-12	88.15	5.35	344.95	0
20121111T100000	-12.16	87.8	5.14	340.4	0
20121111T110000	-12.41	85.85	4.71	342.65	0
20121111T120000	-12.62	86	4.54	339.5	0
20121111T130000	-13.09	87	4.54	332.35	0
20121111T140000	-13.49	85.1	4.88	347.9	0
20121111T150000	-13.7	87.1	5.45	351.8	0
20121111T160000	-14.18	85.7	5.22	344.65	0
20121111T170000	-14.17	86.1	4.78	337.6	0
20121111T180000	-14.28	85.65	4.65	339.7	0
20121111T190000	-14.35	85.9	3.83	340.2	0
20121111T200000	-14.32	86.15	3.35	340.4	0
20121111T210000	-14.41	84.5	3.54	334.9	0
20121111T220000	-14.54	83.05	3.4	338.25	0
20121111T230000	-14.45	83.9	2.7	332.25	0
20121112T000000	-14.53	85.85	1.89	313.45	0
20121112T010000	-14.47	82.7	2.01	299.9	0
20121112T020000	-14.71	82.2	2.25	284.15	0
20121112T030000	-15	82.7	1.42	247.4	0
20121112T040000	-15.52	86.05	1.6	232.75	0
20121112T050000	-15.14	85.7	2.16	227.6	0
20121112T060000	-15.05	86.15	3.26	218.1	0
20121112T070000	-14.96	84.8	3.1	220.85	0
20121112T080000	-15.93	85.6	3.13	212	0
20121112T090000	-19.24	89.2	2.96	202.5	0
20121112T100000	-20.08	93	3.49	209.75	0
20121112T110000	-19.39	92.9	5.88	214.9	0
20121112T120000	-19.34	91.35	7.42	207.9	0
20121112T130000	-19	89.6	7.6	206.55	0
20121112T140000	-18.65	88.45	7.67	205.95	0
20121112T150000	-18.36	88.25	7.96	205.45	0
20121112T160000	-18.49	90.35	8.84	206.8	0
20121112T170000	-18.66	90.4	8.29	211.8	0
20121112T180000	-19.13	89.85	6.81	227.3	0
20121112T190000	-19.42	90.75	8.29	217.55	0
20121112T200000	-20.02	90.5	6.91	215.7	0
20121112T210000	-20.21	90.3	7.92	211.8	0
20121112T220000	-20.63	90.2	8.37	217.05	0
20121112T230000	-20.46	89.7	8.28	222	0
20121113T000000	-20.56	89.5	8.09	217.3	0
20121113T010000	-20.22	88.8	8.59	223.95	0
20121113T020000	-19.73	88	7.29	253.15	0
20121113T030000	-18.89	84.55	7.25	251.35	0
20121113T040000	-18.05	84.8	6.83	238.65	0
20121113T050000	-16.63	88.4	7.92	253.05	0
20121113T060000	-16.64	94	9.16	253.7	0
20121113T070000	-16.07	94.55	8.66	256.35	0
20121113T080000	-15.2	95	8.25	250.5	0
20121113T090000	-13.71	95	9.27	279.45	0
20121113T100000	-12.5	95	9.48	288.55	0
20121113T110000	-12.43	95	9.24	277.15	0
20121113T120000	-12.57	95	9.65	277.1	0
20121113T130000	-12.09	95	10.08	273.65	0
20121113T140000	-11.62	95	11.22	273.75	0
20121113T150000	-11.36	95	12.28	276.5	0
20121113T160000	-11.61	95	12.89	276.85	0
20121113T170000	-11.68	95	13.37	278.45	0
20121113T180000	-11.37	95	13.71	278	0
20121113T190000	-11.48	95	15.37	279	0
20121113T200000	-11.71	95	15.37	280.5	0
20121113T210000	-11.95	95	14.67	285.15	0
20121113T220000	-12.2	95	13.34	283.1	0
20121113T230000	-12.25	95	11.65	283.4	0
20121114T000000	-12.23	95	11.03	289.7	0
20121114T010000	-12.7	95	9.08	298.45	0
20121114T020000	-13.11	95	8.12	289.75	0
20121114T030000	-13.68	95	8.36	288.1	0
20121114T040000	-14.32	95	7.55	315.05	0
20121114T050000	-15.29	95	6.3	317.95	0
20121114T060000	-16.08	95	6.28	296.5	0
20121114T070000	-16.08	94.7	6.39	298.95	0
20121114T080000	-15.43	94.6	6.84	308.25	0
20121114T090000	-15.63	93.8	8.06	304.95	0
20121114T100000	-16.11	93.95	8.34	304.3	0
20121114T110000	-16.19	94.65	8.02	302.7	0
20121114T120000	-16.41	94.6	7.63	299.6	0
20121114T130000	-16.27	94.7	7.62	290.8	0
20121114T140000	-16.23	94.8	7.52	294.1	0
20121114T150000	-15.77	94.95	7.35	309.2	0
20121114T160000	-16.21	94.7	7.22	303.1	0
20121114T170000	-16.43	94.65	7.25	301.7	0
20121114T180000	-16.35	94.95	6.22	299	0
20121114T190000	-17.19	94.3	4.88	283.7	0
20121114T200000	-16.81	94.85	6.22	296.6	0
20121114T210000	-16.12	94.75	5.19	291.25	0
20121114T220000	-15.88	95	4.3	289.95	0
20121114T230000	-15.76	95	5.01	291.3	0
20121115T000000	-16.14	95	7.42	301.15	0
20121115T010000	-17.14	95	6.87	294.3	0
20121115T020000	-16.79	95	7.8	299.65	0
20121115T030000	-16.35	95	8.41	293.5	0
20121115T040000	-16.16	95	7.9	282.95	0
20121115T050000	-16.38	95	9.09	293.3	0
20121115T060000	-16.65	95	8.75	291.7	0
20121115T070000	-17.36	94.6	9.32	280.95	0
20121115T080000	-17.88	94.15	8.48	265.9	0
20121115T090000	-17.35	94.95	9.71	274.4	0
20121115T100000	-16.45	95	10.38	285.35	0
20121115T110000	-15.88	95	10.38	287.75	0
20121115T120000	-15.71	95	10.71	278.85	0
20121115T130000	-15.34	95	9.88	278.4	0
20121115T140000	-14.9	95	9.11	276.9	0
20121115T150000	-14.55	95	10.08	287.35	0
20121115T160000	-14.03	95	10.94	287	0
20121115T170000	-14.17	95	10.48	283.9	0
20121115T180000	-13.73	95	9.82	283.4	0
20121115T190000	-13.42	95	10.81	283.45	0
20121115T200000	-13.11	95	9.97	281.65	0
20121115T210000	-12.89	95	10.03	288.1	0
20121115T220000	-12.59	95	9.89	291.85	0
20121115T230000	-12.88	95	10.19	297.65	0
20121116T000000	-12.82	95	8.21	308.15	0
20121116T010000	-14.12	95	5.25	333.6	0
20121116T020000	-15.69	95	4.87	345.15	0
20121116T030000	-17.41	95	4.58	339.3	0
20121116T040000	-19.52	93.75	3.98	322.1	0
20121116T050000	-20.66	93.85	4.09	307.35	0
20121116T060000	-21.02	93.25	4.28	311.5	0
20121116T070000	-20.23	93.85	2.72	297.55	0
20121116T080000	-17.7	93.75	4.89	334.95	0
20121116T090000	-17.52	93.45	5.88	340.9	0
20121116T100000	-17.77	93.8	6	326.5	0
20121116T110000	-18.15	93.5	5.99	341.85	0
20121116T120000	-19.12	93.6	6.72	346.35	0
20121116T130000	-19.84	92.95	5.97	338.75	0
20121116T140000	-19.73	93.1	5.7	337.45	0
20121116T150000	-19.55	92.75	5.42	336.75	0
20121116T160000	-19.41	92.5	5.4	340.45	0
20121116T170000	-19.34	92.55	5.74	343.9	0
20121116T180000	-19.59	92.7	5.41	341.85	0
20121116T190000	-19.73	93	4.33	342.2	0
20121116T200000	-19.77	93.15	4.17	347.8	0
20121116T210000	-19.76	93.5	3.48	332.8	0
20121116T220000	-19.65	94.1	3.44	335.75	0
20121116T230000	-19.81	94.4	3.31	345.95	0
20121117T000000	-19.43	94.7	2.76	339.6	0
20121117T010000	-19.02	94.85	2.95	339.35	0
20121117T020000	-18.64	95	3.21	337.8	0
20121117T030000	-18.91	94.7	2.62	321.6	0
20121117T040000	-19.37	94.4	1.75	314.85	0
20121117T050000	-19.4	94.5	2.48	319.15	0
20121117T060000	-19.5	94.5	2.65	312.55	0
20121117T070000	-19.46	94.3	2.4	304.65	0
20121117T080000	-19.34	94.3	2.17	302.1	0
20121117T090000	-19.52	94.1	1.75	302.4	0
20121117T100000	-19.61	94	2.22	299.85	0
20121117T110000	-19.59	94	2.23	305.2	0
20121117T120000	-19.54	94	2	308.1	0
20121117T130000	-19.52	93.95	1.96	316.75	0
20121117T140000	-19.4	94.05	1.62	318	0
20121117T150000	-19.16	94.3	0.41	295.45	0
20121117T160000	-19.08	94.35	0.51	143.65	0
20121117T170000	-18.8	94.8	0.96	354.1	0
20121117T180000	-18.57	94.95	0.9	317.35	0
20121117T190000	-18.54	95	1.3	312.1	0
20121117T200000	-18.73	94.75	1.6	297.1	0
20121117T210000	-19.27	94.15	1.81	291.45	0.14
20121117T220000	-19.66	93.8	1.58	280.1	0
20121117T230000	-20.33	93.25	1.2	272.35	0.14
20121118T000000	-19.96	93.65	1.04	326.15	0.2
20121118T010000	-19.73	93.85	1.12	176.19	0
20121118T020000	-19.96	93.6	0.67	30.99	0
20121118T030000	-21.44	92.4	0.05	201.7	0
20121118T040000	-22.01	91.8	0.36	44.5	0
20121118T050000	-23.21	90.7	0.22	83.27	0.22
20121118T060000	-23.68	90.15	0.4	77.91	0
20121118T070000	-24.52	89	0.45	60.24	0
20121118T080000	-26.37	86.8	0.67	45.39	0.38
20121118T090000	-27.04	86.2	1.12	26.55	0.26
20121118T100000	-26.94	86.2	1.19	34.86	0.24
20121118T110000	-27.91	85.05	1.18	38.34	0
20121118T120000	-27.97	84.9	1.61	44.27	0.25
20121118T130000	-28.42	84.2	1.77	32.21	0
20121118T140000	-27.76	84.8	1.2	21.94	0
20121118T150000	-27.98	84.7	1.09	8.37	0
20121118T160000	-29.26	83.1	1.72	340.1	0
20121118T170000	-29.4	83.3	1.9	349.4	0
20121118T180000	-29.1	83.65	1.59	15.79	0
20121118T190000	-28.27	84.25	1.73	23.12	0
20121118T200000	-28.59	84.05	1.26	26.39	0
20121118T210000	-28.34	84.3	2.29	20.05	0
20121118T220000	-28.67	83.8	1.79	14.17	0
20121118T230000	-28.69	84.05	1.03	160.03	0
20121119T000000	-29.08	83.35	1.2	343.35	0
20121119T010000	-30.12	82.35	1.38	290.45	0
20121119T020000	-29.05	83.8	1.81	273.05	0.45
20121119T030000	-26.95	86.1	1.47	282.6	0
20121119T040000	-25.04	88	1.46	279.4	0
20121119T050000	-23.87	89.2	1.63	298	0
20121119T060000	-22.77	90.55	1.56	289.6	0
20121119T070000	-21.69	91.6	1.45	288.55	0.16
20121119T080000	-20.81	92.4	1.92	319.75	0
20121119T090000	-20.26	93.1	1.88	319.75	0
20121119T100000	-18.91	94.6	2.29	342.95	0
20121119T110000	-18.09	95	2.27	354.65	0
20121119T120000	-18.06	95	2.21	349.45	0
20121119T130000	-17.84	95	2.59	5.85	0
20121119T140000	-17.89	95	2.7	8.11	0
20121119T150000	-17.21	95	2.78	7.87	0
20121119T160000	-17.09	95	2.51	9.22	0
20121119T170000	-17.02	95	2.21	12.86	0
20121119T180000	-16.57	95	2.65	42.72	0
20121119T190000	-16.67	95	2.69	57.03	0
20121119T200000	-16.88	95	2.92	50.75	0
20121119T210000	-17.07	95	3.13	46.96	0
20121119T220000	-17.18	95	3.42	47.09	0
20121119T230000	-17.58	95	3.19	42.98	0
20121120T000000	-17.55	95	2.04	25.92	0
20121120T010000	-17.55	95	1.65	175.06	0
20121120T020000	-17.3	95	2.05	17.43	0
20121120T030000	-17.21	95	2.19	29.16	0
20121120T040000	-17.2	95	2.27	31.7	0
20121120T050000	-17.68	95	2.6	70.39	0
20121120T060000	-17.6	95	2.19	61.96	0
20121120T070000	-17.25	95	2.28	65.18	0
20121120T080000	-17.3	95	2.35	78.25	0
20121120T090000	-17.27	95	2.69	76.75	0.37
20121120T100000	-17.6	95	2.14	82.85	0
20121120T110000	-18.19	95	1.97	91.95	0
20121120T120000	-19.04	94.25	1.93	82.85	0
20121120T130000	-20.04	93.4	1.64	71.54	0
20121120T140000	-21.61	91.9	1.72	63.12	0
20121120T150000	-21.53	92	1.64	49.16	0
20121120T160000	-21.77	91.9	1.23	37.44	0
20121120T170000	-21.48	92.1	0.82	47.16	0
20121120T180000	-21.07	92.55	0.99	58.25	0
20121120T190000	-20.66	92.8	0.93	53.4	0
20121120T200000	-20.2	93.15	1.41	52.52	0
20121120T210000	-20.02	93.4	1.33	59.55	0.19
20121120T220000	-19.95	93.4	1.5	77.67	0
20121120T230000	-20.7	92.55	0.88	79.1	0
20121121T000000	-21.11	92.25	0.76	60.91	0
20121121T010000	-20.55	92.95	0.45	27.22	0
20121121T020000	-20.07	93.35	0.43	27.28	0
20121121T030000	-19.92	93.55	0.71	23.05	0.21
20121121T040000	-19.23	94.25	1.12	33.7	0
20121121T050000	-18.96	94.4	1.23	36.95	0
20121121T060000	-19.16	94.35	1.41	42.86	0
20121121T070000	-18.77	94.7	1.35	52.14	0
20121121T080000	-18.64	94.85	1.44	51.56	0
20121121T090000	-18.9	94.35	1.26	50.22	0
20121121T100000	-19.24	94.4	0.83	46.89	0
20121121T110000	-19.06	94.45	1	47.86	0
20121121T120000	-18.9	94.55	0.84	50.92	0
20121121T130000	-19.28	93.95	0.93	57.38	0
20121121T140000	-19.63	93.75	0.45	62.14	0
20121121T150000	-19.74	93.8	0.57	51.95	0
20121121T160000	-20.21	93.15	0.36	178.29	0
20121121T170000	-21.21	92.2	0.38	288.15	0
20121121T180000	-21.53	91.9	0.5	318	0
20121121T190000	-21.55	91.95	0.61	278.65	0
20121121T200000	-20.98	92.4	0.56	311.5	0
20121121T210000	-21.52	91.85	0.8	288.75	0
20121121T220000	-21.63	91.7	1.02	296.1	0
20121121T230000	-22.17	91.3	1	147.69	0
20121122T000000	-22.84	90.4	1.09	340.3	0
20121122T010000	-23.21	90.15	1.08	322.05	0
20121122T020000	-22.68	90.85	0.74	297.35	0
20121122T030000	-22.02	91.2	0.87	308.3	0
20121122T040000	-22.12	91.15	1.01	301.4	0
20121122T050000	-22.54	90.8	1.25	316.9	0
20121122T060000	-22.31	90.95	1.45	323.7	0
20121122T070000	-22.55	90.65	1.31	315.9	0
20121122T080000	-22.63	90.8	1.52	319.2	0
20121122T090000	-22.01	91.35	1.11	305.1	0
20121122T100000	-22.24	90.9	1.14	327.1	0
20121122T110000	-21.84	91.5	0.9	318.35	0
20121122T120000	-21.27	92	0.86	277.95	0
20121122T130000	-20.52	92.7	1.2	313.55	0
20121122T140000	-20.35	92.7	1.44	323.75	0
20121122T150000	-20.81	92.25	1.65	324.4	0
20121122T160000	-21.66	91.6	1.52	331.7	0
20121122T170000	-22.39	90.45	1.37	336.35	0
20121122T180000	-25.86	87	1.44	319.55	0
20121122T190000	-23.9	89.55	1.31	321.4	0
20121122T200000	-22.61	90.95	1.38	175.6	0
20121122T210000	-21.09	92.25	1.66	36.77	0
20121122T220000	-21.98	90.95	1.02	42.95	0
20121122T230000	-21.73	91.8	0.72	48.24	0
20121123T000000	-20.45	92.9	1.18	52.32	0
20121123T010000	-20.52	92.75	1.27	72.45	0
20121123T020000	-20.51	92.85	1.47	64.23	0
20121123T030000	-20.31	92.9	0.98	76.03	0
20121123T040000	-20.92	92.3	0.53	122.25	0
20121123T050000	-21.17	91.95	1.01	110.65	0
20121123T060000	-22.06	91.1	0.92	114.55	0
20121123T070000	-23.45	89.8	0.24	49.75	0
20121123T080000	-24.2	89.2	0.04	135.46	0
20121123T090000	-25.11	88.1	0.6	92.35	0
20121123T100000	-25.36	87.8	0.24	117.6	0
20121123T110000	-24.95	88.45	0.32	103.5	0
20121123T120000	-24.04	89.2	0.61	93.4	0
20121123T130000	-24.16	88.55	0.78	81.1	0
20121123T140000	-24.58	88.35	0.76	95.95	0
20121123T150000	-25.02	87.8	0.48	110.25	0
20121123T160000	-25.38	87.75	0.14	56.26	0
20121123T170000	-26.46	86.4	0.08	153.78	0
20121123T180000	-26.49	86.4	0.47	26.25	0
20121123T190000	-27.45	85.45	0.23	40.97	0
20121123T200000	-28.89	83.5	0.21	232.9	0
20121123T210000	-29.89	82.4	0.5	272.65	0
20121123T220000	-29.5	83.2	0.12	48.02	0
20121123T230000	-31.26	80.5	0.45	270.05	0
20121124T000000	-30.46	82.45	0.81	249.6	0
20121124T010000	-27.2	85.9	3.41	233.1	0
20121124T020000	-26.27	86.55	5.76	214.65	0
20121124T030000	-26	86.9	6.37	216.55	0
20121124T040000	-24.98	88.05	7.08	221.25	0
20121124T050000	-25.2	87.45	5.55	231.75	0
20121124T060000	-25.39	87.55	5.91	228.2	0
20121124T070000	-24.73	88.35	6.04	227.5	0
20121124T080000	-24.46	88.4	5.72	236.7	0
20121124T090000	-24.8	88.1	8.02	225.15	0
20121124T100000	-24.21	88.7	5.6	262	0
20121124T110000	-23.56	89.6	4.43	286.1	0
20121124T120000	-22.21	91	5.03	257.9	0
20121124T130000	-21.34	91.75	5.74	242.75	0
20121124T140000	-21.12	91.95	6.39	228.75	0
20121124T150000	-20.95	92.2	5.46	238	0
20121124T160000	-20.92	92.25	5.5	235.2	0
20121124T170000	-20.9	92.3	5.52	227.05	0
20121124T180000	-21.09	92.15	5.2	243.7	0
20121124T190000	-21.38	91.8	4.57	244.55	0
20121124T200000	-21.09	92.15	5.64	255.2	0
20121124T210000	-20.48	92.8	5.46	251.95	0
20121124T220000	-20.91	92.25	5.46	247.55	0
20121124T230000	-20.43	92.95	5.52	244.55	0
20121125T000000	-20.26	93.05	6.14	246.75	0
20121125T010000	-19.71	93.55	5.72	254.5	0
20121125T020000	-20.77	92.25	4.62	237.2	0
20121125T030000	-19.98	93.6	5.13	250.95	0
20121125T040000	-19.16	94.35	5.25	255.9	0
20121125T050000	-18.43	94.95	5.72	262.8	0
20121125T060000	-17.46	95	5.22	255.3	0
20121125T070000	-15.73	95	5.28	271.1	0
20121125T080000	-14.91	95	6.46	283.7	0
20121125T090000	-14.93	95	6.5	282.25	0
20121125T100000	-14.61	95	6.11	283.3	0
20121125T110000	-13.88	95	6.87	297.15	0
20121125T120000	-13.79	95	5.97	296.05	0
20121125T130000	-13.76	95	5.1	282.55	0
20121125T140000	-13.72	95	5.36	283.6	0
20121125T150000	-13.84	95	6.39	285.35	0
20121125T160000	-14.27	95	6.72	290.4	0.21
20121125T170000	-14.41	95	7.28	303.05	0.22
20121125T180000	-14.39	95	8.3	299.95	0
20121125T190000	-14.32	95	7.23	301.95	0.2
20121125T200000	-14.09	95	6.96	305.65	0.15
20121125T210000	-14.19	95	6.67	304.55	0
20121125T220000	-14.21	95	6.12	299.4	0
20121125T230000	-14.12	95	5.72	295.3	0
20121126T000000	-14.54	95	6.21	283.05	0.28
20121126T010000	-15.03	95	5.9	283.05	0
20121126T020000	-15.05	95	5.47	277.45	0
20121126T030000	-14.98	95	4.69	276.85	0
20121126T040000	-15.02	95	3.51	275.05	0.22
20121126T050000	-15.12	95	3.02	266.65	0
20121126T060000	-15.33	95	3.17	249.5	0
20121126T070000	-15.83	95	3.29	252.5	0
20121126T080000	-17.3	95	2.85	252.25	0
20121126T090000	-17.18	95	3.22	269.55	0
20121126T100000	-17.62	95	2.7	254.45	0
20121126T110000	-17.32	95	4.21	223.75	0
20121126T120000	-16.63	95	3.47	227.1	0
20121126T130000	-16.41	95	4.33	220.4	0
20121126T140000	-15.93	95	3.42	232.25	0
20121126T150000	-15.43	95	1.86	222.8	0
20121126T160000	-14.75	95	3.2	239.4	0
20121126T170000	-14.29	95	3.74	258.3	0
20121126T180000	-14.52	95	3.67	248.3	0.23
20121126T190000	-13.63	95	11.2	300	0
20121126T200000	-13.96	95	12.25	299.65	0
20121126T210000	-14.11	95	12.14	301	0.23
20121126T220000	-15.19	95	8.61	322.2	0.2
20121126T230000	-15.53	95	9.34	8.1	0
20121127T000000	-16.2	95	9.04	353.3	0
20121127T010000	-17.78	95	9.36	342.75	0
20121127T020000	-19.42	94.15	8.65	335.3	0
20121127T030000	-20.62	92.95	8.04	327.95	0
20121127T040000	-21.21	92.4	7.44	320.45	0
20121127T050000	-22.06	91.4	8.07	322.85	0
20121127T060000	-22.36	91.25	7.13	320.65	0
20121127T070000	-22.43	91.1	7.67	327	0
20121127T080000	-22.66	90.65	7.42	333.2	0
20121127T090000	-23.19	90.1	7.16	332	0
20121127T100000	-23.58	89.75	5.77	320.95	0
20121127T110000	-23.7	89.6	4.61	311.4	0
20121127T120000	-23.99	89.25	4.94	306.65	0
20121127T130000	-24.15	89.1	5.32	298.15	0
20121127T140000	-24.41	88.75	5.54	296.1	0
20121127T150000	-25	88.25	4.93	292.8	0
20121127T160000	-24.95	88.25	5.12	288.95	0
20121127T170000	-25.59	87.5	5.62	287.2	0
20121127T180000	-25.7	87.45	5.09	276.5	0
20121127T190000	-25.65	87.6	3.62	255.4	0
20121127T200000	-23.93	89.55	6.33	280.2	0
20121127T210000	-22.58	90.85	8.28	296.7	0
20121127T220000	-22.57	90.65	7.25	285.15	0
20121127T230000	-23.19	90	5.3	259.9	0
20121128T000000	-22.71	90.8	6.3	269	0
20121128T010000	-23.19	90	6.29	254.4	0
20121128T020000	-23.38	89.9	5.96	259.6	0
20121128T030000	-23.26	90.15	6.51	262.45	0
20121128T040000	-22.53	90.95	6	258.5	0
20121128T050000	-22	91.45	6.09	257.75	0
20121128T060000	-21.21	92.25	6.89	257.55	0
20121128T070000	-21.68	91.6	7.86	262.6	0
20121128T080000	-20.04	93.6	7.72	265.5	0
20121128T090000	-19.12	94.5	6.51	261.1	0
20121128T100000	-18.26	95	8.09	269.2	0
20121128T110000	-18.04	95	7.83	260.2	0
20121128T120000	-17.75	95	7.2	258.05	0
20121128T130000	-17.45	95	6.73	259.15	0
20121128T140000	-17.5	95	5.04	249.6	0
20121128T150000	-17.2	95	6.91	270.25	0
20121128T160000	-15.95	95	11.69	294.5	0
20121128T170000	-15.93	95	9.05	289.85	0
20121128T180000	-15.93	95	9.12	288.4	0
20121128T190000	-16.34	95	11.32	294.5	0
20121128T200000	-16.29	95	11.34	292	0
20121128T210000	-16.29	95	10.73	291.3	0
20121128T220000	-16.25	95	10.35	292.25	0
20121128T230000	-15.98	95	11.84	293.6	0
20121129T000000	-16.11	95	10.82	291.9	0
20121129T010000	-15.89	95	9.92	288.15	0
20121129T020000	-15.66	95	10.38	291.15	0
20121129T030000	-15.59	95	9.21	297.65	0
20121129T040000	-15.36	95	8.45	299.75	0
20121129T050000	-14.78	95	9.04	303.6	0
20121129T060000	-14.51	95	9.88	309.7	0
20121129T070000	-14.4	95	10.78	309.1	0
20121129T080000	-15.07	95	8.21	331	0
20121129T090000	-15.3	95	8.8	329.15	0
20121129T100000	-15.18	95	8.34	326.2	0
20121129T110000	-14.55	95	7.77	336.25	0
20121129T120000	-15.16	95	6.21	355.9	0
20121129T130000	-15.6	95	5.84	354.45	0
20121129T140000	-16.62	95	5.05	5.25	0
20121129T150000	-18.52	94.9	4.63	354.2	0
20121129T160000	-20.08	93.7	4.05	338.8	0
20121129T170000	-21.17	92.65	3.8	321	0
20121129T180000	-21.91	91.8	2.78	306.05	0
20121129T190000	-22.81	91	2.36	284.6	0
20121129T200000	-21.24	92.65	2.95	295.95	0
20121129T210000	-19.8	93.95	1.9	259.05	0
20121129T220000	-18.3	95	1.39	275.7	0.25
20121129T230000	-17.46	95	1.65	266.25	0
20121130T000000	-17.19	95	1.74	250.65	0
20121130T010000	-16.8	95	2.59	228.35	0.43
20121130T020000	-16.87	95	3.35	225.9	0.33
20121130T030000	-17.19	95	4.85	224.1	0.24
20121130T040000	-16.87	95	4.71	221.4	0
20121130T050000	-16.72	95	4.84	218.15	0
20121130T060000	-16.32	95	3.9	224.9	0
20121130T070000	-15.38	95	6.03	248.8	0.38
20121130T080000	-14.86	95	5.84	251.2	0
20121130T090000	-14.76	95	4.25	246.1	0
20121130T100000	-14.72	95	5.12	246.15	0
20121130T110000	-14.96	95	5.28	248.8	0
20121130T120000	-14.62	95	5.8	249.9	0
20121130T130000	-14.06	95	6.13	252.95	0
20121130T140000	-14.33	95	6.05	252.4	0
20121130T150000	-14.82	95	6.5	257.1	0
20121130T160000	-14.3	95	4.86	262.05	0
20121130T170000	-14.05	95	4.26	260	0
20121130T180000	-14.06	95	4.28	259.7	0
20121130T190000	-14.7	95	3.79	230.45	0
20121130T200000	-15.21	95	5.44	218.05	0
20121130T210000	-14.76	95	5.5	231.2	0
20121130T220000	-14.58	95	5.39	246.7	0
20121130T230000	-15.12	95	5.05	224.65	0
20121201T000000	-15.3	95	4.81	232.15	0.37
20121201T010000	-15.36	95	5.46	239.65	0
20121201T020000	-15.68	95	5.1	245.65	0.28
20121201T030000	-16.04	95	5.07	231.1	0
20121201T040000	-16.16	95	4.96	227	0
20121201T050000	-16.21	95	5.24	233.75	0
20121201T060000	-17.11	95	4.29	235.6	0
20121201T070000	-17.87	95	5.04	221.8	0
20121201T080000	-18.06	95	5.49	218.3	0
20121201T090000	-17.71	95	5.08	244.95	0
20121201T100000	-17.91	95	4.77	241.15	0
20121201T110000	-17.57	95	3.81	247.95	0
20121201T120000	-17.7	95	2.09	265.7	0
20121201T130000	-18.17	95	1.25	213	0
20121201T140000	-18.99	94.7	1.58	186.15	0
20121201T150000	-19.59	94.35	2.32	221.3	0
20121201T160000	-20.52	93.35	2.13	244.6	0
20121201T170000	-20.95	93.15	1.81	227.85	0
20121201T180000	-21.03	93	1.91	218.1	0
20121201T190000	-21.23	92.75	1.76	217.6	0
20121201T200000	-21.58	92.55	1.5	207.1	0
20121201T210000	-22.16	91.7	2.52	212.25	0.25
20121201T220000	-22.36	91.55	1.63	235.75	0
20121201T230000	-24.11	89.2	1.75	266.8	0
20121202T000000	-26.05	87.45	1.09	319.75	0
20121202T010000	-26.23	87.2	0.1	350.55	0
20121202T020000	-26.81	86.15	1.6	299	0
20121202T030000	-27.55	85.85	2.17	280.3	0
20121202T040000	-26.44	86.95	3.68	329.7	0
20121202T050000	-26.51	86.7	2.17	325.25	0
20121202T060000	-26.34	86.95	2.65	8.81	0
20121202T070000	-26.16	87.15	1.54	22.24	0
20121202T080000	-27.67	85.4	0.58	301.7	0
20121202T090000	-28.23	84.75	0.9	309.5	0.31
20121202T100000	-28.39	84.5	0.99	279.75	0
20121202T110000	-28.14	84.75	1.1	289.45	0
20121202T120000	-27.78	85.2	1.3	285.5	0
20121202T130000	-28.64	84.15	1.5	269.65	0
20121202T140000	-28.76	84.15	1.33	267.5	0
20121202T150000	-28.71	84.05	1.02	277.15	0
20121202T160000	-29.95	82.75	1.44	271.85	0
20121202T170000	-29.42	83.35	1.19	284.7	0
20121202T180000	-28.46	84.5	0.32	310.35	0.57
20121202T190000	-29.64	82.9	0.6	288.95	0
20121202T200000	-30.01	82.5	0.42	306.15	0
20121202T210000	-30.84	81.5	1.21	295.4	0
20121202T220000	-30.71	81.5	0.65	153.97	0
20121202T230000	-30.84	81.35	0.81	291.35	0
20121203T000000	-30.18	82.1	0.48	318.85	0
20121203T010000	-30.08	82.2	0.28	270.15	0
20121203T020000	-29.25	83.05	0.79	302.7	0
20121203T030000	-29.38	83.15	1.13	269.1	0
20121203T040000	-29.04	83.5	0.25	131.44	0
20121203T050000	-29.54	82.95	0.83	13.03	0
20121203T060000	-30.22	82.05	1.06	135.49	0
20121203T070000	-30.82	81.45	1.35	271.1	0
20121203T080000	-29.47	82.95	1.22	282.95	0
20121203T090000	-29.23	83.2	1.29	275.6	0
20121203T100000	-27.91	84.7	0.43	264.8	0
20121203T110000	-27.18	85.45	0.09	185.78	0
20121203T120000	-27.02	85.7	0.71	179.13	0
20121203T130000	-27.18	85.6	0.51	158.06	0
20121203T140000	-28.61	84	0.83	307.65	0
20121203T150000	-29.2	83.35	1.05	279.2	0
20121203T160000	-29.84	82.65	1.08	272.95	0
20121203T170000	-30.06	82.35	1.12	278.25	0
20121203T180000	-29.79	82.85	1.21	280.15	0
20121203T190000	-29.69	82.7	1.18	297.75	0.11
20121203T200000	-29.29	83.25	0.28	325.1	0
20121203T210000	-29.94	82.45	0.71	339.85	0
20121203T220000	-30.29	82.1	0.63	323.3	0
20121203T230000	-30.7	81.45	1.15	276.5	0
20121204T000000	-30.25	82.1	1.06	271.55	0
20121204T010000	-30.44	81.85	1.14	289.75	0
20121204T020000	-30.25	82	0.9	291.35	0
20121204T030000	-29.84	82.5	0.91	275.6	0
20121204T040000	-28.9	83.55	0.34	273.5	0
20121204T050000	-28.84	83.55	0.24	284.05	0
20121204T060000	-29.93	82.4	0.55	278.4	0
20121204T070000	-29.8	82.6	0.49	304.85	0
20121204T080000	-30.68	81.5	0.69	285.95	0
20121204T090000	-30.77	81.4	0.68	270.1	0
20121204T100000	-30.33	81.85	0.57	277.55	0
20121204T110000	-30.47	81.9	0.54	273.7	0
20121204T120000	-28.86	83.7	0.07	30.88	0
20121204T130000	-29.78	82.5	0.03	128.85	0
20121204T140000	-29.93	82.3	0	0	0
20121204T150000	-30.33	81.85	0.3	262.5	0
20121204T160000	-30.32	82	0.29	317.05	0
20121204T170000	-29.16	83.4	0.15	339.1	0
20121204T180000	-29.89	82.45	0.07	151	0
20121204T190000	-29.19	83.15	0	0	0
20121204T200000	-30.55	81.6	0.53	271.95	0
20121204T210000	-30.73	81.4	0.46	275.95	0
20121204T220000	-30.63	81.4	0.41	275.1	0
20121204T230000	-29.77	82.5	0.14	148.75	0
20121205T000000	-30.38	81.85	0.07	156.35	0
20121205T010000	-30.77	81.3	0.07	133.95	0
20121205T020000	-30.74	81.35	0.05	144.2	0
20121205T030000	-30.36	81.65	0	0	0
20121205T040000	-30.41	81.55	0.21	276.45	0
20121205T050000	-30.59	81.45	0.25	276.4	0
20121205T060000	-30.28	81.8	0.07	135.2	0
20121205T070000	-30.59	81.4	0	0	0
20121205T080000	-30.39	81.7	0	0	0
20121205T090000	-31.44	80.5	0	0	0
20121205T100000	-31.35	80.6	0	0	0
20121205T110000	-30.27	81.75	0	0	0
20121205T120000	-30.08	81.95	0	0	0
20121205T130000	-29.3	82.85	0	352.55	0
20121205T140000	-29.3	82.9	0	0	0
20121205T150000	-29.84	82.35	0	180	0
20121205T160000	-30.3	81.7	0	0	0
20121205T170000	-29.41	82.65	0	348.45	0
20121205T180000	-28.5	83.75	0	177.25	0
20121205T190000	-28.16	84.2	0	0	0
20121205T200000	-28.18	84.2	0	336.45	0
20121205T210000	-27.69	84.8	0.01	348.4	0
20121205T220000	-26.99	85.55	0.01	352.25	0
20121205T230000	-27.01	85.55	0	175.9	0
20121206T000000	-27.71	84.7	0.01	355.5	0
20121206T010000	-28.07	84.35	0	351.5	0
20121206T020000	-27.66	84.75	0	327	0
20121206T030000	-27.31	85.2	0	327.15	0
20121206T040000	-26.76	85.85	0	164.7	0
20121206T050000	-26.43	86.2	0	158.7	0
20121206T060000	-26.3	86.35	0	327.8	0
20121206T070000	-26.73	85.9	0	0	0
20121206T080000	-26.29	86.25	0	0	0
20121206T090000	-25.53	87.15	0	167.95	0
20121206T100000	-25.05	87.75	0	159.6	0
20121206T110000	-24.13	88.75	0	160.6	0
20121206T120000	-24.43	88.45	0	0	0
20121206T130000	-24.36	88.5	0	0	0
20121206T140000	-24.29	88.5	0	0	0
20121206T150000	-24.03	88.85	0	0	0
20121206T160000	-24.12	88.7	0.01	143.7	0
20121206T170000	-24.87	87.95	0.01	285.7	0
20121206T180000	-24.78	88.1	0.01	272.55	0
20121206T190000	-24.02	88.9	0.01	272.75	0
20121206T200000	-23.13	89.9	0	284.15	0
20121206T210000	-22.3	90.8	0.01	274.95	0
20121206T220000	-21.74	91.3	0.01	273	0
20121206T230000	-21.21	91.95	0.01	280.1	0
20121207T000000	-20.39	92.9	0.01	280.75	0
20121207T010000	-19.76	93.5	0.01	289	0
20121207T020000	-19.49	93.8	0.01	288.55	0
20121207T030000	-20.02	93.25	0.01	285.7	0
20121207T040000	-20.7	92.6	0.01	278.45	0
20121207T050000	-20.68	92.65	0.01	291.75	0
20121207T060000	-21.66	91.5	0.01	331.45	0
20121207T070000	-22.52	90.6	0.01	334.3	0
20121207T080000	-23.93	89.15	0.01	304.5	0
20121207T090000	-23.52	89.55	0.01	315.5	0
20121207T100000	-23.34	89.75	0.01	319.9	0
20121207T110000	-22.88	90.25	0.01	306.85	0
20121207T120000	-22.77	90.3	0	293.25	0
20121207T130000	-23.38	89.65	0	299.8	0
20121207T140000	-24.29	88.7	0	309.2	0
20121207T150000	-24.11	88.95	0.01	316.45	0
20121207T160000	-23.55	89.45	0.01	313.15	0
20121207T170000	-24.69	88.25	0	153.7	0
20121207T180000	-24.59	88.35	0	152.35	0
20121207T190000	-24.03	88.95	0	0	0
20121207T200000	-24.01	88.9	0	0	0
20121207T210000	-23.78	89.15	0	0	0
20121207T220000	-23.55	89.4	0	0	0
20121207T230000	-23.07	89.95	0	0	0
20121208T000000	-22.71	90.3	0	152	0
20121208T010000	-22.89	90.15	0	0	0
20121208T020000	-23.36	89.65	0	0	0
20121208T030000	-23.68	89.3	0	0	0
20121208T040000	-23.95	88.95	0	0	0
20121208T050000	-23.48	89.45	0	0	0
20121208T060000	-23.34	89.55	0	0	0
20121208T070000	-23.3	89.6	0	0	0
20121208T080000	-23.27	89.65	0	0	0
20121208T090000	-23.14	89.8	0	0	0
20121208T100000	-23.19	89.75	0	0	0
20121208T110000	-23.13	89.8	0	0	0
20121208T120000	-22.96	90	0	0	0
20121208T130000	-23.08	89.9	0	0	0
20121208T140000	-23.18	89.75	0	0	0
20121208T150000	-23.17	89.85	0	0	0
20121208T160000	-23.66	89.35	0	0	0
20121208T170000	-24.36	88.65	0	0	0
20121208T180000	-24.97	87.9	0	0	0
20121208T190000	-25.04	87.8	0	0	0
20121208T200000	-25.23	87.6	0	0	0
20121208T210000	-25.31	87.6	0	0	0
20121208T220000	-25.78	87	0	0	0.38
20121208T230000	-25.94	87.05	0	0	0.24
20121209T000000	-26.27	86.65	0	0	0
20121209T010000	-26.98	86.15	0	0	0.38
20121209T020000	-27.3	85.45	0	0	0.44
20121209T030000	-27.79	84.95	0	0	0
20121209T040000	-28.52	84.2	0	0	0
20121209T050000	-28.67	83.8	0	0	0
20121209T060000	-29.07	83.35	0	0	0
20121209T070000	-29.35	83.15	0	0	0
20121209T080000	-30.09	82.4	0	0	0
20121209T090000	-30.62	81.6	0	0	0
20121209T100000	-31.02	81.1	0	0	0
20121209T110000	-30.98	81.15	0	176.65	0
20121209T120000	-31.73	80.2	0	172.6	0
20121209T130000	-33.24	78.4	0	0	0
20121209T140000	-33.44	78.05	0	174.63	0
20121209T150000	-34.39	76.9	0	0	0
20121209T160000	-34.67	76.6	0	351.55	0
20121209T170000	-33.92	77.5	0	172.2	0
20121209T180000	-34.82	76.4	0	354.15	0
20121209T190000	-35.6	75.45	0	174.9	0
20121209T200000	-35.41	75.6	0	177.1	0
20121209T210000	-35.09	75.85	0	0	0
20121209T220000	-34.02	77.1	0	0	0
20121209T230000	-33.19	78.3	0	0	0
20121210T000000	-33.16	78.5	0	0	0
20121210T010000	-33.39	78.2	0	0	0
20121210T020000	-33.45	78.1	0	0	0
20121210T030000	-33.52	77.95	0	0	0
20121210T040000	-33.78	77.75	0	0	0
20121210T050000	-33.98	77.45	0	0	0
20121210T060000	-33.61	77.75	0	0	0
20121210T070000	-33.73	77.65	0	0	0.22
20121210T080000	-33.51	78	0	0	0
20121210T090000	-34.12	77.25	0	0	0
20121210T100000	-34.37	76.9	0	0	0
20121210T110000	-34.17	77	0	0	0
20121210T120000	-34.25	77.1	0	0	0
20121210T130000	-36.06	74.85	0.2	314.2	0
20121210T140000	-37.17	73.5	0.51	281.95	0
20121210T150000	-36.41	74.55	0.51	267.95	0
20121210T160000	-34.87	75.85	0	0	0
20121210T170000	-35.41	75.5	0	0	0
20121210T180000	-35.47	75.35	0	0	0
20121210T190000	-36.37	74.4	0	0	0
20121210T200000	-35.35	75.7	0.12	98.25	0
20121210T210000	-34.58	76.65	0.45	174.6	0
20121210T220000	-34.03	77.4	0.57	166.15	0
20121210T230000	-34.26	77.05	0.07	79.35	0
20121211T000000	-34.23	76.95	0.33	112.8	0
20121211T010000	-34.72	76.45	0.78	164.55	0
20121211T020000	-34.12	77.25	1.27	179.45	0
20121211T030000	-33.58	77.75	1.72	166.5	0
20121211T040000	-32.86	78.6	1.48	165.2	0
20121211T050000	-33.03	78.4	0.83	89.16	0
20121211T060000	-32.88	78.65	0.48	122.35	0
20121211T070000	-31.96	79.65	1.73	172.85	0
20121211T080000	-33.38	78.05	1.14	135.55	0
20121211T090000	-33.52	77.9	1.26	141.45	0
20121211T100000	-31.88	79.9	2.67	188.95	0
20121211T110000	-31.23	80.45	4.79	201.95	0
20121211T120000	-31.13	80.7	3.67	186.5	0
20121211T130000	-30.41	81.6	2.04	215.7	0
20121211T140000	-29.6	82.4	4.27	219.75	0
20121211T150000	-29.07	83.05	4.29	231.75	0
20121211T160000	-29.3	82.7	4.16	246.7	0
20121211T170000	-29.34	82.65	3.92	261.75	0
20121211T180000	-29.52	82.6	3.1	241.55	0
20121211T190000	-28.69	83.6	2.88	263.35	0
20121211T200000	-29.76	82.1	3.46	270.3	0
20121211T210000	-30.46	81.45	3.05	261	0
20121211T220000	-30.66	81.2	2.98	252.6	0
20121211T230000	-31.56	80.05	2.71	236.05	0
20121212T000000	-32.49	79.05	2.56	244.45	0
20121212T010000	-32.05	79.7	3.23	246.8	0
20121212T020000	-31.67	80.1	3.79	251.6	0
20121212T030000	-31.3	80.65	3.33	248.7	0
20121212T040000	-30.88	80.95	2.94	256.7	0
20121212T050000	-30.52	81.5	4.08	242.4	0
20121212T060000	-30.1	81.95	4.92	236.8	0
20121212T070000	-29.61	82.4	4.96	238.9	0
20121212T080000	-28.77	83.7	4.77	232.05	0
20121212T090000	-28.51	83.55	3.02	218.4	0
20121212T100000	-28.67	83.75	1.15	165.95	0
20121212T110000	-29.68	82.65	0.57	122.05	0
20121212T120000	-29.36	82.75	0.85	86.25	0
20121212T130000	-30.45	81.45	0.92	97.2	0
20121212T140000	-30.46	81.3	0.81	80.45	0
20121212T150000	-29.27	82.65	1.02	69.98	0
20121212T160000	-28.47	83.6	1.15	50.04	0
20121212T170000	-27.78	84.4	1.39	166.62	0
20121212T180000	-27.57	84.7	2.17	326.9	0
20121212T190000	-27.26	85.05	2.14	322.35	0
20121212T200000	-26.55	85.9	1.82	336.4	0
20121212T210000	-26.18	86.2	3.18	322.3	0
20121212T220000	-25.78	86.7	3.81	344	0
20121212T230000	-25.74	86.75	5.71	337.7	0
20121213T000000	-25.84	86.6	5.91	335.25	0
20121213T010000	-25.91	86.7	6.4	334.35	0
20121213T020000	-25.26	87.5	6.71	338.55	0
20121213T030000	-24.95	87.75	7.15	338	0
20121213T040000	-25.12	87.6	7.17	332.9	0
20121213T050000	-25.32	87.25	7.37	325.9	0
20121213T060000	-26.06	86.45	7.68	329.05	0
20121213T070000	-26.73	85.7	6.95	327.7	0
20121213T080000	-27.68	84.75	5.79	322.3	0
20121213T090000	-27.82	84.5	6.58	318.6	0
20121213T100000	-28.06	84.25	5.39	324.65	0
20121213T110000	-27.98	84.35	5.55	328.35	0
20121213T120000	-27.73	84.6	4.75	324.45	0
20121213T130000	-27.9	84.4	4.33	317	0
20121213T140000	-27.83	84.55	4.69	322.95	0
20121213T150000	-27.6	84.75	4.57	329.55	0
20121213T160000	-27.87	84.4	3.86	323.55	0
20121213T170000	-29.04	83.1	3.61	310.95	0
20121213T180000	-29.25	82.9	3.59	314.45	0
20121213T190000	-28.79	83.5	2.82	311	0
20121213T200000	-28.61	83.6	1.62	297.45	0
20121213T210000	-29.46	82.7	1.25	307.1	0
20121213T220000	-29.5	82.7	1.47	316.2	0
20121213T230000	-29.66	82.55	1.4	311.6	0
20121214T000000	-28.2	84.05	2.83	182.28	0
20121214T010000	-27.87	84.4	1.6	19.39	0
20121214T020000	-27.77	84.55	1.25	182.25	0
20121214T030000	-27.98	84.3	1.17	343.2	0
20121214T040000	-28.94	83.3	1.81	346.5	0
20121214T050000	-29.83	82.35	1.59	171.04	0
20121214T060000	-29.59	82.4	0.93	143.79	0
20121214T070000	-30.2	81.8	1.09	274.1	0
20121214T080000	-30.32	81.7	0.98	291.1	0
20121214T090000	-30.52	81.5	0.79	285.35	0
20121214T100000	-30.84	81.05	0.64	332.6	0
20121214T110000	-31.3	80.35	0.65	173.17	0
20121214T120000	-31.69	80.05	0.91	323.95	0
20121214T130000	-32.24	79.5	0.86	299.05	0
20121214T140000	-32.5	79.1	1.1	338	0
20121214T150000	-32.11	79.5	0.85	315.8	0
20121214T160000	-32.55	78.95	0.91	320.55	0
20121214T170000	-32.94	78.5	0.93	290.4	0
20121214T180000	-33.84	77.5	1.48	282.45	0
20121214T190000	-33.88	77.5	1.58	300.6	0
20121214T200000	-34.39	76.8	1.57	296.15	0
20121214T210000	-34.69	76.4	1.99	314.65	0
20121214T220000	-35.11	75.9	1.29	337.6	0
20121214T230000	-34.93	76.15	1.43	279.3	0
20121215T000000	-34.84	76.25	1.61	273.75	0
20121215T010000	-34.83	76.15	1.74	279.65	0
20121215T020000	-34.22	76.75	1.27	296.5	0
20121215T030000	-34.34	76.7	1.44	303.2	0
20121215T040000	-34.17	76.9	1.54	296.45	0
20121215T050000	-33.41	77.85	1.84	296.95	0
20121215T060000	-32.5	78.8	2.17	316.6	0
20121215T070000	-31.53	79.9	2.38	329.15	0
20121215T080000	-30.6	81.05	2.21	332.15	0
20121215T090000	-29.55	82.3	2.74	348.95	0
20121215T100000	-28.87	83.1	3.13	183.32	0
20121215T110000	-28.41	83.55	3.03	8.19	0
20121215T120000	-28.12	83.95	3.08	4.46	0
20121215T130000	-27.74	84.45	2.99	7.55	0
20121215T140000	-27.43	84.85	2.85	9.14	0
20121215T150000	-27.21	85.15	2.97	5.12	0
20121215T160000	-26.94	85.45	3.15	353.6	0
20121215T170000	-26.52	85.9	3.18	350.9	0
20121215T180000	-26.16	86.3	3.38	354.4	0
20121215T190000	-25.69	86.8	3.68	355	0
20121215T200000	-25.29	87.3	4.47	352.9	0
20121215T210000	-25.06	87.55	4.96	354.9	0
20121215T220000	-24.87	87.8	5.16	352.6	0
20121215T230000	-24.7	87.95	4.68	353.1	0
20121216T000000	-24.59	88.05	4.73	341.95	0
20121216T010000	-24.48	88.2	5.15	341.25	0
20121216T020000	-24.37	88.3	5.01	334	0
20121216T030000	-24.43	88.25	5.35	327.25	0
20121216T040000	-24.34	88.4	5.04	322.1	0
20121216T050000	-24.44	88.25	5.38	310.55	0
20121216T060000	-24.54	88.15	5.8	310.85	0
20121216T070000	-24.74	87.95	5.15	307.95	0
20121216T080000	-24.85	87.8	4.82	305.8	0
20121216T090000	-24.66	88.05	4.66	308.8	0
20121216T100000	-24.73	87.9	4.64	296.15	0
20121216T110000	-25.21	87.4	4.17	281.05	0
20121216T120000	-25.75	86.8	4.05	276.65	0
20121216T130000	-25.55	87.15	3.86	286.85	0
20121216T140000	-25.49	87.1	4.13	292.95	0
20121216T150000	-25.8	86.85	4.52	292.75	0
20121216T160000	-25.16	87.55	4.18	280.85	0
20121216T170000	-24.82	87.85	4.52	293.8	0
20121216T180000	-24.73	87.9	3.85	290.35	0
20121216T190000	-24.71	87.95	3.37	316.65	0
20121216T200000	-24.34	88.35	1.66	290.7	0
20121216T210000	-24.2	88.5	1.22	232.15	0
20121216T220000	-24.04	88.65	2.46	247.1	0
20121216T230000	-24.13	88.6	3.04	259.55	0
20121217T000000	-24.06	88.65	3.46	274.1	0
20121217T010000	-24.18	88.55	2.79	265.6	0
20121217T020000	-24.36	88.4	2.77	258.65	0
20121217T030000	-24.46	88.25	2.41	265.8	0
20121217T040000	-25.13	87.5	1.98	260.65	0
20121217T050000	-26.3	86.4	2.2	277.8	0
20121217T060000	-27.02	85.75	1.81	268.75	0
20121217T070000	-28.14	84.35	2.04	272.8	0
20121217T080000	-29.09	83.35	2.27	279.2	0
20121217T090000	-29.12	83.3	2.56	278.45	0
20121217T100000	-28.96	83.55	2.29	284.1	0
20121217T110000	-29.35	82.9	2.34	295.4	0
20121217T120000	-29.6	82.85	1.44	283.1	0
20121217T130000	-29.92	82.2	1.41	259.35	0
20121217T140000	-30.23	81.65	2.25	261.9	0
20121217T150000	-29.49	83.25	4.08	263.35	0
20121217T160000	-27.94	84.6	4.08	268.55	0
20121217T170000	-27.38	85.2	3.7	272.95	0
20121217T180000	-28	84.25	3.37	282.8	0
20121217T190000	-28.91	83.35	2.88	283.1	0
20121217T200000	-29.29	82.9	2.06	274.9	0
20121217T210000	-29.41	82.9	1.17	251.8	0
20121217T220000	-30.22	81.95	1.96	263.85	0
20121217T230000	-30.7	81.5	1.52	262.05	0
20121218T000000	-31.02	81.1	1.79	260.1	0
20121218T010000	-30.03	82.35	0.95	254	0
20121218T020000	-30.5	81.6	0.44	245.25	0
20121218T030000	-30.61	81.25	0.97	268.75	0
20121218T040000	-31.34	80.7	1.81	259.35	0
20121218T050000	-28.93	83.25	0.05	237.8	0
20121218T060000	-28.51	83.75	0.28	254.2	0
20121218T070000	-27.79	84.35	0.29	92.64	0
20121218T080000	-28.02	84.35	0.76	87.7	0
20121218T090000	-29.7	82.55	0.76	127.45	0
20121218T100000	-29.09	83.2	0.99	179.3	0
20121218T110000	-27.59	85.1	1.7	166.45	0
20121218T120000	-27.39	85.2	1.96	136.05	0
20121218T130000	-27.43	85.2	1.48	135.9	0
20121218T140000	-26.53	86.25	1.21	144.05	0
20121218T150000	-28.23	84.35	1.49	132.2	0
20121218T160000	-27.15	85.75	1.64	148.7	0
20121218T170000	-26.2	86.6	2.83	158.8	0
20121218T180000	-26.22	86.55	3.17	160.25	0
20121218T190000	-25.84	86.95	3.28	173.4	0
20121218T200000	-26.12	86.75	0.8	164.3	0
20121218T210000	-26.4	86.6	0.85	208.05	0
20121218T220000	-26.61	86.4	1.24	214.75	0
20121218T230000	-27.5	85.3	0.47	211.75	0
20121219T000000	-28.34	84.55	2.08	242.6	0
20121219T010000	-25.98	87.1	4.28	263.8	0
20121219T020000	-24.34	88.75	4.84	265.5	0
20121219T030000	-24.02	88.8	4.21	267.85	0
20121219T040000	-23.26	89.8	5.94	274.05	0
20121219T050000	-24.39	88.05	5.69	279.95	0
20121219T060000	-25.02	87.6	6.36	301.15	0
20121219T070000	-25.65	87	7.34	301.1	0
20121219T080000	-26.11	86.45	7.62	310.35	0
20121219T090000	-26.45	86.15	8.21	312.6	0
20121219T100000	-26.54	86.1	7.08	326.4	0
20121219T110000	-25.98	86.7	7.46	330.4	0
20121219T120000	-25.38	87.3	6.55	327.35	0
20121219T130000	-25.11	87.65	5.8	312.95	0
20121219T140000	-24.57	88.2	7.52	320.1	0
20121219T150000	-24.77	87.95	6.71	315.5	0
20121219T160000	-25.44	87.25	6.86	311.55	0
20121219T170000	-25.3	87.4	7.38	314.45	0
20121219T180000	-25.5	87.15	6.74	316.15	0
20121219T190000	-26	86.6	5.58	305.95	0
20121219T200000	-26.58	86	4.71	296.55	0
20121219T210000	-26.67	86	5	300.1	0
20121219T220000	-26.99	85.45	5.43	295.6	0
20121219T230000	-27.48	84.95	4.58	299.15	0
20121220T000000	-27.16	85.45	4.01	299.65	0
20121220T010000	-26.77	85.95	3.48	297.9	0
20121220T020000	-27.11	85.5	3.46	287.2	0
20121220T030000	-26.73	85.95	4.12	291.95	0
20121220T040000	-26.16	86.5	4.08	293.1	0
20121220T050000	-25.38	87.3	4.56	302.55	0.33
20121220T060000	-24.62	88.1	4.98	303.1	0
20121220T070000	-24.49	88.25	4.06	300.15	0
20121220T080000	-24.04	88.75	4.2	305.6	0
20121220T090000	-23.54	89.25	4.72	314	0
20121220T100000	-23.8	88.9	3.5	311.55	0
20121220T110000	-24.41	88.35	2.07	310.95	0
20121220T120000	-26.27	86.5	1.92	276.7	0
20121220T130000	-27.23	85.5	1.68	257.95	0
20121220T140000	-27.14	85.6	1.77	262.4	0
20121220T150000	-27.57	85	1.85	266.75	0
20121220T160000	-28.74	83.7	1.64	258.5	0
20121220T170000	-29.41	83.1	1.96	259.6	0
20121220T180000	-29.4	83.1	2.09	261	0
20121220T190000	-29.94	82.45	2.43	256.4	0
20121220T200000	-29.24	83.35	2.4	266.1	0
20121220T210000	-28.88	83.8	1.7	260.55	0
20121220T220000	-29.92	82.45	2.81	247.85	0
20121220T230000	-29.32	83.25	2.45	249.9	0
20121221T000000	-28.53	84.05	2.21	250.35	0
20121221T010000	-28.13	84.45	2.8	236.2	0
20121221T020000	-28.73	83.7	2.96	241.45	0
20121221T030000	-27.3	85.45	1.96	250.2	0
20121221T040000	-28.16	84.25	2.44	251.75	0
20121221T050000	-27.81	85	1.7	243.25	0
20121221T060000	-28.59	83.85	2.08	241.5	0
20121221T070000	-28.3	84.4	1.12	238.65	0
20121221T080000	-27.87	84.8	2.07	240.2	0
20121221T090000	-27.9	84.75	0.94	235.15	0
20121221T100000	-28.19	84.7	1.57	239.35	0
20121221T110000	-27.29	85.05	3.09	199.7	0
20121221T120000	-29.04	83.25	1.74	206.7	0
20121221T130000	-28.07	84.6	2.34	192.8	0
20121221T140000	-28.11	84.1	2.48	186.6	0
20121221T150000	-29.23	83.15	1.01	145.9	0
20121221T160000	-31.1	81.05	1.07	132.15	0
20121221T170000	-30.73	81.25	0.97	118.7	0
20121221T180000	-30.54	81.65	1.64	158.6	0
20121221T190000	-28.91	83.4	1.92	151.25	0
20121221T200000	-29.39	82.8	1.81	141.05	0
20121221T210000	-29.79	82.4	1.44	154.55	0
20121221T220000	-29.62	82.6	1.57	157.4	0
20121221T230000	-31.81	79.9	1.36	141.35	0
20121222T000000	-30.25	81.8	1.37	162.4	0
20121222T010000	-29.8	82.35	1.46	156	0
20121222T020000	-29.29	82.9	0.67	144.9	0
20121222T030000	-30.31	81.7	1.69	128.05	0
20121222T040000	-31.38	80.5	1.36	144.65	0
20121222T050000	-29.47	82.75	1.24	168.1	0
20121222T060000	-29.7	82.6	1.39	152.7	0
20121222T070000	-30.38	81.8	1.11	172.1	0
20121222T080000	-29.34	82.9	1.44	163	0
20121222T090000	-30.38	81.8	0.91	105.25	0
20121222T100000	-32.57	79.1	0.45	83.1	0
20121222T110000	-32.82	78.75	0.77	136.55	0
20121222T120000	-32.46	79.05	0.98	115.25	0
20121222T130000	-31.1	80.65	1.1	136.65	0
20121222T140000	-31.6	80.15	1.39	111.85	0
20121222T150000	-32.18	79.2	0.68	121.35	0
20121222T160000	-30.74	81	1.15	107.05	0
20121222T170000	-32.11	79.7	1.07	86.5	0
20121222T180000	-33.43	77.95	1.81	94.1	0
20121222T190000	-32.99	78.25	2.23	120.9	0
20121222T200000	-33.05	78.4	1.1	108.65	0
20121222T210000	-33.74	77.45	0.53	83.31	0
20121222T220000	-33.69	77.5	0.52	41.18	0
20121222T230000	-33.66	77.5	0.92	72.47	0
20121223T000000	-33.91	77.35	0.86	26.86	0.12
20121223T010000	-34.83	76.2	0.47	329.6	0
20121223T020000	-35.23	75.65	1.15	329.4	0
20121223T030000	-35.7	75	0.93	305.75	0
20121223T040000	-35.85	74.85	1.14	286.45	0
20121223T050000	-35.95	74.75	0.92	295.45	0
20121223T060000	-36.39	74.15	1.27	277.85	0
20121223T070000	-36.19	74.35	0.57	310.9	0
20121223T080000	-35.44	75.2	0.98	174.78	0
20121223T090000	-36.11	74.5	0.54	156.95	0
20121223T100000	-35.39	75.3	1	37.99	0
20121223T110000	-34.93	75.8	0.88	32.79	0
20121223T120000	-35.04	75.75	1.63	29.29	0
20121223T130000	-34.61	76.3	1.62	35.37	0
20121223T140000	-34.95	75.65	1.05	184.82	0
20121223T150000	-35.18	75.45	1.33	171.3	0
20121223T160000	-34.67	76.2	0.95	180.93	0
20121223T170000	-34.67	76.1	0.71	175.89	0
20121223T180000	-35.11	75.6	1.02	351.4	0
20121223T190000	-34.27	76.6	1.31	179.46	0
20121223T200000	-34.75	76	0.8	301.9	0
20121223T210000	-34.97	75.75	0.95	300.35	0
20121223T220000	-35.23	75.5	1.04	290.25	0
20121223T230000	-35.58	75.1	1.26	284.75	0
20121224T000000	-35.24	75.45	1.11	296.55	0
20121224T010000	-35.5	75.15	1.24	283	0
20121224T020000	-35.23	75.45	1.27	288.05	0
20121224T030000	-34.26	76.45	1.33	277.05	0
20121224T040000	-33.63	77.3	1	289.9	0
20121224T050000	-33.62	77.35	1.08	274.85	0
20121224T060000	-33.86	77.15	0.96	280.5	0
20121224T070000	-34.17	76.75	1.02	279	0
20121224T080000	-34.12	76.95	0.58	275.2	0
20121224T090000	-33.33	77.65	0.08	125.75	0
20121224T100000	-32.33	78.65	0.43	99.65	0
20121224T110000	-30.41	81.1	0.91	105.95	0
20121224T120000	-30.3	81.55	0.73	93.3	0
20121224T130000	-30.55	81.2	0.66	125.5	0
20121224T140000	-30.99	80.65	0.79	129.8	0
20121224T150000	-30.42	81.3	2.99	173.65	0
20121224T160000	-30.73	80.85	4.18	191.05	0
20121224T170000	-31.04	80.45	3.75	175.15	0
20121224T180000	-30.96	80.65	2.94	162.95	0
20121224T190000	-30.36	81.3	4.43	191.2	0
20121224T200000	-29.97	81.8	2.2	239.95	0
20121224T210000	-29.52	82.35	5.04	191.3	0
20121224T220000	-29.51	82.35	2.67	166.65	0
20121224T230000	-28.63	83.5	3.85	167	0
20121225T000000	-28.02	84.05	4.7	178.35	0
20121225T010000	-28.43	83.65	3.17	183.3	0
20121225T020000	-27.99	84.15	3.74	177.1	0
20121225T030000	-28.07	84.1	3.11	179.85	0
20121225T040000	-28.16	83.95	2.56	167.5	0
20121225T050000	-28.12	84	1.98	161.85	0
20121225T060000	-27.98	84.25	1.95	178.55	0
20121225T070000	-27.58	84.8	2.19	187.6	0
20121225T080000	-27.48	84.85	0.58	81.98	0
20121225T090000	-27.33	85.05	1.36	161.8	0
20121225T100000	-27.76	84.6	1.15	163.3	0
20121225T110000	-28.2	84.05	0.99	135.5	0
20121225T120000	-27.34	85.15	1.57	183.05	0
20121225T130000	-27.66	84.65	1.86	191.15	0
20121225T140000	-27.04	85.65	1.71	185	0
20121225T150000	-26.2	86.4	1.81	143.35	0
20121225T160000	-25.81	86.95	1.29	163.65	0
20121225T170000	-25.22	87.6	2.1	167.4	0
20121225T180000	-24.41	88.45	2.71	191.1	0
20121225T190000	-23.64	89.2	2.34	218.2	0
20121225T200000	-23.77	89.2	0.82	308.85	0
20121225T210000	-23	89.85	4.21	171.65	0
20121225T220000	-22.46	90.5	7.84	191.7	0
20121225T230000	-22.41	90.45	7.71	191.5	0
20121226T000000	-22.21	90.85	5.03	182.5	0
20121226T010000	-22.59	90.3	2.96	145.05	0
20121226T020000	-22.9	90.1	2.42	145.95	0
20121226T030000	-22.17	90.85	4.83	195.8	0
20121226T040000	-21.91	91.35	1.33	296.25	0
20121226T050000	-21.93	91.3	1.41	211.05	0
20121226T060000	-22.3	90.7	2.09	182.3	0
20121226T070000	-21.83	91.3	2.31	172.3	0
20121226T080000	-21.38	91.7	3.51	175	0
20121226T090000	-21.72	91.35	3.89	179	0
20121226T100000	-22.05	91.1	3.57	196.3	0
20121226T110000	-22.28	90.85	2.41	210.1	0
20121226T120000	-22.8	90.25	3.02	186.3	0
20121226T130000	-22.63	90.45	3.92	175.75	0
20121226T140000	-22.8	90.25	2.2	156.55	0
20121226T150000	-23.35	89.75	2.56	154.45	0
20121226T160000	-23.33	89.8	1.75	186.5	0
20121226T170000	-23.51	89.7	0.57	99.4	0
20121226T180000	-24.08	89.1	0.58	227.95	0
20121226T190000	-25.12	88.1	0.58	167.6	0
20121226T200000	-26.95	85.8	1.72	267.15	0
20121226T210000	-26.82	86.1	1.4	214.9	0
20121226T220000	-26.3	86.65	1.56	172.6	0
20121226T230000	-25.3	87.8	2.19	180.7	0
20121227T000000	-25.7	87.1	2.5	162	0
20121227T010000	-24.5	88.35	2.3	188.5	0
20121227T020000	-24.33	88.5	0.33	115.7	0
20121227T030000	-25.33	87.35	1.25	110.2	0
20121227T040000	-25.43	87.3	0.68	75.27	0
20121227T050000	-25.27	87.45	0.24	58.03	0
20121227T060000	-25.15	87.55	0.25	61.46	0
20121227T070000	-24.78	87.8	0.78	73.44	0
20121227T080000	-24.7	87.9	1.02	126.35	0
20121227T090000	-23.72	89	0.99	155.2	0
20121227T100000	-22.21	90.8	2.02	197.3	0
20121227T110000	-21.77	91.2	2	187.65	0
20121227T120000	-21.63	91.3	2.99	201	0
20121227T130000	-21.66	91.25	3.77	206.3	0
20121227T140000	-21.77	91.05	3.32	214.1	0
20121227T150000	-21.84	91	4.05	235.5	0
20121227T160000	-22.15	90.75	4.42	242.25	0
20121227T170000	-22.23	90.7	4.11	244.45	0
20121227T180000	-21.72	91.3	2.74	265.2	0
20121227T190000	-21.36	91.6	3.32	284.8	0
20121227T200000	-21.27	91.75	2.32	284.6	0
20121227T210000	-20.94	92.15	2.12	271.2	0
20121227T220000	-20.7	92.45	2.16	282.75	0
20121227T230000	-20.44	92.65	1.95	282.5	0
20121228T000000	-20.1	93	2	286.2	0
20121228T010000	-19.71	93.4	2.22	306.25	0.23
20121228T020000	-19.5	93.7	4.18	295.5	0
20121228T030000	-19.38	93.85	5.42	293.9	0
20121228T040000	-19.84	93.25	5.94	294.15	0
20121228T050000	-21.18	91.8	6.17	286.8	0
20121228T060000	-22.16	91.05	6.43	286.15	0
20121228T070000	-21.55	91.55	6.49	290.05	0
20121228T080000	-21.74	91.45	5.75	291.55	0
20121228T090000	-22.3	90.65	5.72	279.95	0
20121228T100000	-22.73	90.35	5.67	278.3	0
20121228T110000	-23.2	89.8	5.67	272.95	0
20121228T120000	-23.36	89.7	5.46	271.1	0
20121228T130000	-23.09	89.95	5.48	276.65	0
20121228T140000	-23.27	89.7	5.24	270.4	0
20121228T150000	-24	89.05	5.58	269.6	0
20121228T160000	-23.89	89.15	6.01	275.85	0
20121228T170000	-23.16	89.9	6.09	287.55	0
20121228T180000	-23.42	89.55	5.72	283.25	0
20121228T190000	-24.02	88.95	4.66	275.35	0
20121228T200000	-23.14	90	5.25	266.8	0
20121228T210000	-22.64	90.25	5.77	269	0
20121228T220000	-23.34	89.75	6.31	283.35	0
20121228T230000	-23.72	89.3	5.74	289.2	0
20121229T000000	-24.54	88.35	3.2	277	0
20121229T010000	-25.39	87.45	4.79	290.85	0
20121229T020000	-25.45	87.4	3.48	270.8	0
20121229T030000	-26.02	86.85	3.31	259.85	0
20121229T040000	-25.98	86.85	3.26	269	0
20121229T050000	-26.3	86.5	3.17	270.75	0
20121229T060000	-26.66	86.2	2.19	258.25	0
20121229T070000	-26.67	86.15	1.93	254.95	0
20121229T080000	-26.88	86.05	1.65	259.6	0
20121229T090000	-26.3	86.5	1.54	254.7	0
20121229T100000	-25.08	87.8	1.86	227.25	0
20121229T110000	-24.41	88.4	1.68	205.95	0
20121229T120000	-24.27	88.5	1.15	182.55	0
20121229T130000	-23.41	89.35	1.07	105.65	0
20121229T140000	-23.46	89.3	1.15	124	0
20121229T150000	-23.38	89.35	1.46	103.45	0
20121229T160000	-22.9	89.95	1.59	110.6	0
20121229T170000	-21.96	91	1.31	124.1	0
20121229T180000	-20.93	92.1	1.78	168.45	0
20121229T190000	-20.86	92.15	2.34	166.15	0
20121229T200000	-20.97	92.05	2.73	150.85	0
20121229T210000	-21	92.05	2.32	155.15	0
20121229T220000	-20.8	92.3	2.08	114.85	0
20121229T230000	-21.14	92	2.33	87.5	0
20121230T000000	-20.95	92.05	1.86	106.55	0
20121230T010000	-20.71	92.35	1.32	96.6	0
20121230T020000	-20.78	92.35	3.21	90.8	0
20121230T030000	-21.44	91.75	1.11	106.6	0
20121230T040000	-22.04	91.2	0.72	83.47	0
20121230T050000	-21.88	91.05	1.24	78	0
20121230T060000	-21.3	91.75	1.23	20.33	0
20121230T070000	-21.2	91.75	2.29	26.79	0
20121230T080000	-21.1	91.95	1.14	187.22	0
20121230T090000	-21.18	91.9	1.66	20.64	0
20121230T100000	-21.11	92	1.31	38.05	0
20121230T110000	-20.86	92.25	1.33	25.76	0
20121230T120000	-21.12	92.15	1.97	61.15	0
20121230T130000	-22.45	91	0.57	121.2	0
20121230T140000	-23.36	89.9	1.21	60.3	0
20121230T150000	-24.81	88.35	0.79	232.4	0
20121230T160000	-24.79	88.35	0.68	171.45	0
20121230T170000	-24.27	88.95	1.35	236.35	0
20121230T180000	-23.98	89	0.76	159.25	0
20121230T190000	-24.66	88.3	0.82	57.38	0
20121230T200000	-24.87	87.95	0.44	56.07	0
20121230T210000	-23.89	88.8	0.73	121.65	0
20121230T220000	-22.48	90.4	1.33	127.55	0
20121230T230000	-22.34	90.5	0.86	93.7	0.13
20121231T000000	-21.87	91.15	1.46	65.26	0
20121231T010000	-23.09	89.8	1.47	80.15	0
20121231T020000	-22.49	90.45	1.38	126.8	0
20121231T030000	-22.01	91	2.18	91.1	0
20121231T040000	-22.02	91	2.17	100.1	0
20121231T050000	-21.13	91.9	2.34	115.7	0.18
20121231T060000	-20.6	92.45	3.21	103.1	0
20121231T070000	-20.21	92.85	2.46	104.65	0
20121231T080000	-19.71	93.35	2.35	95.7	0
20121231T090000	-19.56	93.55	2.69	90	0
20121231T100000	-19.49	93.6	2.62	76.5	0
20121231T110000	-19.33	93.8	2.55	87.15	0
20121231T120000	-19.13	94.05	1.36	96	0
20121231T130000	-18.98	94.15	1.12	333.45	0
20121231T140000	-18.93	94.25	2.67	349.75	0
20121231T150000	-18.96	94.3	2.55	346	0
20121231T160000	-18.49	94.75	3.11	342.95	0
20121231T170000	-17.87	95	2.92	351.55	0
20121231T180000	-17.45	95	4.31	335.2	0
20121231T190000	-17.75	95	5.05	330.65	0
20121231T200000	-17.91	95	5.12	330.55	0
20121231T210000	-17.91	95	4.87	333.9	0
20121231T220000	-17.89	95	4.3	345.9	0
20121231T230000	-18.23	94.95	3.77	179.65	0
20130101T000000	-18.67	94.7	3.13	2.02	0
20130101T010000	-19.03	94.35	3.32	354.5	0
20130101T020000	-19.38	93.95	2.88	185.66	0
20130101T030000	-19.55	93.8	2.98	14.77	0
20130101T040000	-19.69	93.75	2.71	24.88	0
20130101T050000	-20.75	92.75	2.66	20.25	0
20130101T060000	-22.55	90.85	1.88	11.16	0.29
20130101T070000	-23.06	90.35	2.05	28.16	0
20130101T080000	-23.66	89.6	2.01	19.05	0
20130101T090000	-24.46	88.85	1.69	186.53	0
20130101T100000	-26.42	86.25	1.2	303.95	0
20130101T110000	-26.79	86	0.92	336.7	0
20130101T120000	-27.09	85.85	0.88	171.88	0
20130101T130000	-27.91	84.6	0.15	48.55	0
20130101T140000	-27.3	85.35	0.49	110.23	0
20130101T150000	-27.47	85.1	1.17	95.35	0
20130101T160000	-26.95	85.7	1.2	117.3	0
20130101T170000	-26.39	86.3	1.8	100	0
20130101T180000	-27.82	84.75	1.16	98.7	0
20130101T190000	-26.29	86.3	1.33	98.75	0
20130101T200000	-25.37	87.5	1.86	103.8	0
20130101T210000	-22.84	90.25	2.32	109.1	0
20130101T220000	-22.57	90.5	2.61	114.9	0
20130101T230000	-22.07	91.05	2.42	104	0
20130102T000000	-21.11	92.1	2.83	104.15	0
20130102T010000	-20.41	92.9	3.02	110.25	0
20130102T020000	-20.19	93	3.81	106.8	0
20130102T030000	-19.73	93.6	3.62	111.6	0
20130102T040000	-19.08	94.15	3.33	106	0
20130102T050000	-18.38	94.85	3.65	108.25	0
20130102T060000	-17.99	95	4.17	105.8	0
20130102T070000	-17.69	95	4.24	113.95	0.48
20130102T080000	-17.62	95	3.9	108.55	0
20130102T090000	-17.5	95	3.12	107.55	0.26
20130102T100000	-17.31	95	2.19	98	0
20130102T110000	-17.23	95	0.7	75.45	0.21
20130102T120000	-17.39	95	2.27	182.72	0
20130102T130000	-18.01	95	3.33	338.3	0
20130102T140000	-19.16	94.35	3.21	309.85	0
20130102T150000	-18.92	94.4	4.87	303.4	0
20130102T160000	-17.26	95	6.15	323.9	0
20130102T170000	-18.19	94.8	5.08	314.3	0
20130102T180000	-19.03	94.5	4.88	306.7	0
20130102T190000	-18.01	95	4.8	310.05	0
20130102T200000	-17.41	95	4.84	317.25	0
20130102T210000	-17.59	95	3.88	322.3	0
20130102T220000	-17.77	95	2.55	274.75	0
20130102T230000	-17.65	95	2.16	279.35	0
20130103T000000	-17.93	95	1.6	272.85	0
20130103T010000	-17.29	95	0.48	170.45	0
20130103T020000	-16.94	95	0.73	118.25	0
20130103T030000	-17.19	95	0.74	134.3	0
20130103T040000	-17.59	95	2.22	210.55	0
20130103T050000	-17.58	95	0.88	158.25	0
20130103T060000	-18.12	95	1.42	163.7	0
20130103T070000	-18.23	95	1.79	160.1	0
20130103T080000	-17.41	95	2.6	166.3	0
20130103T090000	-16.58	95	3.12	161.05	0.23
20130103T100000	-16.48	95	3.24	138.1	0
20130103T110000	-17.16	95	2.38	120.1	0
20130103T120000	-18.43	95	2.37	120.35	0
20130103T130000	-18.33	94.9	2.18	118.05	0
20130103T140000	-17.26	95	2.84	120.6	0
20130103T150000	-16.08	95	2.98	130.75	0
20130103T160000	-17.34	95	1.33	134.1	0
20130103T170000	-18.12	95	1.19	113.55	0
20130103T180000	-18.74	94.95	1.48	102.75	0
20130103T190000	-19.09	94.5	1.02	102.4	0
20130103T200000	-19.13	94.5	1.09	120	0
20130103T210000	-19.26	94.3	1.01	83.55	0
20130103T220000	-19.55	94.3	0.96	189.83	0
20130103T230000	-21.22	92.55	0.32	286.3	0
20130104T000000	-21.9	91.3	1.12	159.81	0
20130104T010000	-21.65	91.8	1.2	320	0
20130104T020000	-22.14	91.5	1.22	312.5	0
20130104T030000	-23.37	90.1	1.29	276.75	0
20130104T040000	-23.22	89.95	0.89	276.2	0
20130104T050000	-21.93	91	1.16	305.8	0
20130104T060000	-19.38	93.5	0.91	321.85	0
20130104T070000	-18.02	94.8	0.99	41.34	0
20130104T080000	-17.48	95	1.01	53.88	0
20130104T090000	-18.94	94.65	0.39	113.6	0
20130104T100000	-18.63	94.6	0.62	115.15	0
20130104T110000	-17.6	95	0.84	98.5	0
20130104T120000	-17.17	95	0.47	104.55	0
20130104T130000	-16.67	95	0.27	223.85	0
20130104T140000	-16.27	95	0.57	197.96	0
20130104T150000	-16.88	95	2.37	15.88	0
20130104T160000	-17.49	95	2.12	8.67	0
20130104T170000	-20.04	93.45	2.37	24.82	0
20130104T180000	-21.81	91.7	1.45	176.29	0
20130104T190000	-23.6	90	1.75	324.25	0
20130104T200000	-25.54	87.6	2.67	307.05	0
20130104T210000	-25.7	87.4	1.49	318.6	0
20130104T220000	-26.19	86.9	1.43	310.25	0
20130104T230000	-26.66	86.55	1.11	284.85	0
20130105T000000	-27.83	85.15	1.46	280.45	0.19
20130105T010000	-27.93	84.8	1.18	305.35	0
20130105T020000	-27.96	84.7	1.36	328	0
20130105T030000	-28.9	83.75	1.15	341.35	0
20130105T040000	-29.63	82.9	1.12	289.4	0
20130105T050000	-29.8	82.45	1.32	293.1	0
20130105T060000	-28.65	83.9	1.1	146.22	0
20130105T070000	-29.12	83.35	1.11	164.17	0
20130105T080000	-29.83	82.7	0.81	148.39	0
20130105T090000	-30.44	81.9	1.35	272.35	0
20130105T100000	-30.22	82.05	0.9	304.25	0
20130105T110000	-30.59	81.5	1.08	298.7	0
20130105T120000	-29.73	82.25	1.11	276.15	0
20130105T130000	-28.38	83.75	0.64	279.95	0
20130105T140000	-27.05	85.1	0.51	309.05	0
20130105T150000	-25.73	86.8	0.32	281.55	0
20130105T160000	-25.18	87.5	0.38	348.7	0
20130105T170000	-24.72	88.05	0.43	185.55	0
20130105T180000	-24.74	88.1	0.77	13.85	0
20130105T190000	-24.45	88.3	0.46	26.94	0
20130105T200000	-24.07	88.8	0.61	5.41	0
20130105T210000	-24.02	88.9	1.06	21.82	0
20130105T220000	-24.03	88.9	1.2	17.07	0
20130105T230000	-24.48	88.45	1.04	11.48	0
20130106T000000	-24.87	88	1.02	180.03	0
20130106T010000	-25.19	87.65	1.3	5.68	0
20130106T020000	-25.63	87.25	1.22	13.5	0
20130106T030000	-27.05	85.8	0.75	354	0
20130106T040000	-28.3	84.3	0.85	295.85	0
20130106T050000	-28.87	83.55	0.88	345.6	0
20130106T060000	-28.55	83.75	0.75	319.15	0
20130106T070000	-27.99	84.3	0.61	314.55	0
20130106T080000	-26.72	85.7	0.86	341.3	0
20130106T090000	-25.72	86.9	0.96	184.06	0
20130106T100000	-24.91	87.85	1.17	41.5	0
20130106T110000	-25.35	87.65	1.07	20.82	0
20130106T120000	-26.68	86.1	1.12	32.3	0
20130106T130000	-27.45	85.15	1.2	177.51	0
20130106T140000	-27.85	84.75	1.06	178.03	0
20130106T150000	-29.3	83.15	1.06	182.31	0.21
20130106T160000	-30.52	81.65	0.84	345.15	0
20130106T170000	-30.76	81.3	0.96	352.9	0
20130106T180000	-31.63	80.25	0.8	299.7	0
20130106T190000	-31.91	79.9	0.74	292.85	0
20130106T200000	-32.27	79.5	0.62	319.3	0
20130106T210000	-32.75	78.9	0.63	295.2	0
20130106T220000	-33.22	78.35	0.41	295.45	0
20130106T230000	-33.04	78.45	0.35	274.6	0
20130107T000000	-33.45	78.05	0.32	270.7	0
20130107T010000	-34.22	77.2	0.27	270.1	0
20130107T020000	-34.19	77.1	0	0	0
20130107T030000	-34.31	76.9	0	0	0
20130107T040000	-34.45	76.75	0	175.35	0
20130107T050000	-35.39	75.75	0	177	0
20130107T060000	-35.49	75.4	0	161.9	0
20130107T070000	-34.97	76.3	0	0	0
20130107T080000	-35.17	75.75	0	0	0
20130107T090000	-34.02	77.2	0	0	0
20130107T100000	-34.84	76.45	0	178.35	0
20130107T110000	-35.45	75.45	0	0	0
20130107T120000	-35.17	75.8	0	163.1	0
20130107T130000	-34.77	76.25	0	175.3	0
20130107T140000	-35.22	75.8	0	172.3	0
20130107T150000	-33.91	77.15	0	176.2	0
20130107T160000	-34.08	77.3	0	0	0
20130107T170000	-33.42	77.8	0	175.4	0
20130107T180000	-33.23	78.25	0	0	0
20130107T190000	-33.16	78.2	0	0	0
20130107T200000	-32.59	78.95	0	180	0
20130107T210000	-33.16	78.05	0	179.5	0
20130107T220000	-31.83	79.7	0	14.01	0
20130107T230000	-32.31	79.55	0	0	0
20130108T000000	-33.64	77.7	0	0	0
20130108T010000	-32.53	78.85	0	0	0
20130108T020000	-30.12	81.45	0.01	257.25	0
20130108T030000	-25.77	86.7	0.01	284.55	0
20130108T040000	-24.62	88.1	0.01	290.5	0
20130108T050000	-23.38	89.35	0	262.1	0
20130108T060000	-22.61	90.35	0.01	272.1	0
20130108T070000	-22.81	90.1	0.03	268.8	0
20130108T080000	-23.2	89.7	0.02	281.45	0
20130108T090000	-23.67	89.2	0.04	276.7	0
20130108T100000	-23.32	89.6	0.38	278.45	0
20130108T110000	-23.2	89.7	0.59	279.95	0
20130108T120000	-23.16	89.75	0.9	288.25	0
20130108T130000	-23.05	89.9	1.16	284.15	0
20130108T140000	-22.84	90.1	1.58	277.85	0
20130108T150000	-22.84	90.15	1.94	271.4	0
20130108T160000	-22.82	90.1	4.37	281.8	0
20130108T170000	-22.9	90.1	5.42	279	0
20130108T180000	-22.73	90.3	5.07	274.4	0
20130108T190000	-21.96	91.15	6.58	277.7	0
20130108T200000	-21.33	91.8	6.42	278.45	0
20130108T210000	-21.02	92.1	6.8	274.95	0
20130108T220000	-20.77	92.3	6.16	270.7	0
20130108T230000	-20.3	92.9	6.49	275.55	0
20130109T000000	-20.12	93.05	6.77	280.9	0
20130109T010000	-19.98	93.2	6.99	285.25	0
20130109T020000	-20.52	92.7	6.02	280.45	0
20130109T030000	-19.69	93.5	7.12	285.1	0
20130109T040000	-19.18	94.15	7.26	284.55	0
20130109T050000	-18.77	94.45	7.54	287.2	0
20130109T060000	-18.48	94.85	7.55	287.9	0
20130109T070000	-18.34	94.9	7.6	288.05	0
20130109T080000	-18.29	95	8.38	297.65	0
20130109T090000	-18.71	94.65	9.59	299.5	0
20130109T100000	-18.84	94.45	10.12	302.5	0
20130109T110000	-19.08	94.3	9.97	301.85	0.51
20130109T120000	-19.27	94.15	7.48	296.1	0
20130109T130000	-18.87	94.5	7.73	302.4	0
20130109T140000	-18.95	94.35	9.29	302	0
20130109T150000	-18.98	94.35	9.56	295.9	0
20130109T160000	-18.89	94.55	10.02	294.05	0
20130109T170000	-19.26	94.05	11.07	291.3	0
20130109T180000	-19.58	93.75	10.59	282.55	0
20130109T190000	-19.3	94.15	9.28	287.25	0
20130109T200000	-19.2	94.1	7.35	287.8	0
20130109T210000	-19.71	93.65	9.02	284.35	0
20130109T220000	-20.31	93.05	8.23	275.85	0
20130109T230000	-20.93	92.5	6.12	275.05	0
20130110T000000	-20.81	92.55	8.56	289.8	0
20130110T010000	-20.02	93.4	6.26	281.55	0
20130110T020000	-21.15	92.2	4.4	265.95	0
20130110T030000	-21.12	92.45	2.66	182.55	0
20130110T040000	-20.83	92.65	2.63	231.65	0
20130110T050000	-22.31	91.05	3.16	273.55	0
20130110T060000	-22.61	90.95	2.44	243.4	0
20130110T070000	-23.18	89.95	3.2	251.15	0
20130110T080000	-23.42	90.1	2.67	241.35	0
20130110T090000	-22.66	90.75	4.64	276.95	0
20130110T100000	-23.62	89.55	4.03	286.3	0
20130110T110000	-24.01	89.35	4.3	282.2	0
20130110T120000	-23.68	89.55	3.08	276.25	0
20130110T130000	-24.34	88.9	3.21	285.6	0
20130110T140000	-24.8	88.2	4.2	279.5	0
20130110T150000	-25.55	87.35	4.78	286.95	0
20130110T160000	-26.71	86.1	2.88	282.3	0
20130110T170000	-26.95	85.95	2.62	278.35	0.17
20130110T180000	-27.33	85.5	2.49	278.15	0
20130110T190000	-27.84	84.85	2.52	262.4	0
20130110T200000	-27.16	85.6	2.4	276	0
20130110T210000	-27	85.8	2.77	271.9	0
20130110T220000	-27.32	85.4	2.62	274.6	0
20130110T230000	-27.35	85.3	2.74	271.95	0
20130111T000000	-27.33	85.3	2	270.55	0
20130111T010000	-27.21	85.5	1.81	259	0
20130111T020000	-27.1	85.55	1.8	265.6	0
20130111T030000	-28.05	84.5	1.99	277.3	0
20130111T040000	-27.99	84.45	1.81	278.55	0
20130111T050000	-28.42	83.95	1.8	249.85	0
20130111T060000	-28.61	83.85	1.91	266.45	0
20130111T070000	-29.26	83.1	1.68	258.3	0
20130111T080000	-30.14	82.1	1.9	256.15	0.16
20130111T090000	-30.77	81.4	1.98	258.9	0
20130111T100000	-30.95	81.2	1.68	273.25	0
20130111T110000	-31.3	80.75	1.88	279.15	0
20130111T120000	-31.1	81.1	1.4	263.65	0
20130111T130000	-30.88	81.15	1.52	276.9	0
20130111T140000	-31.53	80.4	1.71	272.3	0
20130111T150000	-31.34	80.65	1.46	266.7	0
20130111T160000	-31.46	80.55	1.66	261.9	0
20130111T170000	-31.28	80.75	1.29	265.75	0
20130111T180000	-31.8	80	1.4	268.1	0
20130111T190000	-33.02	78.55	1.4	269	0
20130111T200000	-33.05	78.55	1.19	272.25	0
20130111T210000	-32.85	78.7	0.79	278.05	0
20130111T220000	-34.08	77.25	1.66	264.25	0
20130111T230000	-33.23	78.1	0.82	271.25	0
20130112T000000	-33.94	77.25	0.74	251.6	0
20130112T010000	-32.31	79.25	0.93	253.05	0
20130112T020000	-31.88	80	0.3	253.9	0
20130112T030000	-32.31	79.4	0.29	151.4	0
20130112T040000	-32.66	78.9	0	0	0
20130112T050000	-32.4	79.1	0.3	14.19	0
20130112T060000	-33.36	77.85	0.32	57.32	0
20130112T070000	-32.56	78.65	0.42	263.7	0
20130112T080000	-31.45	79.95	0.51	246.05	0
20130112T090000	-29.73	81.85	1.12	80.58	0
20130112T100000	-30.95	80.75	0.6	50.08	0
20130112T110000	-31.52	80.15	0.76	147.05	0
20130112T120000	-32.22	79.25	1.37	279.75	0
20130112T130000	-31.08	80.5	0.06	353.05	0
20130112T140000	-30.52	81.15	1.11	278.4	0
20130112T150000	-29.45	82.4	0.66	279.95	0
20130112T160000	-29.79	82.4	0.63	188.75	0
20130112T170000	-31.7	80.05	1.06	275.15	0
20130112T180000	-31.7	80.2	0.43	314.55	0
20130112T190000	-32.62	79.05	0.58	326.65	0
20130112T200000	-33.33	78	1.04	303.55	0
20130112T210000	-32.35	79.3	0.4	338.4	0
20130112T220000	-32.89	78.5	0.07	16.68	0
20130112T230000	-33.67	77.8	0.2	161.31	0
20130113T000000	-34.51	76.6	0.31	290.55	0
20130113T010000	-34.27	76.85	0.36	160.61	0
20130113T020000	-34.5	76.7	0.14	24.67	0
20130113T030000	-34.88	76	0.1	315.75	0
20130113T040000	-34.56	76.4	0.18	17.68	0
20130113T050000	-34.49	76.6	0.39	60.32	0
20130113T060000	-34.64	76.15	0.29	68.61	0
20130113T070000	-33.95	76.95	0.07	76.22	0
20130113T080000	-33.35	77.7	0.5	91.15	0
20130113T090000	-32.77	78.1	0.58	92.1	0
20130113T100000	-30.84	80.35	0.7	91	0
20130113T110000	-29.01	82.6	1.15	88.4	0
20130113T120000	-26.74	85.3	1.1	98.55	0
20130113T130000	-23.86	88.85	1.78	128.65	0
20130113T140000	-22.67	90.25	1.83	142.2	0
20130113T150000	-21.95	91	2.22	128.6	0
20130113T160000	-21.38	91.65	4.08	134.85	0
20130113T170000	-21.16	92.05	4.79	132.95	0
20130113T180000	-20.75	92.35	5.17	122.15	0
20130113T190000	-20.54	92.55	4.69	113	0
20130113T200000	-20.31	92.8	4.56	115.35	0.26
20130113T210000	-20.32	92.8	5.08	112.55	0
20130113T220000	-20.84	92.35	4	106.75	0
20130113T230000	-20.87	92.3	3.84	114.4	0
20130114T000000	-20.84	92.3	3.23	107.05	0
20130114T010000	-21.14	92	3.47	86.95	0
20130114T020000	-21.55	91.5	3.17	89.1	0
20130114T030000	-21.57	91.55	3.21	63.16	0
20130114T040000	-21.82	91.25	1.86	81.2	0
20130114T050000	-21.83	91.4	1.69	63.79	0
20130114T060000	-22.18	90.9	2.3	41.56	0
20130114T070000	-22.25	90.75	2.12	63.3	0
20130114T080000	-22.26	90.75	2.59	62.65	0
20130114T090000	-23.07	89.95	3.1	61.32	0
20130114T100000	-23.66	89.3	4.32	67.97	0
20130114T110000	-23.57	89.4	3.78	91.05	0
20130114T120000	-23.59	89.5	3.76	87	0
20130114T130000	-25.74	87.3	2.67	56.61	0
20130114T140000	-28.77	83.85	2.13	73.95	0
20130114T150000	-28.52	83.8	2.69	68.64	0
20130114T160000	-27.86	84.55	2.85	52.84	0
20130114T170000	-26.91	85.6	3.47	66.65	0
20130114T180000	-26.02	86.55	4.94	76.3	0
20130114T190000	-25.21	87.45	4.5	83.95	0
20130114T200000	-24.41	88.25	4.28	88.45	0
20130114T210000	-22.77	90.15	5.44	89.05	0
20130114T220000	-22.96	89.95	5.6	83.95	0
20130114T230000	-22.66	90.35	5.53	78.95	0
20130115T000000	-22.78	90.2	4.97	80.3	0.54
20130115T010000	-22.86	90.1	6.07	93.15	0
20130115T020000	-22.66	90.35	5.57	94.95	0
20130115T030000	-22.5	90.5	5.04	104.9	0
20130115T040000	-22.37	90.6	4.71	104.45	0.27
20130115T050000	-22.27	90.7	4.45	107.4	0
20130115T060000	-22.05	91.05	3.97	110.6	0
20130115T070000	-21.95	91.1	4	103.15	0
20130115T080000	-21.91	91.15	3.83	106	0
20130115T090000	-22.07	90.95	3.63	106.4	0
20130115T100000	-22.02	91.1	3.61	103.95	0.35
20130115T110000	-22.24	90.8	3.65	101.75	0
20130115T120000	-22.41	90.6	2.15	99.5	0
20130115T130000	-22.16	90.9	2.95	107.1	0
20130115T140000	-22.12	90.85	2.63	118.45	0.21
20130115T150000	-22.09	90.95	2.18	97.9	0.37
20130115T160000	-22.12	90.9	2.32	102.7	0.33
20130115T170000	-22.11	90.95	1.67	110.45	0
20130115T180000	-22.06	90.9	1.44	71.63	0.25
20130115T190000	-22.07	91.05	1.23	49.89	0.15
20130115T200000	-22.49	90.65	1.08	35.78	0.11
20130115T210000	-22.73	90.35	0.89	172.98	0
20130115T220000	-23.07	90.05	1.03	291.15	0.14
20130115T230000	-23.46	89.6	1.22	280.6	0
20130116T000000	-23.71	89.25	1.35	335.25	0
20130116T010000	-24.3	88.8	1.12	307.55	0
20130116T020000	-25.18	87.75	1.53	294.2	0
20130116T030000	-25.33	87.55	1.52	283.6	0
20130116T040000	-25.13	87.75	1.41	339.75	0
20130116T050000	-25.45	87.3	1.16	264.4	0
20130116T060000	-25.8	87.05	1.58	308.3	0
20130116T070000	-27.18	85.45	1.59	303.25	0
20130116T080000	-27.56	85.1	0.49	309.55	0
20130116T090000	-28.67	84.05	0.91	280	0
20130116T100000	-30.09	82.25	1.12	288.05	0.15
20130116T110000	-30.22	82.3	0.93	318.95	0
20130116T120000	-31.01	81.1	0.63	302.1	0
20130116T130000	-30.82	81	0.57	310	0
20130116T140000	-30.6	81.3	1.1	283.2	0
20130116T150000	-30.41	81.55	1.08	294.35	0
20130116T160000	-30.62	81.5	0.77	304.65	0
20130116T170000	-31.25	80.75	0.42	315.35	0
20130116T180000	-31.32	80.45	0.71	302.45	0
20130116T190000	-31.18	80.7	0.96	290.65	0
20130116T200000	-31.54	80.3	0.8	313.25	0
20130116T210000	-31.56	80.25	1.37	294.3	0
20130116T220000	-31.45	80.2	1.39	280.3	0
20130116T230000	-30.7	81.15	1.97	293.65	0
20130117T000000	-31.77	79.9	2.94	320.75	0
20130117T010000	-32.46	79.15	3.04	333.55	0
20130117T020000	-33.66	77.9	2.08	301.7	0
20130117T030000	-34.44	76.55	0.95	315	0
20130117T040000	-33.28	77.95	1.44	266.25	0
20130117T050000	-33.86	77.55	2.08	299.45	0
20130117T060000	-31.81	79.95	2.83	327.65	0
20130117T070000	-30.12	81.85	2.8	320.95	0
20130117T080000	-30.32	81.55	2.83	302.7	0
20130117T090000	-31.57	80.2	2.02	279.65	0
20130117T100000	-31.81	79.95	2.19	293.55	0
20130117T110000	-32.09	79.55	2.47	290.3	0
20130117T120000	-31.73	79.9	2.28	282.7	0
20130117T130000	-30.73	81.15	3.02	298.4	0
20130117T140000	-30	81.8	3.69	312.05	0
20130117T150000	-29.34	82.65	3.79	310.7	0
20130117T160000	-29.98	81.7	3.82	308.25	0
20130117T170000	-31.09	80.6	2.98	301.35	0
20130117T180000	-30.7	81.05	3.56	292	0
20130117T190000	-31.31	80.35	4.17	291.25	0
20130117T200000	-31.02	80.7	4.71	287.55	0
20130117T210000	-30.55	81.25	4.46	276.05	0
20130117T220000	-29.51	82.5	5.06	274.85	0
20130117T230000	-28.14	83.95	6.38	275.6	0
20130118T000000	-27.5	84.65	7.06	274.85	0
20130118T010000	-27.23	85.1	6.91	276.3	0
20130118T020000	-27.05	85.35	7.26	279.75	0
20130118T030000	-25.42	87.2	7.88	296.6	0
20130118T040000	-24.95	87.55	8.49	309.3	0
20130118T050000	-25.27	87.25	9.09	304.85	0
20130118T060000	-25.38	87.15	9.62	306	0
20130118T070000	-25.52	87	10.18	305	0
20130118T080000	-25.59	86.95	11.02	306.45	0
20130118T090000	-25.56	86.95	10.71	304.9	0
20130118T100000	-25.51	87.05	10.16	302.6	0
20130118T110000	-25.25	87.4	9.86	307.75	0
20130118T120000	-25.16	87.4	9.08	313.05	0
20130118T130000	-25.55	86.95	8.3	312.95	0
20130118T140000	-26.06	86.4	7.26	307.8	0
20130118T150000	-26.58	85.9	7.24	307.25	0
20130118T160000	-27.02	85.4	6.62	305.1	0
20130118T170000	-27.73	84.6	6.58	308.25	0
20130118T180000	-27.61	84.75	7.16	311.35	0
20130118T190000	-27.86	84.45	6.81	308.25	0
20130118T200000	-27.88	84.45	6.29	300.55	0
20130118T210000	-28.58	83.6	5.09	289.8	0
20130118T220000	-28.14	84.05	5.03	289.5	0
20130118T230000	-26.2	86.3	5.65	305.4	0
20130119T000000	-25.79	86.7	5.77	312.15	0
20130119T010000	-24.34	88.35	7.29	319.9	0
20130119T020000	-23.63	89.05	9.71	324.65	0
20130119T030000	-23.88	88.7	11.9	319.6	0
20130119T040000	-24.41	88.2	10.29	321.4	0
20130119T050000	-24.75	87.8	10	326.5	0
20130119T060000	-25.4	87.1	9.52	315.1	0
20130119T070000	-25.8	86.7	9.11	306.5	0
20130119T080000	-25.95	86.5	8.8	312.45	0
20130119T090000	-26.59	85.85	7.37	297.75	0
20130119T100000	-27.1	85.35	7.74	293.1	0
20130119T110000	-26.96	85.5	7.82	296.15	0
20130119T120000	-27.09	85.3	6.61	294	0
20130119T130000	-27.21	85.15	7.45	280.85	0
20130119T140000	-27.71	84.45	7.29	278.8	0
20130119T150000	-27.57	84.65	6.05	268.9	0
20130119T160000	-27.76	84.5	5.82	277.55	0
20130119T170000	-27.75	84.6	3.25	259.7	0
20130119T180000	-28.66	83.5	4.59	262.65	0
20130119T190000	-28.99	83.15	5.44	260.45	0
20130119T200000	-28.24	84	6.58	261.95	0
20130119T210000	-27.35	85.05	5.95	260.3	0
20130119T220000	-27.27	85.1	5.95	256.75	0
20130119T230000	-27.68	84.6	6.29	256	0
20130120T000000	-27.79	84.45	5.83	260.65	0
20130120T010000	-27.79	84.45	5.32	256.55	0
20130120T020000	-27.69	84.55	4.89	255.25	0
20130120T030000	-27.88	84.45	4.69	249.95	0
20130120T040000	-28.03	84.2	4.08	256.45	0
20130120T050000	-28.48	83.8	3.72	259.15	0
20130120T060000	-28.84	83.4	3.25	256.7	0
20130120T070000	-28.95	83.25	3.51	256.05	0
20130120T080000	-28.96	83.25	3.54	239.65	0
20130120T090000	-29.11	83.25	3.08	245.4	0
20130120T100000	-29.27	82.95	3.41	253.9	0
20130120T110000	-29.45	82.65	3.23	256.05	0
20130120T120000	-29.12	83	0.81	170.38	0
20130120T130000	-29.79	82.05	0.2	57.98	0
20130120T140000	-29.93	81.95	0.98	178.27	0
20130120T150000	-30.62	81.25	1.62	267.75	0
20130120T160000	-30.99	80.75	1.25	271.7	0
20130120T170000	-31.82	79.85	0.94	266.1	0.12
20130120T180000	-32.41	79.05	1.97	271.75	0
20130120T190000	-32.05	79.4	0.99	152.73	0
20130120T200000	-32.5	78.95	1.97	269.15	0
20130120T210000	-32.77	78.45	0.45	302.85	0
20130120T220000	-32.14	79.35	0.85	26.11	0
20130120T230000	-33.3	78.1	0.67	291	0
20130121T000000	-33.62	77.35	0.66	307.8	0
20130121T010000	-33.02	78.25	0.78	35.33	0
20130121T020000	-34.5	76.55	1.75	275.35	0
20130121T030000	-34.01	76.65	0.6	327.1	0
20130121T040000	-33.73	77.4	1.42	275.1	0
20130121T050000	-34	76.85	1.85	271.95	0
20130121T060000	-32.89	78.05	1.56	285.35	0
20130121T070000	-31.79	79.25	1.52	288.6	0
20130121T080000	-30.48	80.8	1.5	317.25	0
20130121T090000	-29.81	82	1.6	310.45	0
20130121T100000	-30.45	81.25	1.57	289.75	0
20130121T110000	-30.3	81.5	1.44	303.1	0
20130121T120000	-31	80.5	1.26	307.55	0
20130121T130000	-30.38	81.1	1.42	285.9	0
20130121T140000	-30.38	81.3	1.68	288.95	0
20130121T150000	-31.07	80.75	1.35	315.6	0
20130121T160000	-31.99	79.5	1.2	307.05	0
20130121T170000	-32.2	79.35	1.54	291.65	0
20130121T180000	-33.06	78.3	1.65	331.85	0
20130121T190000	-33.13	78.1	1.81	330.75	0
20130121T200000	-33.16	77.9	1.66	307	0
20130121T210000	-33.62	77.6	1.84	287.1	0
20130121T220000	-33.58	77.35	1.32	277.05	0
20130121T230000	-32.8	78.3	1.25	304.85	0
20130122T000000	-32.52	78.95	1.4	316.65	0
20130122T010000	-33.16	78.15	1.37	319.85	0
20130122T020000	-33.12	78.1	1.77	322.3	0
20130122T030000	-33.3	77.95	1.57	303.35	0
20130122T040000	-33.42	77.7	1.75	324.35	0
20130122T050000	-33.75	77.3	2.04	334.15	0
20130122T060000	-34.26	76.7	1.77	338.5	0
20130122T070000	-35.12	75.65	1.25	312.1	0.19
20130122T080000	-34.8	76	1.19	282.6	0
20130122T090000	-35.36	75.35	1.25	289.5	0
20130122T100000	-36.04	74.5	1.52	325.6	0
20130122T110000	-35.55	74.95	1.63	320.25	0
20130122T120000	-35.63	74.95	1.43	326.5	0
20130122T130000	-35.86	74.25	1.35	325.85	0
20130122T140000	-35.2	74.75	1.15	313.95	0
20130122T150000	-34.45	75.95	0.94	277.4	0
20130122T160000	-35.39	75.4	1.15	304	0
20130122T170000	-36.59	73.85	0.96	303.8	0
20130122T180000	-36.34	74	0.94	276.3	0
20130122T190000	-36.28	74.15	0.73	272.25	0
20130122T200000	-36.72	73.6	0.56	268.55	0
20130122T210000	-36.89	73.4	0.62	267.5	0
20130122T220000	-36.81	73.25	0.46	270.9	0
20130122T230000	-36.68	73.55	0.47	278.8	0
20130123T000000	-36.72	73.55	0.46	267.5	0
20130123T010000	-37.25	73.1	0.36	277.55	0
20130123T020000	-38.25	71.75	0.42	285.05	0
20130123T030000	-38.55	71.2	0.29	268.75	0
20130123T040000	-38.16	71.65	0.35	266.25	0
20130123T050000	-37.74	71.95	0.07	265.1	0
20130123T060000	-38.41	71.55	0.34	278.35	0
20130123T070000	-38.51	71.15	0.34	273.7	0
20130123T080000	-37.86	72	0.36	301.7	0
20130123T090000	-39.32	70.41	0.26	168.76	0
20130123T100000	-39.03	70.28	0.19	334.15	0
20130123T110000	-37.78	71.8	0.2	298.95	0
20130123T120000	-38.22	71.7	0.27	343.1	0
20130123T130000	-39.61	69.94	0.27	309.3	0
20130123T140000	-39.53	69.81	0.27	281.2	0
20130123T150000	-39.3	70.05	0.3	270.55	0
20130123T160000	-39.3	70.05	0.37	296.8	0
20130123T170000	-39.92	69.5	0.27	292.15	0
20130123T180000	-40.09	69.03	0.43	312.2	0
20130123T190000	-38.98	70.35	0.65	326	0
20130123T200000	-38.47	71	0.75	325.15	0
20130123T210000	-38.01	71.6	2.71	327.3	0
20130123T220000	-37.49	72.25	3.31	323.45	0
20130123T230000	-35.45	74.75	4.23	346.9	0
20130124T000000	-35.07	75.25	3.25	333.1	0
20130124T010000	-34.5	75.95	3.38	330.1	0
20130124T020000	-34.44	76.15	3.89	330.55	0
20130124T030000	-34.58	76	2.58	324.95	0
20130124T040000	-34.86	75.65	3.05	332.5	0
20130124T050000	-34.77	75.75	3.38	328.3	0
20130124T060000	-34.87	75.65	2.98	322	0
20130124T070000	-35.06	75.5	2.46	300.7	0
20130124T080000	-36.03	74.35	1.5	284.2	0
20130124T090000	-36.45	73.7	1.42	275.8	0
20130124T100000	-36.31	73.85	2.41	278.7	0
20130124T110000	-35.72	74.45	3.22	287.2	0
20130124T120000	-35.32	74.95	2.85	274.65	0
20130124T130000	-35.33	75	1.93	260.35	0
20130124T140000	-34.95	75.25	2.49	278.75	0
20130124T150000	-34.05	76.4	2.75	294.7	0
20130124T160000	-33.67	77	3.14	292.1	0
20130124T170000	-33.69	76.95	3.9	275.3	0
20130124T180000	-33.24	77.5	4.68	283.85	0
20130124T190000	-32.5	78.45	5.49	293.3	0
20130124T200000	-32.31	78.65	6.11	293.2	0
20130124T210000	-31.87	79.2	5.17	285.3	0
20130124T220000	-31.51	79.65	3.9	268.25	0
20130124T230000	-31.05	80.25	5.54	286.3	0
20130125T000000	-30.63	80.75	5.34	297	0
20130125T010000	-30.69	80.65	3.57	289.7	0
20130125T020000	-30.99	80.35	3.58	275.35	0
20130125T030000	-31.45	79.8	4.38	281.65	0
20130125T040000	-32.09	79.2	3.47	275.5	0
20130125T050000	-32.71	78.3	4.55	279.55	0
20130125T060000	-32.61	78.3	3.97	278.9	0
20130125T070000	-32.2	78.85	4.27	281.8	0
20130125T080000	-32.17	79	5.78	292.05	0
20130125T090000	-32.21	78.95	5.69	291.15	0
20130125T100000	-32.48	78.6	5.74	290.05	0
20130125T110000	-31.93	79.25	5.77	283	0
20130125T120000	-32.81	78.25	3.73	281.25	0
20130125T130000	-32.88	78.05	4.47	269.7	0
20130125T140000	-32.31	78.6	4.71	273.1	0
20130125T150000	-31.54	79.5	4.9	272	0
20130125T160000	-30.84	80.4	5.17	274.9	0
20130125T170000	-31.12	80.2	4.33	269.8	0
20130125T180000	-31.12	80.15	5.2	271.5	0
20130125T190000	-31.23	80.05	4.22	268.2	0
20130125T200000	-31.38	79.9	4.33	265.1	0
20130125T210000	-31.44	79.8	4.06	265.9	0
20130125T220000	-31.54	79.75	3.93	264.05	0
20130125T230000	-31.66	79.55	4.48	269.8	0
20130126T000000	-31.53	79.65	4.69	274.75	0
20130126T010000	-31.05	80.25	4.31	276.55	0
20130126T020000	-31.24	80	4.19	274	0
20130126T030000	-30.8	80.4	4.54	278.2	0
20130126T040000	-30.12	81.5	4.49	277.65	0
20130126T050000	-31.22	80.2	3.71	273.3	0
20130126T060000	-31.12	80.15	5.09	276.9	0
20130126T070000	-31.06	80.25	4.79	275.85	0
20130126T080000	-30.92	80.35	4.76	280.45	0
20130126T090000	-31.39	79.95	4.12	300.25	0
20130126T100000	-33.08	77.9	3.63	314.3	0
20130126T110000	-33.94	76.85	4.82	316.45	0
20130126T120000	-34.37	76.25	4.88	313.3	0
20130126T130000	-34.8	75.75	4.38	304.1	0
20130126T140000	-35.18	75.25	4.03	289.85	0
20130126T150000	-35.45	74.85	4.57	284.95	0
20130126T160000	-35.5	74.85	4.8	284.95	0
20130126T170000	-35.48	74.9	4.39	281.35	0
20130126T180000	-35	75.35	4.79	287.35	0
20130126T190000	-34.49	76.05	4.83	288.2	0
20130126T200000	-34.27	76.2	4.54	285.6	0
20130126T210000	-33.97	76.7	4.03	275	0
20130126T220000	-34.13	76.45	3.85	277.9	0
20130126T230000	-33.28	77.35	4.46	288.65	0
20130127T000000	-32.67	78.15	4.9	289.75	0
20130127T010000	-32.15	78.95	5.75	295.8	0
20130127T020000	-31.6	79.5	5.33	289.5	0
20130127T030000	-31.66	79.45	5.54	287.05	0
20130127T040000	-31.37	79.85	6	291.45	0
20130127T050000	-30.98	80.3	6.17	294.3	0
20130127T060000	-31.05	80.2	5.86	293.45	0
20130127T070000	-30.91	80.4	5.42	292.5	0
20130127T080000	-31.02	80.3	5.53	292.05	0
20130127T090000	-30.11	81.35	6.13	294.9	0
20130127T100000	-29.98	81.45	6.27	296.5	0
20130127T110000	-29.69	81.8	6.3	299.95	0
20130127T120000	-29.57	81.95	6.46	299.5	0
20130127T130000	-30.58	80.8	5.16	291.95	0
20130127T140000	-30.76	80.35	4.78	282.6	0
20130127T150000	-29.98	81.45	4.97	284.05	0
20130127T160000	-29.3	82.15	5.34	290.95	0
20130127T170000	-28.2	83.55	5.93	292.65	0
20130127T180000	-27.54	84.35	7.01	300.1	0
20130127T190000	-27.21	84.85	7.3	299.2	0
20130127T200000	-27.18	84.8	8.19	307	0
20130127T210000	-27.35	84.65	8.32	307.25	0
20130127T220000	-27.31	84.65	8.45	308.85	0
20130127T230000	-27.41	84.6	7.86	307.8	0
20130128T000000	-27.61	84.25	8.01	308.05	0
20130128T010000	-27.99	83.85	7.67	308.35	0
20130128T020000	-28.06	83.8	6.96	308.1	0
20130128T030000	-27.91	83.95	7.23	306.6	0
20130128T040000	-27.86	84.1	7.42	306.8	0
20130128T050000	-27.8	84.15	7.31	309.3	0
20130128T060000	-27.63	84.35	7.42	308.3	0
20130128T070000	-28.03	83.9	6.79	307.1	0
20130128T080000	-28.48	83.45	6.64	304.7	0
20130128T090000	-28.9	82.85	6.31	305.45	0
20130128T100000	-29.43	82.25	5.92	301.7	0
20130128T110000	-29.73	82	5.96	298.3	0
20130128T120000	-29.94	81.7	5.8	294.85	0
20130128T130000	-29.91	81.65	5.86	297	0
20130128T140000	-30.02	81.5	5.53	287.85	0
20130128T150000	-29.7	81.8	5.29	290.45	0
20130128T160000	-29.2	82.45	5.66	295.05	0
20130128T170000	-29.23	82.5	5.33	287.95	0
20130128T180000	-29.86	81.75	5.58	290.9	0
20130128T190000	-30.07	81.5	5.17	287.25	0
20130128T200000	-30.24	81.3	4.78	279.3	0
20130128T210000	-30.45	81.05	5.04	282.05	0
20130128T220000	-30.43	81	4.4	277.75	0
20130128T230000	-30.23	81.35	4.33	283.9	0
20130129T000000	-30.73	80.7	3.29	265.2	0
20130129T010000	-31.41	79.95	3.24	259.3	0
20130129T020000	-31.48	79.85	3.31	262.85	0
20130129T030000	-31.64	79.65	2.83	261.2	0
20130129T040000	-31.52	79.55	3.3	264.25	0
20130129T050000	-30.96	80.4	2.48	260.05	0
20130129T060000	-30.52	81	2.57	260.7	0
20130129T070000	-30.3	81.1	2.42	277.35	0
20130129T080000	-30.09	81.3	3.08	277.65	0
20130129T090000	-30.01	81.6	4.36	283.05	0
20130129T100000	-29.25	82.5	5.76	227.5	0
20130129T110000	-28.37	83.5	5.45	222.2	0
20130129T120000	-28.82	82.8	2.84	283.15	0
20130129T130000	-29.47	81.55	3.5	254.8	0
20130129T140000	-29.72	81.25	3.38	272.75	0
20130129T150000	-28.95	82.3	3.2	271.25	0
20130129T160000	-29.2	82.15	2.37	328.6	0
20130129T170000	-29.52	82.2	1.5	257.35	0
20130129T180000	-29.84	81.95	2.02	174.25	0
20130129T190000	-30.54	81.2	2.82	122.75	0
20130129T200000	-30.62	80.9	5.13	201.7	0
20130129T210000	-30.84	80.6	4.56	210.85	0
20130129T220000	-31.09	80.4	3.54	201.6	0
20130129T230000	-31.25	80.2	3.16	203.15	0
20130130T000000	-31.81	79.55	0.91	176.85	0
20130130T010000	-32.23	78.95	0.98	105.3	0
20130130T020000	-32.23	79	1.22	150.55	0
20130130T030000	-31.66	79.7	0.87	146.5	0
20130130T040000	-32.2	79.05	0.65	249.8	0
20130130T050000	-32.53	78.65	0.88	109.55	0
20130130T060000	-32.64	78.5	0.85	123.45	0
20130130T070000	-32.45	78.55	0.94	83.32	0
20130130T080000	-31.62	79.5	1.33	232.8	0
20130130T090000	-31.55	79.8	1.2	132.6	0
20130130T100000	-31.66	79.6	2.25	216.8	0
20130130T110000	-32.13	79.15	1.75	206.35	0
20130130T120000	-32.31	78.5	2.41	233.15	0
20130130T130000	-31.61	78.65	1.77	218.45	0
20130130T140000	-30.5	80.1	1.54	280.65	0
20130130T150000	-31.55	78.9	3.44	200.95	0
20130130T160000	-32.58	78.3	2.33	205.1	0
20130130T170000	-33.59	77.45	0.88	167.1	0
20130130T180000	-34.83	76.1	0.25	103.15	0
20130130T190000	-35.09	75.55	1.53	208.8	0.27
20130130T200000	-34.25	76.65	1.31	181.85	0
20130130T210000	-35.28	75.45	0.7	137.85	0
20130130T220000	-35.37	75.15	1.31	189.15	0
20130130T230000	-35.66	74.75	0.18	139	0
20130131T000000	-36.02	74.15	0.28	50.95	0
20130131T010000	-35.51	74.65	0	0	0
20130131T020000	-35.52	74.8	0.35	101.9	0
20130131T030000	-36.08	74.25	0.47	101.9	0
20130131T040000	-36.31	73.8	0.02	50.95	0
20130131T050000	-36.13	73.95	0.33	41.4	0
20130131T060000	-36.28	73.95	0.35	77.4	0
20130131T070000	-36.17	73.85	0.3	77.4	0
20130131T080000	-35.62	74.6	0.4	76.45	0
20130131T090000	-35.8	74.35	0.46	17.52	0
20130131T100000	-35.57	74.5	0.03	35.03	0
20130131T110000	-35.11	75.15	0.81	35.02	0
20130131T120000	-34.86	75.45	1.11	35.02	0
20130131T130000	-34.48	75.95	1.02	35	0
20130131T140000	-34.41	76	0.91	35	0
20130131T150000	-34.09	76.35	1.12	34.99	0
20130131T160000	-34.09	76.4	1.29	34.98	0
20130131T170000	-33.81	76.7	1.14	34.97	0
20130131T180000	-33.31	77.4	0.83	34.95	0
20130131T190000	-33.09	77.6	1.25	34.93	0
20130131T200000	-32.84	77.85	0.47	34.91	0
20130131T210000	-32.5	78.35	1.27	34.88	0
20130131T220000	-32.25	78.6	0.79	34.86	0
20130131T230000	-31.88	79.05	0.95	177.58	0
20130201T000000	-31.41	79.65	1.88	309.1	0
20130201T010000	-30.9	80.2	2.54	337.75	0
20130201T020000	-30.82	80.55	1.75	344.6	0
20130201T030000	-31.77	79.6	1.71	319	0
20130201T040000	-32.79	78.3	2.25	179.64	0
20130201T050000	-33.38	77.6	1.71	338.55	0
20130201T060000	-33.95	76.95	2	319.9	0
20130201T070000	-34.17	76.45	2.51	315.05	0
20130201T080000	-33.03	77.6	2.34	319.1	0
20130201T090000	-32.02	78.8	2.19	332.95	0
20130201T100000	-31.33	79.75	2.67	334.25	0
20130201T110000	-30.69	80.55	2.7	343.1	0
20130201T120000	-30.32	81.05	2.76	344.8	0
20130201T130000	-30.12	81.1	2.33	331.9	0
20130201T140000	-29.62	81.7	3.16	350.35	0
20130201T150000	-29.16	82.25	3.01	351	0
20130201T160000	-28.96	82.6	3.04	347.3	0
20130201T170000	-28.74	82.9	3.19	350.8	0
20130201T180000	-28.68	83	2.48	340.8	0
20130201T190000	-28.7	83	1.5	331.65	0
20130201T200000	-28.64	83.05	0.85	315.4	0
20130201T210000	-28.69	83.1	1.01	293.55	0
20130201T220000	-29.62	82.35	1.16	267.2	0
20130201T230000	-30.6	81	1.05	276.3	0
20130202T000000	-31.73	79.8	1.64	265.8	0
20130202T010000	-32.69	78.55	1.83	265.95	0
20130202T020000	-33.11	77.85	1.38	271.8	0
20130202T030000	-33.4	77.55	1.25	267.2	0
20130202T040000	-33.65	77	1.37	265	0
20130202T050000	-33.28	77.45	1.42	267.1	0
20130202T060000	-32.99	77.8	1.4	261.8	0
20130202T070000	-33.27	77.6	2.02	237.9	0
20130202T080000	-32.14	78.85	0.6	180.35	0
20130202T090000	-33.05	78.15	0.79	110.8	0
20130202T100000	-33.33	77.4	0.3	114.69	0
20130202T110000	-32.92	77.9	1.08	124.1	0
20130202T120000	-31.04	80	2.21	193.5	0
20130202T130000	-29.3	81.6	1.6	170.6	0
20130202T140000	-29.29	81.7	1.41	146.1	0
20130202T150000	-29.41	81.3	1.11	126.6	0
20130202T160000	-29.02	82.05	2.2	193.85	0
20130202T170000	-31.53	79.9	1.78	131.65	0
20130202T180000	-32.94	78.25	1.43	109.7	0
20130202T190000	-32.32	78.75	1.48	142.05	0
20130202T200000	-31.5	79.9	1.3	130.5	0
20130202T210000	-32.34	79.05	1.32	116.7	0
20130202T220000	-32.36	78.9	1.1	110.95	0
20130202T230000	-33.34	77.9	0.42	92.7	0
20130203T000000	-33.96	76.8	0.92	122.25	0
20130203T010000	-33.37	77.45	1.28	117.2	0
20130203T020000	-32.58	78.55	1.35	112.7	0
20130203T030000	-33.45	77.65	1.07	95.75	0
20130203T040000	-33.74	76.9	0.67	96.8	0
20130203T050000	-32.99	77.85	0.92	83.07	0
20130203T060000	-32.88	78.2	0.99	63.18	0
20130203T070000	-33.02	77.85	0.58	62.34	0
20130203T080000	-32.95	78.1	0.98	67.15	0
20130203T090000	-33.31	77.6	0.54	67.86	0
20130203T100000	-33.2	77.6	0.52	81.9	0
20130203T110000	-32.91	77.9	0.71	74.69	0
20130203T120000	-32.06	78.3	0.85	71.19	0
20130203T130000	-30.88	79.95	0.44	59.04	0
20130203T140000	-30.56	80.45	0.43	59.72	0
20130203T150000	-29.34	81.75	0.35	33.78	0
20130203T160000	-29.55	82	1.09	64.36	0
20130203T170000	-29.49	81.9	1.1	44.16	0
20130203T180000	-29.2	82.25	0.34	24.76	0
20130203T190000	-28.8	82.75	1.21	14.77	0
20130203T200000	-28.27	83.4	1.56	38.09	0
20130203T210000	-27.9	83.85	1.5	37.74	0
20130203T220000	-27.74	84	1.67	47.84	0
20130203T230000	-27.19	84.75	1.41	39.8	0
20130204T000000	-27.22	84.75	1.6	17.25	0
20130204T010000	-27.38	84.6	1.17	35.03	0
20130204T020000	-26.77	85.1	1.68	50.05	0
20130204T030000	-25.66	86.35	1.73	49.84	0
20130204T040000	-25.2	86.95	1.82	52.25	0
20130204T050000	-25	87.3	1.77	44.28	0
20130204T060000	-25.73	86.65	1.98	22.05	0
20130204T070000	-27.25	84.9	2.06	0.6	0
20130204T080000	-27.88	84.1	1.93	178.79	0
20130204T090000	-28.23	83.75	2.19	4.25	0
20130204T100000	-28.73	83.15	1.78	351.2	0
20130204T110000	-29.14	82.6	1.59	182.47	0
20130204T120000	-28.86	82.75	1.73	337.65	0
20130204T130000	-28.22	83.45	1.62	13.47	0
20130204T140000	-27.62	84.2	1.73	17.67	0
20130204T150000	-27.1	84.75	1.67	19.79	0
20130204T160000	-27.05	85.1	1.35	26.63	0
20130204T170000	-27.84	84.25	0.57	20.06	0
20130204T180000	-27.96	83.8	0.74	326.9	0
20130204T190000	-27.54	84.4	1.51	15.77	0
20130204T200000	-27.52	84.4	1.4	16.95	0
20130204T210000	-27.41	84.55	0.88	43.64	0
20130204T220000	-27.18	84.85	0.7	191.75	0
20130204T230000	-27.09	84.9	1.36	20.67	0
20130205T000000	-27.21	84.9	1.18	10.64	0
20130205T010000	-27.68	84.4	0.94	349.75	0
20130205T020000	-27.91	84.05	1.02	11.12	0
20130205T030000	-27.69	84.15	0.96	184.84	0
20130205T040000	-27.39	84.5	0.89	182.47	0
20130205T050000	-27.16	84.9	0.78	354.4	0
20130205T060000	-27.16	84.9	1.07	353.65	0
20130205T070000	-27.13	84.95	0.8	6.71	0.18
20130205T080000	-27.07	84.9	0.95	334.05	0.13
20130205T090000	-26.95	85.15	1.43	339.2	0
20130205T100000	-26.77	85.3	1.26	344.35	0.17
20130205T110000	-26.59	85.45	1.36	328.05	0.28
20130205T120000	-26.33	85.7	1.33	338.85	0.23
20130205T130000	-26.23	86	1.75	297.2	0.11
20130205T140000	-26.37	85.7	1.86	308.05	0
20130205T150000	-26.07	85.95	1.94	319.8	0
20130205T160000	-26.04	86.1	2.38	334.3	0
20130205T170000	-26.41	85.75	3.44	335.65	0.39
20130205T180000	-26.45	85.75	4.1	338.15	0
20130205T190000	-26.17	86	4.36	344.05	0
20130205T200000	-25.99	86.2	4.75	345.9	0
20130205T210000	-26.27	85.9	5.67	335	0
20130205T220000	-26.93	85.15	6.7	334.2	0.42
20130205T230000	-27.64	84.35	7.46	334.05	0
20130206T000000	-28.33	83.5	6.75	330.55	0
20130206T010000	-29.76	81.95	5.6	322.5	0
20130206T020000	-31.11	80.35	5.46	316.7	0
20130206T030000	-31.98	79.4	4.75	308.1	0
20130206T040000	-32.53	78.6	4.71	301.85	0
20130206T050000	-32.98	78.15	3.69	303.5	0
20130206T060000	-33.58	77.55	2.66	300.25	0
20130206T070000	-34.14	76.65	3.67	290.75	0
20130206T080000	-34.55	76.2	4.68	287.65	0
20130206T090000	-34.93	75.6	3.56	286.15	0
20130206T100000	-34.69	75.95	2.58	273.5	0
20130206T110000	-35.36	75.2	2.58	267.95	0
20130206T120000	-35.21	74.8	2.58	268.75	0
20130206T130000	-33.52	76.25	2.41	266.2	0
20130206T140000	-32.34	77.85	2.12	266.4	0
20130206T150000	-31.73	78.8	1.51	262.4	0
20130206T160000	-31.53	79.55	0.36	250.8	0
20130206T170000	-33.22	78.5	0.7	267.35	0
20130206T180000	-35.7	75.15	1.39	262.5	0
20130206T190000	-36.61	73.7	1.76	264.3	0
20130206T200000	-36.69	73.45	1.65	268.4	0
20130206T210000	-36.47	73.6	1.6	275.05	0
20130206T220000	-36.3	73.8	0.68	280.35	0
20130206T230000	-36.15	73.95	0.49	270.2	0
20130207T000000	-35.21	74.8	0	0	0
20130207T010000	-34.5	75.8	0.09	290.35	0
20130207T020000	-33.78	76.75	0.04	326.55	0
20130207T030000	-33.64	77	0	163.35	0
20130207T040000	-33.38	77.3	0.16	191.34	0.14
20130207T050000	-33.06	77.75	1.29	78.4	0
20130207T060000	-32.93	77.85	0.48	76.2	0
20130207T070000	-32.56	78.25	0.2	49.55	0.24
20130207T080000	-32.14	78.75	0.55	59.84	0
20130207T090000	-31.75	79.3	0.29	88.45	0.16
20130207T100000	-31.99	79.25	0.12	44.7	0
20130207T110000	-32.1	78.65	0	0	0
20130207T120000	-31.09	79.85	0.01	44.6	0
20130207T130000	-30.6	80.55	0.07	89.2	0
20130207T140000	-29.63	80.9	0.31	89.25	0
20130207T150000	-28.73	82.55	0.59	89.3	0
20130207T160000	-28.6	82.85	0.39	89.3	0
20130207T170000	-29.68	82.15	0.17	89.3	0
20130207T180000	-30.33	81.45	0.2	89.2	0
20130207T190000	-31.06	80.25	0.83	89.1	0
20130207T200000	-30.14	81	1.17	89.1	0
20130207T210000	-29.12	82.4	1.43	97.7	0
20130207T220000	-28.43	83.2	1.67	103.75	0
20130207T230000	-28.14	83.65	2.23	112.75	0
20130208T000000	-28.45	83.5	1.18	96.45	0
20130208T010000	-28.96	82.9	1.27	80.3	0
20130208T020000	-29.11	82.55	1.36	78.1	0
20130208T030000	-28.7	82.9	0.94	77.62	0
20130208T040000	-28.45	83.55	1.15	86.6	0
20130208T050000	-29.06	82.8	1.25	94.9	0
20130208T060000	-29.29	82.55	0.68	92.55	0
20130208T070000	-29.51	82	0.33	55.61	0
20130208T080000	-29.45	82.3	0.27	40.52	0
20130208T090000	-29.55	81.85	1.4	281.65	0
20130208T100000	-28.37	83	1.63	270.4	0
20130208T110000	-27.37	84.35	1.5	275.45	0
20130208T120000	-26.68	85.2	1.94	320.1	0
20130208T130000	-26.31	85.65	2.37	322.35	0.28
20130208T140000	-25.89	86.05	2.22	312.3	0.22
20130208T150000	-25.41	86.6	2.92	297.35	0
20130208T160000	-24.97	87.25	3.27	305.65	0
20130208T170000	-25.07	87.15	3.19	298.1	0
20130208T180000	-25.45	86.75	3.97	294.45	0.22
20130208T190000	-26.27	86.15	3.71	289	0
20130208T200000	-27.21	84.95	4.68	296.8	0
20130208T210000	-27.49	84.55	3.84	291.1	0
20130208T220000	-27.09	84.9	4.38	282.25	0
20130208T230000	-26.48	85.7	5.46	285.65	0
20130209T000000	-26.24	85.95	5.87	293.25	0
20130209T010000	-26.68	85.45	5.74	290.8	0
20130209T020000	-27.41	84.65	5.26	291.75	0
20130209T030000	-28.13	83.8	6.15	288.95	0
20130209T040000	-28.66	83.2	4.84	276.35	0
20130209T050000	-29.5	82.1	6.05	280.15	0
20130209T060000	-29.91	81.75	2.89	273.05	0
20130209T070000	-30.38	81.35	2.91	256.3	0
20130209T080000	-30.99	80.3	4.75	263.75	0
20130209T090000	-31.57	79.75	3.54	262.5	0
20130209T100000	-31.92	79.35	2.71	265.05	0
20130209T110000	-31.52	79.4	2.92	260.45	0
20130209T120000	-30.13	80.7	2.75	253.95	0
20130209T130000	-30.38	80.1	3.34	240	0
20130209T140000	-29.66	81.15	2.75	250.9	0
20130209T150000	-29.05	82.25	2	260.7	0
20130209T160000	-30.07	81.8	0.73	163.1	0
20130209T170000	-31.08	80.45	1.06	127.85	0
20130209T180000	-30.87	80.55	0.89	106	0
20130209T190000	-30.74	80.6	1	99.1	0
20130209T200000	-31.24	80.3	1.34	77.5	0
20130209T210000	-31.72	79.55	2.02	77.35	0
20130209T220000	-31.88	79.3	1.64	86.5	0
20130209T230000	-31.27	79.9	2.39	100.7	0
20130210T000000	-30.7	80.65	2.11	91.6	0
20130210T010000	-30.07	81.25	1.77	56.7	0
20130210T020000	-29.04	82.45	2.98	68.6	0
20130210T030000	-27.36	84.4	3.32	71.07	0
20130210T040000	-26.61	85.4	3.62	60.58	0
20130210T050000	-27.02	85.05	3.06	55.08	0
20130210T060000	-26.15	85.9	4.54	57.21	0
20130210T070000	-25.34	86.8	4.18	67.06	0
20130210T080000	-24.73	87.55	4.03	70.48	0
20130210T090000	-23.65	88.75	3.75	85.15	0
20130210T100000	-23.04	89.4	3.35	72.8	0
20130210T110000	-22.66	89.85	3.74	74.2	0
20130210T120000	-22.04	90.4	3.01	63.08	0
20130210T130000	-21.24	91.25	2.81	73.2	0
20130210T140000	-20.41	92.1	2.28	65.14	0.27
20130210T150000	-19.91	92.7	1.75	40.09	0.17
20130210T160000	-19.55	93.2	1.39	14.07	0.13
20130210T170000	-20.59	92.95	2.38	335.1	0
20130210T180000	-23.24	89.75	2.86	340.4	0
20130210T190000	-22.98	89.5	2.92	339.6	0
20130210T200000	-22.09	90.7	3.67	4.24	0
20130210T210000	-23.04	89.75	3.56	12.52	0
20130210T220000	-23.8	88.9	3.17	11.18	0
20130210T230000	-24.19	88.45	2.75	180.36	0.19
20130211T000000	-24.52	88.2	2.5	343.05	0
20130211T010000	-25.46	87.45	2.33	335.15	0
20130211T020000	-26.44	85.85	2.81	328.85	0
20130211T030000	-25.45	86.95	2.62	333.3	0
20130211T040000	-25.21	87.2	2.73	343	0
20130211T050000	-25.09	87.35	2.93	338.5	0
20130211T060000	-25.17	87.25	3.17	348.75	0
20130211T070000	-25.34	87.05	3.04	344.95	0
20130211T080000	-25.44	86.9	2.9	355.1	0
20130211T090000	-25.47	86.9	2.92	357.15	0
20130211T100000	-25.64	86.75	2.76	349.75	0
20130211T110000	-25.76	86.55	2.81	343.55	0
20130211T120000	-25.99	86.25	3.5	345.7	0
20130211T130000	-26.18	86.05	2.8	338.05	0
20130211T140000	-26.14	86	3.48	337.15	0
20130211T150000	-26.06	86.05	3.16	338.45	0
20130211T160000	-25.98	86.2	3.26	351.55	0
20130211T170000	-25.95	86.35	2.56	357.55	0
20130211T180000	-25.9	86.4	2.29	176.7	0
20130211T190000	-25.96	86.4	2.16	339	0
20130211T200000	-25.92	86.4	2.29	341.15	0
20130211T210000	-25.82	86.4	2.02	350.5	0
20130211T220000	-25.66	86.6	1.94	337	0
20130211T230000	-25.59	86.85	1.57	341.1	0
20130212T000000	-26.74	86.5	1.38	309.45	0
20130212T010000	-29.42	83	1.19	290.05	0
20130212T020000	-30.2	81.6	1.14	290	0
20130212T030000	-30.55	81.4	1.27	296.15	0
20130212T040000	-31.43	80.1	1.2	283.25	0
20130212T050000	-31.21	80.15	0.88	293.9	0
20130212T060000	-31.38	80.15	1.56	293.3	0
20130212T070000	-31.3	79.85	1.4	291.2	0
20130212T080000	-30.11	81.15	1.06	289.3	0
20130212T090000	-28.92	82.45	0.45	317.9	0
20130212T100000	-27.89	83.8	0.48	15.04	0
20130212T110000	-27.3	84.65	0.05	18.6	0
20130212T120000	-26.61	85.2	0.2	21.49	0
20130212T130000	-25.85	86.15	0.47	48.34	0
20130212T140000	-25.48	86.7	0.81	65.32	0
20130212T150000	-25.5	87	0.82	49.11	0
20130212T160000	-25.92	86.35	0.14	21.17	0
20130212T170000	-26.64	86.6	0.57	276.75	0
20130212T180000	-29.81	82.7	0.86	277.4	0.24
20130212T190000	-31.48	80.4	0.92	270.2	0
20130212T200000	-32.87	78.45	1.27	267.05	0
20130212T210000	-32.53	78.5	0.87	278.3	0
20130212T220000	-32.32	78.9	0.92	266.05	0
20130212T230000	-32.09	79.05	0.09	255.1	0
20130213T000000	-32.36	78.85	0.02	237.3	0
20130213T010000	-32.62	78.25	1.11	256.15	0
20130213T020000	-30.22	80.15	0.04	168.95	0
20130213T030000	-28.79	82.95	0.47	270.7	0
20130213T040000	-28.23	83.35	0	238	0
20130213T050000	-27.68	84.25	0.08	258.45	0
20130213T060000	-27.48	84.35	0.52	156.08	0
20130213T070000	-27.88	84.45	0.03	132.95	0
20130213T080000	-28	83.95	0.94	211.7	0
20130213T090000	-26.84	85.35	0.32	98.55	0
20130213T100000	-27.2	85	0.38	64.37	0
20130213T110000	-28.14	84.05	0.45	86.2	0
20130213T120000	-27.52	83.5	0.57	91.8	0
20130213T130000	-24.55	85.3	0.31	28.34	0
20130213T140000	-21.16	89.4	0.15	65.67	0
20130213T150000	-19.88	92.2	0.07	65.56	0
20130213T160000	-20.23	92.8	0.17	32.76	0
20130213T170000	-24.87	89.2	0.27	65.39	0
20130213T180000	-29.1	83.9	0.62	65.35	0
20130213T190000	-31.34	80.6	0.79	65.35	0
20130213T200000	-31.57	80.05	1.21	65.33	0
20130213T210000	-31.3	80.15	0.83	65.31	0
20130213T220000	-31.18	80.45	1.28	65.31	0
20130213T230000	-31.03	80.3	0.04	65.32	0
20130214T000000	-30.98	80.8	0.61	65.32	0
20130214T010000	-30.55	80.3	0.3	65.33	0
20130214T020000	-29.04	82.9	0.04	65.35	0
20130214T030000	-29.92	82	0.1	65.34	0
20130214T040000	-30.27	81.55	0.24	65.32	0
20130214T050000	-30.63	80.95	0	0	0
20130214T060000	-30.63	80.9	0	0	0
20130214T070000	-31.11	80.55	0.58	65.31	0
20130214T080000	-31.38	80	0.51	65.32	0
20130214T090000	-31.41	80.05	0.44	65.31	0
20130214T100000	-30.38	80.45	0.07	32.67	0
20130214T110000	-28.57	82.55	0.06	32.7	0
20130214T120000	-27.51	83.95	0.32	65.44	0
20130214T130000	-27.64	83.95	0.05	32.7	0
20130214T140000	-27.62	84.1	0.11	32.7	0
20130214T150000	-27.6	84.3	0.7	65.35	0
20130214T160000	-28.26	83.55	0.32	32.67	0
20130214T170000	-28.72	83.4	0.17	65.32	0
20130214T180000	-29.8	82.35	0.06	32.66	0
20130214T190000	-30.79	80.95	0.03	65.32	0
20130214T200000	-31.27	80.2	0.73	65.31	0
20130214T210000	-30.89	80.3	0.14	65.3	0
20130214T220000	-29.92	81.6	0.74	65.3	0
20130214T230000	-29.41	82.05	0.59	65.3	0
20130215T000000	-28.55	83.25	0.38	65.29	0
20130215T010000	-28.6	83.35	0.17	65.28	0
20130215T020000	-28.5	83.25	0.26	65.28	0
20130215T030000	-28.14	83.75	0.08	65.26	0
20130215T040000	-27.86	83.9	0.17	65.25	0
20130215T050000	-26.87	85.25	0.45	65.12	0
20130215T060000	-26.64	85.65	0.2	64.97	0
20130215T070000	-27.12	85.05	2.78	16.8	0
20130215T080000	-27.01	85.15	3.03	12.53	0
20130215T090000	-27.33	84.75	1.65	5.53	0
20130215T100000	-27.27	84.9	1.31	341.6	0
20130215T110000	-27.23	84.7	1.1	303.15	0
20130215T120000	-26.41	85.2	2.08	324.95	0
20130215T130000	-24.82	86.8	1.87	332.65	0
20130215T140000	-24.19	88	2	343.9	0
20130215T150000	-23.64	88.25	1.98	17.16	0
20130215T160000	-23.22	89.05	2.49	16.52	0
20130215T170000	-23.57	88.85	2.67	180.71	0
20130215T180000	-24.48	88	2.42	342.95	0
20130215T190000	-25.49	87.15	2.19	345.3	0
20130215T200000	-26.7	85.55	1.91	181.75	0
20130215T210000	-26.77	85.5	2.15	16.89	0
20130215T220000	-27.09	85.1	1.95	17.2	0
20130215T230000	-27.38	84.75	1.83	11.59	0
20130216T000000	-27.47	84.65	2.44	346.25	0
20130216T010000	-27.68	84.4	2.79	328.2	0
20130216T020000	-27.56	84.5	4.12	334.15	0
20130216T030000	-27.41	84.65	4.96	351.1	0.28
20130216T040000	-27.59	84.45	4.88	343.1	0
20130216T050000	-28.4	83.5	4.74	345	0
20130216T060000	-28.7	83.15	4.89	350.45	0
20130216T070000	-29.06	82.7	3.73	342.6	0
20130216T080000	-29.15	82.7	3.54	356.65	0
20130216T090000	-29.81	81.95	2.08	343	0
20130216T100000	-29.95	81.65	2.43	336.25	0
20130216T110000	-29.98	81.6	2.8	342.9	0
20130216T120000	-29.8	80.15	2.57	339.3	0
20130216T130000	-29.18	80.65	2.67	331.4	0
20130216T140000	-28.42	81.1	2.42	316.75	0
20130216T150000	-27.3	82.95	1.77	310.2	0
20130216T160000	-26.16	84.5	1.81	328.8	0
20130216T170000	-27.75	84.7	1.64	346.35	0
20130216T180000	-29.84	82.05	1.48	353.8	0
20130216T190000	-29.95	81.5	1.03	179.99	0
20130216T200000	-29.39	82.25	1.52	22.44	0
20130216T210000	-29.13	82.55	1.31	14.29	0
20130216T220000	-28.93	82.75	1.02	16.09	0.14
20130216T230000	-28.82	82.95	1.24	30.27	0
20130217T000000	-29.27	82.6	1.47	27.14	0
20130217T010000	-29.6	82.05	1.71	35.8	0
20130217T020000	-29.3	82.35	0.98	23.02	0.33
20130217T030000	-29.24	82.4	1.17	12.24	0
20130217T040000	-29.38	82.4	1.43	23.07	0
20130217T050000	-29.98	81.75	1.14	15.04	0
20130217T060000	-29.88	81.6	1.25	17.8	0
20130217T070000	-29.59	82.05	1.59	29.48	0
20130217T080000	-29.41	82.15	1.1	175.35	0
20130217T090000	-29.22	82.45	1.51	338.35	0
20130217T100000	-29.13	82.5	1.95	14.65	0
20130217T110000	-28.96	82.6	1.9	23.67	0
20130217T120000	-28.54	83.1	1.82	14.42	0
20130217T130000	-28.04	83.55	1.68	354.95	0
20130217T140000	-27.75	83.85	2.37	337.05	0
20130217T150000	-27.82	83.7	3.12	344.85	0
20130217T160000	-28.09	83.55	2.87	344.35	0
20130217T170000	-28.22	83.45	3.17	343.95	0
20130217T180000	-28.31	83.4	3.41	342.05	0
20130217T190000	-28.29	83.45	3.4	339.05	0
20130217T200000	-28.26	83.6	3.74	340.75	0
20130217T210000	-28.04	83.8	4.36	342.9	0
20130217T220000	-28.19	83.7	4.6	345.45	0
20130217T230000	-28.14	83.75	4.92	340.95	0
20130218T000000	-27.8	84.15	6.29	341.95	0
20130218T010000	-27.67	84.25	6.26	341.45	0
20130218T020000	-27.64	84.3	6.07	344.65	0
20130218T030000	-27.74	84.2	6.24	341.7	0
20130218T040000	-27.71	84.15	6.18	342.6	0
20130218T050000	-27.62	84.3	6.16	344.25	0
20130218T060000	-27.3	84.7	6.17	339.9	0
20130218T070000	-27.16	84.9	5.95	333.7	0
20130218T080000	-27.03	85.05	6.03	329.75	0
20130218T090000	-27.07	85	6.1	340.15	0
20130218T100000	-27.88	83.95	4.61	352.45	0
20130218T110000	-27.8	84.05	4.49	347.35	0
20130218T120000	-27.74	84	4.46	347.75	0
20130218T130000	-27.59	84.15	5.69	343.2	0
20130218T140000	-27.19	84.35	5.04	337.25	0
20130218T150000	-26.89	84.4	5.09	330.2	0
20130218T160000	-27.73	83.8	4.6	342.3	0
20130218T170000	-28.62	83.05	3.52	340.05	0
20130218T180000	-29.04	82.65	3.17	335.9	0
20130218T190000	-29.02	82.7	4.02	325	0.34
20130218T200000	-29.22	82.5	4.02	320.25	0
20130218T210000	-29.63	82	4.28	318.2	0
20130218T220000	-29.59	82.1	4.27	321.9	0
20130218T230000	-30.12	81.5	4.05	313.65	0
20130219T000000	-31.19	80.2	4.22	313	0
20130219T010000	-32.22	79	4.33	311.4	0
20130219T020000	-32.48	78.7	3.94	315.2	0
20130219T030000	-33.22	77.75	3.54	324.85	0
20130219T040000	-33.64	77.3	3.56	319.1	0
20130219T050000	-33.89	76.95	3.59	321.4	0
20130219T060000	-33.73	77.05	3.63	315	0
20130219T070000	-33.5	77.25	3.64	317.1	0
20130219T080000	-32.18	78.75	3.42	320.7	0
20130219T090000	-31.21	79.95	3.19	316.95	0
20130219T100000	-30.78	80.5	2.9	333.6	0
20130219T110000	-30.95	80.25	3	326.15	0
20130219T120000	-30.68	80.25	2.58	308.8	0
20130219T130000	-29.86	80.95	2.62	322.75	0
20130219T140000	-29.05	81.45	3.05	324.25	0
20130219T150000	-28.71	81.95	3.15	325.05	0
20130219T160000	-28.55	82.6	2.96	331.9	0
20130219T170000	-29.49	82.2	2.75	325.75	0
20130219T180000	-30.66	80.8	3.32	322.35	0
20130219T190000	-30.6	80.75	3.12	329.55	0
20130219T200000	-30.54	80.9	3.12	333.1	0
20130219T210000	-30.01	81.45	3.21	334.35	0
20130219T220000	-28.52	83.2	4.21	346.65	0
20130219T230000	-28.49	83.2	3.71	345.8	0
20130220T000000	-29.39	82.4	2.83	346.3	0
20130220T010000	-30.42	81.1	3.03	180.72	0
20130220T020000	-30.45	80.95	2.62	170.81	0
20130220T030000	-30.54	80.85	3.07	174.87	0
20130220T040000	-29.94	81.55	3.21	6.37	0
20130220T050000	-30.37	81.15	2.69	350.1	0
20130220T060000	-30.37	81.1	3.05	351.3	0
20130220T070000	-29.66	81.85	3.75	5.74	0
20130220T080000	-29.59	81.95	4.07	16.63	0.25
20130220T090000	-29.54	82.05	4.01	19.71	0
20130220T100000	-29.57	81.95	3.41	20.84	0
20130220T110000	-30.09	81.25	2.92	12.73	0
20130220T120000	-30.44	80.45	3.48	14.91	0
20130220T130000	-30.03	80.5	3.1	12.93	0
20130220T140000	-29.94	80.05	3.58	18.66	0
20130220T150000	-29.72	80.4	2.79	10.09	0
20130220T160000	-29.62	80.4	2.45	2.13	0
20130220T170000	-31.03	79.3	3.12	181.45	0
20130220T180000	-32.47	78.6	3.43	174.68	0
20130220T190000	-34.12	76.75	3	350.75	0.15
20130220T200000	-34.45	76.25	2.71	3.29	0
20130220T210000	-34.42	76.25	2.44	350.1	0
20130220T220000	-34.51	76.05	3.05	185.4	0
20130220T230000	-33.78	76.85	2.48	11.81	0
20130221T000000	-34.22	76.4	3.13	332.8	0
20130221T010000	-33.62	77.1	3.06	177.74	0
20130221T020000	-32.48	78.5	2.7	7.86	0
20130221T030000	-33	77.85	3.02	7.12	0
20130221T040000	-33.33	77.5	3.16	15.6	0
20130221T050000	-33.45	77.4	2.65	7.91	0
20130221T060000	-33.4	77.35	4.34	16.93	0
20130221T070000	-33.08	77.8	4.59	20.86	0
20130221T080000	-32.34	78.6	5.03	35.73	0
20130221T090000	-32.05	79	5.3	44.32	0
20130221T100000	-31.74	79.35	6.61	53.99	0
20130221T110000	-31.88	79.1	6.01	59.88	0
20130221T120000	-32.19	78.7	5.25	52.14	0
20130221T130000	-32.37	78.35	4.65	52.58	0
20130221T140000	-32.41	78.2	3.67	42.87	0
20130221T150000	-31.66	79	4.75	43.27	0
20130221T160000	-31.46	79.4	4.56	43.59	0
20130221T170000	-31.3	79.75	5.08	43.34	0
20130221T180000	-31.32	79.8	4.39	42.54	0
20130221T190000	-31.54	79.6	4.51	36.5	0
20130221T200000	-31.71	79.35	4.46	38.95	0
20130221T210000	-31.77	79.3	4.63	41.95	0
20130221T220000	-31.98	79.1	4.03	42.75	0
20130221T230000	-32.23	78.75	3.28	36.05	0.19
20130222T000000	-32.23	78.75	3.71	37.01	0
20130222T010000	-31.91	79.15	3.83	38.38	0
20130222T020000	-31.73	79.35	3.99	34.71	0
20130222T030000	-31.78	79.3	4.32	40.45	0
20130222T040000	-31.61	79.45	4.12	39.99	0
20130222T050000	-31.52	79.55	3.67	31.48	0
20130222T060000	-31.62	79.4	4.31	26.84	0
20130222T070000	-32.09	78.9	4.13	21.76	0
20130222T080000	-32.78	78.1	3.58	13.54	0
20130222T090000	-33.82	76.9	4.08	11.12	0
20130222T100000	-34.73	75.85	3.94	11.9	0
20130222T110000	-34.76	74.75	3.79	179.43	0
20130222T120000	-34.81	73.85	3.8	353.15	0
20130222T130000	-34.27	74.3	3.54	345.1	0
20130222T140000	-33.83	74.8	3.46	341.9	0
20130222T150000	-33.7	75.35	3.5	339.85	0
20130222T160000	-33.79	75.55	3.77	338.2	0
20130222T170000	-34.15	75.65	3.83	330.05	0
20130222T180000	-35.24	75.05	3.71	327.5	0
20130222T190000	-36.42	73.7	3.71	334.6	0
20130222T200000	-36.91	73.1	3.92	330.75	0
20130222T210000	-37.11	72.85	3.74	334.7	0
20130222T220000	-37.3	72.6	3.56	334.75	0
20130222T230000	-37.62	72.15	3.29	328.8	0
20130223T000000	-38.11	71.6	3.54	327.1	0
20130223T010000	-37.96	71.65	2.84	322.1	0
20130223T020000	-37.6	72.05	2.69	313	0
20130223T030000	-37.44	72.25	2.49	348.6	0
20130223T040000	-37.53	72.2	1.68	284.15	0
20130223T050000	-37.52	72.05	1.44	291.15	0
20130223T060000	-36.2	73.45	1.8	335.25	0
20130223T070000	-35.12	75	1.83	348	0
20130223T080000	-34.88	75.3	1.62	16.77	0
20130223T090000	-34.5	75.8	1.97	42.82	0
20130223T100000	-34.22	76.1	2	49.54	0
20130223T110000	-33.73	76.5	1.58	45.44	0
20130223T120000	-32.75	77.45	1.18	60.95	0
20130223T130000	-32	78.4	0.7	80.55	0
20130223T140000	-31.2	79.55	1.41	66.16	0
20130223T150000	-31.98	78.75	1.78	82.5	0
20130223T160000	-32.24	78.4	2.17	84.4	0
20130223T170000	-32.25	78.4	2.77	92.05	0
20130223T180000	-31.95	78.85	2.65	86	0
20130223T190000	-31.64	79.25	2.52	74.7	0
20130223T200000	-31.34	79.65	2.13	79.05	0
20130223T210000	-30.91	80	2.1	74.7	0
20130223T220000	-30.24	80.9	2.55	71.22	0
20130223T230000	-29.66	81.6	2.59	74.4	0
20130224T000000	-29.2	82.2	2.66	73.75	0
20130224T010000	-28.77	82.65	2.67	72.95	0
20130224T020000	-28.35	83.2	1.91	89.65	0
20130224T030000	-27.99	83.65	2.36	88.15	0
20130224T040000	-27.67	84.05	2.86	79.4	0
20130224T050000	-27.46	84.3	3.13	68.85	0
20130224T060000	-27.42	84.4	3.19	74.53	0
20130224T070000	-27.35	84.55	2.79	80.9	0
20130224T080000	-27.22	84.65	2.53	81.9	0
20130224T090000	-27.09	84.8	2.22	77.35	0
20130224T100000	-26.9	84.95	2.34	75.08	0
20130224T110000	-26.61	85.15	2.32	65.85	0
20130224T120000	-26.14	85.5	2.16	66.08	0
20130224T130000	-25.59	86.05	2.37	63.92	0
20130224T140000	-25.08	86.55	2	48.02	0
20130224T150000	-24.89	86.8	1.52	34.42	0
20130224T160000	-24.48	87.45	1.25	24.43	0
20130224T170000	-24.53	87.5	1.68	30.36	0
20130224T180000	-24.65	87.55	1.42	45.64	0
20130224T190000	-24.94	87.4	1.81	29.75	0
20130224T200000	-25.77	86.7	2.51	27.4	0
20130224T210000	-27.23	85	2.11	11.43	0
20130224T220000	-28.17	83.95	2.06	338.85	0
20130224T230000	-28.47	83.4	2.37	340.1	0
20130225T000000	-28.75	83.3	1.31	309.9	0
20130225T010000	-29.65	82.1	2.02	300.35	0
20130225T020000	-30	81.55	2.6	313.85	0
20130225T030000	-29.58	81.9	2.06	297	0
20130225T040000	-29.21	82.55	1.65	284.4	0
20130225T050000	-29.37	82.1	1.29	280.1	0
20130225T060000	-28.77	82.8	0.84	286.15	0
20130225T070000	-28.05	83.55	0.51	280.05	0
20130225T080000	-27.59	84.25	0.09	74.15	0
20130225T090000	-27.54	84.3	0	0	0
20130225T100000	-27.31	84.4	0.09	67.22	0
20130225T110000	-26.68	85	0.13	36.2	0
20130225T120000	-26.23	85.4	0.38	89.19	0
20130225T130000	-25.12	85.7	0	0	0
20130225T140000	-23.39	88.25	0.13	35.7	0
20130225T150000	-23.98	88.1	0.45	71.12	0
20130225T160000	-23.61	88.55	0.69	44.21	0
20130225T170000	-23.8	87.95	0.04	11.43	0
20130225T180000	-23.44	89.7	0.02	11.45	0
20130225T190000	-26.23	86.9	0.48	62.09	0
20130225T200000	-28.43	83.9	0.03	66.46	0
20130225T210000	-29.37	82.5	1.05	40.75	0
20130225T220000	-30.51	81.5	0.79	302.1	0
20130225T230000	-31.83	79.6	1.27	283	0
20130226T000000	-32.24	79	1.63	285	0
20130226T010000	-31.42	79.5	0.41	177.51	0
20130226T020000	-31	80.35	0.09	13.7	0
20130226T030000	-31.68	79.7	1.11	319.6	0
20130226T040000	-32	79.2	1.82	282.85	0
20130226T050000	-32.09	79.1	1.73	277	0
20130226T060000	-31.94	79.2	1.21	288.75	0
20130226T070000	-31.86	79.35	1.27	278.65	0
20130226T080000	-31.65	79.3	1.13	287.15	0
20130226T090000	-30.51	80.8	0.3	321.45	0
20130226T100000	-30.66	80.5	0.55	147.22	0
20130226T110000	-29.02	81.55	0.53	27.01	0
20130226T120000	-26.27	85	1.05	59.08	0
20130226T130000	-25.81	85.3	1.04	36.09	0
20130226T140000	-22.52	86.45	0.65	32.89	0
20130226T150000	-23.49	86.75	1.14	179.74	0
20130226T160000	-22.86	87.65	0.53	317.35	0
20130226T170000	-23.32	88.65	0.17	330.7	0
20130226T180000	-25.95	87.4	0.27	330.6	0
20130226T190000	-29.77	82.9	0.45	330.6	0
20130226T200000	-32.19	79.6	0.68	330.5	0
20130226T210000	-33.25	77.8	0.41	330.5	0
20130226T220000	-33.02	78.15	0.01	165.3	0
20130226T230000	-33.11	77.35	0	0	0
20130227T000000	-31.34	79.75	0.06	330.6	0
20130227T010000	-32.02	79.6	0	0	0
20130227T020000	-32.77	78.3	0.09	7.74	0
20130227T030000	-32.02	79.45	1.16	150.62	0
20130227T040000	-33.39	77.75	0.21	297.3	0
20130227T050000	-33.95	76.9	0.74	295.5	0
20130227T060000	-33.88	76.45	0.22	21.48	0
20130227T070000	-32.48	78.45	0.28	19.01	0
20130227T080000	-32.52	78.35	0.18	50.64	0
20130227T090000	-31.52	79.2	0.57	79.65	0
20130227T100000	-29.85	81.3	1.18	86.4	0
20130227T110000	-28.74	82.55	1.19	115.45	0
20130227T120000	-27.04	84.4	1.84	111.1	0
20130227T130000	-24.98	85.55	2.31	99.75	0
20130227T140000	-24.76	85.65	1.71	77.37	0
20130227T150000	-23.93	87.95	1.66	57.05	0
20130227T160000	-24.22	87.6	2.33	83.2	0
20130227T170000	-23.48	88.7	3.78	92.8	0
20130227T180000	-23.43	88.9	3.59	104.05	0
20130227T190000	-23.49	88.95	1.9	105.1	0
20130227T200000	-23.89	88.7	1.34	103.8	0
20130227T210000	-24.04	88.4	1.54	126.4	0
20130227T220000	-24.33	88.3	0.74	107.15	0
20130227T230000	-24.82	87.55	0.55	33.55	0
20130228T000000	-24.57	87.7	0.44	28.34	0
20130228T010000	-24.23	88.05	0.16	35.27	0
20130228T020000	-23.84	88.5	0.69	41.05	0
20130228T030000	-23.62	88.8	0.49	182.76	0
20130228T040000	-23.38	89.1	1.73	345.7	0
20130228T050000	-23.47	89.05	1.88	344.9	0
20130228T060000	-23.45	88.95	2.46	335.5	0
20130228T070000	-23.54	89.45	2.16	304.7	0
20130228T080000	-26.37	86.45	2.79	293	0
20130228T090000	-28.02	84.3	2.65	286.25	0
20130228T100000	-28.37	82.9	2.63	274.75	0
20130228T110000	-26.54	82.4	2.35	266.95	0
20130228T120000	-25.1	83.05	2.67	262.35	0
20130228T130000	-24.74	83.55	3.1	259.3	0
20130228T140000	-23.91	85.85	2.84	266.7	0
20130228T150000	-22.88	87.55	3.52	283.25	0
20130228T160000	-23.36	87.85	3.87	283.3	0
20130228T170000	-24.38	87.45	3.56	262.1	0
20130228T180000	-25.46	86.65	3.55	260.55	0
20130228T190000	-26.3	85.95	3.69	257.85	0
20130228T200000	-26.75	85.55	3.8	260.5	0
20130228T210000	-26.99	85.3	3.58	261.9	0
20130228T220000	-27.13	85	2.83	268.85	0
20130228T230000	-26.08	86.05	2.57	260.1	0
20130301T000000	-25.52	86.8	2.5	266.25	0
20130301T010000	-26.34	86	2.87	263.6	0
20130301T020000	-27.12	85.25	2.24	262.35	0
20130301T030000	-27.62	84.5	2.04	260.3	0
20130301T040000	-26.16	85.7	2.1	262.05	0
20130301T050000	-24.05	88.25	2.31	259.35	0
20130301T060000	-23.11	89.3	2.08	259.95	0
20130301T070000	-22.58	89.9	2.29	260.3	0
20130301T080000	-22.19	90.35	2.41	268.65	0
20130301T090000	-22.29	90.3	2.83	259	0
20130301T100000	-22.21	90.3	2.96	254.45	0
20130301T110000	-22.41	89.8	3.69	263.05	0
20130301T120000	-22.3	89.7	3.02	266.7	0
20130301T130000	-20.51	91.35	2.39	293.7	0
20130301T140000	-19.5	92.15	1.76	280.8	0
20130301T150000	-19.02	93.15	2.42	286.35	0
20130301T160000	-19.54	92.65	3.47	278.15	0
20130301T170000	-20.22	92.25	3.6	278.6	0
20130301T180000	-20.98	91.65	4.44	286.45	0
20130301T190000	-21.2	91.55	4.46	281.8	0
20130301T200000	-21.27	91.5	4.22	291.55	0
20130301T210000	-20.98	91.8	3.16	288.45	0
20130301T220000	-20.88	92.05	2.29	280	0
20130301T230000	-20.83	92.05	2.83	317	0
20130302T000000	-20.84	92	2.8	326	0
20130302T010000	-20.84	91.95	2.21	321.7	0
20130302T020000	-20.82	91.95	2.42	331.5	0
20130302T030000	-20.91	91.95	2.89	345.35	0
20130302T040000	-21.05	91.8	2.59	188.25	0
20130302T050000	-21.34	91.55	1.69	22.38	0
20130302T060000	-22.09	90.65	2.53	25.26	0
20130302T070000	-24.5	88.1	2.98	13.44	0
20130302T080000	-24.91	87.75	1.61	175.59	0
20130302T090000	-26.18	86.45	2.56	358.25	0
20130302T100000	-28.21	84.05	1.85	346.4	0
20130302T110000	-28.53	82.75	1.57	340.4	0
20130302T120000	-26.69	83.8	1.35	326.75	0
20130302T130000	-24.45	84.9	1.19	324.5	0
20130302T140000	-23.46	86.25	1.62	344.1	0
20130302T150000	-23.98	85.6	1.48	332.4	0
20130302T160000	-25.46	84.7	2.26	339.6	0
20130302T170000	-25.95	85.4	1.15	343.85	0
20130302T180000	-27.57	85.2	1.24	347.4	0
20130302T190000	-30.56	81.75	2.23	331.2	0
20130302T200000	-32.05	79.4	2.8	356.25	0
20130302T210000	-32.25	79.25	1.62	329.9	0.18
20130302T220000	-32.83	78.7	2.1	155.68	0
20130302T230000	-33.77	77.4	1.46	312.45	0
20130303T000000	-34.25	76.7	1.58	320.95	0
20130303T010000	-34.57	76.1	1.5	322.95	0
20130303T020000	-34.16	76.4	1.5	318.2	0
20130303T030000	-33.16	77.6	1.48	321.1	0
20130303T040000	-32.45	78.6	1.52	343.7	0
20130303T050000	-32.1	79	2.05	319.3	0
20130303T060000	-31.45	79.8	2.64	323.4	0
20130303T070000	-30.83	80.55	2.34	342.8	0
20130303T080000	-30.64	80.75	1.73	340.4	0
20130303T090000	-30.24	81.15	1.79	327.8	0
20130303T100000	-29.76	81.75	2.37	356.9	0
20130303T110000	-29.34	82.05	2.27	7.59	0
20130303T120000	-29.13	82.1	1.59	344.1	0
20130303T130000	-27.91	83.25	1.25	329.9	0
20130303T140000	-27.99	83.2	1.89	328.85	0
20130303T150000	-27.9	83.45	2	332	0
20130303T160000	-28.02	83.3	2.24	319.05	0
20130303T170000	-27.95	83.75	2.01	324.4	0
20130303T180000	-28.68	83.25	0.69	338.6	0
20130303T190000	-30.75	81.25	1.77	342.9	0
20130303T200000	-33.41	77.95	1.61	316.3	0
20130303T210000	-33.84	77.15	1.55	302.3	0
20130303T220000	-34	76.95	1.32	298.2	0
20130303T230000	-34.01	76.8	1.26	301.45	0
20130304T000000	-34.36	76.5	0.41	332.45	0
20130304T010000	-34.02	76.3	1.16	323	0
20130304T020000	-32.71	78	0.47	83.23	0
20130304T030000	-32.03	79	0.15	157.3	0
20130304T040000	-32.05	79.05	0.86	44.16	0
20130304T050000	-31.84	79.4	1.36	49.09	0
20130304T060000	-32.89	78.35	1.19	21.05	0
20130304T070000	-33.84	77.15	0.89	354.05	0
20130304T080000	-34.16	76.45	1.09	327	0
20130304T090000	-33.84	77.05	1.73	342.05	0
20130304T100000	-34.37	75.85	2.04	173.48	0
20130304T110000	-33.87	75.3	1.85	358.15	0
20130304T120000	-29.83	76.8	1.09	345.05	0
20130304T130000	-28.91	78.75	1.46	308.65	0
20130304T140000	-28.32	79.05	1.39	289.75	0
20130304T150000	-28.59	80.05	1.95	318.35	0
20130304T160000	-30.85	78.25	2.23	322.7	0
20130304T170000	-31.19	78.8	1.23	300.95	0
20130304T180000	-31.23	80.45	1.21	306.1	0
20130304T190000	-35.06	76.5	1.85	312.6	0
20130304T200000	-37.27	73	0.9	310.25	0
20130304T210000	-37.78	72.5	1.54	279.3	0
20130304T220000	-37.7	72.3	1.7	275.35	0
20130304T230000	-36.85	73.4	0.81	302.05	0
20130305T000000	-37.09	73.35	1.06	293.8	0
20130305T010000	-37.48	72.6	1.02	167.8	0
20130305T020000	-36.98	73.3	0.77	17.5	0
20130305T030000	-37.7	72.65	0.84	163.18	0
20130305T040000	-38.56	71.45	0.88	313.9	0
20130305T050000	-39.06	70.6	0.42	312.4	0
20130305T060000	-38.78	71	0.97	297.7	0
20130305T070000	-39.23	70.55	0.98	293.45	0
20130305T080000	-38.96	70.6	1.15	287.85	0
20130305T090000	-38.36	71.25	0.46	148.17	0
20130305T100000	-36.64	71.4	0.41	182.05	0
20130305T110000	-31.67	75.45	0.45	149.67	0
20130305T120000	-30.38	75.35	0.51	170.88	0
20130305T130000	-28.02	78.45	0.74	300.5	0
20130305T140000	-28.37	78.7	0.93	170.66	0
20130305T150000	-26.81	80.5	0.61	75.3	0
20130305T160000	-24.74	83.15	0	0	0
20130305T170000	-25.02	86.45	0.29	74.9	0
20130305T180000	-28.48	85.25	0.42	74.8	0
20130305T190000	-33.25	79.85	0.69	74.8	0
20130305T200000	-36.29	74.45	0.48	74.8	0
20130305T210000	-35.84	75	0.55	74.8	0
20130305T220000	-36.31	74.7	0.55	74.8	0
20130305T230000	-37.65	72.85	0.09	74.8	0
20130306T000000	-37.75	72.25	0.53	74.8	0
20130306T010000	-36.59	73.75	0.52	74.8	0
20130306T020000	-36.42	74.05	0.42	74.8	0
20130306T030000	-36.89	73.6	0.43	74.8	0
20130306T040000	-37.47	72.75	0.07	74.8	0
20130306T050000	-37.22	72.95	0.3	74.8	0
20130306T060000	-37.25	73.1	0.3	74.8	0
20130306T070000	-37.89	72.3	0.33	74.8	0
20130306T080000	-38.34	71.6	0.3	74.8	0
20130306T090000	-37.85	71.7	0.36	37.45	0
20130306T100000	-35.55	72.4	0.34	75.05	0
20130306T110000	-30.8	76.4	0.46	75.1	0
20130306T120000	-26.44	81.3	0.52	75.1	0
20130306T130000	-24.5	82.8	0.2	75.4	0
20130306T140000	-27.02	82.1	2.17	74.8	0
20130306T150000	-31.84	76.65	2.35	74.9	0
20130306T160000	-31.37	78	1.51	74.9	0
20130306T170000	-30.18	79.7	1.93	85	0
20130306T180000	-30.57	79.7	2.14	117.9	4.62
20130306T190000	-30.34	81	2.95	122.5	0
20130306T200000	-30.86	81.05	2.71	127.1	0
20130306T210000	-30.41	81.6	2.3	129.55	0
20130306T220000	-30.96	80.75	3.01	124.65	0
20130306T230000	-31.52	80.3	2.22	108.35	0
20130307T000000	-31.7	80.2	1.79	122.6	0
20130307T010000	-31.09	80.8	1.69	134.65	0
20130307T020000	-31.83	79.75	2.52	116.55	0
20130307T030000	-33.23	78.25	1.62	127.9	0
20130307T040000	-33.23	78.35	1.55	120.15	0
20130307T050000	-33.76	77.55	1.39	75.87	0
20130307T060000	-34.47	76.55	1.79	74.2	0
20130307T070000	-35.15	75.65	0.75	85.1	0
20130307T080000	-34.98	76.15	2.01	79.35	0
20130307T090000	-35.02	75.45	1.36	101.55	0
20130307T100000	-34.09	75.65	1.77	40.99	0
20130307T110000	-32.04	76.4	0.43	60.44	0
20130307T120000	-31.35	76.65	1.37	355.4	0
20130307T130000	-31.64	76.3	1.42	272.9	0
20130307T140000	-30.89	77.15	1.33	279.7	0
20130307T150000	-29.66	79.05	1.04	280.65	0
20130307T160000	-27.61	81.9	0.33	272.85	0
20130307T170000	-29.12	81.65	0.82	276.9	0
20130307T180000	-29.21	82.6	0.63	180.16	0
20130307T190000	-30.75	81.35	0.57	172.62	0
20130307T200000	-33.95	77.3	0.2	215.25	0
20130307T210000	-33.05	78.3	0.61	122.3	0
20130307T220000	-33.67	77.5	0.66	96.65	0
20130307T230000	-33.7	77.6	1.52	83.8	0
20130308T000000	-33.03	78.6	2.32	130.35	0
20130308T010000	-31.76	79.95	2.14	120.6	0
20130308T020000	-33.34	78.1	1.19	108.7	0
20130308T030000	-32.58	79.05	2.31	136.35	0
20130308T040000	-31.48	80.3	2.4	138.65	0
20130308T050000	-31.78	79.85	1.61	111.9	0
20130308T060000	-32.73	78.9	2.15	124.7	0
20130308T070000	-32.26	79.25	2.45	117.15	0
20130308T080000	-32.79	78.6	2.53	114.1	0
20130308T090000	-32.16	79.15	2.25	105.4	0
20130308T100000	-30.57	80.05	1.52	92.1	0
20130308T110000	-31.04	78.85	2.57	95.8	0
20130308T120000	-30.12	80.65	1.4	87.25	0
20130308T130000	-27.61	82.9	1.08	72.42	0
20130308T140000	-26.93	84.15	3.06	102.1	0
20130308T150000	-26.11	84.75	3.21	104.05	0
20130308T160000	-24.94	85.3	3.77	108.8	0
20130308T170000	-25.95	85.45	2.46	115.1	0
20130308T180000	-26.52	85.7	2.42	119.55	0
20130308T190000	-24.98	87.7	2.85	115.7	0
20130308T200000	-23.98	88.7	4.08	125.15	0
20130308T210000	-22.86	89.95	4.28	127.85	0
20130308T220000	-22.57	90.25	5.29	134.95	0
20130308T230000	-22.39	90.45	5.72	138.25	0
20130309T000000	-21.7	91.2	6.04	146	0
20130309T010000	-21.13	91.85	7.25	145.25	0
20130309T020000	-20.96	91.95	7.35	141.9	0
20130309T030000	-20.3	92.65	6.85	142.7	0
20130309T040000	-19.72	93.2	7.47	141.7	0
20130309T050000	-19.56	93.4	6.33	134.65	0
20130309T060000	-19.32	93.75	6.58	137.1	0
20130309T070000	-19.12	93.9	6.3	134.1	0
20130309T080000	-19.27	93.85	6.57	135.2	0
20130309T090000	-18.87	94.2	6.22	127.75	0
20130309T100000	-18.66	94.25	6.17	131.4	0
20130309T110000	-18.45	94.25	5.44	128.75	0
20130309T120000	-17.99	94.45	6.33	133.3	0
20130309T130000	-17.88	94.65	6.58	133.4	0
20130309T140000	-17.52	94.75	6.29	132.35	0
20130309T150000	-17.27	95	4.4	120.7	0
20130309T160000	-17.05	95	3.54	126	0.3
20130309T170000	-16.77	95	2.93	112.45	0.16
20130309T180000	-16.58	95	2.63	100.95	0.37
20130309T190000	-17.7	95	2.27	52.4	0.15
20130309T200000	-18.95	94.5	1.82	37.88	0
20130309T210000	-18.95	94.4	2.67	24.07	0
20130309T220000	-20.05	93.35	2.66	187.08	0
20130309T230000	-19.93	93.4	3.23	348.9	0.32
20130310T000000	-20.69	92.6	3.8	346.1	0
20130310T010000	-20.8	92.6	3.4	338.2	0
20130310T020000	-20.81	92.45	3.33	326.75	0.15
20130310T030000	-21.12	92.05	4.67	334.8	0.24
20130310T040000	-23.25	89.8	5.61	327.05	0
20130310T050000	-24.5	88.55	5.65	323.65	0
20130310T060000	-25.42	87.5	5.35	329.25	0
20130310T070000	-25.83	87.1	4.35	337.35	0
20130310T080000	-26.48	86.5	3.03	317.8	0
20130310T090000	-27.4	84.9	4.25	330.75	0
20130310T100000	-27.39	83.85	4.25	329.5	0
20130310T110000	-27.11	83.1	4.13	315.5	0
20130310T120000	-26.13	84.35	3.79	339.8	0
20130310T130000	-24.8	86.9	3.28	181.14	0
20130310T140000	-23.23	88.4	2.67	12.96	0
20130310T150000	-21.76	90	1.16	169.03	0
20130310T160000	-22.6	89.3	1.07	251.45	0
20130310T170000	-21.55	90.9	1.87	318.5	0
20130310T180000	-21.89	90.15	2.1	301.15	0
20130310T190000	-25.78	87	1.91	277.9	0
20130310T200000	-27.19	85.75	1.89	267.4	0
20130310T210000	-27.62	85.2	2.55	277.05	0
20130310T220000	-26.55	86.4	2.9	289.4	0
20130310T230000	-25.24	87.95	4.21	290.2	0
20130311T000000	-24.09	89.05	3.87	297.3	0
20130311T010000	-23.24	89.9	4.21	292.55	0
20130311T020000	-23.64	89.45	2.35	296.2	0
20130311T030000	-25.45	87.5	2.98	303.05	0
20130311T040000	-25.84	87	3.16	297.8	0
20130311T050000	-25.34	87.75	3.87	297.6	0
20130311T060000	-25.32	87.5	2.25	319	0
20130311T070000	-25.33	87.45	3.4	301.1	0
20130311T080000	-26.44	86.2	4.56	312.75	0
20130311T090000	-27.79	84.55	3.99	308.1	0
20130311T100000	-27.34	83.95	3.97	305.9	0
20130311T110000	-26.1	83.9	4.38	296.15	0
20130311T120000	-24.8	85.15	3.9	285.35	0
20130311T130000	-23.83	87.15	5.32	286.15	0
20130311T140000	-22.95	88.35	6.55	297.15	0
20130311T150000	-22.7	88.2	6	304.65	0
20130311T160000	-23	88.55	6.78	308.7	0
20130311T170000	-23.28	88.3	5.75	302.55	0
20130311T180000	-24.13	87.95	5.24	300.6	0
20130311T190000	-25.79	86.65	4.22	290	0
20130311T200000	-27.16	85.5	4.31	286.3	0
20130311T210000	-26.39	86.35	5.72	285.75	0
20130311T220000	-25.05	87.85	6.39	293.15	0
20130311T230000	-24.77	88	6.01	284.75	0
20130312T000000	-24.52	88.35	6.46	285.85	0
20130312T010000	-23.64	89.25	7.5	293.25	0
20130312T020000	-23.58	89.3	7.11	291.8	0
20130312T030000	-23.35	89.55	7.96	292.9	0
20130312T040000	-23.03	89.9	9.79	302.45	0
20130312T050000	-23.48	89.3	10.12	311.95	0
20130312T060000	-23.99	88.8	8.54	317.65	0
20130312T070000	-25.2	87.5	6.93	319	0
20130312T080000	-26.3	86.35	6.17	315.9	0.31
20130312T090000	-27.02	85.4	4.42	316.3	0
20130312T100000	-26.39	85.55	4.08	324.3	0
20130312T110000	-26.82	85.3	3.51	322.45	0
20130312T120000	-26.3	85.35	3.48	317	0
20130312T130000	-25.04	86.3	3.68	332.25	0
20130312T140000	-24.38	86.9	3.04	332.9	0
20130312T150000	-24.33	86.65	2.96	301.85	0
20130312T160000	-24.71	86.65	2.3	310.5	0
20130312T170000	-25.77	86.45	2.38	302.95	0
20130312T180000	-27.8	84.65	2.4	309.2	0
20130312T190000	-29.02	83.3	2.54	333.9	0
20130312T200000	-30.44	81.85	1.84	307.1	0
20130312T210000	-30.98	80.8	2.34	326.2	0
20130312T220000	-30.41	81.4	3.03	328.3	0
20130312T230000	-30.71	81.2	2.44	317.3	0
20130313T000000	-30.5	81.25	2.81	316.7	0
20130313T010000	-30.18	81.7	3.27	322.05	0
20130313T020000	-30.24	81.6	3.5	325.8	0.38
20130313T030000	-29.91	82	2.63	316.5	0
20130313T040000	-29.94	81.95	2.56	313.8	0
20130313T050000	-29.8	82.2	2.96	323.75	0
20130313T060000	-30.98	81.15	2.68	322.35	0
20130313T070000	-32.12	79.75	1.92	285.3	0
20130313T080000	-33.22	78.25	1.71	268.5	0
20130313T090000	-33.49	77.1	1.4	270.5	0
20130313T100000	-31.91	77.85	1.5	272.8	0
20130313T110000	-30.62	78.4	1.58	266.9	0
20130313T120000	-29.21	79.45	1.54	257.8	0
20130313T130000	-27.19	81.35	1.6	267.1	0
20130313T140000	-26.56	82.35	1.69	262.9	0
20130313T150000	-26.68	82.65	2.08	248.25	0
20130313T160000	-25.7	84.65	1.85	266.3	0
20130313T170000	-24.41	85.45	0.46	185.95	0
20130313T180000	-23.43	89	0.66	240	0
20130313T190000	-28.02	85.1	1.17	261.95	0
20130313T200000	-31.63	80.85	2.21	261.35	0
20130313T210000	-32.73	78.9	2.59	256.8	0
20130313T220000	-32.82	78.75	2.5	259.45	0
20130313T230000	-32.94	78.6	2.91	253.1	0
20130314T000000	-31.98	79.8	2.92	248.35	0
20130314T010000	-30.06	82.05	3.27	252.8	0
20130314T020000	-30.82	81.05	3.04	246.5	0
20130314T030000	-30.46	81.5	3.21	242	0
20130314T040000	-28.55	83.95	3.81	226.25	0
20130314T050000	-27.8	84.65	1.61	246.95	0
20130314T060000	-27.68	84.8	3.97	242.5	0
20130314T070000	-27.27	85.15	5.72	254.2	0
20130314T080000	-27.34	85	5.33	261.75	0
20130314T090000	-27.55	84.35	5.8	261.65	0
20130314T100000	-26.68	84.6	6.69	243.3	0
20130314T110000	-26.41	84.75	5.14	241.7	0
20130314T120000	-25.81	84.95	6.32	247.75	0
20130314T130000	-25.07	85.45	5.34	254.15	0
20130314T140000	-23.88	86.65	4.36	244.15	0
20130314T150000	-23.1	87.6	4.38	251.9	0
20130314T160000	-22.88	88.7	4.96	263.35	0
20130314T170000	-23.23	88.95	3.26	273.55	0
20130314T180000	-23.54	89	4.02	272.65	0
20130314T190000	-25.52	87.2	4.13	273	0
20130314T200000	-27.32	85.3	3.42	265.25	0
20130314T210000	-28.05	84.5	3	272.55	0
20130314T220000	-28.74	83.5	2.19	294.9	0
20130314T230000	-28.89	83.5	1.7	276.95	0
20130315T000000	-29.34	82.85	1.87	288.35	0
20130315T010000	-29.59	82.75	1.77	265.2	0
20130315T020000	-29.41	82.8	1.93	266.7	0
20130315T030000	-30.45	81.6	1.8	266.8	0
20130315T040000	-30.65	81.1	1.51	274.85	0
20130315T050000	-30.19	81.6	0.32	266.45	0
20130315T060000	-30.18	81.75	0.39	248.95	0
20130315T070000	-31.5	80.25	0.32	268.95	0
20130315T080000	-31.24	80.35	1.02	242.15	0
20130315T090000	-30.24	80.5	1.87	263.5	0
20130315T100000	-26.81	81.95	0.38	185.8	0
20130315T110000	-22.96	85.45	0.14	99.47	0
20130315T120000	-23.94	83.55	1.04	199.4	0
20130315T130000	-25.34	83.7	0.99	129.65	0
20130315T140000	-25.43	83.65	1.06	134.8	0
20130315T150000	-23.74	84.7	1.03	149.8	0
20130315T160000	-25.88	83.95	2.55	143.7	0
20130315T170000	-24.56	85.45	1.58	128.4	0
20130315T180000	-25.3	85.15	1.94	125.25	0
20130315T190000	-25.13	86.85	1.02	78.23	0
20130315T200000	-26.18	86.7	0.36	159.85	0
20130315T210000	-26.83	86	1.23	138.65	0
20130315T220000	-26.9	85.85	0.97	115.8	0
20130315T230000	-26.98	85.7	0.84	135.8	0
20130316T000000	-26.19	86.85	1.6	178.05	0
20130316T010000	-25.34	87.65	1.45	190.6	0
20130316T020000	-25.68	87.25	0.9	133.35	0
20130316T030000	-27.21	85.65	1.09	165.75	0
20130316T040000	-26.31	86.45	0.91	171.1	0
20130316T050000	-27.31	85.4	0.47	123.4	0
20130316T060000	-27.18	85.6	1.62	226.85	0
20130316T070000	-26.81	85.95	0.61	115.88	0
20130316T080000	-27.34	85.05	0.3	43.87	0
20130316T090000	-27.3	84.05	0.88	134.69	0
20130316T100000	-25.7	84.55	0.47	184.59	0
20130316T110000	-22.88	86.65	0.75	151.55	0
20130316T120000	-22.83	85.95	1.58	256.3	0
20130316T130000	-21.24	88	1.51	230.9	0
20130316T140000	-19.44	91	2.43	278.7	0
20130316T150000	-16.41	93.9	1.54	310.55	0
20130316T160000	-17.82	94.6	1.44	337.4	0
20130316T170000	-18.53	93.85	1.23	283.2	0
20130316T180000	-19.55	93.35	1.52	278.75	0
20130316T190000	-20.17	92.75	1.5	264.2	0
20130316T200000	-20.39	92.65	1.25	261.95	0
20130316T210000	-20.5	92.65	1.25	258.7	0
20130316T220000	-20.66	92.45	2.09	259.55	0
20130316T230000	-21.45	91.8	3.12	276.15	0
20130317T000000	-23.11	90	4.18	297.9	0
20130317T010000	-24.09	89.05	3.32	305.3	0
20130317T020000	-24.63	88.2	3.39	337.8	0
20130317T030000	-23.98	88.9	2.78	314.9	0
20130317T040000	-23.15	89.8	2.77	310.2	0
20130317T050000	-21.85	91.2	3.13	339.45	0
20130317T060000	-21.13	92	3.21	178.59	0
20130317T070000	-20.21	92.95	3.41	7.39	0
20130317T080000	-20.84	92.4	3.66	356.85	0
20130317T090000	-22.7	90.3	3.76	344.9	0
20130317T100000	-21.72	90.15	3.91	350	0
20130317T110000	-20.65	91.05	4.01	354.1	0
20130317T120000	-19.83	91.4	3.63	356.1	0
20130317T130000	-19.07	92	2.78	345.3	0
20130317T140000	-18.35	92.3	3.72	337.4	0
20130317T150000	-18.82	92.55	3.69	322.85	0
20130317T160000	-19.98	91.35	4.25	338.25	0
20130317T170000	-20.34	91.3	4.49	327.05	0
20130317T180000	-22.12	90.05	4.94	303.8	0
20130317T190000	-23.68	89.2	5.41	300	0
20130317T200000	-24.64	88.3	5.25	288.4	0
20130317T210000	-24.8	88.1	5.57	284.8	0
20130317T220000	-25.21	87.65	5.24	288.95	0
20130317T230000	-25.46	87.3	6.31	301.45	0
20130318T000000	-25.84	86.9	5.32	304.45	0
20130318T010000	-26.46	86.2	6.21	306.9	0
20130318T020000	-25.91	86.75	5.62	302.5	0
20130318T030000	-25.31	87.4	6.21	303.5	0
20130318T040000	-25.18	87.55	6.72	301.15	0
20130318T050000	-25.12	87.65	7.24	311.75	0
20130318T060000	-24.98	87.8	6.43	316	0
20130318T070000	-25.57	87.05	6.12	314.15	0
20130318T080000	-26.61	86	5	307.9	0
20130318T090000	-26.02	86.5	6.02	327.1	0.23
20130318T100000	-25.98	86.3	6.63	332.35	0
20130318T110000	-26.12	85.9	6.88	328.25	0.32
20130318T120000	-25.74	86.05	6.42	321	0
20130318T130000	-25.51	85.95	6.8	318.25	0
20130318T140000	-25.49	86.05	6.92	317.55	0
20130318T150000	-25.36	86.1	6.6	316.8	0
20130318T160000	-25.71	86.15	5.97	316.1	0
20130318T170000	-25.46	86.35	4.84	311.15	0
20130318T180000	-25.45	86.9	3.53	295.5	0
20130318T190000	-26.02	86.35	4.29	297.2	0
20130318T200000	-26.14	86.4	4.38	292.75	0.21
20130318T210000	-26.04	86.55	4.98	301.75	0
20130318T220000	-25.98	86.6	5.32	304.4	0
20130318T230000	-26.01	86.7	4.98	299.9	0
20130319T000000	-25.52	87.05	5.29	291.35	0
20130319T010000	-25.59	87.05	5.49	291.35	0.26
20130319T020000	-25.93	86.65	5.66	282.8	0
20130319T030000	-26.09	86.6	5.83	286.7	0
20130319T040000	-25.42	87.2	5.82	281.1	0
20130319T050000	-25.59	87.05	5.06	283.5	0
20130319T060000	-25.24	87.45	5.35	292.6	0
20130319T070000	-24.55	88.2	5.62	297.65	0
20130319T080000	-24.07	88.75	6.33	302.25	0
20130319T090000	-23.43	89.3	7.28	303.55	0
20130319T100000	-23.05	89.35	7.25	306.2	0
20130319T110000	-22.71	89.5	7.71	308.85	0
20130319T120000	-22.75	89	7.96	310.75	0
20130319T130000	-22.49	89	8.5	307.55	0
20130319T140000	-22.46	88.7	7.93	302.75	0
20130319T150000	-22.83	88.9	8.23	301.1	0
20130319T160000	-22.81	88.9	7.39	301.15	0
20130319T170000	-22.95	88.95	6.06	297.5	0
20130319T180000	-24.03	88.4	5.39	280.7	0
20130319T190000	-24.73	87.95	5.39	273	0
20130319T200000	-24.37	88.4	4.81	266.45	0
20130319T210000	-24.68	88.05	4.98	270.7	0.23
20130319T220000	-24.7	88.1	4.77	276.6	0
20130319T230000	-24.8	88	4.84	260.8	0
20130320T000000	-24.77	88.1	5.69	249.3	0
20130320T010000	-25.34	87.2	6.67	220.8	0
20130320T020000	-25.33	87.45	6.24	221.35	0
20130320T030000	-25.8	86.8	7.19	212.8	0
20130320T040000	-25.93	86.7	6.33	206.95	0
20130320T050000	-25.66	87.25	5.38	205.75	0
20130320T060000	-25.2	87.55	4.93	165.85	0
20130320T070000	-24.97	87.75	3.67	257.9	0
20130320T080000	-24.8	88.05	6.57	195.9	0
20130320T090000	-24.12	88.15	7.1	200.75	0
20130320T100000	-23.96	87.7	7.78	200.15	0
20130320T110000	-23.84	87.05	7.37	198.55	0
20130320T120000	-23.47	87	8.05	200.35	0
20130320T130000	-22.89	87	8.67	200.55	0
20130320T140000	-22.14	87.5	8.3	200.9	0
20130320T150000	-20.8	87.55	7.55	196.95	0
20130320T160000	-20.33	86.6	7.49	196.2	0
20130320T170000	-20.18	87.85	4.89	178.2	0
20130320T180000	-20.52	87.55	4.77	181	0
20130320T190000	-20.95	87.9	4.76	171.25	0
20130320T200000	-21.5	87.6	6.45	177.7	0
20130320T210000	-22.42	86.15	7.09	183.65	0
20130320T220000	-23.02	85.5	7.13	186.7	0
20130320T230000	-23.33	85.5	6.61	179.5	0
20130321T000000	-23.78	84.6	6.96	179.6	0
20130321T010000	-24.12	84.3	6.83	177.2	0
20130321T020000	-24.95	83.7	6.53	182.35	0
20130321T030000	-25.14	82.5	6.21	168.4	0
20130321T040000	-25.58	81.65	5.76	161.1	0
20130321T050000	-25.65	82.75	3.65	149.05	0
20130321T060000	-25.84	85.65	0.94	207.56	0
20130321T070000	-25.94	85.1	1.04	95.85	0
20130321T080000	-25.65	83.35	1.96	117.9	0
20130321T090000	-24.66	81.2	2.4	129.45	0
20130321T100000	-23.71	78.85	3.43	155.9	0
20130321T110000	-23.04	78.1	5.07	167.6	0
20130321T120000	-22.05	77.9	4.98	170.75	0
20130321T130000	-21.42	79.15	6.6	181.25	0
20130321T140000	-20.41	78.7	6.2	177.5	0
20130321T150000	-17.81	79.55	2.66	92.44	0
20130321T160000	-17.99	76.7	2.41	180.7	0
20130321T170000	-18.43	77.7	1.9	153.3	0
20130321T180000	-18.87	78.2	2.98	244.3	0
20130321T190000	-19.89	77.55	5.74	210.85	0
20130321T200000	-20.04	78.1	6.19	214.75	0
20130321T210000	-20.26	78.85	4.75	238.7	0
20130321T220000	-21.02	77	6.1	214.65	0
20130321T230000	-20.7	75.05	5.07	220.2	0
20130322T000000	-20.81	76.55	2.48	164.95	0
20130322T010000	-20.56	75.85	6.83	201.5	0
20130322T020000	-20.34	75.5	7.96	207.2	0
20130322T030000	-20.95	76.15	7.65	197.65	0
20130322T040000	-21.52	77.2	3.43	258.85	0
20130322T050000	-22.14	77.45	5.74	211.65	0
20130322T060000	-21.93	77.6	6.33	211.7	0
20130322T070000	-21.48	76.6	8.36	209.95	0
20130322T080000	-21.09	74.8	7.41	213.6	0
20130322T090000	-20.55	72.8	7.19	214.65	0
20130322T100000	-19.74	69.92	4.3	259.8	0
20130322T110000	-19.27	70.55	8.23	207.1	0
20130322T120000	-18.24	68.88	5.83	199.8	0
20130322T130000	-16.48	59.72	1.86	282.7	0
20130322T140000	-14.8	53.35	1.01	155.45	0
20130322T150000	-16.41	63.48	2.58	144.2	0
20130322T160000	-14.71	58.94	1.76	95.65	0
20130322T170000	-14.27	58.36	1.15	90	0
20130322T180000	-16.19	67.12	1.22	110.3	0
20130322T190000	-17.18	72.75	1.89	110.1	0
20130322T200000	-17.25	76.45	1.52	81.2	0
20130322T210000	-16.48	75.7	0.62	88.9	0
20130322T220000	-16.28	76.5	0.51	97.81	0
20130322T230000	-17.7	78.5	1.57	150.25	0
20130323T000000	-17.12	77.15	0.62	182.36	0
20130323T010000	-17.23	75.55	1.69	64.28	0
20130323T020000	-18.14	74.8	1.71	85.25	0
20130323T030000	-18.16	73.15	1.78	93	0
20130323T040000	-18.02	70.16	1.42	99.2	0
20130323T050000	-17.84	68.59	1.91	134.2	0
20130323T060000	-17.35	65.68	1.88	128.05	0
20130323T070000	-19.07	71.05	3.03	119.95	0
20130323T080000	-18.34	69.94	2.57	128.85	0
20130323T090000	-18.37	65.48	1.11	106.1	0
20130323T100000	-18.3	66.23	2.27	123.4	0
20130323T110000	-17.78	65.94	2.05	128.45	0
20130323T120000	-16.63	62.02	1.48	107.8	0
20130323T130000	-16.41	64.24	1.63	104.2	0
20130323T140000	-16.11	67.22	2.17	95.15	0
20130323T150000	-15.45	68.77	3.04	89.2	0
20130323T160000	-13.7	66.12	2.15	68.75	0
20130323T170000	-12.89	67.48	2.3	73.46	0
20130323T180000	-12.73	71.13	2.93	101.75	0
20130323T190000	-13.57	77.4	3.5	134.3	0
20130323T200000	-13.68	78.7	1.33	65.73	0
20130323T210000	-12.32	77.05	1.04	63.5	0
20130323T220000	-11.6	78.75	1.81	257.75	0
20130323T230000	-11.3	87.55	4.7	295.8	0
20130324T000000	-11.04	95	5.36	286.1	0
20130324T010000	-11.17	95	4.26	304.1	0
20130324T020000	-12.97	95	8.26	309.6	0
20130324T030000	-15.08	94.15	10.07	307.3	0.55
20130324T040000	-16.2	87.1	8.15	311.45	0
20130324T050000	-17.52	82.05	5.04	317.85	0
20130324T060000	-17.41	83.1	1.99	59.2	0
20130324T070000	-17.94	83.85	1.69	156.3	0
20130324T080000	-19.46	82.7	1.52	155.05	0
20130324T090000	-17.82	72.56	1.12	143.95	0
20130324T100000	-15.81	62.17	0.66	110.2	0
20130324T110000	-17.95	68.88	1.96	116.95	0
20130324T120000	-18.64	74.85	3.12	120.5	0
20130324T130000	-17.37	72.65	2.96	117.9	0
20130324T140000	-16.1	70.5	3.37	127	0
20130324T150000	-14.87	68.44	2.14	100	0
20130324T160000	-14.82	69.56	2.33	103.5	0
20130324T170000	-15.04	71.6	2.15	95.25	0
20130324T180000	-14.75	74.35	1.3	109.6	0
20130324T190000	-15.12	82.3	2.05	112.4	0
20130324T200000	-14.89	82.2	1.35	55.66	0
20130324T210000	-16.63	86.75	2.63	173.97	0
20130324T220000	-17.37	90.6	2.12	320	0
20130324T230000	-17.76	91.75	1.59	287.6	0
20130325T000000	-19.25	91.75	2.81	314.9	0
20130325T010000	-20.13	93.55	2.71	328.5	0
20130325T020000	-20.56	94.5	2.09	298.95	0
20130325T030000	-20.93	94.65	3.68	319.15	0
20130325T040000	-20.64	94.05	3.49	336.35	0
20130325T050000	-21.44	92.6	3.28	338.65	0
20130325T060000	-21.81	92.9	4.11	337.35	0
20130325T070000	-21.34	92.4	3.63	342.65	0
20130325T080000	-21.12	92.45	3.88	331.7	0
20130325T090000	-20.39	91.7	2.76	313.6	0
20130325T100000	-20.05	88.8	3.46	328.15	0
20130325T110000	-19.69	88.25	4.08	330.95	0
20130325T120000	-18.42	83.8	2.12	281	0
20130325T130000	-17.47	82.85	1.8	299.8	0
20130325T140000	-17.21	86.55	3.8	283.75	0
20130325T150000	-15.1	78.35	1.98	167.69	0
20130325T160000	-15.5	78.5	2.19	296.65	0
20130325T170000	-15.72	80.25	1.02	75.09	0
20130325T180000	-16.59	80.4	1.43	271.75	0
20130325T190000	-18.6	92.5	3.4	294.45	0
20130325T200000	-18.09	94.7	3.17	289.65	0
20130325T210000	-17.17	95	3.21	291.6	0
20130325T220000	-16.98	95	2.91	298.65	0
20130325T230000	-17.19	95	3.11	316.1	0
20130326T000000	-17.32	95	2.16	302.6	0
20130326T010000	-17.38	95	3	302.95	0
20130326T020000	-17.02	95	4.14	294.55	0
20130326T030000	-17.12	95	3.67	292.65	0
20130326T040000	-16.21	95	3.74	300.85	0
20130326T050000	-15.78	95	4.07	303.55	0
20130326T060000	-15.55	95	4.13	304.5	0
20130326T070000	-15.72	95	5.7	314.9	0
20130326T080000	-16.21	95	5.62	303.9	0
20130326T090000	-16.35	95	6.56	300	0
20130326T100000	-15.91	93.7	8.23	298.85	0
20130326T110000	-16.01	93.4	8.19	298.6	0
20130326T120000	-16.14	93.6	8.88	295.6	0
20130326T130000	-16.61	94	9.7	293.95	0
20130326T140000	-16.68	93.65	9.89	294.35	0
20130326T150000	-16.93	93.6	9.03	301.25	0
20130326T160000	-17.09	93.9	8.32	302.95	0
20130326T170000	-17.29	94.3	7.46	304.5	0
20130326T180000	-17.51	94.35	7.3	299.3	0.41
20130326T190000	-17.56	94.8	7.13	304.25	0.33
20130326T200000	-17.43	95	6.6	308.95	0
20130326T210000	-17.53	94.8	5.66	305.8	0
20130326T220000	-17.84	94.6	3.96	287.1	0.59
20130326T230000	-18.21	93.85	5.01	284.15	0
20130327T000000	-18.58	93.55	5.47	280.9	0.41
20130327T010000	-18.82	93.15	5.25	278.85	0.19
20130327T020000	-19.02	92.7	4.85	279.35	0
20130327T030000	-19.39	92.45	4.22	274.8	0.24
20130327T040000	-19.18	92.45	4.2	269.2	0.17
20130327T050000	-19.19	92.35	4.46	266.4	0.17
20130327T060000	-19.2	92.85	4.49	260.85	0.23
20130327T070000	-19.27	92.95	4.23	255.7	0.41
20130327T080000	-19.46	92.35	4.31	250.8	0.24
20130327T090000	-19.19	92.05	4.55	255.15	0
20130327T100000	-18.74	91.7	4.05	257.75	0.25
20130327T110000	-18.29	90.9	3.3	255.5	0.22
20130327T120000	-17.77	89.4	3.16	249	0
20130327T130000	-17.5	88.4	3.07	235.05	0.16
20130327T140000	-17.45	88.45	3.27	219.2	0
20130327T150000	-17.05	88.3	2.59	232.95	0.34
20130327T160000	-16.75	88.1	1.75	223.7	0
20130327T170000	-16.87	87.25	1.25	253.3	0
20130327T180000	-17.62	87.3	0.99	260.9	0
20130327T190000	-20.29	90.25	1.51	297.8	0
20130327T200000	-20.99	93.65	0.12	299.5	0
20130327T210000	-23.12	90.9	0.82	241.9	0
20130327T220000	-23.52	91.4	1.18	245.6	0
20130327T230000	-23.29	91.3	2.03	254.2	0
20130328T000000	-22.88	91.1	1.9	249.95	0
20130328T010000	-22.46	91.4	2.56	256.35	0
20130328T020000	-22.88	90.65	2.68	258.5	0
20130328T030000	-23.32	90.35	2.61	257.25	0
20130328T040000	-23.06	90.4	2.93	252.5	0
20130328T050000	-22.24	91.5	2.54	254.1	0
20130328T060000	-20.67	92.2	2.85	242.95	0
20130328T070000	-19.06	89.8	3.58	214.8	0
20130328T080000	-19.27	87.6	3.01	229.3	0
20130328T090000	-21.37	84.9	1.83	271.85	0
20130328T100000	-22.04	82.7	1.65	268.05	0
20130328T110000	-21.1	81.2	1.21	311.55	0
20130328T120000	-19.79	76.4	0.48	276	0
20130328T130000	-15.6	73.05	0.13	158.59	0
20130328T140000	-13.49	65.05	0.14	78.05	0
20130328T150000	-16.56	67.93	0.92	23.8	0
20130328T160000	-17.61	69.86	0.59	294.5	0
20130328T170000	-18.82	73.4	1.03	300.7	0
20130328T180000	-19.95	76.65	0.88	283.65	0
20130328T190000	-20.26	80	0.28	164.58	0
20130328T200000	-22.5	87.85	0.18	163.8	0
20130328T210000	-23.79	91.65	0.12	171.75	0
20130328T220000	-25.14	90.75	0.55	290.55	0
20130328T230000	-25.61	89.15	0.46	281.55	0
20130329T000000	-26.19	88.55	0.35	275.35	0
20130329T010000	-25.8	87.85	0.16	311	0
20130329T020000	-24.61	89.5	1.25	40.92	0
20130329T030000	-27.05	86.45	0.78	275.2	0
20130329T040000	-26.11	87.4	0.32	313.8	0
20130329T050000	-25.82	87.85	0.81	170.01	0
20130329T060000	-27.23	85.75	0.07	180.85	0
20130329T070000	-26.35	87.1	0.03	257.2	0
20130329T080000	-24.41	87.2	0.33	156.06	0
20130329T090000	-23.88	84.6	0.19	59.66	0
20130329T100000	-22.02	84.7	0.14	115.19	0
20130329T110000	-20.06	85.2	0.63	66.28	0
20130329T120000	-19.12	82.65	0.48	74.8	0
20130329T130000	-20.38	80.1	1.29	87.6	0
20130329T140000	-18.42	78.65	1.06	79.6	0
20130329T150000	-18.37	77.45	1.84	92.75	0
20130329T160000	-18.5	75.05	2.6	104.25	0
20130329T170000	-18.11	71.85	2.15	96.35	0
20130329T180000	-16.85	68.22	1.23	67.44	0
20130329T190000	-15.66	65.11	1.15	110.85	0
20130329T200000	-17.58	73.45	1.62	112.65	0
20130329T210000	-17.06	78.75	1.61	113	0
20130329T220000	-15.75	77.5	1.24	96.55	0
20130329T230000	-16.2	79.7	1.3	97.8	0
20130330T000000	-15.77	79.25	1.1	97.8	0
20130330T010000	-14.79	75.35	1.65	81.9	0
20130330T020000	-14.84	75.05	1.68	98.75	0
20130330T030000	-14.59	75.2	1.64	80.65	0
20130330T040000	-14.81	75.8	1.48	100.7	0
20130330T050000	-17.13	82.85	1.12	101.85	0
20130330T060000	-17.42	87.05	0.79	120.45	0
20130330T070000	-17.88	86.65	1	45.7	0
20130330T080000	-18.07	85.45	0.26	163.61	0
20130330T090000	-17.75	82.85	0.86	288.9	0
20130330T100000	-17.07	83.35	1.97	276.75	0
20130330T110000	-13.94	77.3	1.49	277.8	0
20130330T120000	-11.48	75.5	2.72	276	0
20130330T130000	-12.7	86.6	4.45	285.65	0
20130330T140000	-14.46	87.9	5.97	283.2	0
20130330T150000	-15.3	87.05	6.36	277.45	0
20130330T160000	-15.27	87.35	5.72	270.25	0
20130330T170000	-15.46	86.7	6.4	283.1	0
20130330T180000	-16.73	84.85	5.48	266.5	0
20130330T190000	-17.57	85.35	4.97	267.75	0
20130330T200000	-19.12	88.05	5.56	274.55	0
20130330T210000	-20.93	90.65	4.69	256	0
20130330T220000	-21.27	91.55	5.78	263.25	0
20130330T230000	-21.12	91.9	6.31	261.75	0
20130331T000000	-20.5	92.5	4.43	259.6	0
20130331T010000	-21.39	91.3	4.37	258.3	0
20130331T020000	-21.27	91.65	3.79	261.65	0
20130331T030000	-20.71	92.35	5.45	258.45	0
20130331T040000	-20.38	92.3	3.28	260.2	0
20130331T050000	-21.73	91.2	4.21	273.35	0
20130331T060000	-21.79	91.15	3.75	267.6	0
20130331T070000	-22.73	90.35	2.47	257.5	0
20130331T080000	-22.34	89.2	2.4	266.35	0
20130331T090000	-21.43	88.1	2.35	258.35	0
20130331T100000	-19.74	87.65	2.32	260.45	0
20130331T110000	-19.19	85.95	2.32	255.6	0
20130331T120000	-18.27	84.9	2.13	259.8	0
20130331T130000	-16.73	82.35	1.58	255.8	0
20130331T140000	-14.88	79.5	0.71	131.5	0
20130331T150000	-15.38	75.45	1.34	211.55	0
20130331T160000	-16	80	1.73	261.95	0
20130331T170000	-15.42	80.45	1.29	275.7	0
20130331T180000	-14.68	76.4	0.29	162.19	0
20130331T190000	-17.26	85.15	1.17	146.31	0
20130331T200000	-21.31	92.65	2.52	10.71	0
20130331T210000	-23.34	92.3	2.24	175.47	0
20130331T220000	-23.9	90.3	1.98	308.35	0
20130331T230000	-24.37	88.55	2.31	311.05	0
20130401T000000	-22.78	90.4	2.93	338.65	0
20130401T010000	-21.27	91.75	2.17	341.4	0
20130401T020000	-20.32	92.6	1.71	345.15	0
20130401T030000	-19.87	93	1.69	343.6	0
20130401T040000	-19.66	93.15	1.53	324.35	0
20130401T050000	-19.27	93.75	1.6	317.95	0
20130401T060000	-18.77	94.2	1.78	323.7	0
20130401T070000	-18.66	94.15	2.31	346.8	0
20130401T080000	-18.67	94.05	2.62	336.05	0
20130401T090000	-18.24	94.2	2.56	340.95	0
20130401T100000	-17.83	94.1	2.44	345.7	0
20130401T110000	-17.46	93.95	3.15	179.19	0
20130401T120000	-17.3	93.6	3.47	17.37	0
20130401T130000	-17.23	92.3	3.55	20.48	0
20130401T140000	-17.72	90.65	3.84	19.16	0
20130401T150000	-18.69	87.4	3.87	184.83	0
20130401T160000	-18.35	85.55	3.41	346.35	0
20130401T170000	-18.49	89.6	3.24	181.1	0
20130401T180000	-19.29	91.05	3.95	20.59	0
20130401T190000	-20.18	91.3	3.35	6.13	0
20130401T200000	-21.41	90.65	3.47	176.3	0
20130401T210000	-22.2	90.85	3.57	177.05	0.46
20130401T220000	-23.53	88.55	3.17	350.9	0
20130401T230000	-23.3	90.6	3.38	14.95	0
20130402T000000	-23.31	89.05	2.71	17.91	0
20130402T010000	-24.36	89.2	1.52	35.22	0
20130402T020000	-24.87	88.1	1.98	37.27	0
20130402T030000	-24.32	88.75	1.22	191.45	0
20130402T040000	-24.4	88.65	2.93	347.2	0
20130402T050000	-23.63	88.95	2.89	349.9	0
20130402T060000	-23.52	89.15	2.42	341.45	0
20130402T070000	-23.55	89.05	2.38	323.45	0
20130402T080000	-22.64	89.75	2.58	325.75	0
20130402T090000	-21.29	89.85	2.81	327.8	0
20130402T100000	-20.76	88.2	3.46	327	0
20130402T110000	-20.07	87.1	4.07	325.3	0
20130402T120000	-19.63	85.4	3.76	310.3	0
20130402T130000	-19.17	84.95	4.77	323.25	0
20130402T140000	-18.91	80.55	3.33	317.1	0
20130402T150000	-18.81	79.85	3.49	338.2	0
20130402T160000	-19.41	79.35	2.75	302.15	0
20130402T170000	-19.62	78.25	2.67	300.5	0
20130402T180000	-21.35	79.25	2.83	292.05	0
20130402T190000	-23.32	80.4	3.99	298.9	0
20130402T200000	-25.18	82.75	4.39	285.5	0
20130402T210000	-25.89	85.75	5.56	279.05	0
20130402T220000	-26.2	86	4.54	273.9	0
20130402T230000	-25.05	87.2	5.42	287.45	0
20130403T000000	-24.83	87.4	3.94	270	0
20130403T010000	-24.41	88	5.28	287	0
20130403T020000	-24.53	87.65	5.37	298.5	0
20130403T030000	-25.41	86.5	5.24	302.35	0
20130403T040000	-25.92	86.35	6.15	312.4	0
20130403T050000	-25.48	86.65	6.04	307.05	0
20130403T060000	-25.8	86.25	5.79	305.3	0
20130403T070000	-25.94	86.05	6.23	313.7	0
20130403T080000	-25.88	85.75	4.6	310	0
20130403T090000	-25.25	84.85	4.45	314.9	0
20130403T100000	-24.62	82.5	5.26	316.7	0
20130403T110000	-24.1	79.65	6.92	316.5	0
20130403T120000	-23.38	79.5	6.35	323.05	0
20130403T130000	-23.27	79.9	6.95	323.05	0
20130403T140000	-22.08	77.35	6.2	323.85	0
20130403T150000	-21.53	77.35	6.07	324.65	0
20130403T160000	-21.79	79.1	6.17	316.75	0
20130403T170000	-22.07	80.1	5.15	312.6	0
20130403T180000	-22.79	79.9	3.9	293.05	0
20130403T190000	-23.91	80.9	4.04	294	0
20130403T200000	-25.71	82.65	4.18	303.85	0
20130403T210000	-27.33	84.15	3.96	290.6	0
20130403T220000	-25.84	86.6	3.8	285.55	0
20130403T230000	-25.22	87.2	4.8	279.2	0
20130404T000000	-23.59	88.6	4.2	280	0
20130404T010000	-23.32	88.75	3.79	276.5	0
20130404T020000	-23.39	88.75	4.12	267.5	0
20130404T030000	-22.87	89.6	5.01	283.15	0
20130404T040000	-22.03	90.2	6.2	275.85	0
20130404T050000	-22.13	90.1	6.13	286.85	0
20130404T060000	-22.34	90.05	7.67	298.2	0.36
20130404T070000	-22.87	89.35	7.36	296.9	0
20130404T080000	-23.09	88.75	6.25	297.5	0
20130404T090000	-23.23	88.1	6.66	304.3	0
20130404T100000	-23.12	86.15	7.64	309.25	0
20130404T110000	-23.26	84.8	7	306.4	0
20130404T120000	-22.48	84	6.44	313.6	0
20130404T130000	-22.16	84.7	6.22	311.05	0
20130404T140000	-22.06	85.5	6.34	309.35	0
20130404T150000	-21.84	85.15	7.43	311	0
20130404T160000	-22.16	85.55	6.76	318.05	0
20130404T170000	-22.44	85.25	6.25	325.2	0
20130404T180000	-22.92	84.95	5.78	325.3	0
20130404T190000	-23.54	85.9	4.69	320.5	0.25
20130404T200000	-24.16	86.7	4.85	325.3	0
20130404T210000	-25.57	85.95	4.27	314.2	0
20130404T220000	-26.08	85.8	4.08	301.2	0
20130404T230000	-26.62	85.4	4.54	298.9	0.27
20130405T000000	-27.05	84.9	5.22	303.75	0
20130405T010000	-26.97	85	5.37	310.4	0
20130405T020000	-27.74	84.05	4.29	313.85	0
20130405T030000	-27.8	84.2	4.07	313.7	0
20130405T040000	-28.01	83.9	4.76	324.5	0
20130405T050000	-28.98	82.75	4.99	319.95	0
20130405T060000	-29.05	82.95	5.21	317.2	0
20130405T070000	-28.3	83.4	3.5	319.4	0
20130405T080000	-28.66	80.25	2.88	332	0
20130405T090000	-28.66	76.45	2.88	328.35	0
20130405T100000	-26.6	75.55	2.85	330.45	0
20130405T110000	-26.37	72.75	1.42	281.9	0
20130405T120000	-25.23	74.6	2.92	312.15	0
20130405T130000	-24.24	75.15	3.21	325.5	0
20130405T140000	-23.47	74.95	2.82	349.6	0
20130405T150000	-22.95	73.65	2.56	19.14	0
20130405T160000	-23.99	74.6	3.38	15.79	0
20130405T170000	-24	74.85	2.56	7.98	0
20130405T180000	-24.6	75.2	2.41	181.13	0
20130405T190000	-26.45	75.9	2.75	178.77	0
20130405T200000	-29	77.85	2.9	343.2	0
20130405T210000	-30.98	79.8	2.79	326.4	0
20130405T220000	-31.83	81.35	2.27	301.5	0
20130405T230000	-32.31	80.9	2.16	295.3	0
20130406T000000	-32.22	81.7	2.04	277.3	0
20130406T010000	-32.3	80.65	1.99	279.2	0
20130406T020000	-32.72	79.65	1.81	295	0
20130406T030000	-33.97	77.6	2.19	312.85	0
20130406T040000	-34.17	77.55	2.26	317.7	0
20130406T050000	-34.56	76.65	2.25	317.05	0
20130406T060000	-33.92	77.6	2.5	334.75	0
20130406T070000	-32.86	78.05	2.63	356.8	0
20130406T080000	-32.59	75.35	1.71	328.85	0
20130406T090000	-30.31	75.7	1.62	349.5	0
20130406T100000	-28.52	75.8	1.67	345.1	0
20130406T110000	-27.3	75	1.77	179.95	0
20130406T120000	-26.2	74.4	2.54	181.81	0
20130406T130000	-24.71	73.1	2.75	15.11	0
20130406T140000	-22.2	73.65	1.73	358.2	0
20130406T150000	-21.38	72.15	1.77	326.75	0
20130406T160000	-22.16	72.45	2.41	315.8	0
20130406T170000	-23.02	74.75	2.83	312.4	0
20130406T180000	-24.16	76.1	3.4	305.2	0
20130406T190000	-25.38	77.95	3.67	293.95	0
20130406T200000	-26.15	79.95	4.16	295.9	0
20130406T210000	-27.22	82.55	3.1	299.3	0
20130406T220000	-28.24	84.3	3.1	299.1	0
20130406T230000	-27.4	86.05	3.13	284.6	0
20130407T000000	-26.73	86.6	2.52	274.2	0
20130407T010000	-27.84	85.5	2.36	267.25	0
20130407T020000	-28.13	85.1	2.07	270.35	0
20130407T030000	-28.67	84.15	1.81	270.55	0
20130407T040000	-29.57	83.3	2.04	274.1	0
20130407T050000	-28.05	84.4	1.07	324.4	0
20130407T060000	-28.8	83.55	0.41	259.35	0
20130407T070000	-28.93	82.35	1.05	272.25	0
20130407T080000	-27.09	79.3	0.45	288.6	0
20130407T090000	-26.02	76.2	0.32	265.15	0
20130407T100000	-25.27	74.25	0.79	263.35	0
20130407T110000	-21.66	72.8	0.81	282.4	0
20130407T120000	-20.86	73.5	0.73	184.35	0
20130407T130000	-17.93	72.25	0.53	59.61	0
20130407T140000	-19.12	69.96	0.57	125.95	0
20130407T150000	-15.66	69.5	1.11	17.08	0
20130407T160000	-16.6	70.47	1.56	340.1	0
20130407T170000	-18.26	70.37	1.81	30.56	0
20130407T180000	-18.68	73.6	1.63	188.29	0
20130407T190000	-21.06	75.5	2.46	350.1	0
20130407T200000	-23.3	79.85	2.29	337.35	0
20130407T210000	-24.39	83.9	2.73	323.8	0
20130407T220000	-24.44	87.15	1.88	317.25	0
20130407T230000	-23.99	87.5	1.46	290.8	0
20130408T000000	-23.98	87.4	1.94	312.55	0
20130408T010000	-24.98	86.1	2.01	325.4	0
20130408T020000	-23.84	88.4	2.4	298.35	0
20130408T030000	-23.07	88.55	4.38	318.15	0
20130408T040000	-22.29	89.8	4.82	316.1	0
20130408T050000	-21.02	91.15	5.22	305.35	0
20130408T060000	-21.59	90.05	6.71	300	0
20130408T070000	-21.29	90.65	6.62	311.6	0
20130408T080000	-20.88	89.4	5.17	310.75	0
20130408T090000	-21.3	87.3	4.83	304.85	0
20130408T100000	-21.2	82.7	5.03	307.7	0
20130408T110000	-19.33	79.65	5.18	324.5	0
20130408T120000	-20.59	79.75	7.67	336.1	0
20130408T130000	-20.39	79.8	7.39	332.1	0
20130408T140000	-21.09	81.45	8.16	334.4	0
20130408T150000	-21.16	81.6	7.27	336.2	0
20130408T160000	-21.25	82.5	6.81	334.45	0
20130408T170000	-21.24	83.75	5.96	336.15	0
20130408T180000	-21.54	84.85	5.17	349.25	0
20130408T190000	-22.35	85.85	5.49	353.8	0
20130408T200000	-23.08	86.85	5.67	352.65	0
20130408T210000	-23.39	87.75	5.82	354.45	0
20130408T220000	-23.27	88.2	5.37	178.79	0
20130408T230000	-23.2	88.35	4.76	178.89	0
20130409T000000	-23.19	88.4	5.29	178.6	0
20130409T010000	-23.97	87.65	4.64	2.12	0
20130409T020000	-24.49	87.7	3.88	354.7	0
20130409T030000	-23.59	88.7	4.16	356.6	0
20130409T040000	-23.84	88.3	4.07	347.2	0
20130409T050000	-24.23	88.2	5.01	347.85	0
20130409T060000	-24.11	88.15	5.67	341.45	0
20130409T070000	-23.7	88.4	6.04	343.65	0
20130409T080000	-23.32	88.5	7.19	331.25	0
20130409T090000	-22.49	88.65	7.62	330.65	0
20130409T100000	-21.85	88.75	8.38	328.9	0
20130409T110000	-21.13	88.65	7.84	326.6	0
20130409T120000	-20.24	88.9	8.1	334.9	0
20130409T130000	-20	90.05	9	322.8	0
20130409T140000	-19.07	91	7.6	323.8	0
20130409T150000	-18.15	91.5	7.9	321.2	0
20130409T160000	-18.07	92.35	8.12	312.35	0
20130409T170000	-17.64	93.3	7.77	312.5	0
20130409T180000	-17.66	93.6	7.95	302.15	0
20130409T190000	-17.75	94.05	8.91	306.6	0
20130409T200000	-17.82	94.4	8.4	302.7	0
20130409T210000	-18.05	94.55	7.97	297.35	0
20130409T220000	-18.43	94.1	9.15	289.45	0
20130409T230000	-18.47	94.4	10.17	302.6	0
20130410T000000	-18.25	94.65	10.14	307.35	0
20130410T010000	-18.14	94.65	10.53	310.05	0
20130410T020000	-18.12	94.7	10.27	306.15	0
20130410T030000	-18.38	94.45	10.26	300.45	0
20130410T040000	-18.59	94.2	11.5	301.8	1.22
20130410T050000	-18.82	93.95	11.25	298.5	0
20130410T060000	-19.16	93.6	11.23	293.75	0.9
20130410T070000	-19.27	93.45	11.25	291.4	0
20130410T080000	-19.2	93.3	11.52	287.65	0
20130410T090000	-19.05	93.15	12.25	289.65	0
20130410T100000	-18.8	92.95	12.44	294.55	0
20130410T110000	-18.61	93	11.98	295.35	0.43
20130410T120000	-18.23	93.2	11.38	288.85	0
20130410T130000	-18	93.4	12.36	294.05	0
20130410T140000	-17.58	93.65	12.56	298.35	0
20130410T150000	-17.11	93.95	11.79	295.1	0
20130410T160000	-16.76	94.25	11.14	295.6	0
20130410T170000	-16.85	94.3	10.65	298.3	0
20130410T180000	-16.96	94.65	10.69	293.25	0.46
20130410T190000	-16.94	94.9	9.32	287.9	0.45
20130410T200000	-17.02	95	9.43	285.45	0
20130410T210000	-17.14	95	9.15	285.75	0.37
20130410T220000	-17.32	95	10.23	284.1	0
20130410T230000	-17.26	95	10.43	288.9	0
20130411T000000	-17.2	95	11.13	290.65	0.64
20130411T010000	-16.97	95	11.02	283.35	0
20130411T020000	-17.16	95	11.73	280.8	0
20130411T030000	-17.37	94.9	10.38	278.65	0
20130411T040000	-17.58	94.7	9.69	279.25	0
20130411T050000	-17.69	94.6	8.82	275.5	0
20130411T060000	-17.62	94.45	8.91	272.95	0
20130411T070000	-17.7	94.25	9.73	273	0
20130411T080000	-17.59	94	10	275.45	0
20130411T090000	-17.38	93.6	9.97	280.05	0.66
20130411T100000	-17.5	93.25	10.25	282.45	0
20130411T110000	-17.45	92.85	10.64	283	0
20130411T120000	-17.38	92.05	11.21	283.05	0
20130411T130000	-17.32	91.95	11	281.25	0
20130411T140000	-17.31	92.25	10.37	285.3	0
20130411T150000	-17.3	92.4	11.29	287.4	0
20130411T160000	-17.66	92.55	11.91	286.7	0.56
20130411T170000	-17.74	92.85	10.79	285.95	0
20130411T180000	-17.76	93.4	10.51	288.8	0
20130411T190000	-17.55	94.15	11.8	293.05	0
20130411T200000	-17.3	94.8	12.18	292.25	0
20130411T210000	-17.06	95	11.79	293.25	0.64
20130411T220000	-17.02	95	12.34	295.25	0.73
20130411T230000	-17.06	95	12.25	297.4	0
20130412T000000	-17	95	11.21	296	0
20130412T010000	-17.19	95	10.29	297.6	0.66
20130412T020000	-17.49	95	11.54	297	0
20130412T030000	-17.59	95	12.12	296.9	0.56
20130412T040000	-17.49	95	12.79	295.35	0
20130412T050000	-17.37	95	13.55	294.4	0
20130412T060000	-17.24	95	13.77	292.05	0.73
20130412T070000	-17.15	95	13.48	293.1	0.86
20130412T080000	-17.02	95	13.41	293.3	0
20130412T090000	-17.04	95	13.43	292.05	0
20130412T100000	-17.07	94.55	13.37	293.6	0
20130412T110000	-17.02	94.2	12.68	295.35	0.43
20130412T120000	-16.87	93.55	12.79	296.45	1.54
20130412T130000	-16.66	94.1	12.68	299.9	0
20130412T140000	-16.12	94.35	10.96	293.6	0
20130412T150000	-15.7	94.55	11.17	291.35	0
20130412T160000	-15.12	94.95	11.95	289.6	0
20130412T170000	-15.08	95	11.96	292.25	0
20130412T180000	-15.1	95	11.91	290.95	0
20130412T190000	-15.05	95	10.77	285.1	0
20130412T200000	-15.06	95	10.95	286.95	0
20130412T210000	-15.2	95	10.48	289.9	0
20130412T220000	-15.38	95	10.1	290.15	0
20130412T230000	-15.24	95	9.97	290.9	0
20130413T000000	-15.3	95	9.51	293.85	0
20130413T010000	-16.27	95	8.45	285.6	0
20130413T020000	-17.13	95	9.09	284.75	0
20130413T030000	-17.02	95	8.98	280.3	0
20130413T040000	-17.08	95	8.29	282.85	0
20130413T050000	-17.09	95	7.94	287.25	0
20130413T060000	-17.04	94.95	7.55	278.95	0
20130413T070000	-18.13	93.3	7.39	272.65	0
20130413T080000	-17.55	92.4	8.51	280.1	0
20130413T090000	-17.01	91.95	9.21	282.35	0
20130413T100000	-16.08	89.25	7.23	260.6	0
20130413T110000	-14.88	88.2	7.81	267.35	0
20130413T120000	-13.61	82.55	5.97	260.9	0
20130413T130000	-12.48	77.85	3.9	251.75	0
20130413T140000	-11.39	76.75	4.36	230.95	0
20130413T150000	-10.6	75.3	4.34	218.4	0
20130413T160000	-10.04	75.7	3.26	212.95	0
20130413T170000	-9.57	73.95	2.32	228.9	0
20130413T180000	-9.91	74.4	2.38	226.6	0
20130413T190000	-10.66	74.9	2.08	246.65	0
20130413T200000	-11.82	76.1	1.72	259.65	0
20130413T210000	-14.18	78.5	2.36	272.7	0
20130413T220000	-15.59	81.25	1.95	267.75	0
20130413T230000	-15.31	81.7	1.84	263.55	0
20130414T000000	-16.12	80.9	1.79	274.85	0
20130414T010000	-18.03	83.5	1.78	291.65	0
20130414T020000	-19.35	85.55	2.29	263.4	0
20130414T030000	-18.83	87.05	1.74	277.2	0
20130414T040000	-20.18	90.65	1.49	271.5	0
20130414T050000	-20.49	91	1.81	266.65	0
20130414T060000	-20.96	89.6	3.02	281.2	0
20130414T070000	-19.96	93.1	2.05	236.05	0
20130414T080000	-17.94	85.5	1.11	231.65	0
20130414T090000	-17.98	83.45	3.31	261.55	0
20130414T100000	-17.05	83.6	4.07	277.2	0
20130414T110000	-16.54	81.15	4.26	270.8	0
20130414T120000	-15.9	81.1	3.8	262.2	0
20130414T130000	-15.34	82.3	4.64	284.45	0
20130414T140000	-14.98	81.85	3.85	278.5	0
20130414T150000	-13.85	79.75	3.19	280.85	0
20130414T160000	-13.29	80	2.83	291.9	0
20130414T170000	-13.25	81.85	3.21	288.95	0
20130414T180000	-13.61	82.95	2.81	291.1	0
20130414T190000	-14.54	84.15	2.94	275.2	0
20130414T200000	-15.7	84.9	2.4	268.45	0
20130414T210000	-17.58	87	2.36	271.65	0
20130414T220000	-18.62	89.2	1.83	276.15	0
20130414T230000	-19.7	90	1.97	275.7	0
20130415T000000	-20.16	92.05	1.65	272.6	0
20130415T010000	-20.63	93.4	1.79	266.6	0
20130415T020000	-21.14	94	1.62	277	0
20130415T030000	-21.99	93.4	1.75	267.1	0
20130415T040000	-21.96	93	1.62	274.9	0
20130415T050000	-22.46	91.3	1.56	266.35	0
20130415T060000	-23.43	89.95	1.85	264.85	0
20130415T070000	-23.13	89.75	1.98	261.6	0
20130415T080000	-22.12	87.25	2.37	259.45	0
20130415T090000	-20.42	85.95	2.17	265.15	0
20130415T100000	-18.71	81.8	2.29	275.15	0
20130415T110000	-16.95	75.35	1.56	269.2	0
20130415T120000	-15.46	69.97	0.97	269.05	0
20130415T130000	-14.59	67	0.79	248.6	0
20130415T140000	-14.62	70	1.19	252.45	0
20130415T150000	-14.88	73.05	1.48	262.05	0
20130415T160000	-14.92	75.2	1.81	276.15	0
20130415T170000	-15.38	78.7	2.3	295.85	0
20130415T180000	-15.32	76.45	1.63	290.6	0
20130415T190000	-16.47	76.75	1.47	316.3	0
20130415T200000	-18.12	81.1	1.19	27.68	0
20130415T210000	-18.71	84.8	0.59	99.4	0
20130415T220000	-20.99	93.1	0.48	220.7	0
20130415T230000	-22.16	93.8	0.49	256.3	0
20130416T000000	-23.06	92.15	0.27	254.15	0
20130416T010000	-23.48	90.6	0.58	157.03	0
20130416T020000	-24.36	90.05	0.73	268.25	0
20130416T030000	-24.45	89.2	0.45	282.15	0
20130416T040000	-25.31	87.6	0.57	283.7	0
20130416T050000	-24.8	88.2	0.59	308.25	0
20130416T060000	-24.95	87.45	0.82	320.6	0
20130416T070000	-23.92	86.95	0.72	275.5	0
20130416T080000	-22.59	84.05	0.83	310.45	0
20130416T090000	-21.3	78.2	1.28	273.05	0
20130416T100000	-19.77	71.1	1.66	267.3	0
20130416T110000	-17.5	65.89	1.31	270.6	0
20130416T120000	-15.51	65.91	1.09	160.03	0
20130416T130000	-17.35	77.25	1.95	13.34	0
20130416T140000	-14.29	68.79	0.79	189.41	0
20130416T150000	-15.41	73.9	1.68	24.73	0
20130416T160000	-16.39	79.95	2.4	26.77	0
20130416T170000	-16.56	82.15	2.55	36.17	0
20130416T180000	-16.83	84.8	2.71	30.96	0
20130416T190000	-17	83.8	1.92	28.68	0
20130416T200000	-17.97	84.65	1.81	19.29	0
20130416T210000	-19.84	90.55	1.84	12.91	0
20130416T220000	-21.31	94.25	2.1	9.89	0
20130416T230000	-21.73	93.3	2.71	13.34	0
20130417T000000	-22.26	91.85	1.95	7.49	0
20130417T010000	-22.94	91.25	1.65	162.27	0
20130417T020000	-24.23	90.1	1.33	334.8	0
20130417T030000	-24.51	90.15	1.66	321.8	0
20130417T040000	-24.52	89.15	1.81	350.2	0
20130417T050000	-25.74	87.25	1.14	322.2	0
20130417T060000	-26.7	86.45	1.35	313.4	0
20130417T070000	-26.25	84.7	1.46	312.35	0
20130417T080000	-24.96	82.65	1.32	300.35	0
20130417T090000	-23.62	80.8	1.44	306.05	0
20130417T100000	-22.94	79.2	2.25	301	0
20130417T110000	-21.54	76.1	1.85	317.5	0
20130417T120000	-20.94	79.6	3.33	330.4	0
20130417T130000	-19.05	79.1	2.78	173.84	0
20130417T140000	-18.88	80.3	3.26	182.85	0
20130417T150000	-18.25	82.25	3.42	5.81	0
20130417T160000	-17.29	81.65	3.34	182.73	0
20130417T170000	-17.03	83.3	3.68	16.87	0
20130417T180000	-17.08	84.15	3.35	8.24	0
20130417T190000	-17.95	85.3	3.25	347.4	0
20130417T200000	-18.64	87.2	3.17	351.1	0
20130417T210000	-19.7	90	2.97	343.9	0
20130417T220000	-20.91	92.35	3.18	346.6	0
20130417T230000	-21.86	92.05	3.25	343.1	0
20130418T000000	-21.95	92.05	3.75	340.1	0
20130418T010000	-22.18	91.7	4.28	347.05	0
20130418T020000	-21.61	92	3.34	176.66	0
20130418T030000	-21.8	91.5	3.48	347.65	0
20130418T040000	-21.57	91.35	4.12	356.35	0
20130418T050000	-21.34	91.6	4.29	354.55	0
20130418T060000	-21.44	91.35	3.97	6.93	0
20130418T070000	-21.53	90.95	4.1	5.6	0
20130418T080000	-21.24	90.75	3.66	5.84	0
20130418T090000	-20.88	90.8	3.48	3.61	0
20130418T100000	-20.38	90.5	3.02	353.55	0
20130418T110000	-20.12	90.25	3.38	354.95	0
20130418T120000	-19.68	90.4	3.65	344.7	0
20130418T130000	-18.97	90.3	3.02	346.6	0
20130418T140000	-18.31	89.6	3.03	341.6	0
20130418T150000	-17.12	88.95	2.83	341.15	0
20130418T160000	-16.55	88	2.85	347.6	0
20130418T170000	-16.71	85.85	3.17	352.25	0
20130418T180000	-16.17	85.25	2.17	352	0
20130418T190000	-15.81	85.9	1.6	347.2	0
20130418T200000	-17.45	85.85	1.12	313.75	0
20130418T210000	-21.83	87.9	1.62	255.2	0
20130418T220000	-23.41	90.3	2.21	258.2	0
20130418T230000	-23.15	90.95	2.79	272.55	0
20130419T000000	-21.91	91.1	2.75	274.95	0
20130419T010000	-21.06	92.05	2.18	260	0
20130419T020000	-19.41	93.7	2.98	257.85	0
20130419T030000	-18.06	94.4	4.07	261.35	0
20130419T040000	-17.73	93.85	5.09	273.3	0
20130419T050000	-17.39	93.65	4.25	270.05	0
20130419T060000	-16.63	94.15	5.99	276.35	0
20130419T070000	-16.64	92.75	4.82	269.35	0
20130419T080000	-16.22	91.9	6.85	284.5	0
20130419T090000	-15.59	89	7.22	282.05	0
20130419T100000	-15.11	85.65	7.15	267.35	0
20130419T110000	-13.75	82.15	7.75	268.3	0
20130419T120000	-12.95	81.45	7.5	268.65	0
20130419T130000	-11.52	79.1	8.34	275.3	0
20130419T140000	-10.85	80.05	9	283.15	0
20130419T150000	-10.14	79.45	8.23	283.45	0
20130419T160000	-9.83	79.05	8.47	285.15	0
20130419T170000	-9.75	76.15	7.95	282.6	0
20130419T180000	-9.86	76.15	7	284.6	0
20130419T190000	-10.02	78.25	6.71	290.1	0
20130419T200000	-9.65	80.75	5.96	282.4	0
20130419T210000	-10.18	80.85	4.78	266.4	0
20130419T220000	-11.18	82.7	5.44	270.1	0
20130419T230000	-11.65	83.05	4.74	264.1	0
20130420T000000	-11.51	82.7	3.15	246.4	0
20130420T010000	-9.18	69.99	5.55	269.25	0
20130420T020000	-9.57	68.22	5.98	267.55	0
20130420T030000	-9.71	66.48	5.53	269.3	0
20130420T040000	-9.83	66.31	4.75	261.35	0
20130420T050000	-10.74	70.46	4.08	239.55	0
20130420T060000	-11.23	74.55	4.02	232.9	0
20130420T070000	-10.39	74.25	3.8	237.5	0
20130420T080000	-9.43	72.55	4.08	242.65	0
20130420T090000	-8.3	69.25	4.33	237.25	0
20130420T100000	-5.71	64.72	4.92	257.05	0
20130420T110000	-4.8	65.01	6.8	275.95	0
20130420T120000	-4.81	68.53	8.15	281.05	0
20130420T130000	-4.94	73.4	9.38	281.7	0
20130420T140000	-4.45	73.85	8.58	276.1	0
20130420T150000	-4.04	70.81	7.16	277.65	0
20130420T160000	-4.42	69.87	5.02	279.55	0
20130420T170000	-4.59	73.25	4.66	291.15	0
20130420T180000	-5.14	75.95	5.6	292.6	0
20130420T190000	-5.78	77.25	4.96	297.65	0
20130420T200000	-6.29	72.4	7.98	306.2	0
20130420T210000	-7.09	76.15	7.63	295.95	0
20130420T220000	-7.52	77.9	8.9	298.6	0
20130420T230000	-7.66	80.3	8	293.75	0
20130421T000000	-7.76	85.35	8.16	293.7	0
20130421T010000	-8.38	88.45	6.92	298.4	0
20130421T020000	-9.12	91	7.03	295.95	0
20130421T030000	-10.15	90.05	8.82	291.55	0
20130421T040000	-10.95	89.95	8.14	281.45	0
20130421T050000	-10.79	89.7	9.14	289.35	0
20130421T060000	-11.44	89.65	8.32	284.45	0
20130421T070000	-10.98	88.45	8.99	287.4	0
20130421T080000	-10.79	86.75	9.28	287.2	0
20130421T090000	-10.65	87.65	10.11	285.85	0
20130421T100000	-9.89	85.5	10.29	286.25	0
20130421T110000	-9.12	86.85	10.71	288.85	0
20130421T120000	-8.77	93.1	10.37	290.75	0
20130421T130000	-8.05	95	11.27	289.8	0
20130421T140000	-7.28	95	12.06	292.8	0
20130421T150000	-6.85	95	13.08	289.95	0
20130421T160000	-6.09	94.85	11.01	282.65	0
20130421T170000	-5.74	93.45	8.68	279.45	0
20130421T180000	-5.73	89.25	8.95	280.65	0
20130421T190000	-5.34	86.75	7.74	270.9	0
20130421T200000	-5.88	85.05	7.4	273.5	0
20130421T210000	-6.37	88.8	9.66	283.45	0
20130421T220000	-7.21	92.7	9.32	286.35	0
20130421T230000	-7.09	94.75	9.93	288.95	0
20130422T000000	-7.04	94.15	9.34	289.1	0
20130422T010000	-6.88	95	9.97	293.1	0
20130422T020000	-7.02	95	9.71	291.95	0
20130422T030000	-7.79	95	8.23	285.4	0
20130422T040000	-8.29	94.35	6.76	280.5	0
20130422T050000	-8.55	92.8	8.07	282.95	0
20130422T060000	-8.82	92.85	9.55	296.7	0
20130422T070000	-8.68	87.85	9.52	293.75	0
20130422T080000	-8	81.7	8.99	286.9	0
20130422T090000	-7.38	77.45	7.62	278.25	0
20130422T100000	-6.75	75.3	6.8	274.3	0
20130422T110000	-5.79	73.25	6.29	272.05	0
20130422T120000	-4.67	73.15	5.35	268.55	0
20130422T130000	-3.07	71.5	5.43	265.15	0
20130422T140000	-1.89	70.03	5.4	269.7	0
20130422T150000	-1.19	72.75	4.75	275.45	0
20130422T160000	-0.84	71.5	5.36	276.1	0
20130422T170000	-1.28	70.85	6.44	279.65	0
20130422T180000	-1.49	72.15	5.88	278.45	0
20130422T190000	-1.68	70.75	7.01	290.95	0
20130422T200000	-2.26	72.6	6.85	283.85	0
20130422T210000	-2.94	78.15	5.84	279.3	0
20130422T220000	-3.56	80.9	5.5	272.9	0
20130422T230000	-2.99	78.75	6.16	278.3	0
20130423T000000	-2.54	78	6.21	287.45	0
20130423T010000	-2.54	73.3	6.26	288.65	0
20130423T020000	-2.73	73.4	5.69	278.5	0
20130423T030000	-2.63	74.25	5.35	285.95	0
20130423T040000	-3.43	83.2	3.62	274.95	0
20130423T050000	-3.17	80.7	4.13	273.6	0
20130423T060000	-3.54	79.2	4.62	271.35	0
20130423T070000	-3.8	79.8	4.65	265.8	0
20130423T080000	-3.4	75.95	4.96	266.45	0
20130423T090000	-2.56	71.75	5.12	267.2	0
20130423T100000	-1.73	70.7	5.91	272.6	0
20130423T110000	-1.47	72.9	7.01	290.55	0
20130423T120000	-1.03	77.65	5.47	285.7	0
20130423T130000	-0.4	82	4.94	292.9	0
20130423T140000	0.42	80.45	4.83	278.45	0
20130423T150000	1.06	78.7	4.03	298.65	0
20130423T160000	1.32	78.1	2.73	297.9	0
20130423T170000	1.41	75.9	2.96	287.25	0
20130423T180000	-0.07	78.6	5.25	295.7	0
20130423T190000	-1.07	83.1	4.23	317.55	0
20130423T200000	-2.3	93.35	4.58	313.05	0
20130423T210000	-2.79	95	4.09	296.85	0
20130423T220000	-3.29	95	4.57	282.9	0
20130423T230000	-5.14	95	4.6	268.55	0
20130424T000000	-6.3	95	4.08	256.85	0
20130424T010000	-6.99	95	4.42	258.75	0
20130424T020000	-7.01	95	4.4	261.95	0
20130424T030000	-6.6	95	4.76	257.8	0
20130424T040000	-6.14	95	5.3	257.25	0
20130424T050000	-5.46	95	4.75	245.9	0
20130424T060000	-4.96	95	4.89	257.2	0
20130424T070000	-4.52	95	4.82	253.35	0
20130424T080000	-4.24	95	3.65	225.95	0
20130424T090000	-4.5	95	3.21	233.15	0
20130424T100000	-4.43	95	3.03	283.55	0
20130424T110000	-3.13	94.1	5.6	307.2	0
20130424T120000	-3.54	95	11.36	302.9	0
20130424T130000	-4.7	95	12.96	285.85	0
20130424T140000	-6.68	95	13.81	296.9	0
20130424T150000	-7.53	95	14.12	302.45	0
20130424T160000	-8.79	95	16.14	309.7	0
20130424T170000	-9.72	95	15.91	308.45	1.07
20130424T180000	-11.02	95	16.53	306.9	0.56
20130424T190000	-12.02	95	16.13	309.85	1.11
20130424T200000	-12.47	95	13.88	309.35	0
20130424T210000	-12.93	95	15.64	312.4	0.9
20130424T220000	-13.14	95	14.07	310.95	1.16
20130424T230000	-13.58	95	13.75	310.65	0
20130425T000000	-13.87	95	12.81	306.75	0.73
20130425T010000	-13.94	95	13.08	307.25	0
20130425T020000	-13.99	95	14.02	315.75	0
20130425T030000	-14	95	14.09	316.4	1.07
20130425T040000	-14	95	15.14	317.35	0
20130425T050000	-14.21	95	15.34	318.7	1.03
20130425T060000	-15.09	95	13.48	316.3	0.9
20130425T070000	-15.51	95	12.04	315.7	0
20130425T080000	-15.76	95	12.95	316.4	0
20130425T090000	-15.78	95	12.84	319.55	0.47
20130425T100000	-15.62	95	12.75	320.95	0.9
20130425T110000	-14.91	95	10.87	316.75	0.43
20130425T120000	-14.48	95	10.32	315.7	1.17
20130425T130000	-14.02	95	10.54	318.9	1.57
20130425T140000	-13.65	94.9	10.29	316.65	0.86
20130425T150000	-13.56	95	9.91	312.75	0
20130425T160000	-13.43	94.6	9.08	313.15	0
20130425T170000	-13.74	94.6	8.2	312.05	0
20130425T180000	-13.96	95	8.92	312.95	0
20130425T190000	-14.27	95	9.21	313.1	0
20130425T200000	-14.47	95	7.57	309.45	0
20130425T210000	-14.55	95	6.86	313.05	0
20130425T220000	-15.37	95	7.79	313.75	0
20130425T230000	-16.39	95	6.35	304.15	0
20130426T000000	-16.96	95	6.08	297.65	0
20130426T010000	-17.21	95	6.03	288.2	0
20130426T020000	-16.8	95	5.92	297.6	0
20130426T030000	-16.9	95	4.9	292	0
20130426T040000	-17.18	95	3.54	272.75	0
20130426T050000	-17.18	95	3.42	263.75	0
20130426T060000	-16.77	95	3.42	264.95	0
20130426T070000	-16.03	95	2.77	264.75	0
20130426T080000	-16.12	94.6	1.98	250.05	0
20130426T090000	-15.06	93.95	2.35	248.25	0
20130426T100000	-14.01	91	3.01	250.3	0
20130426T110000	-13.07	90	2.9	257.4	0
20130426T120000	-12.3	88.35	3.23	259.2	0
20130426T130000	-11.29	85.95	2.14	292.75	0
20130426T140000	-10.5	84.3	1.59	177.88	0
20130426T150000	-9.94	81.35	1.74	51.22	0
20130426T160000	-11.21	82.35	2.21	71.43	0
20130426T170000	-12.63	86.8	3.31	72.6	0
20130426T180000	-13.25	88.9	4.22	71.19	0
20130426T190000	-14.01	91.45	4.07	70.92	0
20130426T200000	-14.86	91.95	4	59.41	0
20130426T210000	-16.39	92.25	3.43	50.58	0
20130426T220000	-18.17	94.1	3.1	40.75	0
20130426T230000	-19.94	93.55	3.65	38.53	0.26
20130427T000000	-21.45	92.65	4.04	37.95	0
20130427T010000	-22.08	93.1	4.29	44.27	0
20130427T020000	-21.71	92.25	4.47	48.52	0
20130427T030000	-22.14	91.2	4.5	41.34	0
20130427T040000	-22.17	91	4	33.91	0
20130427T050000	-22.16	91.05	3.12	19.95	0
20130427T060000	-21.75	91.3	2.64	182.86	0
20130427T070000	-20.63	92	3.94	9.47	0
20130427T080000	-20.6	91.2	4.39	346.55	0
20130427T090000	-20.29	90.45	4.25	334.1	0
20130427T100000	-20.06	89.15	4.69	329.8	0
20130427T110000	-19.56	86.3	4.64	333.4	0
20130427T120000	-19.15	83.95	4.34	330.5	0
20130427T130000	-18.69	82.8	4.15	316.2	0
20130427T140000	-18.27	80	3.73	337.25	0
20130427T150000	-17.51	78.2	3.28	321.65	0
20130427T160000	-17.75	76.95	4.08	320.2	0
20130427T170000	-18.39	77.85	4.59	330.35	0
20130427T180000	-18.79	81.75	4.62	332.3	0
20130427T190000	-18.74	84.55	3.96	329.7	0
20130427T200000	-19.07	85.95	3.56	325.8	0
20130427T210000	-19.61	86.85	2.25	323.6	0
20130427T220000	-20.77	90.85	1.67	294.45	0
20130427T230000	-22.01	91.95	2.47	303.1	0
20130428T000000	-20.95	93.4	2.35	301.55	0
20130428T010000	-19.46	94.6	2.49	290.85	0
20130428T020000	-19.35	94.35	2.02	295.4	0
20130428T030000	-21.31	92.3	1.23	259.1	0
20130428T040000	-22.61	92.25	1.55	244.15	0
20130428T050000	-21.97	93.35	2.41	251.5	0
20130428T060000	-21.59	92.4	2.76	250.15	0
20130428T070000	-21.05	90.5	2.6	245.1	0
20130428T080000	-19.66	87.95	2.25	247.45	0
20130428T090000	-19.65	89.15	5.19	208.85	0
20130428T100000	-18.86	88.5	4.89	200.3	0
20130428T110000	-17.84	87.8	4.71	196.5	0
20130428T120000	-16.46	84.25	4.37	193.05	0
20130428T130000	-15.5	81	4.56	186.9	0
20130428T140000	-14.04	78.7	3.5	165.3	0
20130428T150000	-13.73	79	3.19	143.8	0
20130428T160000	-12.77	75.15	2.55	146.15	0
20130428T170000	-12.47	75.75	2.26	126.6	0
20130428T180000	-13.19	79.9	2.92	112.95	0
20130428T190000	-13.88	78.85	2.61	122.25	0
20130428T200000	-14.69	78.55	2.19	102	0
20130428T210000	-16.06	81.5	1.46	63.99	0
20130428T220000	-16.79	85.1	1.32	58	0
20130428T230000	-17.38	86.2	1.73	44.5	0
20130429T000000	-19.15	89.15	1.12	28.75	0
20130429T010000	-20.44	91.3	1.18	139.69	0
20130429T020000	-20.91	89.75	1.04	177.5	0
20130429T030000	-22.02	91.1	0.65	280.15	0
20130429T040000	-21.62	91.45	0.6	183.73	0
20130429T050000	-23.22	88.7	0.56	357.4	0
20130429T060000	-22.48	85.7	0.57	149.49	0
20130429T070000	-20.98	78.95	0.59	286.7	0
20130429T080000	-20.67	81.9	0.89	282.4	0
20130429T090000	-18.34	73.9	0.49	22.62	0
20130429T100000	-18.11	72.85	0.9	179.2	0
20130429T110000	-17.25	69.91	1.09	22.49	0
20130429T120000	-15.94	65.38	0.83	44.71	0
20130429T130000	-16.59	70.21	1.4	29.41	0
20130429T140000	-16.41	70.2	1.64	27.07	0
20130429T150000	-15.23	67.89	1.62	28.78	0
20130429T160000	-15.12	70.7	1.58	183.06	0
20130429T170000	-14.93	73.85	1.8	178.12	0
20130429T180000	-15.12	79.4	2.52	179.69	0
20130429T190000	-15.19	85.4	3.33	13.61	0
20130429T200000	-15.98	88.05	4	20.25	0
20130429T210000	-17.02	90.3	3.99	17.48	0.21
20130429T220000	-18.05	91.3	4.04	20.86	0
20130429T230000	-20.11	92.2	3.8	18.84	0
20130430T000000	-21.84	92.5	1.18	326.05	0
20130430T010000	-22.83	91.85	2.09	349.55	0
20130430T020000	-24.46	90.1	2.62	318.65	0
20130430T030000	-25.52	88.85	2.46	319	0
20130430T040000	-25.7	88.8	2.06	299.45	0
20130430T050000	-25.09	88.95	1.58	308.65	0
20130430T060000	-25.05	87.3	2.56	332.5	0
20130430T070000	-24.55	84.25	2.28	317.15	0
20130430T080000	-23.64	81.55	1.73	313.9	0
20130430T090000	-22.54	77.9	1.52	296.4	0
20130430T100000	-21.29	74.85	1.61	330.2	0
20130430T110000	-20.91	76.75	2.4	341	0
20130430T120000	-20.45	79.95	3.29	355.75	0
20130430T130000	-19.16	79.55	2.83	348.2	0
20130430T140000	-18.23	82.6	3.21	357.9	0
20130430T150000	-17.86	83.55	3.44	358.2	0
20130430T160000	-17.68	83.1	3.67	357.25	0
20130430T170000	-17.48	81.6	3.18	356.25	0
20130430T180000	-17.61	81.8	3.37	178.5	0
20130430T190000	-17.88	82.3	2.74	354.4	0
20130430T200000	-18.52	80.1	2.25	337.55	0
20130430T210000	-20.24	82.2	2.61	326.75	0
20130430T220000	-22.72	88.45	3.08	322.3	0
20130430T230000	-23.91	90.6	2.73	306.1	0
20130501T000000	-21.97	92.25	3.16	334.1	0
20130501T010000	-20.56	92.6	2.25	348.5	0
20130501T020000	-21.45	91.3	1.8	2.66	0
20130501T030000	-23.02	89.75	1.2	309.35	0
20130501T040000	-24.51	88.05	1.55	264.4	0
20130501T050000	-24.88	88.05	1.89	262.05	0
20130501T060000	-24.38	87.65	1.8	272.85	0
20130501T070000	-23.71	88.05	1.45	263.1	0
20130501T080000	-21.66	89.25	1.13	280.3	0
20130501T090000	-19.63	89.45	0.74	314.7	0
20130501T100000	-18.42	88.25	1	345.05	0
20130501T110000	-17.73	84.7	1.01	194.46	0
20130501T120000	-17.16	82.7	0.95	49.83	0
20130501T130000	-16.98	79.45	1.28	46.49	0
20130501T140000	-16.37	75.75	1.1	28.61	0
20130501T150000	-16.13	74.75	1.11	18.69	0
20130501T160000	-16.68	79	1.58	30.32	0
20130501T170000	-17.62	85.25	2.22	43.32	0
20130501T180000	-18.13	86.8	2.62	37.35	0
20130501T190000	-18.09	85.35	2.64	35.84	0
20130501T200000	-18.89	87.9	2.92	25.14	0
20130501T210000	-19.16	88.55	2.92	30.59	0
20130501T220000	-19.89	92.6	3.08	31.88	0
20130501T230000	-20.85	92.4	3.38	29.48	0.2
20130502T000000	-21.3	92.1	3.02	26.52	0
20130502T010000	-20.8	92.35	3.41	22.73	0
20130502T020000	-20.77	92	3.82	19.1	0.44
20130502T030000	-21.26	91.55	4.58	13.27	0.29
20130502T040000	-21.44	91.4	4.16	3.31	0
20130502T050000	-21.2	91.35	4.24	10.56	0.26
20130502T060000	-21.55	90.45	4.5	9.93	0
20130502T070000	-22.11	88.65	4.11	177.64	0
20130502T080000	-22.16	87.4	3.97	352.3	0
20130502T090000	-21.36	88.25	4.14	355	0.19
20130502T100000	-20.27	88.75	5.04	8.21	0
20130502T110000	-19.65	88.25	5.2	5.43	0.56
20130502T120000	-18.96	88.25	5.47	2.95	0
20130502T130000	-18.13	88.75	5.41	7.48	0
20130502T140000	-17.32	89.1	5.55	7.68	0.59
20130502T150000	-16.68	89.05	5.6	7.76	0
20130502T160000	-16.23	89.3	5.2	6.53	0
20130502T170000	-15.85	89	4.93	8.22	0.27
20130502T180000	-15.8	88.8	5.16	7.53	0
20130502T190000	-16.09	90.1	4.89	11.13	0
20130502T200000	-16.75	91.4	4.02	9.76	0.23
20130502T210000	-17.43	92.85	3.21	179.17	0
20130502T220000	-17.75	93.95	2.97	353.7	0
20130502T230000	-18.85	93.7	3.21	353.15	0.32
20130503T000000	-20.28	93.15	3.2	350.35	0.15
20130503T010000	-20.2	92.9	3.55	347.9	0
20130503T020000	-21.33	91.8	3.43	353.65	0
20130503T030000	-21.77	91.85	2.22	4.47	0
20130503T040000	-22.02	91	2.09	353	0
20130503T050000	-23.15	89.9	1.96	333.5	0
20130503T060000	-22.56	89.75	1.52	346.9	0
20130503T070000	-21.72	87.8	1.06	276	0
20130503T080000	-20.4	86.2	1.55	336.45	0
20130503T090000	-18.41	85	0.82	324.15	0
20130503T100000	-17.48	84.3	0.89	304.25	0
20130503T110000	-15.16	85.75	1.14	31.31	0
20130503T120000	-16.04	86.7	2.29	23.44	0
20130503T130000	-15.13	86.2	2.71	37.61	0
20130503T140000	-15.16	85.9	3.7	40.68	0
20130503T150000	-14.53	84.8	3.75	41.47	0
20130503T160000	-14.44	85.3	4.11	40	0
20130503T170000	-14.32	85.1	4.22	38.9	0
20130503T180000	-14.52	85.3	4.5	39.47	0
20130503T190000	-14.97	86.25	4.26	36.81	0
20130503T200000	-15.77	87.5	4.42	35.94	0
20130503T210000	-16.7	88.65	3.85	34.27	0
20130503T220000	-18.14	91.3	4.13	31.61	0
20130503T230000	-18.58	93.9	4.17	23.48	0
20130504T000000	-18.2	94.3	3.58	16.55	0
20130504T010000	-18.43	94.4	3.39	16.98	0
20130504T020000	-18.67	94.7	3.64	16.18	0
20130504T030000	-18.69	94.85	3.35	16.89	0
20130504T040000	-18.88	94.7	3.35	19.55	0
20130504T050000	-19.05	94.15	3.16	11.2	0
20130504T060000	-19	93.85	3.21	14.18	0
20130504T070000	-18.62	93.35	2.72	185.4	0
20130504T080000	-18.05	92.8	2.76	190.6	0
20130504T090000	-17.48	91.55	2.58	183.17	0
20130504T100000	-16.87	91.45	3.52	8.62	0
20130504T110000	-16.09	90.3	3.42	21.24	0
20130504T120000	-15.26	88.9	3.41	16.47	0
20130504T130000	-14.2	87.9	3.8	22.02	0
20130504T140000	-13.66	89.1	3.79	22.24	0
20130504T150000	-12.83	88.55	4.92	27.51	0
20130504T160000	-12.32	90.3	4.86	28.8	0
20130504T170000	-11.97	93.15	5.78	26.2	0
20130504T180000	-11.42	94.85	5.81	21.84	0.29
20130504T190000	-11.02	95	5.88	33.29	0.46
20130504T200000	-11.04	95	5.82	31.23	0.33
20130504T210000	-11.42	95	6.1	27.55	0.43
20130504T220000	-11.98	95	6.45	23.88	0.55
20130504T230000	-12.54	95	6.2	24.51	0.29
20130505T000000	-13.02	95	6.04	21.32	0
20130505T010000	-13.56	95	6.24	15.28	0.85
20130505T020000	-13.79	95	6.77	14.06	0.72
20130505T030000	-13.82	95	6.28	14.16	0.73
20130505T040000	-13.97	95	5.69	8.47	0.53
20130505T050000	-14.46	95	5.78	4.88	0.85
20130505T060000	-14.93	95	6.12	6.11	0.85
20130505T070000	-15.18	95	6.15	2.96	0.83
20130505T080000	-15.04	95	5.76	180.34	0.86
20130505T090000	-14.71	94.85	5.8	358.05	0.84
20130505T100000	-14.2	93.55	5.7	0.79	0.51
20130505T110000	-13.55	90.95	5.53	351.4	0
20130505T120000	-13.42	90.2	5.36	347.4	0
20130505T130000	-12.98	87.9	4.78	344.6	0
20130505T140000	-12.65	87.8	4.75	341.95	0
20130505T150000	-12.18	87.05	4.63	345	0
20130505T160000	-11.81	86.45	4.58	344.5	0
20130505T170000	-11.69	86.25	3.72	351.9	0
20130505T180000	-11.62	85.7	2.85	354.65	0
20130505T190000	-11.81	82.85	2.29	334.5	0
20130505T200000	-12.8	85.8	2.48	325.45	0
20130505T210000	-14.06	90.3	2.48	327.7	0
20130505T220000	-16.28	94.45	1.65	326.15	0
20130505T230000	-17.83	95	1.42	272.95	0
20130506T000000	-19.46	95	1.48	271	0
20130506T010000	-20.32	93.95	1.21	271.85	0
20130506T020000	-21.02	93.35	1.08	272.4	0
20130506T030000	-20.95	93.45	0.83	267.7	0
20130506T040000	-19.27	94.4	0.48	268.25	0
20130506T050000	-20.45	92.85	0.53	265.85	0
20130506T060000	-19.51	93.25	0.77	262.75	0
20130506T070000	-17.38	92.45	1.96	259.85	0
20130506T080000	-15.68	90.1	1.98	256.05	0
20130506T090000	-12.79	85.05	1.27	240	0
20130506T100000	-11.32	80.8	1.01	211.6	0
20130506T110000	-9.34	74	0.82	182.6	0
20130506T120000	-10.79	80.85	2.51	171.75	0
20130506T130000	-10.2	78.05	2.09	147.25	0
20130506T140000	-9.41	76.3	1.65	126.55	0
20130506T150000	-8.52	75.5	1.55	106.6	0
20130506T160000	-8.33	78.65	2	116.25	0
20130506T170000	-6.98	74.7	1.71	143.25	0
20130506T180000	-6.04	69.42	1.39	141.65	0
20130506T190000	-5.68	66.78	0.79	104.45	0
20130506T200000	-6.32	65.95	0.48	56.39	0
20130506T210000	-9.29	74.45	0.7	273.95	0
20130506T220000	-12.6	86.35	2.1	259.15	0
20130506T230000	-13.38	88.55	2.37	258.7	0
20130507T000000	-13.41	87.85	1.96	264.55	0
20130507T010000	-14.43	88.9	1.61	276	0
20130507T020000	-15.81	90.05	1.99	269.9	0
20130507T030000	-16.23	90.3	2	263.8	0
20130507T040000	-16.73	90.55	1.58	272.35	0
20130507T050000	-16.62	89.25	2.17	260.85	0
20130507T060000	-14.63	84.3	2.52	267.45	0
20130507T070000	-12.29	78.5	2.21	268.5	0
20130507T080000	-11.13	76.5	2.23	263.7	0
20130507T090000	-8.41	69.39	1.1	265.1	0
20130507T100000	-8.44	70.33	1.49	263.5	0
20130507T110000	-5.92	68.41	1.46	266.05	0
20130507T120000	-3	62.3	0.86	251.6	0
20130507T130000	-2.46	61.37	1.4	208.25	0
20130507T140000	-2.73	66.89	2.08	237.1	0
20130507T150000	-3.9	74.55	3.86	197.5	0
20130507T160000	-3.5	73.7	3.35	194.25	0
20130507T170000	-3.1	74.4	3.14	189.85	0
20130507T180000	-1.88	68.34	1.61	173.3	0
20130507T190000	-2.98	68.75	1.79	156.8	0
20130507T200000	-3.81	69.05	1.78	113.35	0
20130507T210000	-3.89	68.44	1.46	95.55	0
20130507T220000	-4.4	69.04	0.78	127.45	0
20130507T230000	-5.13	76.45	5.09	207.9	0
20130508T000000	-4.91	77.1	5.36	211.1	0
20130508T010000	-4.93	81	4.53	216.55	0
20130508T020000	-3.66	81.2	5.59	224.35	0
20130508T030000	-5.53	86.65	4.28	267.85	0
20130508T040000	-7.24	88.55	4.75	297.05	0
20130508T050000	-8.81	89.55	3.04	267.4	0
20130508T060000	-9.32	88.6	2.78	282.95	0
20130508T070000	-7.61	84.55	1.77	264.2	0
20130508T080000	-6.93	81.85	1.56	286.35	0
20130508T090000	-6.42	81.9	2.5	320.2	0
20130508T100000	-5.96	84.55	2.64	291.6	0
20130508T110000	-4.88	83.65	3.09	311.45	0
20130508T120000	-3.21	76.8	2.48	312.1	0
20130508T130000	-3.1	77.7	3.12	329.85	0
20130508T140000	-3.59	82.3	3.13	337.2	0
20130508T150000	-2.25	78.1	2.77	312.4	0
20130508T160000	-1.89	77.7	2.65	299.75	0
20130508T170000	-1.61	74.7	2.49	275.35	0
20130508T180000	-2.53	77.55	3.17	271	0
20130508T190000	-3.35	79.45	3.59	288.95	0
20130508T200000	-4.43	80.45	3.25	266.3	0
20130508T210000	-5.71	83	3.1	257.25	0
20130508T220000	-6.07	84.9	4.97	278.9	0
20130508T230000	-8.23	91.6	3.12	254.8	0
20130509T000000	-6.43	93.5	5.09	278.25	0
20130509T010000	-5.12	95	5.47	274.45	0
20130509T020000	-4.94	94.25	6.45	271.6	0
20130509T030000	-4.77	94.7	6.45	272.4	0
20130509T040000	-4.37	95	6.61	276.2	0
20130509T050000	-3.88	95	6.86	291.65	0
20130509T060000	-4.5	95	6.25	298.6	0
20130509T070000	-4.69	95	4.9	288.15	0
20130509T080000	-5.03	94.85	2.81	264.55	0
20130509T090000	-4.45	94.85	3.2	266.6	0
20130509T100000	-3.2	90.95	3.3	264.65	0
20130509T110000	-2.8	88.55	4.14	297.15	0
20130509T120000	-2.77	90.95	3.63	304.8	0
20130509T130000	-1.39	83.4	1.93	293.15	0
20130509T140000	0.08	76.9	1.27	324.9	0
20130509T150000	0.88	75.6	0.69	28.83	0
20130509T160000	-0.35	81.7	1.5	138.65	0
20130509T170000	-1.52	88.7	2.38	138.7	0
20130509T180000	-0.97	85.25	2.34	157.25	0
20130509T190000	-0.94	83.95	1.7	105.2	0
20130509T200000	-2.15	85.9	1.15	92.1	0
20130509T210000	-1.5	81.7	0.46	103.75	0
20130509T220000	-3.83	90.05	0.57	107.6	0
20130509T230000	-4.88	87.75	2.46	131.85	0
20130510T000000	-5.04	85.8	1.74	114.95	0
20130510T010000	-7.54	95	0.28	187.8	0
20130510T020000	-9.65	95	0.97	281.35	0
20130510T030000	-7.98	93	2.67	284.3	0
20130510T040000	-6.38	88.9	3.04	258.55	0
20130510T050000	-6.05	87.15	3.06	259.1	0
20130510T060000	-5.98	86.15	2.61	266.6	0
20130510T070000	-5.14	78.6	2.02	256.3	0
20130510T080000	-3.17	72.3	2.4	266.1	0
20130510T090000	-1.11	66.28	1.16	258.3	0
20130510T100000	-0.29	64.07	1.12	260	0
20130510T110000	1.24	64.83	1.19	261.95	0
20130510T120000	1.77	64.75	1.52	254.6	0
20130510T130000	2.62	63.55	1.79	242.4	0
20130510T140000	2.8	66.36	2.26	261.55	0
20130510T150000	3.96	66.02	2	263.3	0
20130510T160000	4.46	64.2	1.74	267.3	0
20130510T170000	3.37	68.86	2.35	260.95	0
20130510T180000	3.35	68.8	1.9	262.95	0
20130510T190000	4.53	62.16	0.89	257.4	0
20130510T200000	3.62	63.06	0.36	257.9	0
20130510T210000	2.86	61.15	0.38	155.05	0
20130510T220000	1.29	63.64	0.81	116.9	0
20130510T230000	-0.59	70.3	0.59	110.45	0
20130511T000000	-1.65	71.31	0.88	165.35	0
20130511T010000	-1.06	68.34	0.72	84.6	0
20130511T020000	-4.27	84.9	0.88	53.24	0
20130511T030000	-7.17	92.35	0.66	262.95	0
20130511T040000	-6.67	91.8	0.42	303.4	0
20130511T050000	-6.27	89.2	0.48	224.05	0
20130511T060000	-5.94	81.9	0.06	147.6	0
20130511T070000	-4.18	79.9	0.06	155.95	0
20130511T080000	-1.97	74.9	0.27	89.25	0
20130511T090000	0.3	64	0.1	38.15	0
20130511T100000	1.69	59.23	0.3	47.08	0
20130511T110000	1.43	64.85	0.48	38.24	0
20130511T120000	4.47	58.68	0.33	27.83	0
20130511T130000	4.65	63.16	0.59	8.32	0
20130511T140000	3.87	69.03	0.63	181.11	0
20130511T150000	7.45	56.8	0.21	322.5	0
20130511T160000	5.37	66.84	0.7	30.43	0
20130511T170000	3.18	74.45	0.99	337.35	0
20130511T180000	2.48	78.5	1.25	347.2	0
20130511T190000	3.43	72.35	0.76	169.76	0
20130511T200000	1.77	86.35	1.04	299.05	0
20130511T210000	0.24	94.4	1.94	290.7	0
20130511T220000	0.21	95	1.99	292.45	0
20130511T230000	0.2	95	1.62	273.15	0
20130512T000000	0.12	95	1.12	270.6	0
20130512T010000	0.33	95	1.65	283.65	0
20130512T020000	0.12	95	3.17	271.1	0
20130512T030000	-0.95	95	4.03	279.05	0
20130512T040000	-0.39	95	2.67	285.2	0
20130512T050000	-0.49	95	1.98	275.45	0
20130512T060000	-0.62	95	2.68	264.35	0
20130512T070000	-1.31	95	4.42	278.75	0
20130512T080000	-1.22	95	4.41	284.05	0
20130512T090000	-0.72	95	5.55	297.4	0
20130512T100000	-0.57	95	6.04	300.65	0
20130512T110000	-0.43	95	5.54	286.75	0
20130512T120000	-0.27	95	5.22	282.05	0
20130512T130000	-0.07	95	7.07	296.45	0
20130512T140000	-0.16	95	7.36	295.5	0
20130512T150000	-0.29	95	6.12	294.7	0
20130512T160000	-0.19	95	5.94	301.9	0
20130512T170000	-0.2	95	4.36	308.85	0
20130512T180000	-0.46	95	3.92	294.85	0
20130512T190000	-0.4	95	3.21	317.75	0
20130512T200000	-0.42	95	2.65	298.65	0
20130512T210000	-0.9	95	1.59	319.55	0
20130512T220000	-1.25	95	0.76	192.45	0
20130512T230000	-1.71	95	1.01	191.45	0
20130513T000000	-1.95	95	1.77	211.95	0
20130513T010000	-2.03	95	0.99	196.1	0
20130513T020000	-1.91	95	1.99	156.5	0
20130513T030000	-2.42	95	2.5	145	0
20130513T040000	-2.66	95	2.56	141	0
20130513T050000	-2.74	95	2.74	131.15	0
20130513T060000	-2.75	95	2.6	118.9	0
20130513T070000	-3.06	95	2.46	115.3	0
20130513T080000	-3.25	95	2.25	110.05	0
20130513T090000	-3.07	95	1.69	100.45	0
20130513T100000	-2.29	95	1.54	95.15	0
20130513T110000	-1.54	95	1.29	86.2	0
20130513T120000	-0.33	95	1.34	73.2	0
20130513T130000	0.34	95	1.85	70.36	0
20130513T140000	1.36	94.5	1.66	72.4	0
20130513T150000	2.43	89.85	1.52	81.55	0
20130513T160000	2.88	86.75	2	80.75	0
20130513T170000	2.85	88.6	1.96	111.05	0
20130513T180000	4.41	82.9	1.07	221.45	0
20130513T190000	2.24	91.2	1.66	334.55	0
20130513T200000	2.33	88.95	1.3	296.65	0
20130513T210000	0.1	95	4.75	318.4	0
20130513T220000	-0.18	95	6.93	331.8	0
20130513T230000	-1.78	95	9.52	331.85	0
20130514T000000	-2.93	95	9.44	330.65	0
20130514T010000	-3.97	95	9.47	326.9	0
20130514T020000	-4.73	95	9.14	326.15	0
20130514T030000	-5.82	95	8.58	330.15	0
20130514T040000	-6.49	95	7.87	326.95	0
20130514T050000	-7.01	95	7.06	331.55	0
20130514T060000	-7.36	95	6.84	331.5	0
20130514T070000	-7.52	95	6.87	337.25	0
20130514T080000	-7.13	95	5.72	174.65	0
20130514T090000	-6.85	95	5.82	357.9	0
20130514T100000	-7.12	95	6.78	183.04	0
20130514T110000	-6.67	94	6.18	14.93	0
20130514T120000	-7.09	92.55	5.86	16.77	0
20130514T130000	-7.26	83.1	5.68	24.89	0
20130514T140000	-6.61	79.3	3.88	37.98	0
20130514T150000	-6.47	77.55	4.09	46.66	0
20130514T160000	-6.29	77.55	3.11	52.09	0
20130514T170000	-6.71	80.2	2.61	86.2	0
20130514T180000	-6.71	80.05	2.29	121.5	0
20130514T190000	-6.64	79.7	2.42	126.7	0
20130514T200000	-7	79.6	2.37	126.25	0
20130514T210000	-7.53	81.4	1.97	128.25	0
20130514T220000	-8.27	84.1	1.52	119.2	0
20130514T230000	-9.03	88.1	1.72	112.25	0
20130515T000000	-9.26	91.25	1.63	101.25	0
20130515T010000	-10.13	92.15	1.91	92.8	0
20130515T020000	-10.82	93.7	2.13	93.7	0
20130515T030000	-10.62	89.75	2.81	121.25	0
20130515T040000	-10	86.95	3.04	139.1	0
20130515T050000	-10.67	86.65	2.65	110.65	0
20130515T060000	-10.35	84.45	1.75	69.16	0
20130515T070000	-9.4	79.15	1.63	68.61	0
20130515T080000	-8.94	77.65	1.29	79.9	0
20130515T090000	-6.44	68.79	0.75	41.84	0
20130515T100000	-5.55	68.73	1.28	50.86	0
20130515T110000	-4.48	70.89	1.46	84.36	0
20130515T120000	-3.4	72.35	1.81	112.05	0
20130515T130000	-2.59	72.8	2.43	126	0
20130515T140000	-1.86	71.3	2.24	93.65	0
20130515T150000	-1.65	72.7	2.38	101.9	0
20130515T160000	-1.07	71.9	2.56	105	0
20130515T170000	-0.66	71.65	2.42	118.95	0
20130515T180000	-0.83	69.59	3.38	129.2	0
20130515T190000	-0.73	71.1	3.15	128.9	0
20130515T200000	-0.62	72.95	2.87	135.3	0
20130515T210000	0.07	68.48	1.35	139.75	0
20130515T220000	-0.41	70.1	0.93	146.6	0
20130515T230000	-1.24	73.4	1.59	163.8	0
20130516T000000	-2.4	78	2	213.7	0
20130516T010000	-3.41	85	5.01	206.55	0
20130516T020000	-3.46	86.45	5.43	207.35	0
20130516T030000	-4.22	88.2	5.13	205.3	0
20130516T040000	-4.43	89.35	5.35	206.7	0
20130516T050000	-3.7	85.3	5.7	202.75	0
20130516T060000	-2.97	83.5	6.44	204.25	0
20130516T070000	-2.17	80.8	7.05	204.6	0
20130516T080000	-1.75	80.2	7.13	204.1	0
20130516T090000	-0.54	77.7	7.72	204.35	0
20130516T100000	0.82	74.85	7.02	201.95	0
20130516T110000	2.07	74.05	6.88	203.7	0
20130516T120000	3.03	73.9	7.05	198.8	0
20130516T130000	3.51	75.4	6.83	200.05	0
20130516T140000	3.71	76.3	6.64	198.55	0
20130516T150000	3.82	77	6.03	194.55	0
20130516T160000	3.92	77.45	5.65	194.2	0
20130516T170000	4.12	76.3	5.39	197	0
20130516T180000	4.11	74.85	5.47	196.35	0
20130516T190000	4.02	74.85	5.27	195.9	0
20130516T200000	3.83	74.45	4.36	191	0
20130516T210000	3.28	77.75	3.5	192.85	0
20130516T220000	2.61	79	3.54	183.6	0
20130516T230000	1.89	80.15	3.28	194.95	0
20130517T000000	1.21	81.2	3.02	176.75	0
20130517T010000	0.56	82.8	2.34	179.55	0
20130517T020000	-0.15	85.15	2.72	181.1	0
20130517T030000	-0.14	85	3.15	171.5	0
20130517T040000	0.5	80.85	3.4	167.9	0
20130517T050000	0.18	81.25	2.67	157.15	0
20130517T060000	1.56	73.35	1.81	93.4	0
20130517T070000	2.35	73.95	2.4	128.7	0
20130517T080000	2.91	76.2	3.35	153.65	0
20130517T090000	4.29	73.2	2.46	101.54	0
20130517T100000	3.87	75.05	2.75	96.9	0
20130517T110000	4.43	71.95	3.18	105.8	0
20130517T120000	5.39	68.08	3.24	109.85	0
20130517T130000	5.59	67.91	4.05	122	0
20130517T140000	5.79	69	4.75	114.4	0
20130517T150000	6.06	68.69	4.21	116.35	0
20130517T160000	5.96	71.2	3.35	107.6	0
20130517T170000	5.97	71.3	4.45	119.9	0
20130517T180000	6.17	71.75	2.94	122	0
20130517T190000	6.4	71.1	2.17	119	0
20130517T200000	5.78	73.75	2.98	120.3	0
20130517T210000	6.46	70.86	1.91	78.4	0
20130517T220000	6.89	67.39	1.73	91.95	0
20130517T230000	4.7	77.94	2.28	187.7	0
20130518T000000	-0.03	95	5.81	271.35	0
20130518T010000	-1.64	95	8.71	299.8	0
20130518T020000	-2.25	95	7.17	305.8	0
20130518T030000	-2.44	95	6.91	317.4	0
20130518T040000	-2.71	95	6.97	322.5	0
20130518T050000	-3.26	95	7.17	331.9	0
20130518T060000	-3.71	95	7.29	333.1	0
20130518T070000	-3.64	95	6.67	333.75	0
20130518T080000	-3.4	95	6.42	337.4	0
20130518T090000	-3.31	95	6.17	336.95	0
20130518T100000	-3.08	95	6.03	337.85	0
20130518T110000	-2.69	95	6.29	335.55	0
20130518T120000	-2.4	95	6.6	332.9	0
20130518T130000	-2.58	95	6.42	332.45	0
20130518T140000	-2.4	95	5.95	330.3	0
20130518T150000	-2.58	95	7.77	326.5	0
20130518T160000	-2.99	95	8.6	323.35	0
20130518T170000	-3.82	95	9.7	326.15	0
20130518T180000	-4.74	95	10.54	324	0
20130518T190000	-5.05	95	10.37	324.15	0
20130518T200000	-5.66	95	10.74	326.65	0
20130518T210000	-6.17	95	10.33	324.55	0
20130518T220000	-6.66	95	10.85	323.1	0
20130518T230000	-6.96	95	10.19	321.8	0
20130519T000000	-7.27	95	10.31	321.05	0
20130519T010000	-7.33	95	10.11	322.8	0
20130519T020000	-7.35	95	10.05	324.45	0
20130519T030000	-7.54	95	10.04	326.1	0
20130519T040000	-7.67	95	10.09	327.1	0
20130519T050000	-7.91	95	10.46	327.25	0
20130519T060000	-8.05	95	9.43	324.8	0
20130519T070000	-7.92	95	9.79	321.15	0
20130519T080000	-7.99	95	10.45	318.75	0
20130519T090000	-7.74	95	10.36	319.8	0
20130519T100000	-7.72	94.8	10.1	317.2	0
20130519T110000	-7.42	92.55	10.29	317	0
20130519T120000	-6.8	88.85	9.91	316.3	0
20130519T130000	-6.61	85.85	9.84	316	0
20130519T140000	-6.3	81.95	10.1	318.15	0
20130519T150000	-6.09	78.4	9.75	314.35	0
20130519T160000	-5.93	78.3	9.12	317.05	0
20130519T170000	-6.08	80.05	8.98	316.65	0
20130519T180000	-5.92	78.3	8.57	319.6	0
20130519T190000	-6.11	79.65	8.12	320	0
20130519T200000	-6.64	88.45	7.72	312.25	0
20130519T210000	-6.87	87.35	6.58	315.45	0
20130519T220000	-7.28	91.55	5.54	318.05	0
20130519T230000	-7.81	94.5	4.48	311.7	0
20130520T000000	-7.87	95	4.29	312.5	0
20130520T010000	-7.66	94.95	4.18	323.1	0
20130520T020000	-7.64	95	3.82	328.1	0
20130520T030000	-7.62	95	3.47	328.1	0
20130520T040000	-7.49	95	3.13	319.45	0
20130520T050000	-7.31	95	3.17	327.5	0
20130520T060000	-7.03	93.2	3.33	336.65	0
20130520T070000	-6.77	90.95	3.38	335.1	0
20130520T080000	-6.31	89.5	3.42	327.1	0
20130520T090000	-5.54	79.5	3.11	332.9	0
20130520T100000	-5.2	75.25	3.08	339.15	0
20130520T110000	-4.93	72.4	3	346.35	0
20130520T120000	-3.93	68.31	2.4	341.45	0
20130520T130000	-3.56	66.83	3.05	330.85	0
20130520T140000	-2.76	61.88	2.87	332.05	0
20130520T150000	-1.86	57.62	2.58	340.95	0
20130520T160000	-1.41	55.55	2.72	21.8	0
20130520T170000	-0.83	52.59	2.47	33.2	0
20130520T180000	-0.74	49.99	2.06	51.33	0
20130520T190000	-1.44	56.89	1.98	77.25	0
20130520T200000	-1.73	56.8	2.34	63.89	0
20130520T210000	-2.99	66.31	2.41	82.5	0
20130520T220000	-4.15	71.1	2.37	81.7	0
20130520T230000	-5.58	76.75	1.86	84.05	0
20130521T000000	-6.42	80.15	1.4	95.5	0
20130521T010000	-7.17	83.45	1.29	109.75	0
20130521T020000	-8.02	85.75	1.06	155.8	0
20130521T030000	-7.93	82.2	0.99	120.25	0
20130521T040000	-8.25	80.9	1	164.2	0
20130521T050000	-7.91	79.2	1.59	131.1	0
20130521T060000	-7.11	76.2	3.03	135.5	0
20130521T070000	-5.42	69.91	3	147.15	0
20130521T080000	-3.65	64.78	3.09	149.25	0
20130521T090000	-2.45	66.5	2.83	140.55	0
20130521T100000	-1.24	66.75	2.46	123.15	0
20130521T110000	0.75	57.56	3.37	154.1	0
20130521T120000	2.08	51.92	3.62	149.45	0
20130521T130000	2.81	54.05	3.89	150.05	0
20130521T140000	3.4	57.52	4.17	149.2	0
20130521T150000	4.17	58.25	3.79	147.75	0
20130521T160000	4.93	56.37	4.36	160.2	0
20130521T170000	5.27	54.45	4.73	168.1	0
20130521T180000	5.21	58.51	5.1	171	0
20130521T190000	5.3	61.62	4.54	171.2	0
20130521T200000	4.98	65.12	4.96	175	0
20130521T210000	4.51	69.52	5.1	176.55	0
20130521T220000	3.98	72.65	4.81	187.55	0
20130521T230000	3.27	76.4	5.58	193.45	0
20130522T000000	2.35	81.75	5.12	192.6	0
20130522T010000	1.32	85.4	4.57	191.8	0
20130522T020000	0.67	85.75	4.49	192.6	0
20130522T030000	0.25	85.55	4.63	196.5	0
20130522T040000	-0.11	85.25	4.69	194	0
20130522T050000	0.73	80.05	5.48	195.3	0
20130522T060000	1.14	77.95	6.28	197.25	0
20130522T070000	1.64	76.2	6.37	193.65	0
20130522T080000	2.3	75.75	5.97	195.35	0
20130522T090000	3.09	74.2	5.23	188.1	0
20130522T100000	4.07	70.32	5.29	179.45	0
20130522T110000	4.68	69.6	5.06	178.55	0
20130522T120000	5.32	67.85	5.38	172.65	0
20130522T130000	6.13	64.72	5.13	172.35	0
20130522T140000	6.97	61.66	5.04	171.2	0
20130522T150000	7.42	62.13	4.35	155.9	0
20130522T160000	7.38	62.23	4.75	152.3	0
20130522T170000	7.76	60.33	4.39	152.25	0
20130522T180000	7.75	59.18	4.06	149.1	0
20130522T190000	7.63	59.7	3.56	141.9	0
20130522T200000	8.32	59.5	1.78	99.75	0
20130522T210000	7.01	66.59	2.4	98	0
20130522T220000	6.12	70.05	2.33	94.6	0
20130522T230000	5.92	69.81	1.53	73.75	0
20130523T000000	5.12	72.7	1.36	76.38	0
20130523T010000	3.96	78.6	1.46	87	0
20130523T020000	3.75	79.8	1.33	65.15	0
20130523T030000	3.42	80.35	0.9	46.4	0
20130523T040000	1.05	90.5	0.89	302.55	0
20130523T050000	0.75	94.4	1.22	321.65	0
20130523T060000	1.53	92.45	0.96	315.35	0
20130523T070000	1.82	93	1.26	177.71	0
20130523T080000	2.3	90.75	1.01	348.9	0
20130523T090000	2.46	90.6	2.38	169.65	0
20130523T100000	2.43	91.85	2.92	12.36	0
20130523T110000	3.14	89.55	3.08	12.49	0
20130523T120000	4	85.55	2.95	30.82	0
20130523T130000	5.16	80.4	2.9	55.51	0
20130523T140000	5.87	77.25	2.64	45.52	0
20130523T150000	4.62	83.6	2.83	30.87	0
20130523T160000	4.33	85.65	2.62	31.55	0
20130523T170000	4.29	86.5	1.87	24.13	0
20130523T180000	5.37	82	0.79	20.21	0
20130523T190000	5.59	81.2	0.7	322.2	0
20130523T200000	5.1	85.35	1.47	250.95	0
20130523T210000	3.99	91.9	1.98	252.6	0
20130523T220000	3.25	95	2.41	257.85	0
20130523T230000	2.55	95	2.92	268.1	0
20130524T000000	1.77	95	2.98	263.2	0
20130524T010000	1.26	95	3.88	268.2	0
20130524T020000	0.63	95	4.66	270.5	0
20130524T030000	0.51	95	4.42	270.55	0
20130524T040000	0.33	95	4.42	275.85	0
20130524T050000	0.14	95	5.37	286.25	0
20130524T060000	0.26	95	4.83	289.35	0
20130524T070000	0.43	95	4.54	294.55	0
20130524T080000	0.59	95	4.01	299.65	0
20130524T090000	1.01	95	5.04	309.9	0
20130524T100000	1.5	95	5.12	295.1	0
20130524T110000	1.56	95	5.44	294.6	0
20130524T120000	2	95	5.79	292.3	0
20130524T130000	2.33	95	5.26	286.4	0
20130524T140000	3.38	91.3	4.86	287.35	0
20130524T150000	4.01	88.4	5.06	294.95	0
20130524T160000	3.96	88.3	5.04	295.1	0
20130524T170000	4.11	87.65	4.82	294.45	0
20130524T180000	4.3	86.75	4.62	295.35	0
20130524T190000	4.96	83.35	2.83	317.25	0
20130524T200000	4.8	83.5	2.09	338.4	0
20130524T210000	3.56	88.95	2.44	178.21	0
20130524T220000	1.9	94.95	2.73	26.98	0
20130524T230000	0.76	95	1.79	37.67	0
20130525T000000	-1.25	95	1.18	45.54	0
20130525T010000	-2.35	95	0.38	135.25	0
20130525T020000	-3.38	95	0.96	248.45	0
20130525T030000	-3.13	95	0.43	198.5	0
20130525T040000	-2.35	95	0.92	274.65	0
20130525T050000	-1.83	95	0.56	185.75	0
20130525T060000	0.05	95	0.26	71.75	0
20130525T070000	1.42	93.85	0.79	77.43	0
20130525T080000	3.05	87.95	1.08	79.5	0
20130525T090000	3.72	86.85	1.76	83.4	0
20130525T100000	4.51	83.6	2.1	80.5	0
20130525T110000	5.36	81	2.31	82.25	0
20130525T120000	6.2	78	2.5	87.2	0
20130525T130000	6.74	75.85	2.99	97.05	0
20130525T140000	8.01	70.47	3.41	111.9	0
20130525T150000	8.68	66.53	3.38	111	0
20130525T160000	8.31	67.75	4.31	93.45	0
20130525T170000	7.97	71.5	4.05	79.3	0
20130525T180000	7.98	69.77	3.94	74.13	0
20130525T190000	8.24	68.45	3.42	73.35	0
20130525T200000	7.71	70.37	3.5	69.58	0
20130525T210000	6.05	78.85	3.22	66.19	0
20130525T220000	5.4	81.95	2.2	78.35	0
20130525T230000	5.17	82.55	0.97	61.92	0
20130526T000000	4.45	85.7	1.75	66.85	0
20130526T010000	3.02	92.7	1.6	56.41	0
20130526T020000	2.13	95	1.71	28.59	0
20130526T030000	0	95	0.99	300.75	0
20130526T040000	-0.51	95	1.01	294.85	0
20130526T050000	-1.21	95	1.31	283.85	0
20130526T060000	-0.68	95	0.97	291.15	0
20130526T070000	1.63	95	0.82	295.95	0
20130526T080000	5.06	82.2	0.64	13.11	0
20130526T090000	7.47	73.25	0.83	45.18	0
20130526T100000	7.88	74.3	1.98	74.1	0
20130526T110000	8.59	72.45	2.31	80.75	0
20130526T120000	10.16	67.31	2.59	96.65	0
20130526T130000	11.06	63.83	3.28	102.25	0
20130526T140000	12.71	58.6	2.59	107.1	0
20130526T150000	13.84	55.09	3.45	122.9	0
20130526T160000	14.54	52.58	2.99	140.3	0
20130526T170000	14.75	49.4	2.81	157.1	0
20130526T180000	15.04	47.06	2.5	158.05	0
20130526T190000	15.04	46.95	2.27	160.25	0
20130526T200000	15.09	46.67	1.77	153	0
20130526T210000	15.39	48.29	1.09	96.7	0
20130526T220000	14.98	49.11	0.76	81.71	0
20130526T230000	13.21	53.44	0.33	85.05	0
20130527T000000	10.62	61.98	0.29	245.3	0
20130527T010000	6.31	77.7	1.5	320.6	0
20130527T020000	4.26	87.85	2.13	266.8	0
20130527T030000	3.77	89.5	2.27	269	0
20130527T040000	4.38	87.9	2.47	266.35	0
20130527T050000	5.42	83.35	2.19	271.4	0
20130527T060000	8.13	72.43	1.52	292.3	0
20130527T070000	10.45	63.95	1.47	281.25	0
20130527T080000	10.82	60.48	3.25	305.85	0
20130527T090000	8.24	71.14	6.24	292.85	0
20130527T100000	5.81	80.3	7.12	281.8	0
20130527T110000	5.1	84.2	7.63	290	0
20130527T120000	4.49	87.5	6.74	290	0
20130527T130000	4.25	89.45	6.4	297	0
20130527T140000	4.59	87.7	5.48	298.2	0
20130527T150000	4.88	87.25	6.14	312.05	0
20130527T160000	3.84	92.25	5.87	307.4	0
20130527T170000	3.9	91.1	5.35	322.75	0
20130527T180000	3.23	93.55	5.64	323.65	0
20130527T190000	2.37	95	4.75	331.25	0
20130527T200000	1.28	95	3.96	338.1	0
20130527T210000	0.63	95	4.12	338.65	0
20130527T220000	0.08	95	4.22	336.15	0
20130527T230000	-0.2	95	3.57	327.05	0
20130528T000000	-0.61	95	3.35	346.2	0
20130528T010000	-0.89	95	3.16	340.25	0
20130528T020000	-0.72	95	1.89	297.85	0
20130528T030000	-0.34	95	2.25	288.5	0
20130528T040000	-0.33	95	3.19	299.75	0
20130528T050000	-0.18	95	3.27	295.65	0
20130528T060000	-0.07	95	3.1	299.15	0
20130528T070000	0.25	95	3.02	313.2	0
20130528T080000	0.65	95	2.8	308.4	0
20130528T090000	0.98	95	2.95	319.7	0
20130528T100000	1.55	95	2.85	340.6	0
20130528T110000	2.07	95	2.88	180.26	0
20130528T120000	2.73	94.15	2.17	19.32	0
20130528T130000	3.44	90.2	2.17	50.78	0
20130528T140000	3.52	92.05	2.42	38.7	0
20130528T150000	3.64	93.2	2.21	38.61	0
20130528T160000	3.8	93	2.17	37.17	0
20130528T170000	3.87	94.35	2.96	47.78	0
20130528T180000	4.14	92.15	3.16	74.25	0
20130528T190000	4.16	91	3.64	68.02	0
20130528T200000	4.04	91.1	3.64	79.28	0
20130528T210000	3.75	92.8	3.47	75.67	0
20130528T220000	3.31	94	2.98	48.27	0
20130528T230000	2.4	95	3.32	51.89	0
20130529T000000	2.04	95	3.24	56.66	0
20130529T010000	1.18	95	3.21	60.65	0
20130529T020000	1.02	95	3.1	69.5	0
20130529T030000	1.17	95	3.25	75.35	0
20130529T040000	1.41	95	3.29	75.05	0
20130529T050000	1.81	95	2.97	83.65	0
20130529T060000	2.77	95	3.58	77.4	0
20130529T070000	3.08	95	4	74.9	0
20130529T080000	4.18	90.05	4.38	90.45	0
20130529T090000	4.42	89.25	4.21	94.05	0
20130529T100000	5.54	84.45	3.76	94.95	0
20130529T110000	6.19	82.25	3.38	98	0
20130529T120000	8.64	73.65	3.5	95.55	0
20130529T130000	10.34	67.81	3.03	86.7	0
20130529T140000	12.19	60.8	1.88	94.4	0
20130529T150000	12.05	61.64	3.08	41.17	0
20130529T160000	11.54	63.37	3.51	26.92	0
20130529T170000	12.5	60.63	2.93	25.83	0
20130529T180000	11.47	64.66	3.43	40.81	0
20130529T190000	10.51	67.4	3.38	40.5	0
20130529T200000	10.16	68.22	3.04	30.93	0
20130529T210000	7.59	77.6	4.5	340.45	0
20130529T220000	5.67	84.6	4.4	330.3	0
20130529T230000	3.17	94	5.3	325.9	0
20130530T000000	1.27	95	5	326.1	0
20130530T010000	0.44	95	5.64	325.5	0
20130530T020000	0.16	95	5.23	324.75	0
20130530T030000	-0.1	95	4.47	334.3	0
20130530T040000	-0.36	95	4.59	347.05	0
20130530T050000	-0.54	95	4.15	352	0
20130530T060000	-0.51	95	4.29	353.35	0
20130530T070000	-0.36	95	4.58	348.95	0
20130530T080000	-0.01	95	3.8	351.15	0
20130530T090000	0.32	95	3.2	344.3	0
20130530T100000	0.68	95	3.01	179.49	0
20130530T110000	1.72	94.1	3.01	344.5	0
20130530T120000	3.02	88.05	3.27	344.35	0
20130530T130000	3.92	83.55	3.46	353.4	0
20130530T140000	5.17	77.35	3.31	176.32	0
20130530T150000	5.84	74.7	3.1	183.03	0
20130530T160000	6.25	73.1	3.35	22.7	0
20130530T170000	6.24	73	3.56	14.22	0
20130530T180000	6.24	72.7	3.33	22.38	0
20130530T190000	5.69	75.85	3.85	28.34	0
20130530T200000	5	79.3	3.46	29.22	0
20130530T210000	2.83	88.8	3.35	40.34	0
20130530T220000	2.58	90.3	3.33	40.97	0
20130530T230000	1.58	95	3	28.81	0
20130531T000000	1.01	95	2.5	22.48	0
20130531T010000	0.09	95	2.34	18.68	0
20130531T020000	-0.77	95	2.08	27.71	0
20130531T030000	-0.7	95	2.08	41	0
20130531T040000	-0.78	95	2.66	30.36	0
20130531T050000	-0.73	95	2.66	28.66	0
20130531T060000	-0.59	95	3.08	39.61	0
20130531T070000	-0.61	95	2.65	34.3	0
20130531T080000	-0.28	95	2.64	40.72	0
20130531T090000	0.48	95	2.98	44.92	0
20130531T100000	1.23	94.45	2.63	30.77	0
20130531T110000	3.11	85.9	3.04	38.56	0
20130531T120000	4.54	80	3.08	30.48	0
20130531T130000	5.38	76.8	3.25	32.36	0
20130531T140000	6.3	73.6	3.52	42.62	0
20130531T150000	6.66	71.75	4.12	44.3	0
20130531T160000	7.1	68.19	4.04	38.31	0
20130531T170000	6.79	70.97	4.9	37.05	0
20130531T180000	5.34	77.8	6.59	14.86	0
20130531T190000	3.3	85.2	6.12	181.03	0
20130531T200000	2.29	88.85	5.65	6	0
20130531T210000	1.82	91.8	4.3	7.48	0
20130531T220000	1.14	95	4.54	177.96	0
20130531T230000	0.32	95	4.15	347.9	0
20130601T000000	-0.02	95	4.31	328.85	0.27
20130601T010000	-0.07	95	4.52	336.5	2.05
20130601T020000	-0.24	95	3.81	350.2	2.66
20130601T030000	-0.6	95	3.41	353.15	0
20130601T040000	-0.78	95	3.18	353.05	0
20130601T050000	-0.74	95	3.06	350.65	0
20130601T060000	-0.48	95	2.49	342.45	0
20130601T070000	-0.18	95	2.25	346.3	0
20130601T080000	0.51	95	3.47	338.65	0.78
20130601T090000	0.73	95	4.05	322	0
20130601T100000	1.58	91.1	2.85	326.5	0
20130601T110000	2.27	90.9	3.76	317.95	0
20130601T120000	2.81	88.7	4.12	311.15	0
20130601T130000	3.59	85.15	4.46	308.2	0
20130601T140000	4.63	80.2	4.33	294.85	0
20130601T150000	6.14	74.9	4.62	277.5	0
20130601T160000	6.25	73.85	6.01	285.25	0
20130601T170000	5.99	77.3	6.85	309	0
20130601T180000	3.9	87.25	5.96	320.15	0
20130601T190000	2.49	93.45	5.01	313.35	0
20130601T200000	2.05	95	3.79	323.25	0
20130601T210000	1.82	92.5	3.16	308.75	0
20130601T220000	1.53	93.7	2.99	336.4	0
20130601T230000	1.1	95	2.21	340.75	0
20130602T000000	0.54	95	1.11	342.3	0
20130602T010000	0.24	95	0.92	218.35	0
20130602T020000	0.09	95	1.33	178.45	0
20130602T030000	-0.23	95	2.25	162.6	0
20130602T040000	-0.94	95	2.17	154.8	0
20130602T050000	-0.49	95	2.69	156	0
20130602T060000	-0.1	95	4.52	171.75	0
20130602T070000	0.76	95	4.79	187.5	0
20130602T080000	2.4	90.3	3.83	181.2	0
20130602T090000	4.88	82.6	5.2	188.05	0
20130602T100000	7.43	72.9	6.54	187	0
20130602T110000	9.57	63.02	6.19	194.75	0
20130602T120000	11.18	56.41	7	195.95	0
20130602T130000	12.19	51.8	8.04	194.45	0
20130602T140000	13.18	51.53	8.43	191.45	0.2
20130602T150000	14.16	50.81	8.65	193.15	0
20130602T160000	15.05	47.84	8.71	194.9	0
20130602T170000	15.68	44.81	8.54	191.05	0
20130602T180000	16.29	42.49	7.43	196.75	0
20130602T190000	16.29	41.31	6.88	208.2	0
20130602T200000	15.69	42.38	6.32	215.8	0
20130602T210000	14.82	45.33	5.59	212.85	0
20130602T220000	13.73	50.42	5.17	215.25	0
20130602T230000	12.17	56.88	4.54	216.4	0
20130603T000000	10.49	63.14	3.97	209.95	0
20130603T010000	9.54	66.72	3.73	214	0
20130603T020000	8.29	72.2	2.83	246.05	0
20130603T030000	9.09	70.47	3.01	263.15	0
20130603T040000	9.72	70.16	3.08	250.55	0
20130603T050000	10.28	69.87	2.72	255.45	0
20130603T060000	11.6	66.64	3.2	251.65	0
20130603T070000	13.31	62.74	2.78	250.55	0
20130603T080000	14.99	58.65	2.78	218.6	0
20130603T090000	17.05	50.27	1.47	194.25	0
20130603T100000	18.72	43.08	1.25	137.35	0
20130603T110000	19.52	37.01	1.7	151.5	0
20130603T120000	20.31	36.26	2.1	133.9	0
20130603T130000	21.31	21.89	1.51	191.6	0
20130603T140000	21.41	29.24	2	139.1	0
20130603T150000	20.67	36.73	3.55	58.37	0
20130603T160000	20.91	34.23	3.33	41.53	0
20130603T170000	21.18	33.46	3.37	48.66	0
20130603T180000	21.41	32.48	3.81	58.69	0
20130603T190000	19	40.89	3.49	41.99	0
20130603T200000	16.03	52.39	2.73	27.42	0
20130603T210000	11.55	65.65	4.03	182.92	0
20130603T220000	6.71	79.1	5.89	19.86	0
20130603T230000	5.27	85.2	4.57	188.55	0
20130604T000000	2.98	95	3.84	9.05	0
20130604T010000	1.62	95	4.51	12.66	0
20130604T020000	0.74	95	4.12	349.3	0
20130604T030000	0.27	95	4.02	348.45	0
20130604T040000	0.1	95	5.25	353.45	0
20130604T050000	-0.06	95	5.73	4.01	0
20130604T060000	-0.14	95	5.41	17.84	0
20130604T070000	-0.28	95	5.23	19.52	2.83
20130604T080000	-0.45	95	5.57	18.11	0.57
20130604T090000	-0.8	95	6	19.65	0
20130604T100000	-0.94	95	5.8	16.79	0
20130604T110000	-0.95	95	6.29	18.65	0
20130604T120000	-0.85	95	6.94	22.27	0
20130604T130000	-1.04	95	6.78	25.02	0
20130604T140000	-1.37	95	6.53	27.4	0
20130604T150000	-1.44	95	6.27	24.34	0.34
20130604T160000	-1.49	95	6.52	29.75	0
20130604T170000	-1.75	95	6.35	32.98	0
20130604T180000	-2.07	95	5.64	28.41	0
20130604T190000	-2.19	95	5.52	29.12	0
20130604T200000	-2.48	95	5.29	27.23	0
20130604T210000	-2.66	95	5.54	29.63	0
20130604T220000	-2.62	95	5.26	36.65	0
20130604T230000	-2.66	95	5.19	31.24	0
20130605T000000	-2.74	95	5.05	39.83	0
20130605T010000	-2.85	95	5.27	34.81	0
20130605T020000	-2.98	95	4.57	42.38	0
20130605T030000	-3.02	95	4.25	39.32	0
20130605T040000	-2.97	95	3.91	42.05	0.38
20130605T050000	-3.04	95	3.58	35.15	0.35
20130605T060000	-3.04	95	3.38	30.55	0
20130605T070000	-2.73	95	3.39	30.08	0.48
20130605T080000	-2.6	95	3.56	29.73	0
20130605T090000	-2.29	95	3.54	33.54	0.19
20130605T100000	-1.71	95	3.47	37.41	0.81
20130605T110000	-1.45	95	3.9	40.82	0.87
20130605T120000	-1.58	95	3.89	37.75	0.17
20130605T130000	-1.13	95	3.66	39.25	0.63
20130605T140000	-1.48	95	3.03	41.24	0.18
20130605T150000	-0.94	95	2.49	45.83	0.63
20130605T160000	-0.56	95	2.79	39.72	0.27
20130605T170000	-0.59	95	2.76	35.86	0
20130605T180000	-0.35	95	2.92	8.29	0.55
20130605T190000	-0.28	95	4.04	11.19	0
20130605T200000	-1.27	95	3.74	352.05	0.19
20130605T210000	-1.4	95	4.01	354.4	0.5
20130605T220000	-1.74	95	4.12	180.43	0
20130605T230000	-2.36	95	3.7	350.1	0
20130606T000000	-2.69	95	3.4	179.06	0
20130606T010000	-3.12	95	3.61	352.05	0
20130606T020000	-3.33	95	2.69	344.55	0
20130606T030000	-3.77	95	2.3	338	0
20130606T040000	-3.57	95	2.07	337.5	0
20130606T050000	-4	95	1.39	325.65	0
20130606T060000	-3.17	95	1.29	181.29	0
20130606T070000	-1.56	95	1.02	13.16	0.1
20130606T080000	-1.5	95	1.41	81.4	0
20130606T090000	-1.13	95	1.67	79.53	0
20130606T100000	-0.46	95	1.47	115.15	0
20130606T110000	-0.23	95	1.71	91.85	0
20130606T120000	0.61	91.55	2.23	72.98	0
20130606T130000	2.21	83.05	2.96	66.34	0
20130606T140000	3.45	78.1	3.12	64.72	0
20130606T150000	3.81	76.15	3.82	63.55	0
20130606T160000	3.94	74.8	4.25	66.67	0
20130606T170000	3.98	72.8	4.48	63.15	0
20130606T180000	3.62	78.3	4.8	37.31	0
20130606T190000	2.56	84.6	5.08	38.14	0
20130606T200000	1.5	90.3	5.52	37	0
20130606T210000	1.06	90.4	5.9	35.66	0
20130606T220000	0.9	92.2	5.69	26.28	0
20130606T230000	-0.11	95	5.94	30.95	0.13
20130607T000000	-0.79	95	5.39	33.36	0.27
20130607T010000	-0.95	95	4	36.39	0.44
20130607T020000	-1.28	95	3	32.72	0
20130607T030000	-1.16	95	2.54	21	0
20130607T040000	-1.08	95	2.41	181.31	0
20130607T050000	-1.13	95	2.94	6.47	0
20130607T060000	-0.98	95	3	15.8	0
20130607T070000	-0.77	95	2.84	17.7	0
20130607T080000	-0.36	95	2.5	11.25	0
20130607T090000	0.69	95	2.6	35.19	0
20130607T100000	2.46	87	3.15	44.29	0
20130607T110000	3.65	79.75	3.26	38.14	0
20130607T120000	5.2	71.22	2	38.1	0
20130607T130000	6.1	67.39	1.61	30.98	0
20130607T140000	7.26	64.17	2.12	58.34	0
20130607T150000	7.85	62.42	2.44	52.14	0
20130607T160000	8.5	60.66	2.42	55.2	0
20130607T170000	8.85	59.6	3.47	52.57	0
20130607T180000	9.12	58.12	3.32	68.59	0
20130607T190000	8.65	57.64	4.18	74	0
20130607T200000	8.43	57.42	4.42	69.42	0
20130607T210000	8.26	59.06	3.52	55.62	0
20130607T220000	7.47	61.95	3.25	66.08	0
20130607T230000	6.4	66.62	2.27	87.55	0
20130608T000000	4.89	70.9	1.91	89.4	0
20130608T010000	3.63	75.8	1.35	99.15	0
20130608T020000	2.87	80.2	1.17	53.17	0
20130608T030000	2.62	82	0.71	103.05	0
20130608T040000	2.74	83.2	1	79.48	0
20130608T050000	3.05	83.55	0.93	65.11	0
20130608T060000	5.24	74.55	0.52	97.65	0
20130608T070000	7.49	66.75	2.07	133.7	0
20130608T080000	9.85	58.28	3.35	181.45	0
20130608T090000	10.98	54.3	3.98	182.25	0
20130608T100000	11.66	53.27	4.29	189.15	0
20130608T110000	12.28	51.78	4.44	195	0
20130608T120000	13.2	49.31	4.17	196.45	0
20130608T130000	13.85	46.98	3.95	194.1	0
20130608T140000	14.64	44.82	3.77	189.4	0
20130608T150000	15.18	42.26	3.26	201.95	0
20130608T160000	15.62	39.69	3.23	198.1	0
20130608T170000	16	38.05	2.72	209.9	0
20130608T180000	16.2	37.16	2.75	193.25	0
20130608T190000	16.3	36.98	2.5	196.75	0
20130608T200000	16.3	37.47	2.71	173.45	0
20130608T210000	15.24	42.28	4.21	137.35	0
20130608T220000	14.25	45.08	3.67	143.7	0
20130608T230000	12.68	49.6	3.62	153.3	0
20130609T000000	11.04	55.85	4.08	165.6	0
20130609T010000	9.18	63.39	3.77	183.35	0
20130609T020000	7.64	68.69	3.46	186.35	0
20130609T030000	7	71.65	3.59	188.85	0
20130609T040000	7.87	68.02	4.54	190.55	0
20130609T050000	8.28	67.98	4.85	186.15	0
20130609T060000	8.51	69.4	4	179.75	0
20130609T070000	11.92	59.02	4.11	172.35	0
20130609T080000	12.5	56.92	4.96	164.35	0
20130609T090000	14.61	50.59	6.42	170.8	0
20130609T100000	16.79	43.84	6.95	187.4	0
20130609T110000	17.72	43.64	7.2	199.3	0
20130609T120000	19.14	40.61	7.83	217.7	0
20130609T130000	18.95	41.73	7.04	215.9	0.16
20130609T140000	19.84	40.59	6.42	213.9	0
20130609T150000	21.74	36.73	6.72	215.15	0
20130609T160000	22.33	34.53	6.29	224.6	0
20130609T170000	22.03	34.2	5.81	227.5	0
20130609T180000	21.21	36.2	4.62	224.45	0
20130609T190000	21.46	37.86	6	228	0
20130609T200000	20.63	38.92	4.32	276.65	0
20130609T210000	15.97	54.31	5.61	267.9	0
20130609T220000	8.96	83.4	6.83	275.5	0
20130609T230000	5.41	93.85	5.08	277.45	0
20130610T000000	4.16	95	5.33	287.75	0
20130610T010000	3.65	95	3.22	262.1	0
20130610T020000	2.99	95	3.93	269.55	0
20130610T030000	2.83	95	2.75	258.65	0
20130610T040000	3.49	95	3.83	260.1	0
20130610T050000	3.89	95	3.33	280.25	0
20130610T060000	4.12	95	3.93	288.4	0
20130610T070000	5.07	95	2.76	287.75	0
20130610T080000	6.69	95	3.02	281.05	0
20130610T090000	6.8	95	1.96	288	0
20130610T100000	6.97	95	1.66	289.25	0
20130610T110000	7.29	95	1.2	265.05	0
20130610T120000	8.96	88.95	1.4	49.75	0
20130610T130000	10	84.3	2	80.65	0
20130610T140000	10.39	81.85	1.98	95.65	0
20130610T150000	10.88	76.85	2.48	49.9	0
20130610T160000	11.45	73.25	3.38	32.71	0
20130610T170000	11.88	69.24	4.54	9.79	0
20130610T180000	10.75	71.09	4.98	28.86	0
20130610T190000	8.31	77.3	5.69	3.7	0
20130610T200000	7.47	78.85	5.96	0.96	0
20130610T210000	6.87	81.15	5.45	7.89	0
20130610T220000	5.82	84.2	4.35	19.55	0
20130610T230000	4.21	90.25	3.4	28.06	0
20130611T000000	2.85	93.85	3.17	21.79	0
20130611T010000	1.71	95	2.43	181.69	0
20130611T020000	-0.29	95	2.99	357.05	0
20130611T030000	-0.98	95	2.56	13.23	0
20130611T040000	-0.55	95	2.39	14.25	0
20130611T050000	-0.37	95	1.85	182.61	0
20130611T060000	0.02	95	1.32	51.6	0
20130611T070000	0.38	95	1.36	59.18	0
20130611T080000	0.71	95	1.79	63.89	0
20130611T090000	1.16	95	1.69	33.01	0
20130611T100000	1.22	95	2.4	47.92	0
20130611T110000	1.56	95	2.19	54.02	0
20130611T120000	2.01	95	2.29	41.94	0
20130611T130000	2.92	95	1.82	37.02	0
20130611T140000	4.94	92	2.12	45.48	0
20130611T150000	5.91	88.2	2.91	43.54	0
20130611T160000	6.97	84.2	2.96	49.95	0
20130611T170000	7.98	79.65	3.09	60.09	0
20130611T180000	8.17	78.9	3.34	44.89	0
20130611T190000	7.94	78.85	3.54	39.48	0
20130611T200000	7.64	77.9	3.02	51.66	0
20130611T210000	7.7	75.95	2.7	40.25	0
20130611T220000	7.75	77.7	2.75	45.71	0
20130611T230000	6.84	80.55	2.28	45.34	0
20130612T000000	4.67	87.3	2.24	26.56	0
20130612T010000	2.5	95	1.88	19.34	0
20130612T020000	1.74	95	1.45	171.81	0
20130612T030000	1.95	95	1.49	345.35	0
20130612T040000	1.87	95	1.77	335.85	0
20130612T050000	2.14	95	1.76	180.48	0
20130612T060000	2.77	95	1.53	352.1	0
20130612T070000	3.33	95	1.81	351.1	0
20130612T080000	5.17	89.8	2.03	174.38	0
20130612T090000	6	86.4	2.58	29.2	0
20130612T100000	6.8	83.35	2.52	35.03	0
20130612T110000	6.31	85.4	2.58	46.29	0
20130612T120000	6.34	85.75	4.02	42.75	0
20130612T130000	7.27	84.75	3.71	33.8	0
20130612T140000	8.41	81.75	3.21	33.61	0
20130612T150000	8.92	81.8	3.79	40.66	0
20130612T160000	9.38	82.45	3.13	39.51	0
20130612T170000	9.71	82.45	3.75	37.62	0
20130612T180000	10.55	79.55	3.46	43.41	0
20130612T190000	10.07	81.9	2.96	43.91	0
20130612T200000	10.78	79.45	2.71	43.52	0
20130612T210000	10.59	81.15	2.79	68.06	0
20130612T220000	9.72	84.55	2.43	67.83	0
20130612T230000	8.71	87.95	1.81	40.82	0
20130613T000000	7.08	93	1.73	181.86	0
20130613T010000	4.87	95	1.84	334.6	0
20130613T020000	3.79	95	1.85	318.25	0
20130613T030000	3.25	95	1.27	315.15	0
20130613T040000	3.37	95	1.48	312.85	0
20130613T050000	3.62	95	1.17	295.4	0
20130613T060000	4.34	95	1.44	326.25	0
20130613T070000	4.5	95	1.64	315.15	0
20130613T080000	6.89	89.15	1.09	176.65	0
20130613T090000	8.64	80.85	1.5	185.91	0
20130613T100000	10.79	73.15	2.25	350.2	0
20130613T110000	13.04	67.36	2.38	37.51	0
20130613T120000	13.7	64.2	2.21	42.93	0
20130613T130000	14.12	61.57	2.89	45.69	0
20130613T140000	14.77	56.81	2.71	52.16	0
20130613T150000	15.49	54.04	2.91	56.3	0
20130613T160000	15.8	54.72	3.5	50.25	0
20130613T170000	16.25	53.89	3.19	45.11	0
20130613T180000	15.45	53.91	4.23	57.05	0
20130613T190000	13.79	60.96	4.06	51.79	0
20130613T200000	13.46	61.67	3.52	62.46	0
20130613T210000	12.27	64.7	3.34	75.45	0
20130613T220000	11.7	61.71	2.6	68.37	0
20130613T230000	10.73	64.79	1.87	31.45	0
20130614T000000	8.68	70.4	1.6	142.34	0
20130614T010000	7.31	75.7	0.71	161.66	0
20130614T020000	5.68	84.1	1.45	131.62	0
20130614T030000	5.16	90.05	0.94	24.56	0
20130614T040000	4.67	92.2	0.98	281.15	0
20130614T050000	6.99	85.35	0.91	180.89	0
20130614T060000	7.2	85.35	2.31	80.2	0
20130614T070000	8.1	78.3	2.8	103.35	0
20130614T080000	10.44	68.16	2.36	113.25	0
20130614T090000	12.1	62.8	2.51	108.65	0
20130614T100000	13.82	58.26	3.13	106.2	0
20130614T110000	15.36	53.76	3.35	98.8	0
20130614T120000	16.52	50.3	3.53	87.45	0
20130614T130000	16.88	50.12	4.5	68.04	0
20130614T140000	17.93	47.67	4.58	67.17	0
20130614T150000	18.78	45.22	4.27	62.27	0
20130614T160000	19.24	44.7	4.51	66.36	0
20130614T170000	19.67	44.12	4.54	60.27	0
20130614T180000	19.84	43.06	4.28	62.45	0
20130614T190000	19.84	42.18	3.4	62.3	0
20130614T200000	19.7	42.06	3	69.03	0
20130614T210000	19.26	44.64	2.58	49.22	0
20130614T220000	17.86	50.12	2.08	57.63	0
20130614T230000	15.61	57.19	1.27	26.61	0
20130615T000000	13.78	61.48	1	156.63	0
20130615T010000	11.7	70.8	1.18	256.55	0
20130615T020000	11.69	69.33	0.86	217.5	0
20130615T030000	13.17	61.89	1.38	193.4	0
20130615T040000	13.79	58.01	1.51	237.9	0
20130615T050000	15.16	52.52	2.47	220.95	0
20130615T060000	16.2	50.56	2.44	165.8	0
20130615T070000	18.44	47.59	1.26	151.9	0
20130615T080000	20.15	45.67	1.71	142.95	0
20130615T090000	22.14	37.83	3.14	189.4	0
20130615T100000	22.84	37.55	3.63	199.2	0
20130615T110000	24.04	34.6	3.38	194.7	0
20130615T120000	24.61	34.84	2.47	215.9	0
20130615T130000	24.9	34.87	2.75	285.45	0
20130615T140000	24.42	36.36	3.49	300.85	0
20130615T150000	24.02	37.94	5.02	300.75	0
20130615T160000	21.73	45.19	5.77	312.7	0
20130615T170000	20.91	52.64	2.41	28.76	0
20130615T180000	19.09	58.36	3.28	54.27	0
20130615T190000	18.24	54.12	2.4	32.07	0
20130615T200000	15.55	64.89	4.53	346.5	0
20130615T210000	14.37	68.17	3.88	345.6	0
20130615T220000	12.71	75.05	2.38	177.58	0
20130615T230000	10.39	85.05	2.05	160.84	0
20130616T000000	8.57	92.35	2.14	309.95	0
20130616T010000	7.79	95	1.72	312.85	0
20130616T020000	7.64	95	1.65	312.4	0
20130616T030000	6.98	95	1.02	284.2	0
20130616T040000	6.94	95	1.36	314.75	0
20130616T050000	7.17	95	1.42	169.91	0
20130616T060000	7.24	95	0.92	296.15	0
20130616T070000	8.93	90.55	0.43	149.5	0
20130616T080000	10.83	84.55	0.72	198.2	0
20130616T090000	12.24	83.3	1.98	284.5	0
20130616T100000	11.43	91.05	3.91	297.1	0
20130616T110000	10.7	95	3.66	305.4	0
20130616T120000	12.53	90.15	5.36	309.2	0
20130616T130000	14.86	72.61	6.93	316.95	0
20130616T140000	15.2	78.05	7.35	324.15	0
20130616T150000	13.53	89.65	6.81	317.55	0
20130616T160000	11.38	95	7.93	310.3	0
20130616T170000	9.35	95	9.57	307.55	0
20130616T180000	6.75	95	11.14	309.95	0
20130616T190000	3.41	95	10.84	314.75	0
20130616T200000	2.46	95	9.64	316.95	0
20130616T210000	2.12	95	10.44	315.45	0
20130616T220000	1.83	95	9.74	316.55	0
20130616T230000	1.52	95	8.39	311.7	0
20130617T000000	1.54	95	8.82	316.45	0.16
20130617T010000	1.47	95	8.29	328.2	0
20130617T020000	1.26	95	8.68	330.6	0.11
20130617T030000	1.15	95	7.55	330.85	0.25
20130617T040000	1.1	95	7.76	332	0
20130617T050000	1.07	95	7.13	331.85	0
20130617T060000	1.05	95	6.68	329.5	0
20130617T070000	1.32	95	6.37	325.1	0
20130617T080000	1.77	95	5.99	321.3	0
20130617T090000	2.26	95	6.64	318.85	0
20130617T100000	2.52	95	5.56	325.15	0
20130617T110000	2.94	95	5.55	331.6	0
20130617T120000	4.21	95	5.31	329.15	0
20130617T130000	5.32	95	4.68	323.85	0
20130617T140000	6.7	89.15	4.05	327.3	0
20130617T150000	8.75	79.7	3.19	336.85	0
20130617T160000	10.34	72.45	2.65	350.45	0
20130617T170000	10.93	69.69	2.27	23.63	0
20130617T180000	11.41	66.14	2.62	179.22	0
20130617T190000	11.4	64.82	3.08	174.47	0
20130617T200000	10.96	64.09	3.35	13.11	0
20130617T210000	10.52	63.87	2.65	28.51	0
20130617T220000	10.04	64.96	1.67	48.97	0
20130617T230000	7.49	77	2.21	41.53	0
20130618T000000	5.21	84.45	1.77	54.25	0
20130618T010000	4.33	88.15	1.25	73.4	0
20130618T020000	3.64	92.25	0.93	67.18	0
20130618T030000	1.52	95	2.22	23.57	0
20130618T040000	0.97	95	1.35	144.78	0
20130618T050000	1.76	94.65	0.85	284.35	0
20130618T060000	4.98	84.15	0.55	70.16	0
20130618T070000	6.83	77.75	1.54	112.25	0
20130618T080000	8.41	73.2	2.11	85	0
20130618T090000	9.25	70.63	2.31	66.99	0
20130618T100000	10.5	66.91	2.17	80.45	0
20130618T110000	11.81	64.43	2.4	67.81	0
20130618T120000	12.97	61.88	2.83	65.39	0
20130618T130000	13.59	60.69	3.54	53.86	0
20130618T140000	14.71	57.03	3.46	51.52	0
20130618T150000	15.09	54.89	4.19	56.34	0
20130618T160000	15.41	52.05	4.18	55.83	0
20130618T170000	15.63	47.67	4.34	51.3	0
20130618T180000	15.59	48.66	4.43	39.98	0
20130618T190000	14.58	51.41	4.99	39.75	0
20130618T200000	13.59	51.47	4.73	39.08	0
20130618T210000	12.29	50.62	4.13	36.52	0
20130618T220000	10.78	59.48	3.95	31.41	0
20130618T230000	9.02	68.88	3.57	24.54	0
20130619T000000	7.27	78.85	4.01	30.3	0
20130619T010000	5.93	84.3	3.1	27.91	0
20130619T020000	4.4	90.8	2.69	21.53	0
20130619T030000	4.05	89.25	1.11	181.15	0
20130619T040000	3.98	90.95	1.54	182.56	0
20130619T050000	4.33	90.65	1.19	352.7	0
20130619T060000	5.53	84.6	1.29	13.62	0
20130619T070000	7.3	74.3	1.69	21.62	0
20130619T080000	8.26	68.97	2.17	31.23	0
20130619T090000	9.7	60.71	2.57	48.22	0
20130619T100000	10.43	58.48	3.31	41.03	0
20130619T110000	11.22	56.48	3.61	40.19	0
20130619T120000	12.27	51.66	4.33	37.33	0
20130619T130000	13.44	50.04	4.5	41.7	0
20130619T140000	14.39	47.81	4.45	38.51	0
20130619T150000	15.55	44.03	4.46	40.67	0
20130619T160000	15.95	42.19	5.02	38.75	0
20130619T170000	16.37	42.09	5.32	39.59	0
20130619T180000	15.27	45.72	5.76	38.73	0
20130619T190000	14.71	47.49	5.38	37.63	0
20130619T200000	14.41	47.12	4.77	38.29	0
20130619T210000	13.1	53.13	3.81	35.94	0
20130619T220000	12.29	55.98	3.44	34.55	0
20130619T230000	10.67	63.83	2.67	31.56	0
20130620T000000	8.56	73.05	2.44	17.29	0
20130620T010000	6.97	81.15	2.67	14.48	0
20130620T020000	5.12	88.6	0.9	300.65	0
20130620T030000	3.71	94.25	1.13	286.05	0
20130620T040000	3.67	95	1.36	284.1	0
20130620T050000	4.93	93.9	1.17	271.4	0
20130620T060000	7.9	83.55	0.84	153.08	0
20130620T070000	11.18	72.15	0.76	69.66	0
20130620T080000	13.43	63.72	1.83	108.15	0
20130620T090000	16.5	57.8	1.79	109.7	0
20130620T100000	19.13	51.59	2.5	76.2	0
20130620T110000	21.83	46.3	2.6	88.45	0
20130620T120000	26.06	37.41	4.38	175.4	0
20130620T130000	27.38	32.93	6.41	212.7	0
20130620T140000	27.94	30.96	7.18	216.85	0.27
20130620T150000	28.59	31.09	6.66	223.05	0.22
20130620T160000	29.08	30.81	5.68	222.5	0
20130620T170000	29.34	30.29	4.97	208.15	0
20130620T180000	29.14	31.7	5.26	191.15	0
20130620T190000	28.97	28.61	5.36	192.45	0
20130620T200000	28.61	28.66	4.98	194.95	0
20130620T210000	27.91	30.62	3.75	193.2	0
20130620T220000	26.01	35.74	2.73	190.65	0
20130620T230000	23.24	43.23	2.83	189.85	0
20130621T000000	20.32	50.47	2.85	194.65	0
20130621T010000	19.02	52.66	3.3	197.65	0
20130621T020000	17.81	55.92	3.18	194.4	0
20130621T030000	18.3	52.88	4.6	202.25	0
20130621T040000	18.67	50.86	5.54	209.45	0
20130621T050000	19.38	50.11	5.33	207.15	0
20130621T060000	20.6	49.69	3.59	215.9	0
20130621T070000	22.77	43.67	4.16	206.1	0
20130621T080000	24.45	40.83	5.52	218.6	0
20130621T090000	25.34	41.8	4.93	229.45	0
20130621T100000	24.74	46.76	3.91	255.3	0
20130621T110000	25.02	46	4.26	271.55	0
20130621T120000	21.99	56.45	4.77	258.1	0
20130621T130000	20.12	59.64	5.45	257.5	0
20130621T140000	20.18	58.13	6.29	279.6	0
20130621T150000	21.74	54.06	5.82	320.95	0
20130621T160000	20.57	56.81	5.23	329.65	0
20130621T170000	19.43	58.47	4.21	331.35	0
20130621T180000	18.03	58.62	4.62	330.4	0
20130621T190000	16.97	62.91	5.79	325.05	0
20130621T200000	15.54	69.5	4.27	173.81	0
20130621T210000	13.39	76.75	1.53	68.85	0
20130621T220000	13.14	79.05	1.61	31.63	0
20130621T230000	12.14	83.5	1.09	285.75	0
20130622T000000	11.56	86.25	1.94	294.75	0
20130622T010000	11.2	89.65	2.39	262	0
20130622T020000	11.15	95	3.62	289.75	0
20130622T030000	10.82	95	4.04	298.2	0
20130622T040000	10.63	95	4.8	293.35	0
20130622T050000	10.28	95	3.92	297.45	0
20130622T060000	10.32	95	2.21	296.05	0
20130622T070000	11	94.7	1.18	199.65	0
20130622T080000	10.77	95	2.04	110.9	0
20130622T090000	11.58	94.25	1.39	109.1	0
20130622T100000	11.35	93.8	1.69	100.7	1.24
20130622T110000	11.68	94.15	1.11	104.05	0
20130622T120000	13.43	88.45	1.42	197.3	0
20130622T130000	14.62	84.65	2.4	296.05	0.12
20130622T140000	13.71	88.95	1.53	22.77	0
20130622T150000	14.61	85.9	2.15	273.55	0
20130622T160000	14.23	87.9	2.04	271.3	0
20130622T170000	13.96	91.7	1.6	271.65	0.11
20130622T180000	14.32	89.4	1.77	274.55	0
20130622T190000	15.2	79.4	1.57	299.2	0
20130622T200000	16.36	75.6	1.05	197.05	0
20130622T210000	15.41	88.15	2.13	103.8	0
20130622T220000	14.55	92.3	2.3	106.5	0
20130622T230000	13.92	95	2.04	107.3	0
20130623T000000	12.77	95	1.9	98.6	0
20130623T010000	11.25	95	0.61	74.45	0
20130623T020000	10.19	95	0.32	100.03	0
20130623T030000	9.19	95	0.79	90.25	0
20130623T040000	7.62	95	0.77	168.78	0
20130623T050000	7.73	95	0.47	39.05	0
20130623T060000	9.21	95	0.91	290.15	0
20130623T070000	11.81	95	1.35	301.65	0
20130623T080000	12.48	94.85	3.45	290.2	0
20130623T090000	12.54	95	3.54	284.25	0
20130623T100000	13.25	93.6	3.79	282.35	0
20130623T110000	13.95	91.3	3.89	285.9	0
20130623T120000	14.57	90.8	3.83	299.4	0.24
20130623T130000	15.2	88.35	3.93	312.55	0
20130623T140000	16.05	83.7	3.87	328.65	0
20130623T150000	15.97	81.75	3.92	348.75	0
20130623T160000	15.16	83.4	3.97	12.29	0
20130623T170000	16.05	77.25	4.57	4.62	0
20130623T180000	15.77	71.55	4.29	6.46	0
20130623T190000	14.27	75.45	4.14	5.3	0
20130623T200000	13.08	77.6	4.75	18.78	0
20130623T210000	11.38	82.25	4.13	30.09	0
20130623T220000	9.49	86.2	3.96	25.73	0
20130623T230000	6.11	95	2.74	18.81	0
20130624T000000	5.44	95	4.47	356.1	0
20130624T010000	5.31	95	3.74	177.99	0
20130624T020000	5.12	95	4.38	0.79	0
20130624T030000	4.71	95	3.94	356.75	0
20130624T040000	4.89	95	3.2	26.52	0
20130624T050000	5.43	95	2.35	21.2	0
20130624T060000	5.81	95	2.41	357.5	0
20130624T070000	5.88	95	2	31.2	0
20130624T080000	6.22	95	2	34.8	0
20130624T090000	6.29	95	2.29	25.07	0
20130624T100000	6.77	95	2.56	26.55	0
20130624T110000	7.53	95	1.87	28.5	0
20130624T120000	9.32	94.7	1.9	35.05	0
20130624T130000	10.59	90.5	2.2	25.14	0
20130624T140000	11.79	86.1	2.98	21.11	0
20130624T150000	12.28	83.65	3.79	40.02	0
20130624T160000	11.04	86.5	3.4	49.5	0
20130624T170000	10.28	87.5	3.69	45.91	0
20130624T180000	8.5	92.85	3.73	41.52	0
20130624T190000	7.87	94.8	3.54	44.38	0
20130624T200000	8.13	91.7	2.91	56.01	0
20130624T210000	8.02	87.5	3.76	48.25	0
20130624T220000	7.81	85.15	4.68	44.23	0
20130624T230000	5.46	93.25	4.22	35.29	0
20130625T000000	4.63	95	3.33	21.84	0
20130625T010000	4.06	95	3.79	21.79	0
20130625T020000	3.44	95	3.8	29.36	0
20130625T030000	2.88	95	3.18	34.76	0
20130625T040000	2.42	95	3.59	44.61	0
20130625T050000	1.46	95	4.71	46.8	0
20130625T060000	0.82	95	4.81	39.11	0
20130625T070000	0.77	95	4.67	40.38	0
20130625T080000	1.26	95	4.89	40.23	0
20130625T090000	1.69	95	5.13	42.64	0
20130625T100000	2.19	95	5.22	41.98	0
20130625T110000	2.48	95	5.14	42.27	0.65
20130625T120000	2.97	95	4.98	39.84	0
20130625T130000	3.84	95	4.67	41.84	0
20130625T140000	5.51	94.65	5.2	42.25	0
20130625T150000	6.29	91.65	6.14	39.48	0
20130625T160000	6.57	90.5	5.99	38.08	0
20130625T170000	6.47	90.8	5.95	38.29	0
20130625T180000	6.99	89.45	5.33	37.48	0
20130625T190000	7.46	87.9	5.13	35.07	0
20130625T200000	7.65	87.1	4.17	32.75	0
20130625T210000	8.07	85.8	3.4	39.23	0
20130625T220000	9.43	80.95	2.78	40.86	0
20130625T230000	8.09	88.3	1.94	41.97	0
20130626T000000	7.35	93.1	1.42	24.67	0
20130626T010000	6.58	95	0.84	4.81	0
20130626T020000	5.7	95	0.58	296.6	0
20130626T030000	5.07	95	0.97	281.6	0
20130626T040000	6.4	95	1.13	102.05	0
20130626T050000	7.83	94.75	2	122.4	0
20130626T060000	9.84	88.55	1.63	98.75	0
20130626T070000	10.69	85.75	1.55	98	0
20130626T080000	13.56	77.55	2.08	133.4	0
20130626T090000	16.86	65.75	2.89	170.4	0
20130626T100000	18.47	60.36	3.58	193.55	0
20130626T110000	20.19	57.37	3.65	186.5	0
20130626T120000	21.89	52.66	3.65	189.45	0
20130626T130000	22.9	49.82	4.33	182.35	0
20130626T140000	24.21	47.38	4.33	189	0
20130626T150000	25.37	44.34	5.16	214.25	0
20130626T160000	25.62	44.04	5.33	221.85	0
20130626T170000	25.83	41.77	4.71	232.8	0
20130626T180000	26	42.64	4.36	227.7	0.2
20130626T190000	26.16	41.56	3.26	241.15	0
20130626T200000	25.78	42.94	3.17	236.15	0
20130626T210000	25.2	45.31	2.87	233.1	0
20130626T220000	23.55	53.21	2	258.85	0
20130626T230000	20.69	66.07	2.31	279.25	0
20130627T000000	17.44	76.5	2.69	300.85	0
20130627T010000	13.23	93.35	1.02	330.1	0
20130627T020000	10.64	95	1.9	308.25	0
20130627T030000	9.68	95	1.94	340.4	0
20130627T040000	9.3	95	1.25	302.1	0
20130627T050000	10.27	95	1.37	21.88	0
20130627T060000	11.32	92.65	0.47	143.2	0
20130627T070000	13.41	84.1	0.96	106.8	0
20130627T080000	15.95	76.95	1.17	107.5	0
20130627T090000	18.66	72.65	1.39	107.65	0
20130627T100000	20.99	65.94	1.95	89.65	0
20130627T110000	23.57	59.1	2.21	127.1	0
20130627T120000	25.16	52.44	3.51	149.2	0
20130627T130000	26.93	45.11	5.32	212.55	0
20130627T140000	27.84	39.76	5.17	220.4	0
20130627T150000	28.43	36.55	4.62	219.9	0
20130627T160000	29.05	35.08	3.94	205.15	0
20130627T170000	29.33	35.7	3.42	225.7	0
20130627T180000	29.2	38.42	3.27	206.45	0
20130627T190000	29.05	38.44	3.07	201.15	0
20130627T200000	28.04	42.09	2.61	115.94	0
20130627T210000	24.97	53.15	2.19	36.24	0
20130627T220000	22.66	64.94	1.75	25.33	0
20130627T230000	20.31	72.3	1.05	17.87	0
20130628T000000	17.8	80.25	0.65	34.42	0
20130628T010000	17.34	81.55	0.47	233.75	0
20130628T020000	14.77	94.4	1.29	272.3	0
20130628T030000	14.2	95	2.73	262.4	0
20130628T040000	14.05	95	4.35	269.35	0
20130628T050000	12.4	95	5.62	276.45	0
20130628T060000	12.35	95	4.22	283.65	0
20130628T070000	13.86	89.15	1.88	280.4	0
20130628T080000	15.53	82.15	1.81	275.7	0
20130628T090000	16.38	80.9	3.07	279.45	0
20130628T100000	16.57	80	3.84	275.85	0
20130628T110000	17.81	75.9	4.15	284.05	0
20130628T120000	19.77	70.53	3.25	292.7	0
20130628T130000	21.08	68.82	2.89	35.78	0
20130628T140000	21.8	66.52	2.07	46.88	0
20130628T150000	23.54	61.78	1.5	172.9	0
20130628T160000	24.62	59.72	2.15	20.61	0
20130628T170000	24.31	61.59	2.85	51.45	0
20130628T180000	23.49	63.43	2.12	42.81	0
20130628T190000	23.71	62.25	1.41	43.51	0
20130628T200000	24.41	61.79	1.38	61.91	0
20130628T210000	23.9	64.41	1.78	71.52	0
20130628T220000	22.25	71.97	1.41	79.4	0
20130628T230000	19.96	81.5	1.05	150.45	0
20130629T000000	18.38	90.35	1.63	270.35	0
20130629T010000	18.19	91.35	2.33	281.45	0
20130629T020000	18.25	86.95	4.33	305.75	0
20130629T030000	15.57	95	5.54	307.1	2.85
20130629T040000	13.38	95	4.39	286.55	0.49
20130629T050000	10.75	95	5.75	264.3	2.37
20130629T060000	9.94	95	3.86	282.3	3.7
20130629T070000	9.8	95	2.83	282.65	1.02
20130629T080000	9.59	95	3.58	280.7	0
20130629T090000	10.23	95	5.17	300.85	0
20130629T100000	11.2	89.25	4.31	319.5	0
20130629T110000	12.25	78.75	4.17	335.25	0
20130629T120000	12.73	77.25	3.79	337.7	0
20130629T130000	13.87	71.7	4.27	337.1	0
20130629T140000	13.4	70.75	3.76	9.46	0
20130629T150000	13.73	70	3.67	356.2	0
20130629T160000	13.4	69.75	4.29	178.87	0
20130629T170000	12.46	75.45	4.42	177.64	0
20130629T180000	11.21	82.7	3.91	183.56	0
20130629T190000	10.21	83.2	3.49	8.84	0
20130629T200000	9.62	85.45	4.47	353	0
20130629T210000	9.14	89.7	3.48	10.4	0
20130629T220000	8.44	95	2.79	20.62	0
20130629T230000	8.03	95	2.15	30.35	0
20130630T000000	7.67	95	2.62	168.09	0
20130630T010000	7.83	95	4.36	351.25	0
20130630T020000	7.2	95	3.52	182.06	0
20130630T030000	7.28	95	2.19	180.28	0
20130630T040000	7.6	95	2.8	31.34	0
20130630T050000	7.03	95	2.72	23.48	0
20130630T060000	7.25	95	2.78	17.83	0
20130630T070000	7.83	95	2.52	28.83	0
20130630T080000	9.13	95	3.05	38.35	0
20130630T090000	9.38	95	3.02	60.23	0
20130630T100000	10.39	93.9	2.52	79.16	0
20130630T110000	12.32	87.4	2.25	85.7	0
20130630T120000	13.79	82.8	2.91	92.45	0
20130630T130000	15.32	75.55	3.15	111.45	0
20130630T140000	16.81	69.74	4.29	69.24	0
20130630T150000	16.94	69.83	3.91	65.97	0
20130630T160000	17.58	68.21	3.67	58.93	0
20130630T170000	19.14	64.84	3.82	57.52	0
20130630T180000	20.44	59.54	2.97	130	0
20130630T190000	20.65	58.52	3.01	177.95	0
20130630T200000	20.38	59.5	3.17	184.3	0
20130630T210000	20.04	61.17	3.13	195.25	0
20130630T220000	19.66	64.64	2.44	182.35	0
20130630T230000	18.64	72.03	1.35	172.6	0
20130701T000000	16.38	80.75	1.18	106.3	0
20130701T010000	14.29	88.4	1.4	98.3	0
20130701T020000	13.72	91.55	1.29	98.7	0
20130701T030000	12.97	94.25	1.4	83.6	0
20130701T040000	11.75	95	1.64	82.1	0
20130701T050000	12.79	95	1.83	78.15	0
20130701T060000	14.15	95	1.73	82.25	0
20130701T070000	17.09	87.5	2.5	115.65	0
20130701T080000	19.43	78	3.91	153.35	0
20130701T090000	21.13	71.85	3.56	146.9	0
20130701T100000	22.51	68.55	4.09	123.05	0
20130701T110000	23.34	65.82	4.96	115.1	0
20130701T120000	24.86	59.6	5.51	127.65	0
20130701T130000	26.38	53.6	5.73	137.4	0
20130701T140000	27.45	49.69	5.84	141.75	0
20130701T150000	27.58	49.75	5.61	122.45	0
20130701T160000	28.85	47.28	5.52	122.2	0
20130701T170000	29.16	45.01	5.65	126.15	0
20130701T180000	29.21	45.51	5.8	128.6	0
20130701T190000	28.93	46.35	5.25	127.2	0
20130701T200000	27.7	49.98	4.01	109	0
20130701T210000	26.77	54.87	3.12	111.65	0
20130701T220000	24.57	62.92	2.67	85.15	0
20130701T230000	21.85	73.3	1.77	87.15	0
20130702T000000	20.93	75.75	2	102	0
20130702T010000	18.38	84.95	2.4	70.72	0
20130702T020000	15.83	94.45	2.27	40	0
20130702T030000	14	95	1.08	143.5	0
20130702T040000	12.75	95	1.21	316.65	0
20130702T050000	13.95	95	1.54	154.17	0
20130702T060000	16.49	94.05	1.63	48.69	0
20130702T070000	17.59	91.65	1.62	43.69	0
20130702T080000	17.93	91.15	0.97	15.11	0
20130702T090000	21.59	78.05	1.11	200.64	0
20130702T100000	20.65	82.05	2.62	26.84	0
20130702T110000	21.45	78.05	3.23	23.09	0
20130702T120000	20.29	82.15	3.24	20.38	0
20130702T130000	19.71	81.65	3.48	30.84	0
20130702T140000	21.3	73.7	3.65	19.67	0
20130702T150000	20.55	72.4	3.66	28.95	0
20130702T160000	19.45	75.85	3.02	22.24	0
20130702T170000	18.54	86.25	6.52	286.1	0
20130702T180000	16.47	90.1	6.75	285.65	0
20130702T190000	14.42	95	4.52	284.95	0
20130702T200000	13.69	95	3.98	300.2	0
20130702T210000	11.75	95	5.88	295.05	1.64
20130702T220000	10.14	95	6.47	297.4	0.71
20130702T230000	9.53	95	4.88	305.65	8.66
20130703T000000	9.5	95	4.64	304.95	2.39
20130703T010000	9.57	95	4.14	311.25	1.37
20130703T020000	9.3	95	4.43	327.65	1.09
20130703T030000	8.65	95	4.44	328.3	1.34
20130703T040000	7.8	95	4.91	338.4	2.89
20130703T050000	7.71	95	3.77	311.8	2.11
20130703T060000	7.67	95	3.36	301.1	3.72
20130703T070000	7.37	95	3.63	290.9	0.58
20130703T080000	7.33	95	4.67	296.4	1.42
20130703T090000	7.81	95	4.31	297.9	0
20130703T100000	8	95	4.92	297.35	0
20130703T110000	8.32	95	4.83	293.3	0
20130703T120000	8.59	95	4.57	293.3	0
20130703T130000	9.46	95	4.19	295.45	0
20130703T140000	9.87	95	3.9	287	0
20130703T150000	9.46	95	4	274.85	0
20130703T160000	9.18	95	4.33	277.35	0
20130703T170000	8.63	95	4.05	282.65	0
20130703T180000	8.84	95	4.19	279.15	0
20130703T190000	9	95	4.06	287.7	0
20130703T200000	8.93	95	3.88	286.35	0
20130703T210000	8.98	95	3.46	279.75	0
20130703T220000	8.93	95	2.92	283.9	0
20130703T230000	8.59	95	2.82	258.75	0
20130704T000000	7.75	95	2.75	254.4	0
20130704T010000	6.71	95	3.11	260.4	0
20130704T020000	6.08	95	3.21	263.8	0
20130704T030000	6.75	95	3.02	267.5	0
20130704T040000	7.27	95	3.17	266	0
20130704T050000	7.52	95	3.35	269.65	0
20130704T060000	7.71	95	2.9	269.1	0
20130704T070000	8.32	95	1.9	256.75	0
20130704T080000	9.33	95	1.1	229.55	0
20130704T090000	11.11	95	1.1	201.5	0
20130704T100000	12.4	95	1.59	137.8	0
20130704T110000	13.43	93.5	1.48	231.45	0
20130704T120000	14.32	90.8	2.2	233.4	0
20130704T130000	14.48	89.9	2.7	192.85	0
20130704T140000	14.13	91.15	2.39	194.65	0
20130704T150000	14.17	91	2.4	190.6	0
20130704T160000	14.44	90.3	2.25	190.75	0
20130704T170000	15.57	85.4	2.78	199.6	0
20130704T180000	16.06	82.85	3.31	208.9	0
20130704T190000	16.05	82.5	3.91	212.65	0
20130704T200000	16.81	80.3	3.93	222.65	0
20130704T210000	15.93	83.9	3.3	228.7	0
20130704T220000	14.78	89.9	2.44	208.95	0
20130704T230000	14.25	91.75	1.91	210.65	0
20130705T000000	13.39	95	2.17	203.9	0
20130705T010000	13.36	95	2.48	191.15	0
20130705T020000	12.94	95	2.58	193.25	0
20130705T030000	12.79	95	1.85	151.3	0
20130705T040000	12.2	95	1.97	157.95	0
20130705T050000	11.8	95	2.13	165	0
20130705T060000	13.08	95	4.38	183.4	0
20130705T070000	13.89	95	6.54	195.65	0
20130705T080000	15.04	90.25	7.14	194.6	0
20130705T090000	16.64	85.2	6.3	197.2	0
20130705T100000	17.98	81	5.88	210.65	0
20130705T110000	19.61	74.35	5.8	220.65	0
20130705T120000	20.84	68.14	4.91	233.55	0
20130705T130000	21.67	57.38	4.76	264.5	0
20130705T140000	21.26	60.43	4.92	266.35	0
20130705T150000	21.04	61.01	5.43	269.15	0
20130705T160000	20.21	53.86	5.67	275.6	0
20130705T170000	20.59	51.99	5.41	283.75	0
20130705T180000	20.19	53.27	5.5	294.55	0
20130705T190000	20.49	52.02	5.08	289.9	0
20130705T200000	19.63	54.51	5.02	288.45	0
20130705T210000	17.97	59.9	2.92	286.2	0
20130705T220000	17.04	67.44	1.58	268.9	0
20130705T230000	17.2	63.59	1.78	272.65	0
20130706T000000	15.51	71.35	1.29	249.3	0
20130706T010000	13.75	88.7	4.83	316.6	0
20130706T020000	11.53	95	3.38	340.25	0
20130706T030000	10.84	95	2.16	311.2	0
20130706T040000	9.25	95	2.06	286.35	0
20130706T050000	9.46	95	1.97	271.6	0
20130706T060000	9.92	95	2.54	278.65	0
20130706T070000	11.06	90.25	3.31	289.5	0
20130706T080000	13.06	83.2	1.8	297.95	0
20130706T090000	14.64	75.35	1.58	336.6	0
20130706T100000	15.88	69	1.58	337.45	0
20130706T110000	17.11	65.7	1.54	168.45	0
20130706T120000	17.79	63.94	2.1	320.1	0
20130706T130000	18.06	64.38	2.5	60.41	0
20130706T140000	18.91	61.95	2.74	45.14	0
20130706T150000	18.24	62.63	3.18	43.05	0
20130706T160000	18.98	59.91	3.78	48.41	0
20130706T170000	19.39	60.31	3.38	53.42	0
20130706T180000	18.6	64.75	4.12	66.89	0
20130706T190000	18.16	64.52	3.91	66.98	0
20130706T200000	17.66	64.7	3.71	58.97	0
20130706T210000	16.44	70.48	3.38	59.38	0
20130706T220000	14.33	78.45	3.13	53.12	0
20130706T230000	11.79	87.3	2.62	51.89	0
20130707T000000	11.16	86.45	2.17	58.7	0
20130707T010000	9.62	90.55	1.62	42.3	0
20130707T020000	8.07	95	2.08	31.3	0
20130707T030000	7.69	95	2.33	30.34	0
20130707T040000	7.55	95	1.35	44.38	0
20130707T050000	8.78	95	2.71	47.69	0
20130707T060000	10.41	95	3.19	65.72	0
20130707T070000	11.93	91.3	3.4	75.3	0
20130707T080000	13.88	79	3.67	67.44	0
20130707T090000	14.98	72.85	4.15	75.4	0
20130707T100000	16.59	62.78	4.33	91.05	0
20130707T110000	18.41	56.3	4.12	102.65	0
20130707T120000	19.33	57.53	3.88	94.05	0
20130707T130000	20.76	55.02	3.25	90.85	0
20130707T140000	20.59	55.64	4	69.68	0
20130707T150000	20.45	55.44	4.16	92.55	0
20130707T160000	19.44	56.52	5.42	169.95	0
20130707T170000	19.98	52.35	3.42	152.5	0
20130707T180000	21.46	49.56	4.69	124.75	0
20130707T190000	21.3	49.72	4.94	112.15	0
20130707T200000	21.05	49.55	4.96	105.6	0
20130707T210000	20.36	50.15	4.32	110.85	0
20130707T220000	19.55	56.29	2.9	88.45	0
20130707T230000	16.64	71.74	2.16	91.75	0
20130708T000000	14.83	80.65	2.1	89.7	0
20130708T010000	14.73	80.5	2.24	88.8	0
20130708T020000	13.95	83.95	2.4	83.1	0
20130708T030000	14.24	77.9	2.83	120.75	0
20130708T040000	14.1	77.8	3.71	127.45	0
20130708T050000	14.47	78.85	2.48	129	0
20130708T060000	15.06	77.4	2.92	126.65	0
20130708T070000	14.87	75	3.42	122.9	0
20130708T080000	15.2	72	3.81	98.65	0
20130708T090000	15.96	66.03	5.12	112.2	0
20130708T100000	17.52	59.12	6.25	112.65	0
20130708T110000	18.16	54.73	6.22	107.65	0.12
20130708T120000	18.81	51.37	5.86	100.6	0
20130708T130000	19.78	48.69	6.35	92.4	0
20130708T140000	20.95	43.54	7.13	99.9	0.28
20130708T150000	20.74	44.92	7.01	98.05	0.12
20130708T160000	20.13	48.17	5.88	100.8	0
20130708T170000	18.45	57.95	4.87	87.5	0
20130708T180000	17.62	65.75	4.25	67.75	0
20130708T190000	18.79	63.14	4.73	64.87	0
20130708T200000	18.89	61.14	5.54	63.23	0
20130708T210000	16.45	71.22	4.88	62.57	0
20130708T220000	14.83	83.8	5.28	54.33	0
20130708T230000	13.42	91.5	4.94	54.45	0.14
20130709T000000	13.06	88.95	4	58.62	0
20130709T010000	12.53	84.55	4.81	59.03	0
20130709T020000	11.78	88.65	4.66	56.2	0
20130709T030000	10.75	95	4.18	54.73	0
20130709T040000	9.91	95	4.72	53.09	1.29
20130709T050000	9.39	95	5.64	41.48	0
20130709T060000	8.88	95	5.46	41.34	0
20130709T070000	8.52	95	5.45	31.8	0
20130709T080000	8.59	95	5.49	31.95	0
20130709T090000	8.22	95	5.07	29.65	0
20130709T100000	8.84	95	4.92	21.05	0
20130709T110000	10.02	95	5.97	21.44	0
20130709T120000	9.41	95	5.98	22.59	0
20130709T130000	9.91	95	6.13	20.54	0
20130709T140000	11.04	94.45	5.84	27.52	0
20130709T150000	12.69	84.85	8.02	33.48	0
20130709T160000	13.12	80.75	7.81	34.09	0
20130709T170000	12.5	79.55	8.84	32.95	0
20130709T180000	13.27	75.3	8.93	34.92	0
20130709T190000	13.31	74.45	9.62	36.32	0
20130709T200000	11.58	80.7	9.29	36.78	0
20130709T210000	10.72	83.85	9.31	37.52	0
20130709T220000	9.88	87.45	8.18	37.49	0
20130709T230000	9.33	89.85	8.48	36.96	0
20130710T000000	8.75	92.5	8.59	39.44	0
20130710T010000	8.55	93.15	9.23	38.41	0
20130710T020000	8.06	94.2	8.24	35.8	0
20130710T030000	6.92	95	5.25	20.02	0
20130710T040000	6.21	95	5.77	17.26	0
20130710T050000	5.83	95	6.28	16.65	0
20130710T060000	5.78	95	6.28	15.61	0
20130710T070000	6.22	94.05	6.54	13	0
20130710T080000	7.63	88.3	6.54	12.53	0
20130710T090000	8.42	86.25	6.32	10.25	0
20130710T100000	9.52	83.4	5.86	10.45	0
20130710T110000	10.97	80.9	6.14	357.8	0
20130710T120000	13.42	74.1	7.15	16.23	0
20130710T130000	13.96	68.55	8.89	38.91	0
20130710T140000	14.65	61.42	10	39.31	0
20130710T150000	14.79	62.02	9.87	40.42	0
20130710T160000	15.15	63.59	8.66	42.81	0
20130710T170000	14.79	64.63	8.57	42.78	0
20130710T180000	14.04	60.77	8.38	34.05	0
20130710T190000	12.86	64	8.09	29.62	0
20130710T200000	11.45	71.82	7.11	18.48	0
20130710T210000	9.29	79.15	6.89	11.16	0
20130710T220000	7.81	83.75	5.71	6.88	0
20130710T230000	6.3	93	5.05	7.63	0
20130711T000000	4.63	95	4.32	5.16	0
20130711T010000	3.73	95	3.83	178.67	0
20130711T020000	4.23	95	4.63	183.23	0
20130711T030000	3.79	95	5.12	184.75	0
20130711T040000	2.9	95	5.4	10.91	0
20130711T050000	1.92	95	5.36	10.66	0
20130711T060000	1.35	95	4.59	11.85	0
20130711T070000	1.57	95	4.75	9.03	0
20130711T080000	2.47	95	4.63	8.7	0
20130711T090000	2.69	95	4.73	12.41	0
20130711T100000	2.89	95	5.44	13.55	0
20130711T110000	3.17	95	5.64	10.85	0
20130711T120000	3.24	95	5.55	4.76	0
20130711T130000	4.1	91.45	5.31	5.14	0
20130711T140000	4.69	87.15	5.27	180.66	0
20130711T150000	5.24	83.5	5	19.66	0
20130711T160000	5.4	82.15	4.73	23.41	0
20130711T170000	5.34	82.3	4.81	29.49	0
20130711T180000	4.71	84.7	4.89	17.66	0
20130711T190000	4.11	88.95	4.51	9.68	0
20130711T200000	3.54	91.6	4.68	8.03	0
20130711T210000	2.83	95	3.86	17.25	0
20130711T220000	2.27	95	3.53	12.67	0
20130711T230000	1.84	95	3.29	16.32	0
20130712T000000	1.53	95	3.02	12.92	0
20130712T010000	1.16	95	2.62	21.55	0
20130712T020000	0.75	95	2.51	168.28	0
20130712T030000	0.4	95	2.71	315.85	0
20130712T040000	-0.12	95	2.55	315.45	0
20130712T050000	-0.25	95	2.76	320.65	0
20130712T060000	0.26	95	3.1	325.05	0
20130712T070000	0.84	95	2.65	317.35	0
20130712T080000	1.68	95	3.33	325.1	0
20130712T090000	2.58	95	3.16	331.3	0
20130712T100000	3.01	95	3.29	324.55	0
20130712T110000	4.34	93.15	3.04	349.25	0
20130712T120000	6.29	85.2	2.92	332.05	0
20130712T130000	8.12	77.05	2.76	343.4	0
20130712T140000	9.79	68.75	3.01	180.83	0
20130712T150000	10.32	66.45	3.46	20.43	0
20130712T160000	10.91	64.81	2.73	5.57	0
20130712T170000	11.34	65.41	2.35	191.94	0
20130712T180000	11.58	65.08	3.06	33.49	0
20130712T190000	12.04	63.45	2.16	30.49	0
20130712T200000	11.53	67.19	2.29	66.66	0
20130712T210000	10.2	75	2.08	87.5	0
20130712T220000	8.94	78.6	1.82	92.6	0
20130712T230000	7.94	83.5	0.78	122.35	0
20130713T000000	6.78	86.85	0.38	116.8	0
20130713T010000	5.29	92.95	0.71	274.95	0
20130713T020000	4.6	95	1.47	247.45	0
20130713T030000	4.1	95	2.08	253	0
20130713T040000	4.1	95	1.75	252.65	0
20130713T050000	5.83	95	1.35	255.15	0
20130713T060000	7.27	95	1.18	244.6	0
20130713T070000	8.69	92.8	1.29	207.3	0
20130713T080000	10.78	81.7	2.71	222.35	0
20130713T090000	12.71	69.12	3.75	232.2	0
20130713T100000	13.84	65.09	2.43	238.6	0
20130713T110000	15.21	61.21	2.15	268.3	0
20130713T120000	16.21	59.34	2.67	306.05	0
20130713T130000	16.45	59.17	2.88	335.5	0
20130713T140000	16.61	59.39	4.28	13.73	0
20130713T150000	16.37	56.17	4.85	185.57	0
20130713T160000	15.74	53.34	5.18	2.62	0
20130713T170000	15.14	53.5	5.12	175.43	0
20130713T180000	14.72	53.86	5.16	349.3	0
20130713T190000	13.91	58.17	5.51	353.85	0
20130713T200000	12.7	60.45	4.98	353.95	0
20130713T210000	11.43	59.73	4.51	352.85	0
20130713T220000	10.16	67.08	3.89	346.95	0
20130713T230000	8.54	83.7	2.8	344.9	0
20130714T000000	6.42	93.05	3.05	323.55	0
20130714T010000	4.55	95	2.77	313.55	0
20130714T020000	3.33	95	2.79	326.55	0
20130714T030000	4.66	95	3.76	339.05	0
20130714T040000	4.13	95	3.81	352.85	0
20130714T050000	3.25	95	2.91	345.3	0
20130714T060000	3.12	95	2.92	8.56	0
20130714T070000	3.23	95	2.53	174.81	0
20130714T080000	3.66	95	2.4	342.45	0
20130714T090000	4.39	95	2.31	355.5	0
20130714T100000	6.53	91.45	2.56	2.5	0
20130714T110000	7.94	83.95	2.66	349.85	0
20130714T120000	9.26	77.35	3.04	348.35	0
20130714T130000	10.48	70.75	3.7	353.3	0
20130714T140000	11.02	67.06	4.91	14.22	0
20130714T150000	11.7	64.23	4.22	5.84	0
20130714T160000	11.9	64.68	4.47	16.17	0
20130714T170000	11.55	65.8	4.79	28.05	0
20130714T180000	10.73	67.59	4.88	24.15	0
20130714T190000	10	70.4	4.03	16.95	0
20130714T200000	9.28	71.48	4.27	14.45	0
20130714T210000	8.62	75.8	3.89	27.81	0
20130714T220000	7.42	82.85	3.58	28.14	0
20130714T230000	6.06	89.75	2.53	25.2	0
20130715T000000	3.69	94.85	2.31	191.05	0
20130715T010000	1.44	95	2.71	354.5	0
20130715T020000	1.08	95	2.38	5.33	0
20130715T030000	1.38	95	1.49	8.26	0
20130715T040000	1.42	95	0.24	42.66	0
20130715T050000	1.82	95	0.82	164.75	0
20130715T060000	3	95	0.41	136.3	0
20130715T070000	4.56	95	0.66	141.5	0
20130715T080000	6.74	87.6	1.57	80.25	0
20130715T090000	7.78	79.65	2.45	81.75	0
20130715T100000	8.82	76.6	2.88	73.85	0
20130715T110000	9.57	74.2	3.17	75.55	0
20130715T120000	11.03	67.93	3.29	73.1	0
20130715T130000	11.94	64.08	3.62	70.75	0
20130715T140000	12.81	61.44	3.24	73.3	0
20130715T150000	14.18	57.52	3.38	68.47	0
20130715T160000	15.05	54.57	4.14	67.95	0
20130715T170000	15.19	56.23	4.54	57.43	0
20130715T180000	15.07	60.33	5.5	49.03	0
20130715T190000	14.64	65.22	5.21	42.2	0
20130715T200000	14.59	62.95	5.16	50.69	0
20130715T210000	14	62.08	5.35	56.62	0
20130715T220000	12.62	70.48	4.71	63.06	0
20130715T230000	11.18	77.6	4.45	66.08	0
20130716T000000	8.51	92.3	3.38	62.11	0
20130716T010000	7.23	95	3.38	68.3	0
20130716T020000	6.16	95	2.61	60.94	0
20130716T030000	6.47	95	2.65	51.57	0
20130716T040000	7.25	95	2.7	60.8	0
20130716T050000	8.15	95	2.96	63.08	0
20130716T060000	8.02	95	2.51	57.25	0
20130716T070000	8.19	95	2.93	50.03	0
20130716T080000	11.5	81.85	2.63	61.94	0
20130716T090000	12.78	75.45	2.68	59.77	0
20130716T100000	14.27	71.35	3.13	64.37	0
20130716T110000	14.81	69.56	3.53	61.98	0
20130716T120000	16.3	64.25	4.11	58.23	0
20130716T130000	17.4	60.98	3.76	60.64	0
20130716T140000	18.84	55.88	3.92	58.83	0
20130716T150000	18.47	57.44	4.75	39.32	0
20130716T160000	18.27	58.02	5.13	39.33	0
20130716T170000	18.68	58.77	5.11	37.58	0
20130716T180000	19.33	49.39	5.6	57.57	0
20130716T190000	18.91	49.83	5.21	59.07	0
20130716T200000	18.36	57.41	4.3	42.1	0
20130716T210000	17.1	64.34	3.84	38.42	0
20130716T220000	15	74.9	3.34	37.47	0
20130716T230000	13.14	83.45	2.85	34.61	0
20130717T000000	10.83	93.55	2.83	32.09	0
20130717T010000	8.89	95	2.64	30.01	0
20130717T020000	7.69	95	2.5	19.59	0
20130717T030000	6.61	95	1.59	331.25	0
20130717T040000	5.76	95	1.23	303.75	0
20130717T050000	5.6	95	1.57	275.65	0
20130717T060000	7.46	95	0.8	304.5	0
20130717T070000	11.38	93.25	1.19	24.69	0
20130717T080000	12.98	86.5	1.19	39.96	0
20130717T090000	13.67	80.95	1.44	53.05	0
20130717T100000	16.16	73	2.08	74.94	0
20130717T110000	18.7	66.81	2.51	74.65	0
20130717T120000	20.43	61.99	2.67	64.98	0
20130717T130000	21.08	59.71	3.25	39.56	0
20130717T140000	21.12	58.89	3.61	37.12	0
20130717T150000	20.26	61.47	4.12	36.2	0
20130717T160000	19.7	64.18	3.66	27.51	0
20130717T170000	18.57	73.71	2.59	17.16	0
20130717T180000	18.08	81	2.41	178.41	0
20130717T190000	17.47	88.45	3.74	326.8	0
20130717T200000	15.89	95	4.2	318.15	0
20130717T210000	14.19	95	4.88	307.5	0
20130717T220000	12.46	95	5.04	302.5	0
20130717T230000	11.18	95	5.25	294.1	0
20130718T000000	10.09	95	5.36	290.85	0
20130718T010000	9.18	95	5.72	291.45	0
20130718T020000	8.5	95	6.03	293.8	0
20130718T030000	7.73	95	6.17	287.7	0
20130718T040000	7.12	95	6.47	284.35	0
20130718T050000	6.86	95	5.93	281.6	0
20130718T060000	7.05	95	4.94	280.9	0
20130718T070000	7.37	95	4.5	283.55	0
20130718T080000	7.86	95	3.75	281.3	2.6
20130718T090000	8.7	95	4.92	302.6	4.64
20130718T100000	8.47	95	4.22	312.9	1.77
20130718T110000	8.35	95	5.23	302.95	0
20130718T120000	8.8	95	5.08	307.3	0
20130718T130000	9.68	95	4.13	302.2	0
20130718T140000	10.85	93.9	3.5	314.75	0
20130718T150000	11.15	93.1	3.6	316.95	0
20130718T160000	12.14	89.75	3.79	315.55	0
20130718T170000	13.39	83.6	3.55	324.5	0
20130718T180000	14.41	78.3	3.44	334.4	0
20130718T190000	14.57	78.1	2.9	12.53	0
20130718T200000	14.13	79.8	2.89	12.68	0
20130718T210000	13.39	82.6	2.83	18.42	0
20130718T220000	12.39	86.6	1.96	11.91	0
20130718T230000	11.01	93.5	1.35	24.99	0
20130719T000000	9.75	95	1.23	31.66	0
20130719T010000	7.08	95	1.52	153.69	0
20130719T020000	5.13	95	1.2	295	0
20130719T030000	3.58	95	1.2	277.4	0
20130719T040000	2.49	95	1.09	274.35	0
20130719T050000	4.04	95	0.53	341.9	0
20130719T060000	5.09	95	1.24	268.55	0
20130719T070000	7.95	95	0.54	40.58	0
20130719T080000	9.55	95	1.15	73.14	0
20130719T090000	12.42	93.9	1.64	91.25	0
20130719T100000	14.25	84.25	2.37	76	0
20130719T110000	15.52	75.65	2.34	69.36	0
20130719T120000	16.24	70.32	2.44	71.62	0
20130719T130000	16.94	61.31	2.88	54.33	0
20130719T140000	17.19	58.44	3.7	36.33	0
20130719T150000	17.41	52.48	3.67	39.2	0
20130719T160000	17.63	51.34	4.21	43.98	0
20130719T170000	17.88	54.41	4.62	47.13	0
20130719T180000	17.85	60.41	4.46	49.14	0
20130719T190000	17.16	61.84	4.56	54.13	0
20130719T200000	16.29	64.72	5.02	54.09	0
20130719T210000	15.53	69.17	4.27	51.39	0
20130719T220000	14.1	77.2	4.01	45.9	0
20130719T230000	12.13	89.95	3.22	43.89	0
20130720T000000	9.79	95	2.62	40.14	0
20130720T010000	7.98	95	2.61	27.36	0
20130720T020000	7.29	95	2.38	27.29	0
20130720T030000	6.62	95	2.23	19.3	0
20130720T040000	6.17	95	1.5	12.78	0
20130720T050000	5.98	95	1.29	307.95	0
20130720T060000	8.85	95	2.12	37.8	0
20130720T070000	9.47	95	2.64	35.61	0
20130720T080000	11.29	89.5	3.23	40.99	0
20130720T090000	11.84	83.8	3.4	39.97	0
20130720T100000	12.53	79.85	3.37	43.03	0
20130720T110000	12.65	80.45	2.95	42.74	0
20130720T120000	13.35	80.6	2.72	41.02	0
20130720T130000	15.42	74	2.76	48.66	0
20130720T140000	17.3	65.56	3.51	56.02	0
20130720T150000	16.09	69.39	4.29	36.04	0
20130720T160000	16.18	68.57	5.47	38.78	0
20130720T170000	16.73	65.15	6.32	39.01	0
20130720T180000	16.42	65.56	6.47	38.89	0
20130720T190000	16	67.72	5.82	40.48	0
20130720T200000	15.67	71.1	5.14	37.95	0
20130720T210000	14.62	75	5.13	30.7	0
20130720T220000	12.9	79.5	5.25	32.05	0
20130720T230000	11.18	83.45	4.7	28.18	0
20130721T000000	9.5	86.7	4.17	13.62	0
20130721T010000	8.32	93.35	3.81	12.89	0
20130721T020000	7.91	95	3.96	18.79	0
20130721T030000	7.2	95	2.91	26.61	0
20130721T040000	6.75	95	2.44	20.14	0
20130721T050000	5.48	95	1.31	339.75	0
20130721T060000	7.12	95	1.98	191.45	0
20130721T070000	10.35	95	2.83	49.01	0
20130721T080000	12.14	89.1	3.36	58.69	0
20130721T090000	13.46	79.5	3.45	64.7	0
20130721T100000	14.81	68.84	3.6	57.77	0
20130721T110000	15.73	63	3.84	72.45	0
20130721T120000	16.45	60.6	4.2	67.67	0
20130721T130000	17.08	60.39	4.22	46.23	0
20130721T140000	17.04	59.94	4.92	38.85	0
20130721T150000	16.93	56.39	5.71	39.53	0
20130721T160000	17.23	50.71	5.58	36.92	0
20130721T170000	17.37	48.11	5.56	41.4	0
20130721T180000	17.47	52.18	5.05	37.95	0
20130721T190000	17.29	55.98	4.94	38.68	0
20130721T200000	16.39	60.11	4.75	40.55	0
20130721T210000	16.43	65.35	3.16	51.7	0
20130721T220000	15.95	69.66	2.31	59.26	0
20130721T230000	13.54	78.45	1.9	53.02	0
20130722T000000	9.91	94.3	2.69	3.85	0
20130722T010000	7.14	95	1.77	331.45	0
20130722T020000	6.24	95	1.93	318.7	0
20130722T030000	5.24	95	1.97	272.55	0
20130722T040000	4.61	95	2.16	267.5	0
20130722T050000	5.18	95	2.03	268.4	0
20130722T060000	6.81	95	1.64	265.45	0
20130722T070000	11.13	95	0.73	196.4	0
20130722T080000	15.14	81.9	1.69	218.35	0
20130722T090000	17.64	69.62	2.85	228.1	0
20130722T100000	19.52	57.6	3.28	230.9	0
20130722T110000	21.27	48.82	4.17	216.85	0
20130722T120000	22.43	47.78	3.92	217.85	0
20130722T130000	23.25	48.71	3.82	227.1	0
20130722T140000	23.99	47.13	4.33	218.15	0
20130722T150000	24.43	45.14	4.54	221.2	0
20130722T160000	24.72	42.03	4.36	227.1	0
20130722T170000	24.93	41.25	3.99	241.7	0
20130722T180000	24.52	42.38	3.65	247.8	0
20130722T190000	24.33	43.44	3.21	234	0
20130722T200000	22.89	47.98	2.82	231	0
20130722T210000	21.43	57.41	1.77	252.4	0
20130722T220000	19.69	69.49	1.46	276.5	0
20130722T230000	18.12	76.3	1.54	274.4	0
20130723T000000	16.95	78.55	1.84	264.1	0
20130723T010000	15.92	80.3	2.22	258.15	0
20130723T020000	15.86	79.25	2.5	261.75	0
20130723T030000	17.07	73.65	3.07	273.7	0
20130723T040000	15.77	80.85	2.61	263.1	0
20130723T050000	15.7	78.5	2.91	266.9	0
20130723T060000	16.13	77.5	3.19	265.95	0
20130723T070000	17.3	74.25	3.93	257.8	0
20130723T080000	18.77	67.91	5.89	272.5	0
20130723T090000	19.68	66.62	6.76	284.95	0
20130723T100000	20.52	66.62	6.5	289.85	0
20130723T110000	20.07	69.25	6	303.45	0
20130723T120000	20.18	72.2	4.67	319.9	0
20130723T130000	21.84	61.4	3.3	324.3	0
20130723T140000	23.12	55.3	3.98	344.4	0
20130723T150000	22.8	58.87	3.97	354.25	0
20130723T160000	22.44	62.72	4.73	184.09	0
20130723T170000	21.51	64.94	5.55	12.93	0
20130723T180000	19.84	72.75	4.73	22.04	0
20130723T190000	18.73	75.85	4.38	23.64	0
20130723T200000	18.14	80.1	3.58	37.43	0
20130723T210000	16.66	88.1	3.35	42.83	0
20130723T220000	15.61	94.65	2.83	40.55	0
20130723T230000	14.59	95	2.62	51.3	0
20130724T000000	13.53	95	1.93	58.96	0
20130724T010000	13.34	95	1.5	57.24	0
20130724T020000	12.89	95	1.41	31.41	0
20130724T030000	12.1	95	3.44	40.97	0
20130724T040000	9.82	95	4.69	36.88	0
20130724T050000	8.97	95	4.5	28.94	0
20130724T060000	8.59	95	4.21	29.19	0
20130724T070000	7.99	95	4.26	26.83	0
20130724T080000	7.58	95	4.21	35.91	0
20130724T090000	7.62	95	3.67	33.8	0
20130724T100000	7.77	95	3.32	18.38	0
20130724T110000	8.04	95	2.58	23.13	0
20130724T120000	7.89	95	3.37	12.07	0
20130724T130000	7.51	95	3.1	10.64	0.6
20130724T140000	7.65	95	2.48	24.56	0.8
20130724T150000	7.92	95	1.31	72.78	0
20130724T160000	8.16	95	0.94	84.16	0
20130724T170000	8.35	95	1.51	14.41	0
20130724T180000	8.52	95	1.93	345.05	0
20130724T190000	8.64	95	2.33	340.2	0
20130724T200000	8.38	95	1.51	170.19	0
20130724T210000	8.27	95	2.72	347.7	0
20130724T220000	7.65	95	2.06	331.8	0.2
20130724T230000	7.33	95	1.96	337.65	0.37
20130725T000000	6.49	95	2.54	328.85	0.18
20130725T010000	6.36	95	2.54	343.25	1.28
20130725T020000	6.22	95	2.41	331.2	0.6
20130725T030000	5.92	95	1.88	321.3	0.73
20130725T040000	5.68	95	1.6	282.25	0
20130725T050000	5.51	95	2	274.45	0
20130725T060000	6.1	95	1.29	244.95	0
20130725T070000	7.38	95	1.62	249.9	0
20130725T080000	8.46	95	2.72	256.85	0
20130725T090000	9.5	91.6	3.96	279.2	0
20130725T100000	9.91	89.85	4.69	300.55	0
20130725T110000	10.57	82.75	4.49	305.4	0
20130725T120000	11.06	77.95	4.06	304	0
20130725T130000	11.55	73.7	3.67	298	0
20130725T140000	12.41	71.85	3.96	265.25	0
20130725T150000	13.44	70.85	4.33	226.95	0
20130725T160000	13.74	69.37	5.34	229.35	0
20130725T170000	13.39	71.35	5.51	220.05	0
20130725T180000	13.99	68.57	5.67	224.75	0
20130725T190000	13.2	72.05	4.69	234.7	0
20130725T200000	9.19	95	5.05	7.75	0
20130725T210000	7.81	95	4.46	178.31	0.25
20130725T220000	7.34	95	2.25	170.25	0.74
20130725T230000	7	95	1.28	307.7	0.31
20130726T000000	6.7	95	1.27	256.85	0
20130726T010000	6.32	95	1.46	247.7	0
20130726T020000	6.33	95	1.66	233.3	0
20130726T030000	6.3	95	1.42	243.95	0
20130726T040000	6.44	95	1.43	248.3	0.26
20130726T050000	6.58	95	1.45	243.35	0.34
20130726T060000	6.91	95	1.41	237.7	0
20130726T070000	7.3	95	1.39	245.2	0.62
20130726T080000	7.93	95	2.02	217.2	0
20130726T090000	8.68	95	2.48	217.2	0
20130726T100000	10.1	93.3	3.1	212.2	0
20130726T110000	12.16	79.65	2.47	253.55	0
20130726T120000	13.04	72.1	3.55	288.95	0
20130726T130000	13.47	70.08	3.87	286.15	0
20130726T140000	14.62	64.05	2.78	296.3	0
20130726T150000	15.71	59.1	2.5	288.3	0
20130726T160000	15.41	58.61	2.1	303.5	0
20130726T170000	16.22	55.75	1.83	281.05	0
20130726T180000	16.23	55.36	2.17	287.8	0
20130726T190000	15.15	59.25	2.18	314.8	0
20130726T200000	14.24	67.44	1.94	304.85	0
20130726T210000	13.51	79	2.51	186.59	0
20130726T220000	12.14	86.2	2.61	27.07	0
20130726T230000	10.38	92.05	2.17	17.13	0
20130727T000000	9.02	95	1.98	183.04	0
20130727T010000	8.41	94.7	1.69	339.25	0
20130727T020000	7.31	95	1.93	316.35	0
20130727T030000	6.83	95	1.83	300.55	0
20130727T040000	5.77	95	1.67	264.95	0
20130727T050000	6.06	95	1.54	257.55	0
20130727T060000	6.99	95	1.73	241.75	0
20130727T070000	8.59	94.55	1.84	235.25	0
20130727T080000	10.35	88.5	2.71	240.45	0
20130727T090000	11.32	86.75	3.63	258.1	0
20130727T100000	11.39	86.95	4.42	265.5	0
20130727T110000	11.73	88.5	4.52	274.2	0
20130727T120000	12.28	82.05	4.42	280.65	0
20130727T130000	12.88	80.85	4.77	296	0
20130727T140000	12.65	85.95	4.19	321.35	0
20130727T150000	11.76	94.6	3.92	334.8	0
20130727T160000	10.71	95	3.51	322.85	0
20130727T170000	10.98	95	2.29	164.62	0
20130727T180000	11.41	92.85	2.09	335.3	0
20130727T190000	12.19	85.1	2.38	197.33	0
20130727T200000	11.38	87.3	2.42	8.71	0
20130727T210000	10.59	90.2	2.1	180.84	0
20130727T220000	9.5	91.75	2.67	11.33	0
20130727T230000	7.95	95	2.9	42.37	0
20130728T000000	6.7	95	2.62	54.45	0
20130728T010000	5.86	95	1.95	58.45	0
20130728T020000	5.69	95	1.36	71.19	0
20130728T030000	5.96	95	0.9	114.7	0
20130728T040000	6.25	95	1.4	131.5	0
20130728T050000	6.4	95	1.31	123.2	0
20130728T060000	6.9	95	1.7	116.6	0
20130728T070000	7.61	95	1.84	108.8	0
20130728T080000	8.16	95	2.15	102.9	0.14
20130728T090000	9.12	95	2.79	113.7	1.31
20130728T100000	9.98	95	1.82	111.4	0.49
20130728T110000	12.26	95	2.88	211.7	0
20130728T120000	14.22	95	4.19	252.3	0
20130728T130000	15.54	95	4.6	270.5	0
20130728T140000	16.79	94.45	4.37	274.35	0
20130728T150000	17.64	90	4.59	274.5	0
20130728T160000	17.77	90	4.06	258.4	0
20130728T170000	19.67	81.55	3.08	229.45	0
20130728T180000	19.7	82.1	4.25	218.65	0
20130728T190000	19.34	84.7	3.51	239.25	0
20130728T200000	19.81	80.1	3.32	252.1	0
20130728T210000	19.16	84.1	3.24	212.55	0
20130728T220000	18.04	92.1	2.19	182.85	0
20130728T230000	17.42	91.6	2.45	169.2	0
20130729T000000	17.05	92.9	2.4	135.8	0
20130729T010000	15.45	95	4.54	15.86	0
20130729T020000	14.29	95	2.83	71.67	0
20130729T030000	13.64	95	3	46.12	0
20130729T040000	13.65	95	2.07	105.6	0
20130729T050000	13.57	95	2.33	176.12	0
20130729T060000	14.34	95	4.31	344.65	0
20130729T070000	14.27	95	2.57	337.9	4.03
20130729T080000	15.36	95	2.43	319.95	0.46
20130729T090000	15.59	95	3.21	292.75	0
20130729T100000	15.96	95	4.75	287.8	0
20130729T110000	15.93	95	6.03	311.1	0
20130729T120000	14.1	95	6.2	321.2	0
20130729T130000	13.93	95	4.65	303.8	0.16
20130729T140000	13.84	95	4.42	300.5	0.68
20130729T150000	13.73	95	4.03	297.1	0.36
20130729T160000	13.19	95	3.64	297.05	0.81
20130729T170000	12.88	95	4.56	314.35	0
20130729T180000	12.36	95	5.5	312.45	0
20130729T190000	11.18	95	6.16	322.05	0
20130729T200000	10.86	95	6.12	318.7	0
20130729T210000	10.29	95	6.59	311.45	0
20130729T220000	9.64	95	6.3	317.7	0
20130729T230000	8.61	95	5.62	304.75	0
20130730T000000	7.72	95	6.94	308.75	0
20130730T010000	7.32	95	6.79	307.85	0
20130730T020000	6.54	95	7.65	299.4	0
20130730T030000	6.23	95	9.14	296.05	0
20130730T040000	6.34	95	10.42	294.25	0
20130730T050000	5.67	95	8.18	304.15	0
20130730T060000	4.72	95	7.73	305.6	0
20130730T070000	4.37	95	6.59	309.25	0
20130730T080000	4.4	95	5.78	315.55	0
20130730T090000	4.67	95	5.21	321.95	0
20130730T100000	5.37	95	5.31	330.65	0
20130730T110000	5.46	95	4.08	319.8	0
20130730T120000	5.76	95	3.5	313.45	0
20130730T130000	6.66	94.5	2.94	307.35	0
20130730T140000	7.94	90.65	2.04	300.15	0
20130730T150000	8.15	91.55	1.43	276.1	0
20130730T160000	9.09	87.9	1.08	271.7	0
20130730T170000	10.31	83.8	1.54	126.19	0
20130730T180000	10.45	85.8	2.08	93.3	0
20130730T190000	10.63	86.05	2.67	91	0
20130730T200000	10.64	87.6	2.59	104.2	0
20130730T210000	10.25	89.75	2.26	114.05	0
20130730T220000	9.43	94.2	1.52	127.05	0
20130730T230000	8.28	95	0.75	148.25	0
20130731T000000	7.19	95	1.61	232.9	0
20130731T010000	8.55	95	1.68	226.15	0
20130731T020000	8.37	95	1.77	248.7	0
20130731T030000	8.79	95	2.71	237	0
20130731T040000	9.98	95	3.48	236.9	0
20130731T050000	10.78	95	3.68	251.95	0
20130731T060000	10.96	95	2.86	255.7	0
20130731T070000	12.62	93.4	3.62	254.65	0
20130731T080000	13.41	89.1	4.44	254.3	0
20130731T090000	13.97	91.4	3.72	258.5	0
20130731T100000	14.57	90.5	1.42	286.15	0
20130731T110000	14.83	88.7	1.65	313.65	0
20130731T120000	14.34	93.2	2.56	311.7	0
20130731T130000	13.48	95	2.52	283.9	0.15
20130731T140000	14.17	95	2.42	296.15	0
20130731T150000	15.36	95	2.94	299	0
20130731T160000	15.74	93.9	3.34	311.15	0
20130731T170000	15.78	93.55	2.79	304.5	0
20130731T180000	15.88	92.4	3.38	318.9	0
20130731T190000	15.59	92.2	2.71	331.8	0
20130731T200000	14.96	95	1.86	348.05	0
20130731T210000	14.72	95	0.62	344.7	0
20130731T220000	14.07	95	2	330.7	0
20130731T230000	12.71	95	3.14	190.69	0
20130801T000000	10.75	95	2.9	27.05	0
20130801T010000	10.29	95	2.33	37.99	0.11
20130801T020000	9.64	95	1.58	73.47	0
20130801T030000	9.38	95	1.8	60.39	0
20130801T040000	9.39	95	1.77	26.02	0
20130801T050000	9.26	95	1.81	26.61	0
20130801T060000	9.07	95	1.86	46.06	0
20130801T070000	9.09	95	1.71	48.52	0
20130801T080000	8.91	95	1.77	60	0
20130801T090000	9.05	95	0.96	62.83	0
20130801T100000	9.41	95	1.06	93.05	0
20130801T110000	10.84	95	0.9	93.54	0
20130801T120000	13.23	89.6	1.21	108.55	0
20130801T130000	13.3	89.75	2.27	60.28	0
20130801T140000	14.64	84.35	2.23	91.4	0
20130801T150000	15.02	81.35	2.88	63.08	0
20130801T160000	15.68	79.9	3.28	74.18	0
20130801T170000	15.28	83.6	2.99	107.9	0
20130801T180000	15.41	84.7	2.92	116	0
20130801T190000	15.52	85.7	3.13	138	0
20130801T200000	16.19	83.45	2.79	155.7	0
20130801T210000	15.52	88.2	2.38	135.55	0
20130801T220000	14.49	94.75	1.4	121.9	0
20130801T230000	12.91	95	2.1	151.8	0
20130802T000000	12.81	95	2.54	162.75	0
20130802T010000	13.08	95	3.12	173.15	0
20130802T020000	12.79	95	1.54	158.9	0
20130802T030000	12.54	95	1.9	115.2	0
20130802T040000	11.02	95	1.19	105.6	0
20130802T050000	11.46	95	0.61	166.25	0
20130802T060000	12.17	95	0.78	62.12	0
20130802T070000	14.18	95	1.33	159.7	0
20130802T080000	15.31	95	3.62	229.35	0
20130802T090000	17.58	87.95	5.36	224.6	0
20130802T100000	19.29	82.75	6.39	217.5	0
20130802T110000	20.83	77.7	5.59	217.15	0
20130802T120000	22.36	72.3	5.58	205.85	0
20130802T130000	23.62	67.95	5.29	195.15	0
20130802T140000	24.73	62.81	5.58	193.1	0
20130802T150000	25.44	60.41	4.99	191.45	0
20130802T160000	25.59	58.99	4.37	220.15	0
20130802T170000	26.05	53.81	3.08	240.75	0
20130802T180000	26.4	49.28	2	261.35	0
20130802T190000	26.69	45.02	1.5	242.65	0
20130802T200000	26.04	48.92	1.5	206.9	0
20130802T210000	24.39	59.7	1.36	204.95	0
20130802T220000	21.29	68.91	0.46	256	0
20130802T230000	17.84	82.95	1.15	265.6	0
20130803T000000	16.07	87.95	1.38	249.35	0
20130803T010000	16.95	80.4	0.51	179.85	0
20130803T020000	16.12	82.8	0.66	169	0
20130803T030000	16.41	79.65	0.44	117.85	0
20130803T040000	16.7	80.05	0.58	112.7	0
20130803T050000	14.75	89.25	0.98	109.3	0
20130803T060000	14.99	89.7	0.74	95.4	0
20130803T070000	17.45	79.85	1.54	131.9	0
20130803T080000	20.27	68.52	0.96	170.6	0
20130803T090000	21.93	64.01	1.75	184.1	0
20130803T100000	23.7	59.2	2.69	191.4	0
20130803T110000	24.98	57.17	4.14	180.9	0
20130803T120000	26.23	52.47	5.65	185.7	0
20130803T130000	27.41	48.41	5.98	186.3	0
20130803T140000	27.17	48.38	5.96	184.15	0
20130803T150000	27.75	47.28	6.63	181	0
20130803T160000	28.77	44.73	6.86	178.55	0
20130803T170000	29.21	43.63	5.98	189.65	0
20130803T180000	29.83	40.7	5.89	200.7	0
20130803T190000	29.43	40.98	5.44	188.8	0
20130803T200000	28.42	43.84	4.76	177.15	0
20130803T210000	26.73	53.03	4.2	169	0
20130803T220000	23.85	63.14	4.31	175.15	0
20130803T230000	22.05	69.06	4.73	184.85	0
20130804T000000	21.2	70.95	4.88	187.65	0
20130804T010000	20.3	74.25	5.46	206.8	0
20130804T020000	19.42	76.5	4.97	207.9	0
20130804T030000	18.17	78.85	3.32	249	0
20130804T040000	18.52	78.15	2.54	257.45	0
20130804T050000	20.02	70.56	3.23	267.3	0
20130804T060000	20.1	72.05	3.08	242.2	0
20130804T070000	19.62	75.4	2.45	245.35	0
20130804T080000	19.67	78.7	2.58	235.6	0
20130804T090000	19.49	82.55	2.95	239.25	0
20130804T100000	21.64	75.5	2.57	237.3	0
20130804T110000	24.02	66.67	3.1	219.95	0
20130804T120000	24.73	61.52	3.24	219.85	0
20130804T130000	26.42	45.86	3.7	258.1	0
20130804T140000	26.55	47.46	2.95	243.55	0
20130804T150000	28.02	40.08	2.89	219.35	0
20130804T160000	28.41	40.76	2.75	243.9	0
20130804T170000	28.72	38.49	2.59	304.05	0
20130804T180000	27.66	38.9	4.81	280.25	0
20130804T190000	26.51	40.08	4.87	289.45	0
20130804T200000	25.5	44.4	3.42	286.15	0
20130804T210000	22.12	62.05	2.12	269.9	0
20130804T220000	19.66	70.3	2.45	269.65	0
20130804T230000	17.68	72.9	1.71	261.6	0
20130805T000000	14.39	81	2.4	257.05	0
20130805T010000	13.91	78.05	2.38	247.5	0
20130805T020000	14.7	72.65	2.2	241.75	0
20130805T030000	14.72	75.45	1.96	251.7	0
20130805T040000	14.34	76.25	2.67	262	0
20130805T050000	13.93	77.45	2.93	261.4	0
20130805T060000	15.2	77.7	2.21	266.35	0
20130805T070000	17.41	72.41	2.84	273.7	0
20130805T080000	18.52	68.2	2.86	267.95	0
20130805T090000	18.79	67.98	4.49	270.7	0
20130805T100000	16.14	94	2.53	254.65	0
20130805T110000	16.04	95	2.47	232.15	0
20130805T120000	17	94.85	1.89	239.9	0
20130805T130000	20.37	83	3.13	223.4	0
20130805T140000	23.59	52.05	2.44	259.4	0
20130805T150000	24.77	44.23	2.16	298.85	0
20130805T160000	23.91	57.33	2.5	72.03	0
20130805T170000	24.81	46.2	1.54	85.7	0
20130805T180000	24.48	51.73	2.24	100.45	0
20130805T190000	23.91	55.23	2.77	120.05	0
20130805T200000	22.98	60.77	2.16	111.8	0
20130805T210000	21.21	72.52	1.15	94.7	0
20130805T220000	19.44	77.75	0.44	93.5	0
20130805T230000	19.07	78.85	0.12	71.93	0
20130806T000000	16.83	89.6	0.95	304.25	0
20130806T010000	15.66	95	1.23	288.9	0
20130806T020000	14.4	95	0.96	290.5	0
20130806T030000	13.73	95	1.59	284.55	0
20130806T040000	13.34	95	1.95	272.25	0
20130806T050000	13.41	95	1.95	266.8	0
20130806T060000	13.83	95	1.93	273.4	0
20130806T070000	14.59	95	1.59	288.1	0
20130806T080000	15	95	2.04	308.35	0
20130806T090000	15.75	95	3.54	310.35	0
20130806T100000	18.12	87.9	2.58	339.15	0
20130806T110000	18.09	87.45	2.71	346.75	0
20130806T120000	18.75	86.75	2.35	17.8	0
20130806T130000	20.3	80.55	2.9	22.3	0
20130806T140000	20.11	82.2	3.71	17.56	0
20130806T150000	19.92	83.55	3.59	10.95	0
20130806T160000	20.73	78.65	3.12	12.87	0
20130806T170000	21.49	75.1	2.94	32.36	0
20130806T180000	21.84	76.55	2.67	36.89	0
20130806T190000	21.48	78.3	2.98	39.68	0
20130806T200000	20.21	82.5	3.32	25.25	0
20130806T210000	18.4	89.1	2.83	22.64	0
20130806T220000	15.93	95	2.06	169.62	0
20130806T230000	13.58	95	1.48	288.65	0
20130807T000000	12.3	95	1.73	287.95	0
20130807T010000	11.01	95	1.98	275.45	0
20130807T020000	10.73	95	1.91	284.05	0
20130807T030000	10.74	95	1.66	272.45	0
20130807T040000	11.38	95	1.75	270.3	0
20130807T050000	11.69	95	1.47	272.35	0
20130807T060000	11.68	95	1.65	270.5	0
20130807T070000	14.31	95	0.42	191.78	0
20130807T080000	16.61	95	1.27	89.65	0
20130807T090000	18.67	93.15	1.96	99.2	0
20130807T100000	20.8	82.45	2.85	77	0
20130807T110000	21.78	77.55	3.26	85.15	0
20130807T120000	22.88	71.05	3.64	91.5	0
20130807T130000	24.1	68.36	3.39	86.25	0
20130807T140000	25.12	64.12	3.47	91.8	0
20130807T150000	25.84	62.1	4.11	79.6	0
20130807T160000	26.2	62.38	4.92	63.38	0
20130807T170000	25.89	63.59	5.08	59.02	0
20130807T180000	26.46	62.75	5.11	73	0
20130807T190000	26.59	64.28	4.26	90.85	0
20130807T200000	26.01	67.63	3.94	115.35	0
20130807T210000	24.54	75.2	2.26	118.3	0
20130807T220000	22.32	83.75	2.09	112.5	0
20130807T230000	19.91	92.75	1.84	111.9	0
20130808T000000	19.93	86.95	3.31	149.2	0
20130808T010000	19.34	74.55	3.78	180.05	0
20130808T020000	17.9	73.9	3.27	174	0
20130808T030000	16.8	77.2	3.13	174.55	0
20130808T040000	15.65	80.15	1.82	125.4	0
20130808T050000	15.32	81.45	1.73	126.5	0
20130808T060000	16.59	77.55	2.12	149.05	0
20130808T070000	18.09	74.6	1	110.77	0
20130808T080000	19.79	67.88	3.33	176.65	0
20130808T090000	21.27	63.57	2.72	193.55	0
20130808T100000	22.63	61.42	3.18	192.6	0
20130808T110000	23.74	59.69	3.71	182.55	0
20130808T120000	25.2	57.44	3.87	180.1	0
20130808T130000	25.95	55.13	4.15	178.6	0
20130808T140000	27.05	53.16	4.99	191.55	0
20130808T150000	28.01	52.87	5.13	183.8	0
20130808T160000	28.88	49.04	5.66	197.4	0
20130808T170000	29.19	43.23	5.69	196.1	0
20130808T180000	29.06	41.3	5.23	199.25	0
20130808T190000	28.71	43.58	4.07	215.5	0
20130808T200000	27.76	47.53	3.15	219.35	0
20130808T210000	25.68	56.87	2.3	200.95	0
20130808T220000	22.12	70.57	2.06	186.6	0
20130808T230000	19.34	78.4	2.54	177.9	0
20130809T000000	18.67	79.85	2.63	186.05	0
20130809T010000	18.1	83.05	2.38	191.8	0
20130809T020000	18.84	81.1	3.88	204.25	0
20130809T030000	19.23	78.05	4.24	207.4	0
20130809T040000	18.55	79.45	1.21	268.8	0
20130809T050000	19.29	76.9	1.69	182.25	0
20130809T060000	20.98	70.77	2.81	215.2	0
20130809T070000	21.18	72.29	2.1	131.21	0
20130809T080000	21.5	74.95	0.88	194.75	0
20130809T090000	21.99	73.7	2.17	170.75	0
20130809T100000	24.04	65.19	1.7	179.75	0
20130809T110000	25.8	60.54	1.83	159.8	0
20130809T120000	26.93	58.87	2.88	153.7	0
20130809T130000	27.45	57.53	3.21	189.7	0
20130809T140000	28.27	53.99	3.11	202.95	0
20130809T150000	28.85	47.77	3.24	203.2	0
20130809T160000	28.15	46.87	3.56	229.65	0
20130809T170000	28.36	46.25	3.1	217.6	0
20130809T180000	27.11	47.39	3.83	209.5	0
20130809T190000	27.12	46.57	3.26	229.55	0
20130809T200000	26.63	53.42	1.59	218.4	0
20130809T210000	23.68	64.49	2.06	204.8	0
20130809T220000	20.21	74.05	1.8	191.1	0
20130809T230000	18.02	74.45	2.29	186.15	0
20130810T000000	16.62	79.2	2.72	182.6	0
20130810T010000	16.18	80.55	2.25	185.5	0
20130810T020000	15.73	81.1	1.94	179.45	0
20130810T030000	15.9	80.85	1.94	243.65	0
20130810T040000	15.98	83.3	2.8	276.25	0
20130810T050000	15.88	86.3	2.49	265.05	0
20130810T060000	15.73	93.4	2.7	251.95	0
20130810T070000	16.52	95	3.29	230.35	0
20130810T080000	18.5	91.55	3.15	224.65	0
20130810T090000	20.86	84.65	3.31	232.85	1.19
20130810T100000	22.02	78.8	3.4	246.35	0
20130810T110000	22.61	64.78	5.12	216.6	0.32
20130810T120000	23.01	61.59	4.18	243.05	0
20130810T130000	25.21	52.06	3.63	299.05	0.15
20130810T140000	26.02	47.61	4.88	300.95	0.14
20130810T150000	25.43	46.89	5.17	302.6	0.18
20130810T160000	25.16	47.77	3.63	314.75	0.13
20130810T170000	25.2	49.53	2.57	334.6	0
20130810T180000	25.16	50.18	2.85	179.31	0
20130810T190000	23.98	59.16	2.67	30.29	0
20130810T200000	22	69.5	1.81	18.03	0
20130810T210000	20.1	76.6	1.42	15.52	0
20130810T220000	18.85	79.4	2.08	9.04	0
20130810T230000	16.99	89.45	2.56	23.38	0
20130811T000000	15.86	95	1.91	47.91	0
20130811T010000	15.22	95	0.96	46.69	0
20130811T020000	13.27	95	0.97	20.05	0
20130811T030000	12.19	95	0.54	56.3	0
20130811T040000	12.23	95	0.77	72.96	0
20130811T050000	11.84	95	0.9	41.92	0
20130811T060000	11.04	95	0.74	164.85	0
20130811T070000	12.71	95	1.02	286.35	0
20130811T080000	16.85	93.35	0.72	171.9	0
20130811T090000	19.63	86.8	1.67	165.71	0
20130811T100000	20.77	82.65	1.12	328.45	0
20130811T110000	22.89	72.4	2.17	274.8	0
20130811T120000	24.05	70.75	2.8	325.8	0
20130811T130000	24.8	70.42	3.23	346.65	0
20130811T140000	24.99	65.5	5.02	345.2	0
20130811T150000	24.79	62.95	5.54	346.25	0
20130811T160000	24.89	61.89	5.62	350.3	0
20130811T170000	24.2	60.41	5.57	179.3	0
20130811T180000	23.07	64.35	4.98	178.22	0
20130811T190000	21.48	82.45	4.5	350.2	0
20130811T200000	21.46	85.95	4.98	355.1	0
20130811T210000	19.48	93.25	3.49	358.25	0
20130811T220000	17.41	95	3.36	342.5	0
20130811T230000	16.1	95	3.56	335.35	0
20130812T000000	15.48	95	3.98	331.85	0
20130812T010000	15.08	95	4.32	335.3	0
20130812T020000	14.87	95	4.72	345.6	0
20130812T030000	13.92	95	3.83	10.54	0
20130812T040000	13.31	95	3.37	16.46	0.33
20130812T050000	13.02	95	3.65	25.6	0.23
20130812T060000	13.12	95	3.5	27.95	0
20130812T070000	13.04	95	3.84	30.6	0.21
20130812T080000	12.89	95	3.98	28.55	0.3
20130812T090000	12.81	95	3.58	41.67	0.4
20130812T100000	13.1	95	2.92	28.07	0.43
20130812T110000	13.55	95	2.79	34.52	0.2
20130812T120000	13.73	95	1.96	39.44	0.17
20130812T130000	14.34	95	1.4	38.45	0.6
20130812T140000	15	95	1.22	56.2	1.62
20130812T150000	17.5	91.7	0.78	39.34	1.34
20130812T160000	20.2	83.15	1.81	75.95	1.51
20130812T170000	21.46	77.85	1.86	70.16	0.8
20130812T180000	21.32	78	2.99	42.06	0.18
20130812T190000	20.91	79	3.12	40.6	0
20130812T200000	20.06	82.4	2.58	36.24	0
20130812T210000	18.39	88.7	2	41.31	0
20130812T220000	15.83	95	1.82	193	0
20130812T230000	13.5	95	1.23	334.9	0.51
20130813T000000	11.72	95	1.67	325.45	0.14
20130813T010000	11.2	95	2.33	324.6	0
20130813T020000	10.43	95	2.19	317.45	0.32
20130813T030000	9.95	95	1.73	280.85	0
20130813T040000	10.05	95	1.91	272.3	0.14
20130813T050000	10.41	95	2.33	284.1	0
20130813T060000	11.14	95	2.51	286.9	0
20130813T070000	11.91	95	2.98	284.35	0.39
20130813T080000	12.82	95	3.41	301.15	1.06
20130813T090000	13.39	95	2.69	308.35	0.2
20130813T100000	13.76	95	2.52	302.4	0.32
20130813T110000	14.82	95	3.1	304.25	0.8
20130813T120000	15.11	95	3.62	293.35	0.22
20130813T130000	14.66	95	4.15	289.9	0
20130813T140000	14.44	95	4.48	294.2	0
20130813T150000	13.88	95	5.26	311	0
20130813T160000	14.46	95	4.15	335	0
20130813T170000	14.54	95	2.72	324.2	0
20130813T180000	15.49	93.75	3.65	318.25	0
20130813T190000	13.79	95	5.38	301.55	0
20130813T200000	12.43	95	5.33	305.75	0
20130813T210000	11.53	95	4.57	300.05	0
20130813T220000	10.84	95	4.85	306.85	0.26
20130813T230000	10.63	95	4.17	305.35	0.21
20130814T000000	10.07	95	4.15	305.7	0
20130814T010000	9.62	95	3.9	315.1	0
20130814T020000	9.2	95	4.75	324.25	0.2
20130814T030000	8.87	95	3.53	333.9	0
20130814T040000	8.98	95	3.58	343.45	0
20130814T050000	9.06	95	3.44	182.75	0
20130814T060000	9.11	95	2.85	9.67	0
20130814T070000	9.22	95	2.92	13.3	0.14
20130814T080000	8.82	95	2.98	32.9	0
20130814T090000	8.41	95	1.98	192.09	0.17
20130814T100000	8.36	95	1.75	4.46	0
20130814T110000	8.86	95	1.77	27.35	0
20130814T120000	9.46	95	2.07	44.71	0.16
20130814T130000	9.75	95	2.92	54.41	0
20130814T140000	10.22	95	2.87	61.2	0
20130814T150000	10.93	95	2.74	56.08	0.2
20130814T160000	11.02	95	3.41	61.06	0
20130814T170000	11.07	95	3.74	61.33	0.12
20130814T180000	10.94	95	3.91	68.04	0
20130814T190000	10.93	95	4.1	78.8	0
20130814T200000	10.5	95	4.27	78.3	0
20130814T210000	10.72	95	3.87	81.3	0
20130814T220000	10.09	95	4.39	89.25	0
20130814T230000	9.48	95	4.24	85.4	0
20130815T000000	9.12	95	3.4	89.8	0
20130815T010000	8.91	95	2.89	76.65	2.21
20130815T020000	8.95	95	3.85	76.85	1.95
20130815T030000	9.04	95	4.01	83.95	0.38
20130815T040000	9.29	95	3.94	82.2	1.68
20130815T050000	9.36	95	3.36	79.05	3.59
20130815T060000	9.34	95	3.23	76.3	2.36
20130815T070000	9.36	95	3.23	70.48	0.6
20130815T080000	9.5	95	3.21	61.36	0
20130815T090000	9.46	95	4.35	59.51	0
20130815T100000	9.18	95	4.42	47.9	0
20130815T110000	9.18	95	4.66	38.61	0
20130815T120000	9.07	95	4.48	45.94	0
20130815T130000	9.12	95	4.7	43.13	0
20130815T140000	9.16	95	4.44	46.27	0
20130815T150000	10.11	95	4.42	45.39	0
20130815T160000	10.43	95	4.59	36	0
20130815T170000	10.4	95	5.37	32.52	0
20130815T180000	10.11	95	5.62	29.51	0
20130815T190000	10.26	95	5.18	43.78	0
20130815T200000	10.18	95	5.12	48.71	0
20130815T210000	9.98	95	4.96	51.33	0
20130815T220000	9.57	95	4.43	48.58	0
20130815T230000	9.16	95	3.88	51.85	0
20130816T000000	8.78	95	4.62	53.87	0
20130816T010000	8.43	95	4.19	57.59	0
20130816T020000	8.2	95	4.19	58.28	0
20130816T030000	8.12	95	4.12	57.13	0
20130816T040000	8.06	95	4.21	57.76	0
20130816T050000	7.79	95	4.09	65.35	0
20130816T060000	7.11	95	4.09	96.85	0
20130816T070000	6.88	95	4.44	73.25	0
20130816T080000	6.73	95	4.2	84.05	0
20130816T090000	6.79	95	4.04	83.85	0
20130816T100000	6.51	95	4.52	95.05	0
20130816T110000	7.29	95	4.44	92.6	0
20130816T120000	8.4	95	3.92	98.45	0
20130816T130000	9.25	95	4.12	93.85	0
20130816T140000	9.56	95	3.89	90.75	0
20130816T150000	9.89	95	4.21	80.65	0
20130816T160000	9.73	95	4.59	80.3	0
20130816T170000	9.45	95	3.43	82.35	0.75
20130816T180000	9.59	95	3.23	82.8	1.95
20130816T190000	9.75	95	3.29	90.4	1.25
20130816T200000	9.88	95	2.91	81.35	1.31
20130816T210000	9.97	95	2.92	75.5	0.16
20130816T220000	9.96	95	2.54	75.25	0
20130816T230000	9.98	95	2.98	85.3	0
20130817T000000	10.05	95	2.8	94.45	0
20130817T010000	10.05	95	2.63	96.85	0
20130817T020000	10.07	95	2.27	102.75	0
20130817T030000	10.02	95	1.85	101.45	0
20130817T040000	9.88	95	1.72	84.3	0
20130817T050000	10.07	95	0.92	76.53	0
20130817T060000	10.17	95	1.13	74.1	0
20130817T070000	10.4	95	0.97	97.4	0
20130817T080000	10.79	95	1.04	109.8	0
20130817T090000	11.4	95	0.75	192.1	0
20130817T100000	12.05	95	0.83	246.1	0
20130817T110000	12.53	95	1.02	295	0
20130817T120000	12.96	95	2.46	293.55	0
20130817T130000	12.93	95	2.2	324.7	0
20130817T140000	13.43	95	2.25	320.2	0
20130817T150000	13.97	95	2.33	329.05	0
20130817T160000	14.03	95	2.04	180.94	0
20130817T170000	13.03	95	3	354.75	0
20130817T180000	12.43	95	3.46	346.3	0
20130817T190000	12.71	95	3.68	345.4	0
20130817T200000	11.41	95	3.83	344.35	0
20130817T210000	9.98	95	3.14	346.35	0
20130817T220000	9.2	95	2.63	341.15	0
20130817T230000	8.36	95	2.38	340.3	0
20130818T000000	7.54	95	2.13	348.75	0
20130818T010000	6.62	95	2.62	335.85	0
20130818T020000	5.15	95	2.07	297.85	0
20130818T030000	5.04	95	2.04	304.9	0
20130818T040000	4.89	95	1.96	310.15	0
20130818T050000	4.84	95	2.1	306.2	0
20130818T060000	5.07	95	1.97	306.7	0
20130818T070000	5.46	95	2.25	309.1	0
20130818T080000	6.52	95	1.9	326.5	0
20130818T090000	7.62	95	2.46	349	0
20130818T100000	8.56	95	2.84	348.2	0
20130818T110000	9.04	95	3.38	348.95	0
20130818T120000	9.21	95	4.04	348.4	0
20130818T130000	9.6	95	4.06	355.25	0
20130818T140000	9.68	95	4.4	349.75	0
20130818T150000	9.32	95	4.37	345.5	0
20130818T160000	9.76	95	4.12	180.84	0
20130818T170000	9.89	95	4.15	2.41	0
20130818T180000	9.79	95	4.28	179.88	0
20130818T190000	9.44	95	4.08	178.28	0
20130818T200000	8.91	95	4.17	352.15	0.16
20130818T210000	8.79	95	3.58	182.16	0
20130818T220000	8.74	95	3.78	25.76	0.99
20130818T230000	8.43	95	4.36	23.23	1.64
20130819T000000	7.96	95	3.54	5.66	0.16
20130819T010000	7.61	95	4	16.05	0
20130819T020000	7.43	95	3.82	15.13	0
20130819T030000	7.26	95	3.36	18.54	0
20130819T040000	6.96	95	3.72	7.42	0
20130819T050000	6.67	95	3.04	181.07	0
20130819T060000	6.44	95	3.08	8.28	0
20130819T070000	6.28	95	2.94	8.85	0
20130819T080000	6.36	95	3.19	358.8	0
20130819T090000	6.89	95	3.46	179.65	0
20130819T100000	7.33	95	3.66	185.12	0
20130819T110000	7.88	94.9	3.39	22.81	0
20130819T120000	8.48	92.35	3.42	24.78	0
20130819T130000	9.34	88.5	3.12	22.46	0
20130819T140000	9.92	83.75	3.25	30.09	0
20130819T150000	9.87	82.3	3.33	35.4	0
20130819T160000	10.2	81.3	3.59	48.59	0
20130819T170000	9.73	84.5	3.76	45.39	0
20130819T180000	8.96	87	4.76	48.48	0.65
20130819T190000	8.34	89.45	4.36	45.54	0.93
20130819T200000	7.56	93.85	4.07	38.2	0
20130819T210000	6.69	95	4.31	29.49	0.32
20130819T220000	5.92	95	4.08	24.14	0.31
20130819T230000	5.69	95	3.86	46.55	0
20130820T000000	5.68	95	3.88	62.28	0
20130820T010000	5.4	95	3.28	73.05	0
20130820T020000	4.82	95	3.21	87.5	0
20130820T030000	4.35	95	3.35	82.95	0.22
20130820T040000	3.96	95	3.42	90	0.65
20130820T050000	3.77	95	3.28	89.45	0
20130820T060000	3.68	95	3.15	88.15	0
20130820T070000	3.62	95	3.13	93.8	0
20130820T080000	3.59	95	3.31	85.1	0
20130820T090000	3.93	95	3.47	85.3	0
20130820T100000	4.47	95	3.96	80.75	0
20130820T110000	4.69	95	3.94	82.4	0
20130820T120000	5.06	95	4.25	71	0
20130820T130000	5.29	95	4.29	64.36	0.6
20130820T140000	5.5	95	4	63.25	0.45
20130820T150000	5.8	95	4.16	54.53	0.2
20130820T160000	5.73	95	4.54	47.3	0
20130820T170000	4.48	95	5.53	23.79	0
20130820T180000	3.54	95	5.84	17.04	0.44
20130820T190000	1.87	95	5.62	7.21	0.93
20130820T200000	0.39	95	5.61	3.46	0.65
20130820T210000	-0.12	95	5.47	15.23	0.85
20130820T220000	-0.16	95	4.38	20.8	0.48
20130820T230000	-0.2	95	4.51	8.89	0
20130821T000000	-0.4	95	3.62	181.26	0
20130821T010000	-0.13	95	2.29	342.6	0
20130821T020000	0	95	2.03	330.65	0
20130821T030000	0.06	95	2.25	306.1	0
20130821T040000	-0.06	95	2.82	306.55	0
20130821T050000	-0.28	95	2.29	298.75	0
20130821T060000	-0.37	95	1.93	282.8	0
20130821T070000	0.24	95	2.24	274.6	0
20130821T080000	0.9	95	2.36	274.85	0
20130821T090000	1.53	95	2.35	274.5	0
20130821T100000	2.72	95	2.78	288.3	0.27
20130821T110000	3.52	95	2.8	277.05	0
20130821T120000	4.43	95	3.65	281.55	0
20130821T130000	5.62	94.6	3.54	273.55	0.13
20130821T140000	5.72	95	3.96	272.95	0
20130821T150000	5.28	95	3.37	300.4	0
20130821T160000	5.79	95	5.14	321.9	0.82
20130821T170000	5.47	95	4.59	316.1	0
20130821T180000	5.75	94.8	5.31	309.7	0
20130821T190000	6.21	92.05	4.43	309.35	0
20130821T200000	5.3	91.1	3.53	303.85	0
20130821T210000	3.59	95	2.1	281.5	0
20130821T220000	2.79	95	2.16	266.1	0.29
20130821T230000	2.04	95	2.33	263	0.25
20130822T000000	0.72	95	2.17	257.7	0.33
20130822T010000	0.55	95	2.06	262.15	0
20130822T020000	0.56	95	1.71	263.4	0
20130822T030000	1.39	95	1.99	257.65	0
20130822T040000	1.96	95	2.76	239.15	0
20130822T050000	2.04	95	3.01	221.85	0
20130822T060000	2.42	95	3.21	248.15	0
20130822T070000	3.17	95	3.88	266.25	0
20130822T080000	4.02	95	3.41	258.75	0
20130822T090000	4.69	95	4.74	281.5	0
20130822T100000	5.03	95	5.78	291.6	0
20130822T110000	4.96	93.55	6.14	297.05	0
20130822T120000	5.22	91.35	6.38	293.65	0
20130822T130000	4.74	92.95	6.91	301.15	0.92
20130822T140000	3.45	95	6.94	298.1	0.98
20130822T150000	3.57	95	7.47	287.25	0
20130822T160000	4	95	8.3	295.6	0.45
20130822T170000	3.89	95	6.95	312.35	0
20130822T180000	3.06	95	6.38	315.75	0
20130822T190000	3.02	95	4.7	328	0
20130822T200000	2.65	95	4.66	343.75	0
20130822T210000	1.69	95	4.08	343.3	0
20130822T220000	0.71	95	3.2	335.2	0
20130822T230000	-0.33	95	2.55	343	0
20130823T000000	-1.25	95	2.02	352.55	0
20130823T010000	-2.75	95	2.01	314.3	0
20130823T020000	-3.84	95	2.42	258.75	0
20130823T030000	-4.05	95	1.67	269.5	0
20130823T040000	-4.51	95	1.34	284.45	0
20130823T050000	-4.06	95	1.67	314.35	0
20130823T060000	-3.45	95	1.33	297.5	0
20130823T070000	-1.73	95	1.49	279.85	0
20130823T080000	-0.17	95	1.39	336.55	0
20130823T090000	0.76	95	2.54	186.63	0
20130823T100000	1.45	95	2.84	88.55	0
20130823T110000	1.79	95	2.87	90.1	0
20130823T120000	2.34	91.3	3.29	86.15	0
20130823T130000	2.6	87.65	2.63	78.45	0
20130823T140000	3.25	83.15	3.02	72.41	0
20130823T150000	3.76	79	3.01	51.63	0
20130823T160000	3.92	73.55	2.37	39.73	0
20130823T170000	4.48	69.81	3.4	36.36	0
20130823T180000	4.77	66.75	2.88	41.98	0
20130823T190000	3.9	73.2	3.42	57.61	0
20130823T200000	2.74	77.15	2.71	50.39	0
20130823T210000	2.17	84.8	3.8	58.13	0
20130823T220000	0.79	93.25	3.78	65.39	0
20130823T230000	-0.05	95	3.1	82.75	0
20130824T000000	-0.76	95	3	90.3	0
20130824T010000	-0.48	95	3.33	92.9	0
20130824T020000	-0.62	95	3.16	95.25	0
20130824T030000	-0.99	95	3.29	101.1	0
20130824T040000	-1.26	95	2.87	99.55	0
20130824T050000	-1.41	95	2.87	96.05	0
20130824T060000	-1.62	95	2.5	111.55	0
20130824T070000	-1.61	94.85	2.15	110.45	0
20130824T080000	-1.22	92.9	2.88	113.05	0
20130824T090000	-0.82	91.4	2.66	112.2	0
20130824T100000	-0.05	87	1.73	115.2	0
20130824T110000	1.19	79.4	1.84	36.53	0
20130824T120000	1.51	77.85	2.47	35.39	0
20130824T130000	2.28	71.35	1.44	50.45	0
20130824T140000	2.75	71.25	1.91	356.95	0
20130824T150000	2.79	72.9	2.18	179.44	0
20130824T160000	3.08	71.05	2.01	26.13	0
20130824T170000	3.56	69.07	1.8	23	0
20130824T180000	3.2	71.45	1.92	32.79	0
20130824T190000	3.17	70.6	1.22	19.57	0
20130824T200000	2.88	73.45	1.41	50.98	0
20130824T210000	2.15	82.5	1.65	122.1	0
20130824T220000	1.33	88.55	1.19	124.3	0
20130824T230000	0.64	91	1.35	150.05	0
20130825T000000	0.24	91.5	1.77	185.1	0
20130825T010000	0.48	88.05	1.58	200.25	0
20130825T020000	0.69	87.95	1.32	214.25	0
20130825T030000	-0.38	94.65	1.9	245.65	0
20130825T040000	-0.66	91.7	1.9	260.9	0
20130825T050000	-1.29	95	2.23	269.05	0
20130825T060000	-1.57	93.75	2.38	261.6	0
20130825T070000	-0.81	95	2.29	251	0
20130825T080000	0.69	95	2.23	228.95	0
20130825T090000	1.77	92.9	2.88	242.2	0
20130825T100000	2.72	89.4	3.52	237.5	0
20130825T110000	4	82.35	3.27	215.55	0
20130825T120000	5.38	69.99	3.58	226.8	0
20130825T130000	6.42	62.41	3.59	224.1	0
20130825T140000	6.94	60.58	3.42	230.85	0
20130825T150000	7.09	61.37	3.04	249.6	0
20130825T160000	7.33	60.06	2.94	270.7	0
20130825T170000	6.89	62.09	2.5	290.2	0
20130825T180000	6.6	71.66	1.52	169.31	0
20130825T190000	6.2	80.65	2.54	13.73	0
20130825T200000	5.35	87.5	2.44	4.07	0
20130825T210000	4.34	92.15	1.58	179.31	0
20130825T220000	3.59	94.4	1.48	350.8	0
20130825T230000	2.25	95	1.52	312.9	0
20130826T000000	2.63	95	2.27	329.35	0
20130826T010000	2.39	95	2.24	333.9	0
20130826T020000	1.95	95	1.88	322.6	0
20130826T030000	1.78	95	2.09	320.05	0
20130826T040000	1.31	95	1.98	334.7	0
20130826T050000	0.66	95	1.85	331.5	0
20130826T060000	0.58	95	1.68	315.45	0
20130826T070000	0.7	95	1.57	302.95	0
20130826T080000	0.86	95	1.5	294.7	0
20130826T090000	1.56	95	1.05	280.95	0
20130826T100000	2.38	95	1.42	318.8	0
20130826T110000	3.2	92.65	1.04	334.3	0
20130826T120000	4.01	87.65	1.11	341.9	0
20130826T130000	4.66	82.05	1.33	339.35	0
20130826T140000	5.16	81.3	1.73	344.3	0
20130826T150000	6.34	75.7	1.44	8.65	0
20130826T160000	6.62	73.8	1.17	205.41	0
20130826T170000	7.82	67.54	1.49	41.2	0
20130826T180000	7.61	66.94	1.57	68.32	0
20130826T190000	6.74	70.84	1	100.99	0
20130826T200000	5.82	81.15	1.89	268.4	0
20130826T210000	5.05	94.1	1.44	305.65	0
20130826T220000	3.12	95	0.58	249.4	0
20130826T230000	-0.09	95	1.77	262.45	0
20130827T000000	-1.1	95	2.03	261.35	0
20130827T010000	-0.89	95	2.38	255.65	0
20130827T020000	-0.47	95	2.3	258.75	0
20130827T030000	1.25	95	2.52	246.35	0
20130827T040000	1.74	95	2.69	247.2	0
20130827T050000	1.07	95	1.88	252.9	0
20130827T060000	0.19	95	0.71	241.9	0
20130827T070000	0.92	95	4.02	212.5	0
20130827T080000	2.6	94.9	4.14	206	0
20130827T090000	4.26	89.9	4.72	201.75	0
20130827T100000	6.1	80.3	4.67	193.35	0
20130827T110000	8.15	69.58	4.12	198.95	0
20130827T120000	9.27	61.8	5.02	192.45	0
20130827T130000	9.84	53.76	5.57	190.6	0.71
20130827T140000	9.75	54.31	4.94	198.35	0.28
20130827T150000	10.32	51.61	5.63	187.7	0
20130827T160000	10.57	52.19	5.49	198.55	0.33
20130827T170000	10.59	51.7	5.47	196.75	0.48
20130827T180000	10.45	51.37	5.3	194.25	0
20130827T190000	10.17	51.45	4.73	194.65	0.28
20130827T200000	9.43	55.59	4.2	168.75	0.16
20130827T210000	6.68	68.05	3.02	155	0
20130827T220000	4.75	75.7	3.25	165.75	0.6
20130827T230000	4.31	76.2	4.04	161.65	0.13
20130828T000000	3.99	75.05	4.04	167.95	0
20130828T010000	2.46	80.65	3.75	182.4	0
20130828T020000	2.02	86	3.39	178.95	0
20130828T030000	1.66	90	3.04	192.5	0
20130828T040000	2.25	87.85	3.77	178.35	0
20130828T050000	2.6	86.3	3.64	171.55	0
20130828T060000	2.31	87.75	4.09	163.85	0
20130828T070000	3.13	84.3	3.89	156	0
20130828T080000	4.88	78.6	4.88	162.3	0
20130828T090000	6.79	76.25	4.77	179.1	0
20130828T100000	8.53	74.05	5.72	168.35	0
20130828T110000	10.1	67.69	6.75	164.3	0
20130828T120000	11.38	61.4	6.71	163.2	0
20130828T130000	12.82	57.28	6.4	156.45	0
20130828T140000	13.88	53.98	6.48	166.45	0
20130828T150000	14.65	50.27	5.97	175.4	0
20130828T160000	15.23	48.63	6.07	177.3	0
20130828T170000	15.23	50.44	5.56	171.4	0.24
20130828T180000	15.55	50.89	5.84	169.5	0.26
20130828T190000	15.18	52.95	4.4	174.3	0.25
20130828T200000	14.34	57.18	3.17	179.05	0
20130828T210000	10.61	68.56	1.86	242.8	0
20130828T220000	8.02	79.3	1.63	195.9	0.39
20130828T230000	8.06	81.2	2.13	188.85	0
20130829T000000	7	85.1	1.73	192.2	0.11
20130829T010000	8.02	82.95	2.34	198.7	0
20130829T020000	8.41	84.35	3.79	226.85	0
20130829T030000	8.5	86.3	3.09	261.9	0
20130829T040000	7.58	90.65	2.46	253.9	0
20130829T050000	6	95	2.55	256.55	0
20130829T060000	5.27	95	2.08	250.25	0
20130829T070000	5.48	95	1.24	242.85	0
20130829T080000	8.12	91.85	1.54	247.7	0
20130829T090000	9.73	87.1	1.86	238.8	0
20130829T100000	11.38	81.8	1.96	217.95	0
20130829T110000	12.84	75.55	1.35	225.2	0
20130829T120000	14.64	63.84	0.74	252.35	0.24
20130829T130000	15.05	62.64	1.09	183.3	0
20130829T140000	15.48	62.47	1.15	152.94	0
20130829T150000	14.96	64.73	1.88	86.25	0
20130829T160000	14.41	67.19	3.05	35.17	0
20130829T170000	13.87	70.75	2.83	25.59	0
20130829T180000	13.63	74	1.63	17.26	0
20130829T190000	12	87.7	0.74	108.35	0
20130829T200000	10.9	95	0.84	225.35	0
20130829T210000	9.72	93.25	2.43	335.6	0
20130829T220000	8.66	95	2.51	176.59	0
20130829T230000	8.08	95	2.12	4.1	0
20130830T000000	7.2	95	1.46	322.7	0
20130830T010000	6.23	95	1.63	309.45	0
20130830T020000	5.4	95	2.21	318	0
20130830T030000	5.58	95	1.83	322.45	0
20130830T040000	6.02	95	2.64	345.85	0
20130830T050000	6.09	95	2.63	347.55	0
20130830T060000	6.05	95	1.82	16.94	0
20130830T070000	6.15	95	1.94	37.23	0
20130830T080000	6.22	95	1.72	30.43	0
20130830T090000	6.41	95	1.41	41.21	0.15
20130830T100000	6.75	95	2.15	54.09	0.41
20130830T110000	6.8	95	1.39	44.3	0.56
20130830T120000	7.38	95	0.79	187.59	0
20130830T130000	7.96	95	0.76	285.1	0
20130830T140000	8.46	95	1.76	263.9	0
20130830T150000	9.02	94.8	3.38	281.5	0
20130830T160000	10.18	87.35	3.4	281.1	0
20130830T170000	10.23	86.7	2.42	274	0
20130830T180000	10.04	91.2	2.69	231.1	0
20130830T190000	8.98	95	3.42	216.9	0
20130830T200000	8.37	95	2.52	222.95	0
20130830T210000	7.76	95	3.34	235.65	0
20130830T220000	7.63	95	3.34	239.8	0
20130830T230000	7.31	95	3.37	261.2	0
20130831T000000	6.95	95	4.33	277.4	0
20130831T010000	5.13	95	4.09	280	0.66
20130831T020000	5.07	95	6.65	298.35	0
20130831T030000	4.68	95	5.99	300.2	0.13
20130831T040000	4.46	95	6.48	305.15	0
20130831T050000	3.85	95	5.51	313.5	0
20130831T060000	2.74	95	2.38	289.15	0
20130831T070000	1.87	95	1.44	243.1	0
20130831T080000	2.42	95	2.07	264.2	0
20130831T090000	3.43	95	3.56	286.75	0
20130831T100000	3.37	95	4.85	286.25	0
20130831T110000	2.96	95	5.11	276.5	0.47
20130831T120000	3.8	95	6.51	291.3	0
20130831T130000	3.25	95	7.14	296.1	0
20130831T140000	2.81	95	7.71	293.3	0.33
20130831T150000	3.29	95	8.66	287.65	0.82
20130831T160000	3.53	91.75	8.62	295.45	0
20130831T170000	4.8	76.75	8.76	299.1	0
20130831T180000	4.8	70.47	7.86	297.3	0
20130831T190000	4.85	66.98	6.41	303.8	0
20130831T200000	4.12	68.96	3.04	281.8	0
20130831T210000	0.84	86.65	2.21	262.75	0
20130831T220000	0.61	94.15	2.48	259.3	0
20130831T230000	1.98	91	3.54	266.35	0
